Date,Open,High,Low,Close,Volume
2016-07-21,22.7263,22.9926,22.5669,22.6352,130808000
2016-07-22,22.5965,22.6056,22.3802,22.4599,113254800
2016-07-25,22.3666,22.5009,22.0638,22.1594,161531600
2016-07-26,22.0410,22.3028,21.9500,22.0069,224959200
2016-07-27,23.7370,23.7552,23.3910,23.4365,369379200
2016-07-28,23.4092,23.7780,23.4069,23.7530,159479200
2016-07-29,23.7188,23.8008,23.6027,23.7234,110934800
2016-08-01,23.7689,24.1650,23.7689,24.1423,152671600
2016-08-02,24.1422,24.1468,23.6756,23.7848,135266400
2016-08-03,23.8600,24.0944,23.8509,24.0831,120810400
2016-08-04,24.1655,24.2616,24.0968,24.2318,109634800
2016-08-05,24.3234,24.6392,24.3028,24.6003,162213600
2016-08-08,24.6095,24.8040,24.5271,24.8040,112148800
2016-08-09,24.7720,24.9345,24.7216,24.9047,105260800
2016-08-10,24.8819,24.9253,24.6644,24.7194,96034000
2016-08-11,24.8384,24.9322,24.6850,24.7033,109938000
2016-08-12,24.6690,24.8201,24.6690,24.7605,74641600
2016-08-15,24.7514,25.0718,24.7377,25.0581,103472800
2016-08-16,25.0924,25.2297,24.9963,25.0352,135177600
2016-08-17,24.9711,25.0329,24.7972,24.9986,101424000
2016-08-18,25.0009,25.0856,24.9528,24.9665,87938800
2016-08-19,24.8956,25.1062,24.8017,25.0306,101472400
2016-08-22,24.9162,24.9711,24.6850,24.8361,103280800
2016-08-23,24.8544,25.0215,24.8407,24.9139,85030800
2016-08-24,24.8498,24.8910,24.6461,24.7262,94700400
2016-08-25,24.5797,24.6919,24.4172,24.6209,100344800
2016-08-26,24.5843,24.7079,24.3325,24.4767,111065200
2016-08-29,24.4035,24.5912,24.3280,24.4493,99881200
2016-08-30,24.2158,24.3760,24.1471,24.2616,99455600
2016-08-31,24.1838,24.3920,24.1792,24.2845,118649600
2016-09-01,24.2936,24.4447,24.1746,24.4287,106806000
2016-09-02,24.6507,24.7194,24.4493,24.6576,107210000
2016-09-06,24.6965,24.7880,24.6072,24.6507,107521600
2016-09-07,24.6804,24.8933,24.5065,24.8018,169457200
2016-09-08,24.5477,24.5523,24.0876,24.1517,212008000
2016-09-09,23.9503,24.1975,23.6047,23.6047,186228000
2016-09-12,23.4948,24.1975,23.4674,24.1334,181171200
2016-09-13,24.6072,24.9002,24.5454,24.7079,248704800
2016-09-14,24.8864,25.8706,24.8567,25.5822,443554800
2016-09-15,26.0606,26.4886,25.9759,26.4520,359934400
2016-09-16,26.3490,26.5802,26.1018,26.3032,319547600
2016-09-19,26.3650,26.5916,25.9210,25.9965,188092000
2016-09-20,25.8752,26.1201,25.7516,25.9942,138057200
2016-09-21,26.0583,26.0904,25.7356,25.9896,144012800
2016-09-22,26.1728,26.3078,26.0926,26.2346,124296000
2016-09-23,26.1888,26.2735,25.5319,25.7974,209924800
2016-09-26,25.5525,25.9530,25.5319,25.8363,119477600
2016-09-27,25.8638,25.9050,25.7127,25.8844,98429600
2016-09-28,26.0217,26.2391,25.9622,26.0812,118564400
2016-09-29,25.9004,26.0469,25.5891,25.6761,143548000
2016-09-30,25.7402,25.9484,25.5891,25.8752,145516400
2016-10-03,25.7974,25.8752,25.6990,25.7539,86807200
2016-10-04,25.8775,26.1636,25.7791,25.8638,118947200
2016-10-05,25.9553,26.0148,25.7928,25.8752,85812400
2016-10-06,26.0240,26.1705,25.8935,26.0675,115117200
2016-10-07,26.1636,26.2208,25.9805,26.1064,97433600
2016-10-10,26.3261,26.7221,26.2574,26.5619,144944000
2016-10-11,26.9395,27.1661,26.5962,26.6191,256164000
2016-10-12,26.8594,27.0036,26.7221,26.8571,150347200
2016-10-13,26.7312,26.8800,26.4863,26.7747,140769600
2016-10-14,26.9807,27.0471,26.8091,26.9235,142608800
2016-10-17,26.8548,26.9716,26.7289,26.9052,94499600
2016-10-18,27.0494,27.0562,26.8823,26.8869,98214000
2016-10-19,26.8365,26.9532,26.0469,26.8068,80138400
2016-10-20,26.7473,26.8663,26.6260,26.7930,96503200
2016-10-21,26.7358,26.7587,26.6145,26.6877,92770800
2016-10-24,26.8022,26.9487,26.7793,26.9281,94154800
2016-10-25,26.9967,27.0906,26.8503,27.0654,192516000
2016-10-26,26.1636,26.4818,25.9347,26.4566,264536800
2016-10-27,26.4108,26.5184,26.1155,26.2025,138248000
2016-10-28,26.0629,26.3696,25.9668,26.0286,151446800
2016-10-31,26.0125,26.1453,25.9095,25.9874,105677600
2016-11-01,25.9691,26.0400,25.2984,25.5182,175303200
2016-11-02,25.4976,25.7150,25.4586,25.5410,113326800
2016-11-03,25.5318,25.6423,25.2029,25.2673,107730400
2016-11-04,24.9682,25.3639,24.8716,25.0395,123348000
2016-11-07,25.3248,25.4237,25.1821,25.4007,130240000
2016-11-08,25.3777,25.7021,25.2374,25.5502,97016800
2016-11-09,25.2788,25.6101,24.8578,25.5088,236705600
2016-11-10,25.5571,25.5571,24.3470,24.7980,228538000
2016-11-11,24.6438,25.0464,24.5127,24.9452,136575600
2016-11-14,24.7795,24.8026,23.9444,24.3194,204702000
2016-11-15,24.5173,24.7726,24.4230,24.6415,129058000
2016-11-16,24.5472,25.3593,24.5242,25.3041,235362000
2016-11-17,25.2627,25.3869,25.0372,25.2949,110528000
2016-11-18,25.2420,25.4306,25.2282,25.3202,113715600
2016-11-21,25.3340,25.7642,25.3087,25.7044,117058400
2016-11-22,25.7550,25.8631,25.6285,25.7205,103862000
2016-11-23,25.6193,25.6538,25.3823,25.5894,109705600
2016-11-25,25.5663,25.7366,25.5249,25.7182,45903600
2016-11-28,25.6354,25.8746,25.6262,25.6676,108776000
2016-11-29,25.4858,25.7734,25.3225,25.6423,114115200
2016-11-30,25.6745,25.8125,25.3685,25.4260,144649200
2016-12-01,25.3915,25.5226,25.0832,25.1891,148347600
2016-12-02,25.1154,25.3271,25.0418,25.2834,106112000
2016-12-05,25.3064,25.3133,24.9038,25.1016,137298000
2016-12-06,25.1913,25.3892,25.1200,25.2949,104782000
2016-12-07,25.1361,25.5801,25.1131,25.5433,119994800
2016-12-08,25.5042,25.8654,25.4444,25.7941,108273200
2016-12-09,25.8378,26.3876,25.8378,26.2151,137610400
2016-12-12,26.0633,26.4567,25.8792,26.0656,105497600
2016-12-13,26.1898,26.6683,26.1691,26.5004,174935200
2016-12-14,26.4659,26.7327,26.4521,26.5004,136127200
2016-12-15,26.5441,26.8547,26.5096,26.6453,186098000
2016-12-16,26.7949,26.8018,26.6062,26.6798,177404400
2016-12-19,26.6407,27.0042,26.6292,26.8340,111117600
2016-12-20,26.8570,27.0318,26.8432,26.9053,85700000
2016-12-21,26.8708,27.0088,26.8662,26.9306,95132800
2016-12-22,26.7672,26.8041,26.6039,26.7534,104343600
2016-12-23,26.5924,26.8064,26.5924,26.8064,56998000
2016-12-27,26.8064,27.1008,26.7995,26.9766,73187600
2016-12-28,27.0364,27.1514,26.7327,26.8616,83623600
2016-12-29,26.7903,26.9421,26.7788,26.8547,60158000
2016-12-30,26.8363,26.9628,26.5556,26.6453,122345200
2017-01-03,26.6407,26.7627,26.4015,26.7212,115127600
2017-01-04,26.6522,26.8041,26.6292,26.6913,84472400
2017-01-05,26.6683,26.8846,26.6430,26.8271,88774400
2017-01-06,26.8662,27.1837,26.7949,27.1261,127007600
2017-01-09,27.1353,27.4758,27.1330,27.3746,134247600
2017-01-10,27.3240,27.4643,27.2159,27.4022,97848400
2017-01-11,27.3171,27.5909,27.2849,27.5494,110354400
2017-01-12,27.3539,27.4459,27.1952,27.4344,108344800
2017-01-13,27.4022,27.5195,27.3332,27.3861,104447600
2017-01-17,27.2251,27.6622,27.1975,27.6070,137759200
2017-01-18,27.6070,27.7220,27.5402,27.6047,94852000
2017-01-19,27.4689,27.6277,27.4620,27.5563,102389200
2017-01-20,27.7105,27.7105,27.5448,27.6070,130391600
2017-01-23,27.6070,27.7933,27.5540,27.6254,88200800
2017-01-24,27.5034,27.6300,27.4919,27.6001,92844000
2017-01-25,27.7036,28.0901,27.6714,28.0395,129510400
2017-01-26,27.9912,28.1683,27.9751,28.0533,105350400
2017-01-27,28.0993,28.1476,27.9751,28.0556,82251600
2017-01-30,27.8209,27.9820,27.7588,27.9820,121510000
2017-01-31,27.8715,27.9267,27.7496,27.9175,196804000
2017-02-01,29.2243,30.0203,29.2197,29.6200,447940000
2017-02-02,29.4428,29.7672,29.3968,29.5694,134841600
2017-02-03,29.5187,29.7212,29.4842,29.6959,98029200
2017-02-06,29.7074,30.0226,29.6545,29.9743,107383600
2017-02-07,30.0318,30.3884,30.0111,30.2595,152735200
2017-02-08,30.2181,30.4183,30.1882,30.3769,92016400
2017-02-09,30.4184,30.6033,30.2960,30.5964,113399600
2017-02-10,30.6056,30.7165,30.5109,30.5270,80262000
2017-02-13,30.7489,30.9198,30.6726,30.7974,92141600
2017-02-14,30.8390,31.2133,30.7881,31.1971,132904800
2017-02-15,31.3126,31.4859,31.1047,31.3103,142492400
2017-02-16,31.3473,31.4004,31.1555,31.2734,90338400
2017-02-17,31.2156,31.3843,31.2156,31.3588,88792800
2017-02-21,31.4767,31.5968,31.4189,31.5853,98028800
2017-02-22,31.5229,31.6823,31.4489,31.6800,83347600
2017-02-23,31.7424,31.7655,31.4929,31.5460,83152800
2017-02-24,31.4027,31.5760,31.2572,31.5760,87106400
2017-02-27,31.6869,31.7563,31.4882,31.6384,81029600
2017-02-28,31.6731,31.7563,31.5853,31.6523,93931600
2017-03-01,31.8602,32.3824,31.7932,32.2992,145658400
2017-03-02,32.3478,32.4125,32.0613,32.1075,104844000
2017-03-03,32.0659,32.3085,32.0220,32.2969,84432400
2017-03-06,32.2022,32.2946,32.0243,32.1953,87000000
2017-03-07,32.1306,32.3431,32.0682,32.2369,69785200
2017-03-08,32.1051,32.3015,32.0751,32.1167,74828800
2017-03-09,32.0566,32.0682,31.6661,32.0428,88623600
2017-03-10,32.1745,32.1999,32.0335,32.1491,78451200
2017-03-13,32.0820,32.2160,32.0751,32.1629,69686800
2017-03-14,32.1860,32.2669,32.0797,32.1144,61236400
2017-03-15,32.2114,32.5211,32.1236,32.4541,102767200
2017-03-16,32.5141,32.5834,32.4078,32.5072,76928000
2017-03-17,32.5788,32.5788,32.3224,32.3455,175540000
2017-03-20,32.4402,32.6943,32.4009,32.6851,86168000
2017-03-21,32.8353,32.9947,32.2854,32.3108,158119600
2017-03-22,32.3131,32.7174,32.2923,32.6759,103440800
2017-03-23,32.6389,32.7128,32.4887,32.5603,81385200
2017-03-24,32.6944,32.7498,32.4286,32.4956,89582400
2017-03-27,32.2068,32.6297,32.0289,32.5511,94300400
2017-03-28,32.5580,33.2812,32.4910,33.2258,133499200
2017-03-29,33.1981,33.3852,33.0848,33.2997,116760000
2017-03-30,33.3159,33.3875,33.1565,33.2558,84829200
2017-03-31,33.2073,33.3344,33.0432,33.1934,78646800
2017-04-03,33.2050,33.2997,33.0525,33.2027,79942800
2017-04-04,33.0987,33.4776,33.0802,33.4499,79565600
2017-04-05,33.3228,33.6093,33.2281,33.2766,110871600
2017-04-06,33.3390,33.3921,33.1449,33.1934,84596000
2017-04-07,33.2096,33.3136,33.1033,33.1195,66688800
2017-04-10,33.1796,33.2443,33.0178,33.0802,75733600
2017-04-11,33.0271,33.1218,32.3616,32.7244,121517600
2017-04-12,32.7175,32.8445,32.5811,32.7637,81400000
2017-04-13,32.7891,32.8977,32.5904,32.5904,71291600
2017-04-17,32.6897,32.7821,32.5488,32.7706,66328400
2017-04-18,32.6735,32.8191,32.6042,32.6250,58790000
2017-04-19,32.7821,32.8099,32.4517,32.5049,69313600
2017-04-20,32.6297,33.0224,32.6158,32.9115,93278400
2017-04-21,32.9115,32.9670,32.7752,32.8722,69283600
2017-04-24,33.1564,33.2604,33.0825,33.1888,68537200
2017-04-25,33.2512,33.4799,33.2419,33.3944,75486000
2017-04-26,33.3806,33.4106,33.1287,33.1980,80164800
2017-04-27,33.2535,33.3089,33.1125,33.2235,56985200
2017-04-28,33.2928,33.3413,33.1033,33.1911,83441600
2017-05-01,33.5261,34.0114,33.4938,33.8681,134411600
2017-05-02,34.0899,34.2170,33.9282,34.0830,181408800
2017-05-03,33.6394,34.0784,33.3344,33.9790,182788000
2017-05-04,33.8542,33.9975,33.6902,33.8565,93487600
2017-05-05,33.9097,34.4226,33.9097,34.4180,109310800
2017-05-08,34.4342,35.5132,34.4342,35.3538,195009600
2017-05-09,35.5525,35.7859,35.4555,35.5802,156521600
2017-05-10,35.4971,35.5687,35.1459,35.4116,103222800
2017-05-11,35.3698,35.7456,35.3373,35.7178,109020400
2017-05-12,35.8918,36.2909,35.8849,36.2166,130108000
2017-05-15,36.1957,36.3442,35.9730,36.1238,104038800
2017-05-16,36.1795,36.2073,35.8965,36.0705,80194000
2017-05-17,35.6366,35.8617,34.7341,34.8594,203070800
2017-05-18,35.0960,35.5763,35.0635,35.3907,134272800
2017-05-19,35.5856,35.7248,35.4115,35.5113,107843200
2017-05-22,35.7294,35.8640,35.4765,35.7271,91865600
2017-05-23,35.9382,35.9382,35.5693,35.6830,79675600
2017-05-24,35.6923,35.7689,35.4208,35.5763,76712000
2017-05-25,35.6668,35.8106,35.5044,35.6992,76942400
2017-05-26,35.7294,35.7851,35.5693,35.6389,87710400
2017-05-30,35.5948,35.8292,35.5740,35.6529,80507600
2017-05-31,35.7224,35.7688,35.3536,35.4417,97804800
2017-06-01,35.5369,35.5740,35.3164,35.5392,65616400
2017-06-02,35.6320,36.0658,35.4719,36.0658,111082800
2017-06-05,35.8083,35.8338,35.6041,35.7132,101326800
2017-06-06,35.7062,36.1493,35.6784,35.8338,106499600
2017-06-07,35.9661,36.1888,35.8408,36.0473,84278400
2017-06-08,36.0194,36.0867,35.8222,35.9591,85003200
2017-06-09,36.0055,36.0055,33.8780,34.5647,259530800
2017-06-12,33.8130,33.8942,33.0636,33.7388,289229200
2017-06-13,34.1425,34.2097,33.6761,34.0102,136661600
2017-06-14,34.2214,34.2214,33.3722,33.6785,126124800
2017-06-15,33.2516,33.5207,32.9940,33.4766,128661600
2017-06-16,33.3583,33.5253,32.9917,33.0079,201444400
2017-06-19,33.3304,34.0450,33.3304,33.9522,130165600
2017-06-20,34.0752,34.0752,33.6274,33.6436,99600400
2017-06-21,33.7620,33.8896,33.5508,33.8432,85063200
2017-06-22,33.8200,34.0357,33.6692,33.7875,76425200
2017-06-23,33.6715,34.1425,33.6668,33.9383,141757600
2017-06-26,34.1448,34.4023,33.7295,33.8316,102769600
2017-06-27,33.6436,33.9104,33.3211,33.3467,99047600
2017-06-28,33.5230,33.8989,33.2144,33.8339,88329600
2017-06-29,33.5740,33.6715,33.0103,33.3351,125997600
2017-06-30,33.5137,33.6321,33.3583,33.4140,92096400
2017-07-03,33.6135,33.7109,33.2005,33.2933,57111200
2017-07-05,33.3374,33.5926,33.1123,33.4302,86278400
2017-07-06,33.1820,33.2933,33.0404,33.1147,96515200
2017-07-07,33.1541,33.5833,33.1541,33.4511,76806800
2017-07-10,33.4348,33.8617,33.2632,33.6552,84362400
2017-07-11,33.5787,33.8385,33.4975,33.7643,79127200
2017-07-12,33.8432,33.9151,33.5996,33.8130,99538000
2017-07-13,33.7573,34.4510,33.7434,34.2840,100797600
2017-07-14,34.3304,34.6459,34.1819,34.5786,80528400
2017-07-17,34.5276,35.0102,34.4696,34.6993,95174000
2017-07-18,34.6158,34.8315,34.4928,34.8199,71475200
2017-07-19,34.9127,35.1308,34.7898,35.0380,83692000
2017-07-20,35.1494,35.2051,34.8455,34.8803,68974800
2017-07-21,34.7991,34.9035,34.5415,34.8640,105010400
2017-07-24,34.9359,35.3675,34.7782,35.2863,85972800
2017-07-25,35.2190,35.6923,35.2190,35.4371,75415600
2017-07-26,35.5786,35.7132,35.5113,35.6041,63124000
2017-07-27,35.6714,35.7271,34.1749,34.9313,129905200
2017-07-28,34.7758,34.8547,34.6134,34.6854,68854800
2017-07-31,34.7782,34.8779,34.3675,34.5067,79383600
2017-08-01,34.5926,34.8524,34.4325,34.8130,141474400
2017-08-02,36.9544,37.0635,36.2305,36.4579,279747200
2017-08-03,36.4370,36.4742,35.9661,36.0937,108389200
2017-08-04,36.2097,36.5182,36.1215,36.2839,82239600
2017-08-07,36.4394,36.8709,36.3489,36.8454,87481200
2017-08-08,36.7967,37.5460,36.7201,37.1400,144823600
2017-08-09,36.9498,37.4161,36.9150,37.3674,104526000
2017-08-10,37.2439,37.2672,36.0165,36.1772,163217200
2017-08-11,36.4753,36.9342,36.3519,36.6803,105028400
2017-08-14,37.1088,37.3161,36.9761,37.2323,88490800
2017-08-15,37.4210,37.7797,37.2998,37.6399,117862000
2017-08-16,37.7191,37.8519,37.3022,37.4885,110686400
2017-08-17,37.3884,37.4326,36.7641,36.7688,111762400
2017-08-18,36.7688,37.1508,36.5033,36.6849,109712400
2017-08-21,36.6849,36.7758,36.1283,36.6174,105474000
2017-08-22,36.8550,37.2672,36.8061,37.2160,86418400
2017-08-23,37.0506,37.3767,37.0064,37.2626,77596400
2017-08-24,37.3674,37.4396,36.9295,37.0972,79275600
2017-08-25,37.1857,37.3977,37.0972,37.2346,101920400
2017-08-28,37.2998,37.7331,37.2509,37.6096,103864000
2017-08-29,37.2905,37.9939,37.2672,37.9450,118067600
2017-08-30,38.1523,38.1733,37.8752,38.0475,109078400
2017-08-31,38.1151,38.3200,38.0778,38.1989,107140400
2017-09-01,38.3853,38.4179,38.1127,38.2106,66364400
2017-09-05,38.1407,38.2571,37.3977,37.7517,117874000
2017-09-06,37.8985,37.9637,37.3884,37.7121,86606800
2017-09-07,37.7540,37.7890,37.3511,37.5607,87714000
2017-09-08,37.4675,37.5351,36.9248,36.9481,114446000
2017-09-11,37.3837,37.7447,37.2416,37.6166,126323200
2017-09-12,37.8752,38.1896,36.9807,37.4675,286856000
2017-09-13,37.2370,37.2579,36.7804,37.1857,179629600
2017-09-14,37.0320,37.1275,36.8224,36.8666,95042800
2017-09-15,36.9109,37.4932,36.8014,37.2393,196458400
2017-09-18,37.2929,37.3837,36.8014,36.9574,113077600
2017-09-19,37.1531,37.2137,36.9039,36.9714,83242400
2017-09-20,36.7781,36.8620,35.8301,36.3519,211805600
2017-09-21,36.2890,36.2890,35.5786,35.7276,150046800
2017-09-22,35.2967,35.4668,35.0685,35.3783,186581600
2017-09-25,34.9357,35.3643,34.7424,35.0661,177549200
2017-09-26,35.3526,35.8511,35.3317,35.6694,146640000
2017-09-27,35.8231,36.0374,35.7626,35.9233,102016800
2017-09-28,35.8441,35.9349,35.5669,35.7020,88022000
2017-09-29,35.6857,35.9000,35.4039,35.8977,105199200
2017-10-02,35.9303,35.9745,35.5716,35.8255,74795200
2017-10-03,35.8720,36.1236,35.8488,35.9815,64921200
2017-10-04,35.7835,35.8371,35.5110,35.7486,80655200
2017-10-05,35.9117,36.2051,35.8814,36.1935,85135200
2017-10-06,36.0956,36.2168,36.0001,36.1725,69630400
2017-10-09,36.2913,36.5056,36.2168,36.2983,65051600
2017-10-10,36.3495,36.8014,36.1259,36.3123,62468000
2017-10-11,36.3286,36.5638,36.2773,36.4636,67622400
2017-10-12,36.4171,36.6547,36.2727,36.3356,64500400
2017-10-13,36.5056,36.6337,36.4311,36.5661,65576800
2017-10-16,36.7781,37.2672,36.7199,37.2393,96486000
2017-10-17,37.2160,37.4699,37.0879,37.3767,75989200
2017-10-18,37.3651,37.4326,37.1741,37.2113,65496800
2017-10-19,36.5103,36.5871,36.1073,36.3309,170336800
2017-10-20,36.4776,36.7432,36.3262,36.3938,95896400
2017-10-23,36.5429,36.7292,36.2191,36.3752,87937200
2017-10-24,36.4031,36.6663,36.3821,36.5918,71028800
2017-10-25,36.5475,36.6966,36.1655,36.4310,84828400
2017-10-26,36.6220,36.7618,36.5172,36.6640,68002000
2017-10-27,37.1019,38.1058,36.9644,37.9776,177816800
2017-10-30,38.1733,39.1469,38.1337,38.8325,178803200
2017-10-31,39.1073,39.5149,38.8837,39.3728,144187200
2017-11-01,39.5662,39.5825,38.5739,38.8721,134551200
2017-11-02,38.8045,39.2471,38.4971,39.1562,165573600
2017-11-03,40.5281,40.5887,39.8573,40.1787,237594400
2017-11-06,40.1485,40.7587,39.9971,40.5864,140105200
2017-11-07,40.5072,40.8193,40.4350,40.7168,97446000
2017-11-08,40.6818,41.0499,40.6050,41.0499,97638000
2017-11-09,40.7867,41.0173,40.3278,40.9660,117930400
2017-11-10,40.9333,40.9964,40.7369,40.8304,100582000
2017-11-13,40.5569,40.7907,40.5336,40.6668,67928400
2017-11-14,40.4494,40.5523,40.0146,40.0520,99130000
2017-11-15,39.7318,39.8136,39.3601,39.5237,116632400
2017-11-16,40.0146,40.1759,39.8089,39.9959,94550000
2017-11-17,39.9819,40.0637,39.6546,39.7738,87598000
2017-11-20,39.8066,39.8697,39.6359,39.7341,65049600
2017-11-21,39.9211,40.6037,39.9211,40.4728,100525200
2017-11-22,40.5242,40.9076,40.4517,40.8982,102355600
2017-11-24,40.9309,41.0244,40.8258,40.9006,56106800
2017-11-27,40.9192,40.9263,40.5195,40.6948,82867200
2017-11-28,40.7439,40.8772,40.1736,40.4564,105715200
2017-11-29,40.3536,40.4214,39.0749,39.6172,166665600
2017-11-30,39.8393,40.2390,39.3741,40.1712,166108800
2017-12-01,39.7271,40.1292,39.3882,39.9842,159037200
2017-12-04,40.3185,40.3512,39.6523,39.6920,130169600
2017-12-05,39.5190,40.0941,39.3648,39.6546,109400800
2017-12-06,39.1544,39.7855,38.9113,39.5074,114240000
2017-12-07,39.5120,39.8416,39.4840,39.5798,102693200
2017-12-08,39.8533,39.9725,39.4630,39.5915,93420800
2017-12-11,39.5518,40.4143,39.4559,40.3629,141095200
2017-12-12,40.2414,40.2975,40.0801,40.1362,77636800
2017-12-13,40.3232,40.5663,40.2063,40.2694,95273600
2017-12-14,40.2998,40.4704,40.1245,40.2577,81906000
2017-12-15,40.5873,40.7136,40.3138,40.6668,160677200
2017-12-18,40.8795,41.4218,40.8748,41.2395,117684400
2017-12-19,40.9146,40.9987,40.6949,40.8000,109745600
2017-12-20,40.8772,41.0057,40.4985,40.7556,93902400
2017-12-21,40.7136,41.1460,40.6972,40.9099,83799600
2017-12-22,40.8328,41.0058,40.7907,40.9099,65397600
2017-12-26,39.9258,40.0824,39.6640,39.8720,132742000
2017-12-27,39.7622,39.9211,39.6710,39.8790,85992800
2017-12-28,39.9725,40.1712,39.8510,39.9912,65920800
2017-12-29,39.8603,39.8767,39.5565,39.5588,103999600
2018-01-02,39.7762,40.2764,39.5658,40.2671,102223600
2018-01-03,40.3302,40.8024,40.1970,40.2601,118071600
2018-01-04,40.3325,40.5499,40.2250,40.4471,89738400
2018-01-05,40.5429,40.9941,40.4518,40.9076,94640000
2018-01-08,40.7556,41.0502,40.6574,40.7556,82271200
2018-01-09,40.8024,40.9216,40.5359,40.7510,86336000
2018-01-10,40.4775,40.7440,40.4401,40.7416,95839600
2018-01-11,40.8117,41.0221,40.7884,40.9730,74670800
2018-01-12,41.1834,41.4592,41.0595,41.3961,101672400
2018-01-16,41.5855,41.9338,41.1740,41.1857,118263600
2018-01-17,41.1764,41.9010,40.9239,41.8660,137547200
2018-01-18,41.9291,42.0997,41.6673,41.9034,124773600
2018-01-19,41.7514,41.9782,41.4709,41.7164,129700400
2018-01-22,41.4452,41.5574,41.2816,41.3751,108434400
2018-01-23,41.4452,41.9455,41.3330,41.3844,130756400
2018-01-24,41.4335,41.4452,40.4868,40.7252,204420400
2018-01-25,40.7930,40.8959,39.8627,39.9983,166116000
2018-01-26,40.2063,40.2063,39.7528,40.0918,156572000
2018-01-29,39.7762,39.7762,39.0539,39.2619,202561600
2018-01-30,38.6939,39.1240,38.4999,39.0305,184192800
2018-01-31,39.0071,39.3741,38.9206,39.1380,129915600
2018-02-01,39.0772,39.4162,38.9814,39.2198,188923200
2018-02-02,38.8038,38.9908,37.4246,37.5181,346375200
2018-02-05,37.1908,38.3082,36.4662,36.5807,290954000
2018-02-06,36.1927,38.2708,35.9987,38.1095,272975200
2018-02-07,38.1235,38.1960,37.1838,37.2937,206434400
2018-02-08,37.4690,37.6350,36.2394,36.2675,217562000
2018-02-09,36.8660,37.0585,35.2629,36.7111,282690400
2018-02-12,37.2016,38.4667,36.9693,38.1898,243278000
2018-02-13,38.0114,38.6686,37.9410,38.5723,130196800
2018-02-14,38.2672,39.3234,38.2297,39.2835,162579600
2018-02-15,39.8515,40.6261,39.6661,40.6026,204588800
2018-02-16,40.4547,41.0321,40.3163,40.4712,160704400
2018-02-20,40.3820,40.9007,40.2341,40.3350,135722000
2018-02-21,40.5650,40.8678,40.1379,40.1519,149886400
2018-02-22,40.3233,40.8279,40.3022,40.4876,123967600
2018-02-23,40.7622,41.2269,40.7317,41.1917,135249600
2018-02-26,41.3912,42.1047,41.3584,42.0062,152648800
2018-02-27,42.0367,42.3606,41.8160,41.8700,155712400
2018-02-28,42.0742,42.3934,41.7902,41.8067,151128400
2018-03-01,41.9052,42.1963,40.5251,41.0744,195208000
2018-03-02,40.5580,41.3795,40.4758,41.3584,153816000
2018-03-05,41.1236,41.7175,40.9617,41.5015,113605600
2018-03-06,41.7574,41.8372,41.3396,41.4663,95154000
2018-03-07,41.0603,41.2739,40.9030,41.0814,126814000
2018-03-08,41.1870,41.5719,41.0908,41.5297,95096400
2018-03-09,41.7691,42.2479,41.6353,42.2432,128740800
2018-03-12,42.3160,42.8089,42.2972,42.6516,128828400
2018-03-13,42.8558,43.0694,42.0695,42.2409,126774000
2018-03-14,42.3230,42.3700,41.7339,41.8818,117473600
2018-03-15,41.8958,42.3042,41.7949,41.9311,90975200
2018-03-16,41.9310,42.0414,41.6893,41.7832,157618800
2018-03-19,41.6189,41.6541,40.7598,41.1448,133787200
2018-03-20,41.1307,41.4968,41.0603,41.1307,78597600
2018-03-21,41.0837,41.0955,40.1965,40.1989,148219600
2018-03-22,39.9008,40.5298,39.5722,39.6309,165963200
2018-03-23,39.5229,39.8820,38.7132,38.7132,164115200
2018-03-26,39.4478,40.6284,39.0652,40.5510,150164800
2018-03-27,40.7645,41.1096,39.1779,39.5112,163690400
2018-03-28,39.2554,39.9055,38.7719,39.0746,166674000
2018-03-29,39.3868,40.3115,39.1732,39.3797,153594000
2018-04-02,39.1122,39.6520,38.6029,39.1216,150347200
2018-04-03,39.3469,39.6074,38.6991,39.5229,121112000
2018-04-04,38.6991,40.3726,38.6733,40.2787,138422000
2018-04-05,40.5064,40.8936,40.3890,40.5580,107732800
2018-04-06,40.1285,40.4829,39.4783,39.5206,140021200
2018-04-09,39.8726,40.6261,39.8656,39.9125,116070800
2018-04-10,40.6049,40.8396,40.2599,40.6636,113634400
2018-04-11,40.4242,40.8209,40.2998,40.4735,89726400
2018-04-12,40.7012,41.0744,40.6143,40.8725,91557200
2018-04-13,41.0227,41.2715,40.8044,41.0110,100497200
2018-04-16,41.0814,41.3537,41.0345,41.2668,86313600
2018-04-17,41.4241,41.9991,41.4053,41.8348,106421600
2018-04-18,41.7339,41.9710,41.5156,41.7409,83018000
2018-04-19,40.7833,41.1659,40.5251,40.5580,139235200
2018-04-20,40.0416,40.1871,38.8282,38.8962,261964400
2018-04-23,39.1568,39.1779,38.5137,38.7836,146062000
2018-04-24,38.8845,39.0394,37.8400,38.2437,134768000
2018-04-25,38.1686,38.8258,38.1194,38.4104,113528400
2018-04-26,38.5207,38.8986,38.3447,38.5442,111852000
2018-04-27,38.4925,38.5700,37.7016,38.0982,142623200
2018-04-30,38.0536,39.2577,37.9856,38.7883,169709600
2018-05-01,39.0582,39.7130,38.7906,39.6896,214277600
2018-05-02,41.1283,41.7198,40.7927,41.4429,266157600
2018-05-03,41.2809,41.6611,40.9429,41.5180,136272800
2018-05-04,41.8372,43.2454,41.8184,43.1468,224805200
2018-05-07,43.4637,44.0481,43.3628,43.4590,169805600
2018-05-08,43.4191,43.7078,43.1093,43.6679,113611200
2018-05-09,43.7853,43.9848,43.4731,43.9754,92844800
2018-05-10,44.0646,44.6819,44.0434,44.6044,111957200
2018-05-11,44.6468,44.7811,44.1662,44.4348,104848800
2018-05-14,44.5337,44.6562,44.2628,44.3311,83115200
2018-05-15,44.0083,44.0766,43.6125,43.9282,94780800
2018-05-16,43.8410,44.4041,43.8245,44.3382,76732400
2018-05-17,44.2957,44.5102,43.9093,44.0578,69176000
2018-05-18,44.1049,44.2510,43.8551,43.8976,73190800
2018-05-21,44.2957,44.5950,44.0389,44.2086,73603200
2018-05-22,44.3853,44.5031,44.0083,44.0978,60962800
2018-05-23,43.9070,44.4136,43.7680,44.3806,80233600
2018-05-24,44.4772,44.4937,43.8740,44.3311,92936000
2018-05-25,44.3499,44.6845,44.2133,44.4324,69844000
2018-05-29,44.2015,44.4725,44.0295,44.2722,90056400
2018-05-30,44.2298,44.2958,44.0083,44.1779,74762000
2018-05-31,44.1120,44.3499,43.8575,44.0295,109931200
2018-06-01,44.2934,44.8282,44.2369,44.8235,93770000
2018-06-04,45.1534,45.5728,45.0851,45.1982,105064800
2018-06-05,45.4903,45.6953,45.3230,45.5469,86264000
2018-06-06,45.6223,45.7283,45.2194,45.7047,83734400
2018-06-07,45.7424,45.7566,45.3183,45.5822,85388800
2018-06-08,45.0426,45.2382,44.7128,45.1675,106627200
2018-06-11,45.0851,45.2311,44.8165,45.0568,73234000
2018-06-12,45.0945,45.3819,45.0379,45.3042,67644400
2018-06-13,45.3372,45.4456,44.8707,44.9319,86553600
2018-06-14,45.1322,45.1369,44.8188,44.9555,86440400
2018-06-15,44.7741,44.8047,44.3570,44.4937,246876800
2018-06-18,44.2675,44.5832,44.1073,44.4701,73939600
2018-06-19,43.6219,43.9023,43.2237,43.7515,134314000
2018-06-20,43.9070,44.1073,43.7609,43.9423,82514800
2018-06-21,44.1190,44.3782,43.5748,43.6973,102847600
2018-06-22,43.8528,43.8599,43.5182,43.5700,108801600
2018-06-25,43.2119,43.5701,42.5828,42.9221,126652400
2018-06-26,43.1153,43.9494,43.0093,43.4546,98276800
2018-06-27,43.6431,44.1261,43.3604,43.3910,101141200
2018-06-28,43.3768,43.8740,43.3062,43.7067,69460800
2018-06-29,43.8928,44.1049,43.0965,43.6148,90950800
2018-07-02,43.3109,44.1308,43.2166,44.1025,70925200
2018-07-03,44.2463,44.2840,43.2449,43.3344,55819200
2018-07-05,43.6502,43.9211,43.4193,43.6831,66416800
2018-07-06,43.6879,44.3971,43.6360,44.2887,69940800
2018-07-09,44.6492,44.9272,44.6020,44.9036,79026400
2018-07-10,44.9343,45.0686,44.8094,44.8494,63756400
2018-07-11,44.4136,44.7151,44.2039,44.2675,75326000
2018-07-12,44.6562,45.0992,44.6044,45.0097,72164400
2018-07-13,45.0214,45.2005,44.9790,45.0803,50055600
2018-07-16,45.1251,45.3914,44.8659,44.9814,60172400
2018-07-17,44.7081,45.2076,44.5785,45.1086,62138000
2018-07-18,45.1864,45.1911,44.7505,44.8612,65573600
2018-07-19,44.6939,45.3678,44.6939,45.2099,81147200
2018-07-20,45.1864,45.3395,44.8070,45.1063,82704800
2018-07-23,44.9272,45.2288,44.6633,45.1463,63957600
2018-07-24,45.3442,45.6293,45.2500,45.4738,74791600
2018-07-25,45.4880,45.9097,45.3395,45.9027,66839600
2018-07-26,45.8532,46.1713,45.6176,45.7589,76304000
2018-07-27,45.9427,45.9898,44.7905,44.9979,96096000
2018-07-30,45.2147,45.2853,44.5479,44.7458,84118000
2018-07-31,44.8377,45.2712,44.6115,44.8353,157492000
2018-08-01,46.9182,47.5378,46.4893,47.4766,271742800
2018-08-02,47.2598,49.0976,47.2056,48.8643,249616000
2018-08-03,48.7795,49.1824,48.4143,49.0057,133789600
2018-08-06,49.0081,49.3026,48.7889,49.2602,101701600
2018-08-07,49.3191,49.3615,48.7159,48.7984,102349600
2018-08-08,48.5486,48.9633,48.1881,48.8313,90102000
2018-08-09,49.3685,49.4274,48.8196,49.2154,93970400
2018-08-10,49.0286,49.4400,48.8655,49.0688,98444800
2018-08-13,49.4897,49.8774,49.1090,49.3856,103563600
2018-08-14,49.6906,49.7852,49.2414,49.5937,82992000
2018-08-15,49.4684,49.8278,49.2580,49.7096,115230400
2018-08-16,50.0666,50.5537,50.0004,50.4378,114001600
2018-08-17,50.4662,51.5325,50.4000,51.4451,141708000
2018-08-20,51.5680,51.8234,50.8610,50.9438,121150800
2018-08-21,51.2606,51.3528,50.6057,50.8445,104639200
2018-08-22,50.6222,51.1566,50.5608,50.8469,76072400
2018-08-23,50.7523,51.3197,50.7404,50.9509,75532800
2018-08-24,51.2133,51.2843,50.8610,51.1093,73905600
2018-08-27,51.3434,51.7193,51.1495,51.5302,82100400
2018-08-28,51.7832,52.1449,51.7619,51.9463,91107200
2018-08-29,52.0527,52.8424,51.8777,52.7218,109019200
2018-08-30,52.7857,53.9702,52.5847,53.2065,195175200
2018-08-31,53.5565,54.1145,53.4359,53.8213,173360400
2018-09-04,54.0057,54.1878,53.5849,53.9939,109560400
2018-09-05,54.1429,54.3036,53.2231,53.6416,133332000
2018-09-06,53.4903,53.7551,52.3246,52.7502,137160000
2018-09-07,52.4547,53.2869,52.1851,52.3246,150479200
2018-09-10,52.2419,52.4547,51.1826,51.6224,158066000
2018-09-11,51.5467,53.0339,51.2039,52.9275,142996000
2018-09-12,53.1853,53.1995,51.9794,52.2702,197114800
2018-09-13,52.8495,53.9915,52.6249,53.5328,166825600
2018-09-14,53.3768,53.6345,52.6131,52.9252,127997200
2018-09-17,52.5256,52.7147,51.3718,51.5160,148780400
2018-09-18,51.4947,52.4546,51.3363,51.6011,126286800
2018-09-19,51.6626,51.9274,50.9060,51.6319,108495200
2018-09-20,52.0740,52.5563,51.8163,52.0243,106435200
2018-09-21,52.2017,52.3388,51.3765,51.4640,384986800
2018-09-24,51.2654,52.3152,51.2204,52.2040,110773600
2018-09-25,51.9581,52.6840,51.9463,52.5350,98217600
2018-09-26,52.2537,52.9039,51.9605,52.1166,95938800
2018-09-27,52.9205,53.5399,52.8542,53.1876,120724800
2018-09-28,53.1498,53.3981,52.9677,53.3744,91717600
2018-10-01,53.8970,54.2445,53.5187,53.7338,94403200
2018-10-02,53.7314,54.3817,53.5849,54.2114,99152800
2018-10-03,54.3935,55.2021,54.3296,54.8711,114619200
2018-10-04,54.5661,54.9373,53.6085,53.9064,128168000
2018-10-05,53.8993,54.0057,52.1544,53.0316,134322000
2018-10-08,52.5398,53.1522,52.0645,52.9086,118655600
2018-10-09,52.8779,53.7362,52.5492,53.6416,107564000
2018-10-10,53.3082,53.5187,51.0833,51.1566,167962400
2018-10-11,50.7216,51.8990,50.2014,50.7050,212497600
2018-10-12,52.1165,52.6982,51.2701,52.5161,161351600
2018-10-15,52.2915,52.4499,51.3718,51.3930,123164000
2018-10-16,51.7642,52.7242,51.2512,52.5256,116736000
2018-10-17,52.5610,52.6414,51.8612,52.2986,91541600
2018-10-18,51.5112,51.9558,50.3621,51.0762,130325200
2018-10-19,51.5585,52.3152,51.4096,51.8541,132314800
2018-10-22,51.9676,52.8117,51.7666,52.1709,115168400
2018-10-23,51.0313,52.7857,50.7641,52.6627,155071200
2018-10-24,52.6320,53.0174,50.7263,50.8563,163702000
2018-10-25,51.4758,52.3435,51.2488,51.9700,119423200
2018-10-26,51.0478,52.0622,50.2841,51.1424,189033600
2018-10-29,51.8257,51.9439,48.7283,50.1825,183742000
2018-10-30,49.9247,50.8776,49.4802,50.4331,146640000
2018-10-31,51.2795,52.1236,51.2181,51.7477,153435600
2018-11-01,51.7926,52.5753,51.2630,52.5421,233292800
2018-11-02,49.5464,50.5158,48.5723,49.0570,365314800
2018-11-05,48.3051,48.3264,46.8557,47.6643,264654800
2018-11-06,47.7424,48.4044,47.6880,48.1798,127531600
2018-11-07,48.7000,49.6670,48.2649,49.6410,133697600
2018-11-08,49.8213,49.8545,49.0550,49.4678,101450400
2018-11-09,48.7702,48.8794,47.9873,48.5140,137463200
2018-11-12,47.2161,47.4178,45.9800,46.0701,204542000
2018-11-13,45.4675,46.7843,45.4248,45.6098,187531600
2018-11-14,46.0061,46.1437,44.1151,44.3215,243204000
2018-11-15,44.6987,45.5481,44.3452,45.4153,185915200
2018-11-16,45.1994,46.2599,44.9526,45.9183,147713200
2018-11-19,45.0807,45.2468,43.8920,44.0984,167701200
2018-11-20,42.3213,43.0568,41.6427,41.9915,271300800
2018-11-21,42.6440,42.7721,41.8895,41.9441,124496800
2018-11-23,41.5075,41.9013,40.8336,40.8787,94496000
2018-11-26,41.3414,41.5099,40.3971,41.4316,179994000
2018-11-27,40.6937,41.4672,40.5442,41.3414,165549600
2018-11-28,41.9322,43.0141,41.5051,42.9311,184250000
2018-11-29,43.3392,43.3724,42.1623,42.6013,167080000
2018-11-30,42.7769,42.7864,42.0034,42.3711,158126000
2018-12-03,43.7663,43.8802,42.9951,43.8517,163210000
2018-12-04,42.9335,43.2751,41.8231,41.9227,165377200
2018-12-06,40.7530,41.4695,40.4350,41.4553,172393600
2018-12-07,41.1635,41.4007,39.9320,39.9771,169126400
2018-12-10,39.1491,40.3567,38.7528,40.2405,248104000
2018-12-11,40.7292,40.7601,39.6236,40.0103,189126800
2018-12-12,40.4303,40.7909,40.1029,40.1218,142510800
2018-12-13,40.4516,40.9452,40.2286,40.5608,127594400
2018-12-14,40.0981,40.1171,39.2155,39.2629,162814800
2018-12-17,39.2558,39.9439,38.6105,38.8976,177151600
2018-12-18,39.2392,39.7493,39.0043,39.4029,135366000
2018-12-19,39.3863,39.7304,37.7468,38.1739,196189200
2018-12-20,38.0576,38.4634,36.8476,37.2106,259092000
2018-12-21,37.2177,37.5262,35.5023,35.7633,382978400
2018-12-24,35.1511,35.9578,34.7810,34.8379,148676800
2018-12-26,35.1867,37.3055,34.8118,37.2913,234330000
2018-12-27,36.9757,37.1964,35.6067,37.0493,212468400
2018-12-28,37.3695,37.6116,36.6696,37.0682,169165600
2018-12-31,37.6139,37.8109,37.1275,37.4265,140014000
2019-01-02,36.7503,37.6899,36.5937,37.4692,148158800
2019-01-03,34.1617,34.5745,33.6919,33.7370,365248800
2019-01-04,34.2922,35.2460,34.1190,35.1772,234428400
2019-01-07,35.2816,35.3124,34.6173,35.0989,219111200
2019-01-08,35.4856,36.0219,35.2389,35.7680,164101200
2019-01-09,35.8961,36.6649,35.5023,36.3754,180396400
2019-01-10,36.1832,36.5320,35.7941,36.4917,143122800
2019-01-11,36.2734,36.4679,35.9483,36.1334,108092800
2019-01-14,35.7917,35.8914,35.4050,35.5900,129756800
2019-01-15,35.6541,36.3944,35.6019,36.3185,114843600
2019-01-16,36.3208,36.9852,36.3019,36.7622,122278800
2019-01-17,36.5866,37.4075,36.3635,36.9804,119284800
2019-01-18,37.3696,37.4597,37.0089,37.2082,135004000
2019-01-22,37.1109,37.1869,36.2117,36.3730,121576000
2019-01-23,36.5747,36.8096,35.9934,36.5201,92522400
2019-01-24,36.5652,36.6530,36.0029,36.2307,101766000
2019-01-25,36.8903,37.5190,36.6150,37.4312,134142000
2019-01-28,36.9638,37.0919,36.4584,37.0848,104768400
2019-01-29,37.0730,37.5190,36.5652,36.7005,166348800
2019-01-30,38.7338,39.4219,38.0173,39.2084,244439200
2019-01-31,39.4124,40.0981,39.0447,39.4907,162958400
2019-02-01,39.6141,40.0934,39.3697,39.5097,130672400
2019-02-04,39.7209,40.7293,39.6900,40.6320,125982000
2019-02-05,41.0140,41.5407,40.8930,41.3272,144406400
2019-02-06,41.4387,41.6570,41.0116,41.3414,112958400
2019-02-07,40.9048,41.2702,40.4161,40.5584,126966800
2019-02-08,40.2677,40.6656,40.1319,40.6061,95280000
2019-02-11,40.7586,40.7967,40.3297,40.3726,83973600
2019-02-12,40.5322,40.7467,40.4369,40.7204,89134000
2019-02-13,40.8396,41.0993,40.4893,40.5513,89960800
2019-02-14,40.4393,40.8086,40.3606,40.6990,87342800
2019-02-15,40.8062,40.9135,40.4488,40.6085,98507200
2019-02-19,40.4393,40.8515,40.3869,40.7300,75891200
2019-02-20,40.7919,41.2995,40.7443,40.9921,104457600
2019-02-21,40.9373,41.0731,40.5799,40.7610,68998800
2019-02-22,40.8849,41.2232,40.8372,41.2161,75652800
2019-02-25,41.4996,41.9071,41.4496,41.5163,87493600
2019-02-26,41.3924,41.7713,41.2638,41.5402,68280800
2019-02-27,41.2733,41.6998,41.1589,41.6688,111341600
2019-02-28,41.5378,41.6784,41.2042,41.2590,112861600
2019-03-01,41.5282,41.7355,41.1970,41.6927,103544800
2019-03-04,41.8642,42.3551,41.4544,41.9023,109744800
2019-03-05,41.9238,41.9381,41.5902,41.8261,78949600
2019-03-06,41.6212,41.8166,41.4472,41.5854,83241600
2019-03-07,41.4305,41.5664,40.9897,41.1041,99185600
2019-03-08,40.5846,41.2399,40.3892,41.2018,95997600
2019-03-11,41.8166,42.6815,41.7832,42.6291,128044000
2019-03-12,42.8912,43.5274,42.7411,43.1081,129870400
2019-03-13,43.4274,43.6776,43.1104,43.2987,124130000
2019-03-14,43.8205,43.8682,43.5012,43.7800,94318000
2019-03-15,44.0469,44.6379,43.7824,44.3495,156171600
2019-03-18,44.2733,44.8904,44.2709,44.8023,104879200
2019-03-19,44.8809,45.0334,44.3019,44.4472,126585600
2019-03-20,44.3757,45.1525,44.0183,44.8356,124140800
2019-03-21,45.2788,46.7824,45.2288,46.4869,204136800
2019-03-22,46.5465,47.1065,45.4599,45.5243,169630800
2019-03-25,45.6339,45.7459,44.4639,44.9738,175381200
2019-03-26,45.6696,45.9603,43.9826,44.5092,199202000
2019-03-27,44.9762,45.2169,44.4520,44.9095,119393600
2019-03-28,45.0239,45.1692,44.6855,44.9691,83121600
2019-03-29,45.2335,45.2931,44.9262,45.2621,94256000
2019-04-01,45.6649,45.6744,44.8881,45.5696,111448000
2019-04-02,45.5338,46.3368,45.5243,46.2320,91062800
2019-04-03,46.0485,46.8229,46.0247,46.5489,93087200
2019-04-04,46.4155,46.7919,46.0223,46.6299,76457200
2019-04-05,46.8110,46.9659,46.6871,46.9421,74106400
2019-04-08,46.8039,47.7117,46.7848,47.6807,103526800
2019-04-09,47.7332,48.3360,47.4734,47.5378,143072800
2019-04-10,47.3424,47.8332,47.2232,47.8047,86781200
2019-04-11,47.8595,47.8952,47.2852,47.4067,83603200
2019-04-12,47.4663,47.6903,46.7538,47.3876,111042800
2019-04-15,47.3186,47.6212,47.1827,47.4734,70146400
2019-04-16,47.5282,47.9834,47.3138,47.4782,102785600
2019-04-17,47.5473,48.4623,47.3257,48.4028,115627200
2019-04-18,48.4004,48.6458,48.2574,48.5767,96783200
2019-04-22,48.3313,48.8340,48.2145,48.7363,77758000
2019-04-23,48.7125,49.5036,48.5862,49.4393,93292000
2019-04-24,49.4107,49.6776,49.3368,49.3630,70162400
2019-04-25,49.2844,49.5060,48.8769,48.9151,74172800
2019-04-26,48.8245,48.8483,48.1621,48.6815,74596400
2019-04-29,48.7054,49.0795,48.5767,48.7554,88818800
2019-04-30,48.3861,48.4671,47.4448,47.8166,186139600
2019-05-01,50.0112,51.3051,49.8563,50.1637,259309200
2019-05-02,50.0016,50.6712,49.5942,49.8372,127985200
2019-05-03,50.2518,50.4782,50.0946,50.4568,83569600
2019-05-06,48.6792,49.7634,48.4909,49.6776,129772400
2019-05-07,49.0580,49.4250,47.8547,48.3384,155054800
2019-05-08,48.1097,48.9294,48.0739,48.3479,105358000
2019-05-09,47.7522,48.0572,46.8611,47.8285,139634400
2019-05-10,47.2233,47.5654,46.1110,47.1659,164834800
2019-05-13,44.9007,45.3240,43.7381,44.4246,229722400
2019-05-14,44.5897,45.3767,44.3505,45.1279,146118800
2019-05-15,44.5562,45.8670,44.4964,45.6685,106178800
2019-05-16,45.4269,46.0393,45.1710,45.4676,132125600
2019-05-17,44.7141,45.6637,44.6734,45.2092,131516400
2019-05-20,43.8984,44.0969,43.1234,43.7955,154449200
2019-05-21,44.3050,44.9700,44.1806,44.6351,113459200
2019-05-22,44.1711,44.4222,43.6664,43.7214,118994400
2019-05-23,43.0086,43.1856,42.5325,42.9751,146118800
2019-05-24,43.1042,43.5683,42.7263,42.8100,94858800
2019-05-28,42.7981,43.1975,42.5565,42.6330,111792800
2019-05-29,42.2001,42.9009,42.0996,42.4297,113924800
2019-05-30,42.5660,42.8722,42.2599,42.6498,84873600
2019-05-31,42.1546,42.5756,41.8580,41.8771,108174400
2019-06-03,42.0039,42.5589,40.7290,41.4537,161584400
2019-06-04,41.9656,43.0157,41.7456,42.9703,123872000
2019-06-05,44.0802,44.2500,43.3291,43.6640,119093600
2019-06-06,43.7931,44.3648,43.5707,44.3050,90105200
2019-06-07,44.6136,45.9077,44.4366,45.4843,122737600
2019-06-10,45.8814,46.7329,45.8359,46.0656,104883600
2019-06-11,46.6109,46.8836,46.3096,46.5990,107731600
2019-06-12,46.3933,46.8765,46.2593,46.4507,73012800
2019-06-13,46.5727,47.0726,46.3095,46.4411,86698400
2019-06-14,45.8192,46.3072,45.5202,46.1038,75046000
2019-06-17,46.1421,46.6349,45.9675,46.3789,58676400
2019-06-18,46.8956,47.9098,46.6947,47.4697,106204000
2019-06-19,47.7639,47.8117,47.1970,47.3309,84496800
2019-06-20,47.9289,47.9864,47.3692,47.7113,86056000
2019-06-21,47.5534,48.0438,47.3979,47.5486,191202400
2019-06-24,47.4912,47.8787,47.4027,47.5008,72881600
2019-06-25,47.4649,47.6634,46.7138,46.7808,84281200
2019-06-26,47.3070,48.0773,47.2066,47.7926,104270000
2019-06-27,47.9098,48.2160,47.7376,47.7782,83598800
2019-06-28,47.5247,47.7209,47.1348,47.3429,124442400
2019-07-01,48.5987,48.9145,47.9959,48.2112,109012000
2019-07-02,48.1777,48.5892,48.1658,48.4935,67740800
2019-07-03,48.6250,48.9025,48.4839,48.8953,45448000
2019-07-05,48.6418,49.0556,48.5341,48.8523,69062000
2019-07-08,48.0342,48.1753,47.4601,47.8452,101354400
2019-07-09,47.6491,48.2016,47.5558,48.1371,82312000
2019-07-10,48.2830,48.7327,48.2136,48.6131,71588400
2019-07-11,48.6322,48.8905,48.2495,48.2590,80767200
2019-07-12,48.4265,48.7973,48.3667,48.6298,70380800
2019-07-15,48.8188,49.2446,48.7972,49.0867,67789600
2019-07-16,48.9384,49.3020,48.6776,48.9168,67467200
2019-07-17,48.8092,49.0580,48.6226,48.6418,56430000
2019-07-18,48.7973,49.2470,48.7255,49.1943,74162400
2019-07-19,49.2254,49.3953,48.4050,48.4600,83717200
2019-07-22,48.7135,49.5699,48.7040,49.5675,89111600
2019-07-23,49.8641,49.9717,49.5842,49.9550,73420800
2019-07-24,49.6751,50.0291,49.5555,49.9143,59966400
2019-07-25,49.9669,50.0507,49.4503,49.5196,55638400
2019-07-26,49.6297,50.1679,49.5484,49.6919,70475600
2019-07-29,49.8641,50.3856,49.8593,50.1559,86693600
2019-07-30,49.9359,50.2707,49.5890,49.9406,135742800
2019-07-31,51.7681,52.9522,50.5434,50.9596,277125600
2019-08-01,51.1654,52.1533,49.4527,49.8569,216071600
2019-08-02,49.1632,49.3785,48.2303,48.8020,163448400
2019-08-05,47.3596,47.5175,46.0656,46.2474,209572000
2019-08-06,46.9578,47.3788,46.4148,47.1228,143299200
2019-08-07,46.7425,47.7352,46.3622,47.6108,133457600
2019-08-08,47.8883,48.6848,47.6945,48.6609,108038000
2019-08-09,48.3344,48.6849,47.8517,48.2599,98478800
2019-08-12,47.9310,48.5144,47.8181,48.1375,89927600
2019-08-13,48.2671,50.9372,48.1375,50.1760,188874000
2019-08-14,48.7810,49.5685,48.6441,48.6825,146189600
2019-08-15,48.8530,49.2564,47.9430,48.4400,108909600
2019-08-16,49.0499,49.7414,48.9442,49.5829,110481600
2019-08-19,50.5722,51.0788,50.4305,50.5074,97654400
2019-08-20,50.6346,51.2277,50.5002,50.5098,107537200
2019-08-21,51.1413,51.2997,50.8075,51.0572,86141600
2019-08-22,51.1893,51.4894,50.6034,51.0140,89014800
2019-08-23,50.2865,50.9156,48.2623,48.6561,187272000
2019-08-26,49.4293,49.7486,49.2372,49.5805,104174400
2019-08-27,49.9095,50.0752,48.8698,49.0211,103493200
2019-08-28,49.0067,49.3956,48.8194,49.3500,63755200
2019-08-29,50.0632,50.2600,49.6214,50.1856,83962000
2019-08-30,50.4617,50.5314,49.7510,50.1208,84573600
2019-09-03,49.5661,49.6982,49.0355,49.3908,80092000
2019-09-04,50.0367,50.2985,49.7798,50.2288,76752400
2019-09-05,50.9035,51.3766,50.7859,51.2109,95654800
2019-09-06,51.3958,51.4846,51.0260,51.2061,77449200
2019-09-09,51.5854,51.9696,50.6802,51.4246,109237600
2019-09-10,51.3502,52.0513,50.8339,52.0321,127111600
2019-09-11,52.3610,53.7152,52.2794,53.6864,177158400
2019-09-12,53.9770,54.3659,53.5112,53.5664,128906800
2019-09-13,52.8244,53.0141,52.1089,52.5243,159053200
2019-09-16,52.2794,52.8557,52.2386,52.8004,84632400
2019-09-17,52.8148,53.0213,52.6131,52.9925,73274800
2019-09-18,53.0789,53.5087,52.6900,53.4895,101360000
2019-09-19,53.3071,53.7272,52.9133,53.0549,88242400
2019-09-20,53.1558,53.4391,52.2170,52.2794,221652400
2019-09-23,52.5723,52.7860,52.2602,52.5171,76662000
2019-09-24,53.0717,53.4223,52.1497,52.2674,124763200
2019-09-25,52.4763,53.1846,52.1377,53.0717,87613600
2019-09-26,52.8244,53.0501,52.5435,52.7980,75334000
2019-09-27,52.9541,53.0549,52.1713,52.5411,101408000
2019-09-30,53.0405,53.9241,53.0141,53.7777,103909600
2019-10-01,54.0418,54.7981,53.8329,53.9265,139223200
2019-10-02,53.5592,53.6840,52.3274,52.5747,138449200
2019-10-03,52.4475,53.0549,51.6551,53.0213,114426000
2019-10-04,54.1786,54.6229,53.7585,54.5076,138478800
2019-10-07,54.3299,55.2087,54.2267,54.5196,122306000
2019-10-08,54.2219,54.7597,53.8641,53.8809,111820000
2019-10-09,54.5124,54.6949,54.1786,54.5124,74770400
2019-10-10,54.7285,55.3312,54.5772,55.2472,113013600
2019-10-11,55.9339,57.0600,55.7802,56.7166,166795600
2019-10-14,56.4021,57.1776,56.3469,56.6350,96427600
2019-10-15,56.7598,57.0624,56.3973,56.5029,87360000
2019-10-16,56.0347,56.4837,55.9939,56.2748,73903200
2019-10-17,56.4477,56.7022,56.0707,56.4933,67585200
2019-10-18,56.3276,57.0456,56.2556,56.7647,97433600
2019-10-21,57.0312,57.8644,56.9832,57.7491,87247200
2019-10-22,57.9052,58.1549,57.5354,57.6170,82293600
2019-10-23,58.1309,58.4046,57.9196,58.3902,75828800
2019-10-24,58.7096,58.7792,58.0613,58.4863,69275200
2019-10-25,58.3854,59.2426,58.3182,59.2066,73477200
2019-10-28,59.4083,59.8477,59.2402,59.7997,96572800
2019-10-29,59.7804,59.9677,58.2437,58.4166,142839600
2019-10-30,58.7696,58.8992,57.9172,58.4094,124522000
2019-10-31,59.3651,59.8285,56.9687,59.7300,139162000
2019-11-01,59.9173,61.4516,59.8261,61.4252,151125200
2019-11-04,61.7878,61.9126,61.3196,61.8286,103272000
2019-11-05,61.7205,61.9943,61.5453,61.7398,79897600
2019-11-06,61.6533,61.8262,61.3172,61.7662,75864400
2019-11-07,62.3129,62.7006,62.1611,62.4790,94940400
2019-11-08,62.3008,62.7223,61.8577,62.6500,69986400
2019-11-11,62.2069,63.2112,62.2021,63.1461,81821200
2019-11-12,62.9896,63.2882,62.8379,63.0883,87388800
2019-11-13,62.8885,63.7675,62.8740,63.6928,102734400
2019-11-14,63.5194,63.7916,63.1220,63.2521,89182800
2019-11-15,63.5026,64.0083,63.3412,64.0035,100206400
2019-11-18,64.0131,64.4057,63.6350,64.3262,86703200
2019-11-19,64.5189,64.5430,63.9144,64.1311,76167200
2019-11-20,63.9505,64.0806,62.7126,63.3846,106234400
2019-11-21,63.5050,63.5820,62.9005,63.1004,121395200
2019-11-22,63.2401,63.3822,62.8186,63.0450,65325200
2019-11-25,63.2690,64.1673,63.2232,64.1504,84020400
2019-11-26,64.2877,64.3407,63.2184,63.6495,105207600
2019-11-27,63.9602,64.5382,63.8951,64.5044,65235600
2019-11-29,64.2058,64.5430,64.0372,64.3623,46617600
2019-12-02,64.3671,64.6032,63.4472,63.6182,94487200
2019-12-03,62.2093,62.5031,61.7228,62.4838,114430400
2019-12-04,62.8740,63.4135,62.7801,63.0354,67181600
2019-12-05,63.5291,64.0348,63.2738,63.9601,74424400
2019-12-06,64.4177,65.2655,64.3744,65.1956,106075600
2019-12-09,65.0246,65.2173,63.7988,64.2829,128042400
2019-12-10,64.6875,65.0415,64.0276,64.6586,90420400
2019-12-11,64.7380,65.2895,64.6634,65.2101,78756800
2019-12-12,64.4900,65.6411,64.3792,65.3762,137310400
2019-12-13,65.3762,66.3010,65.2486,66.2649,133587600
2019-12-16,66.7104,67.6232,66.7056,67.3992,128186000
2019-12-17,67.3294,67.8592,67.1439,67.5317,114158400
2019-12-18,67.3848,67.8905,67.2210,67.3703,116028400
2019-12-19,67.3125,67.7171,67.1801,67.4377,98369200
2019-12-20,67.9700,68.0712,67.0862,67.2981,275978000
2019-12-23,67.5606,68.4565,67.5220,68.3963,98572000
2019-12-24,68.5624,68.6106,68.1362,68.4613,48478800
2019-12-26,68.5937,69.8364,68.5648,69.8196,93121200
2019-12-27,70.1110,70.7974,69.3885,69.7931,146266000
2019-12-30,69.7112,70.4891,68.6901,70.2073,144114400
2019-12-31,69.8244,70.7275,69.7257,70.7203,100805600
2020-01-02,71.3441,72.3941,71.0912,72.3339,135480400
2020-01-03,71.5632,72.3893,71.4067,71.6307,146322800
2020-01-06,70.7540,72.2399,70.5035,72.2014,118387200
2020-01-07,72.2111,72.4663,71.6427,71.8619,108872000
2020-01-08,71.5656,73.3189,71.5656,73.0178,132079200
2020-01-09,73.9932,74.7615,73.7428,74.5688,170108400
2020-01-10,74.8024,75.3009,74.2364,74.7374,140644800
2020-01-13,75.0529,76.3606,74.9349,76.3341,121532000
2020-01-14,76.2715,76.4810,75.1805,75.3033,161954400
2020-01-15,75.1035,75.9825,74.5495,74.9806,121923600
2020-01-16,75.5225,76.0306,75.1612,75.9199,108829200
2020-01-17,76.1679,76.7627,75.8620,76.7603,137816400
2020-01-21,76.3895,76.8302,76.1029,76.2402,110843200
2020-01-22,76.7242,77.0638,76.4184,76.5123,101832400
2020-01-23,76.5653,76.9602,76.0186,76.8808,104472000
2020-01-24,77.1264,77.8682,76.4690,76.6592,146537600
2020-01-27,74.6724,75.0842,73.4249,74.4050,161940000
2020-01-28,75.2841,76.6809,75.1853,76.5099,162234000
2020-01-29,78.1379,78.9568,77.3986,78.1114,216229200
2020-01-30,77.1963,78.0512,76.7652,77.9982,126743200
2020-01-31,77.2902,77.7116,74.2461,74.5399,199588400
2020-02-03,73.2852,75.4984,72.7842,74.3352,173788400
2020-02-04,75.9367,76.9795,75.5321,76.7893,136616400
2020-02-05,77.9140,78.2126,76.8134,77.4154,118826800
2020-02-06,77.6852,78.3234,77.1288,78.3210,105425600
2020-02-07,77.8213,78.0699,76.7663,77.2564,117684000
2020-02-10,75.8442,77.6233,75.7645,77.6233,109348800
2020-02-11,78.1182,78.1906,76.9377,77.1550,94323200
2020-02-12,77.6040,78.9920,77.6040,78.9872,113730400
2020-02-13,78.2606,78.7506,78.0578,78.4247,94747600
2020-02-14,78.3934,78.6927,77.9371,78.4441,80113600
2020-02-18,76.1290,77.1888,75.9480,77.0077,152531200
2020-02-19,77.2491,78.3523,77.2491,78.1230,93984000
2020-02-20,77.8840,78.3716,76.8170,77.3215,100566000
2020-02-21,76.9160,77.3578,74.9558,75.5714,129554000
2020-02-24,71.7596,73.4301,69.8211,71.9817,222195200
2020-02-25,72.6504,73.0318,69.0728,69.5435,230673600
2020-02-26,69.1693,71.9093,69.1621,70.6467,198054800
2020-02-27,67.8585,69.0414,65.8935,66.0287,320605600
2020-02-28,62.1035,67.2092,61.8886,65.9901,426510000
2020-03-02,68.1434,72.7687,67.0426,72.1338,341397200
2020-03-03,73.3070,73.3867,68.9931,69.8429,319475600
2020-03-04,71.5617,73.2418,70.7626,73.0825,219178400
2020-03-05,71.3396,72.3124,70.3474,70.7119,187572800
2020-03-06,68.0758,70.2050,67.8899,69.7729,226176800
2020-03-09,63.6702,67.1319,63.4891,64.2544,286744800
2020-03-10,66.9026,69.1476,65.0269,68.8821,285290000
2020-03-11,66.9629,67.8875,65.6280,66.4898,255598800
2020-03-12,61.7848,65.1789,59.8681,59.9236,418474000
2020-03-13,63.9454,67.5737,61.0630,67.1029,370732000
2020-03-16,58.4076,62.5428,57.9368,58.4703,322423600
2020-03-17,59.7498,62.1880,57.5506,61.0413,324056000
2020-03-18,57.8813,60.3509,57.2416,59.5470,300233600
2020-03-19,59.7208,61.0365,58.5669,59.0907,271857200
2020-03-20,59.6701,60.7926,55.0400,55.3393,401693200
2020-03-23,55.0593,55.1607,51.3248,54.1637,336752800
2020-03-24,57.0581,59.7932,56.5608,59.5977,287531200
2020-03-25,60.5319,62.3424,58.9749,59.2694,303602000
2020-03-26,59.5108,62.4463,59.4722,62.3883,252087200
2020-03-27,61.0147,61.7679,59.6387,59.8053,204216800
2020-03-30,60.5295,61.6834,60.2060,61.5120,167976400
2020-03-31,61.7027,63.3660,60.8337,61.3865,197002000
2020-04-01,59.5060,60.0419,57.7268,58.1565,176218400
2020-04-02,58.0189,59.1801,57.1885,59.1270,165934000
2020-04-03,58.6128,59.3128,57.6882,58.2772,129880000
2020-04-06,60.5681,63.5157,60.2012,63.3612,201820400
2020-04-07,65.3721,65.5893,62.5235,62.6273,202887200
2020-04-08,63.4263,64.5440,63.0618,64.2302,168895200
2020-04-09,64.8651,65.1958,63.8995,64.6937,161834800
2020-04-13,64.7710,66.0721,64.1723,65.9635,131022800
2020-04-14,67.5930,69.5846,67.1222,69.2949,194994800
2020-04-15,68.1723,69.1211,67.7451,68.6624,131154400
2020-04-16,69.3745,69.5725,68.1603,69.2080,157125200
2020-04-17,68.7252,69.2708,66.8350,68.2689,215250000
2020-04-20,67.0981,67.9985,66.8326,66.8519,130015200
2020-04-21,66.6950,66.9291,64.0757,64.7855,180991600
2020-04-22,66.0504,67.0860,65.7100,66.6515,116862400
2020-04-23,66.5960,68.0154,66.3546,66.3932,124814400
2020-04-24,66.9170,68.3196,66.8688,68.3099,126161200
2020-04-27,68.0275,68.6890,67.5809,68.3582,117087600
2020-04-28,68.8193,69.0004,67.1585,67.2502,112004800
2020-04-29,68.7348,69.9273,68.5320,69.4590,137280800
2020-04-30,69.9974,71.1006,69.6087,70.9243,183064000
2020-05-01,69.1018,72.1797,69.0052,69.7825,240616800
2020-05-04,69.8066,70.8978,69.1186,70.7698,133568000
2020-05-05,71.2285,72.6624,71.0837,71.8320,147751200
2020-05-06,72.5321,73.2032,72.1483,72.5731,142333600
2020-05-07,73.1984,73.6691,72.8966,73.3239,115215200
2020-05-08,73.9823,75.1224,73.6555,75.0691,133838400
2020-05-11,74.5777,76.7441,74.3696,76.2504,145946400
2020-05-12,76.9330,77.3832,75.2579,75.3790,162301200
2020-05-13,75.5581,76.4779,73.3941,74.4688,200622400
2020-05-14,73.7088,74.9868,72.9874,74.9263,158929200
2020-05-15,72.7018,74.5294,72.6679,74.4834,166348400
2020-05-18,75.8050,76.6110,75.1151,76.2383,135178400
2020-05-19,76.2552,77.1000,75.7662,75.7977,101729600
2020-05-20,76.6546,77.3420,76.6159,77.2718,111504800
2020-05-21,77.1339,77.6737,76.4585,76.6958,102688800
2020-05-22,76.4343,77.2719,76.3327,77.1896,81803200
2020-05-26,78.3054,78.4845,76.6110,76.6667,125522000
2020-05-27,76.5239,77.1460,75.7856,77.0007,112945200
2020-05-28,76.6764,78.2909,76.4005,77.0346,133560800
2020-05-29,77.2767,77.7366,76.6038,76.9596,153532400
2020-06-01,76.9136,78.0271,76.7829,77.9061,80791200
2020-06-02,77.6398,78.2909,77.1992,78.2667,87642800
2020-06-03,78.5862,78.9590,78.0150,78.6976,104491200
2020-06-04,78.5209,78.8186,77.6470,78.0198,87560400
2020-06-05,78.2691,80.3024,78.2401,80.2419,137250400
2020-06-08,79.9393,80.7502,79.2301,80.7163,95654400
2020-06-09,80.3968,83.6573,80.3653,83.2652,147712400
2020-06-10,84.2116,85.8746,83.7735,85.4074,166651600
2020-06-11,84.5529,84.9765,81.2053,81.3069,201662400
2020-06-12,83.4419,84.1874,80.9003,82.0089,200146000
2020-06-15,80.6655,83.6743,80.5033,83.0231,138808800
2020-06-16,85.0733,85.4945,83.4419,85.2234,165428800
2020-06-17,85.9665,86.0270,84.9838,85.1048,114406400
2020-06-18,85.0613,85.5551,84.5312,85.1387,96820400
2020-06-19,85.8431,86.3078,83.5460,84.6522,264476000
2020-06-22,85.0443,87.0098,84.9983,86.8670,135445200
2020-06-23,88.1088,90.1372,87.6900,88.7212,212155600
2020-06-24,88.3508,89.2682,86.7823,87.1550,192623200
2020-06-25,87.3100,88.3508,86.5523,88.3121,137522400
2020-06-26,88.2080,88.4282,85.4509,85.5986,205256800
2020-06-29,85.5066,87.6658,85.0298,87.5714,130646000
2020-06-30,87.1599,88.5880,87.1405,88.3024,140223200
2020-07-01,88.3798,88.9221,88.0870,88.1354,110737200
2020-07-02,89.0407,89.6749,88.0216,88.1354,114041600
2020-07-06,89.5611,90.9602,89.5296,90.4930,118655600
2020-07-07,90.8706,91.6476,90.1009,90.2122,112424400
2020-07-08,91.1877,92.3447,91.1006,92.3133,117092000
2020-07-09,93.2040,93.2573,91.6646,92.7102,125642800
2020-07-10,92.3060,92.9305,91.6960,92.8724,90257200
2020-07-13,94.1747,96.7792,92.2310,92.4440,191649200
2020-07-14,91.8267,94.1650,90.8948,93.9738,170989200
2020-07-15,95.8449,96.0942,93.4243,94.6201,153198000
2020-07-16,93.4945,94.3102,92.8579,93.4558,110577600
2020-07-17,93.9060,94.0609,92.7950,93.2670,92186800
2020-07-20,93.3541,95.3704,93.0104,95.2325,90318000
2020-07-21,96.0216,96.0966,93.6688,93.9181,103433200
2020-07-22,93.6204,94.8621,93.5332,94.1819,89001600
2020-07-23,93.9157,93.9931,89.0867,89.8951,197004400
2020-07-24,88.0966,90.0161,86.3127,89.6724,185438800
2020-07-27,90.7326,91.8897,90.5099,91.7977,121214000
2020-07-28,91.3692,91.5459,90.2848,90.2897,103625600
2020-07-29,90.7714,92.2044,90.7351,92.0204,90329200
2020-07-30,91.1950,93.2379,90.7883,93.1338,158130000
2020-07-31,99.6161,103.0340,97.6216,102.8839,374336800
2020-08-03,104.7623,108.0906,104.4645,105.4763,308151200
2020-08-04,105.6651,107.2700,104.9438,106.1807,173071600
2020-08-05,105.9024,106.8851,105.4376,106.5656,121776800
2020-08-06,106.8972,110.7774,106.3090,110.2836,202428800
2020-08-07,109.8059,110.2617,106.9808,107.7762,198045600
2020-08-10,109.2190,110.3588,106.6971,109.3427,212403600
2020-08-11,108.6079,109.1050,105.8314,106.0909,187902400
2020-08-12,107.1797,109.8738,106.9857,109.6167,165598000
2020-08-13,110.9941,112.5582,110.5067,111.5567,210082000
2020-08-14,111.3821,111.5470,109.6507,111.4573,165565200
2020-08-17,112.5776,112.6018,110.5406,111.1663,119561600
2020-08-18,110.9189,112.5169,110.5843,112.0926,105633600
2020-08-19,112.5000,113.6445,112.1386,112.2332,145538000
2020-08-20,112.2745,114.8376,112.2575,114.7236,126907200
2020-08-21,115.6815,121.1182,115.6694,120.6356,338054800
2020-08-24,124.8332,124.9181,120.2161,122.0785,345937600
2020-08-25,120.9533,121.4213,119.3577,121.0770,211495600
2020-08-26,122.3913,123.1794,121.3267,122.7235,163022400
2020-08-27,123.3249,123.6571,120.1143,121.2564,155552400
2020-08-28,122.2288,122.6459,120.8369,121.0600,187630000
2020-08-31,123.7492,127.0665,122.2167,125.1654,225702700
2020-09-01,128.7737,130.7525,126.6107,130.1511,151948100
2020-09-02,133.4587,133.8369,123.1866,127.4545,200119000
2020-09-03,123.0994,124.9714,116.8818,117.2504,257599600
2020-09-04,116.4647,119.9857,107.5604,117.3280,332607200
2020-09-08,110.5285,115.4171,109.2966,109.4324,231366600
2020-09-09,113.7391,115.5627,111.7992,113.7973,176940500
2020-09-10,116.7460,116.8818,109.1220,110.0823,182274400
2020-09-11,111.1299,111.7701,106.6971,108.6371,180860300
2020-09-14,111.2754,112.4490,109.4130,111.8962,140150100
2020-09-15,114.7770,115.2620,110.1987,112.0708,184642000
2020-09-16,111.7701,112.5169,108.6759,108.7631,154679000
2020-09-17,106.4255,108.8310,105.4458,107.0269,178011000
2020-09-18,107.0851,107.5507,102.9045,103.6320,287104900
2020-09-21,101.4011,106.8814,100.0043,106.7747,195713800
2020-09-22,109.2966,109.4712,105.8823,108.4528,183055400
2020-09-23,108.2685,108.7438,103.5641,103.9036,150718700
2020-09-24,102.0121,106.9396,101.8472,104.9706,167743300
2020-09-25,105.1742,109.0638,104.4371,108.9086,149981400
2020-09-28,111.5567,111.8574,109.3936,111.5082,137672400
2020-09-29,111.1105,111.8477,110.1599,110.6643,99382200
2020-09-30,110.3733,113.7391,110.2084,112.3326,142675200
2020-10-01,114.1077,114.1853,112.3520,113.2832,116120400
2020-10-02,109.5003,111.9059,108.8504,109.6264,144712000
2020-10-05,110.4897,113.1474,110.1405,113.0019,106243800
2020-10-06,112.2259,112.6333,108.8795,109.7622,161498200
2020-10-07,111.1784,112.0805,110.7031,111.6246,96849000
2020-10-08,112.7594,112.9049,111.1493,111.5179,83477200
2020-10-09,111.8186,113.4869,111.4694,113.4578,100506900
2020-10-12,116.4550,121.4213,115.6984,120.6647,240226800
2020-10-13,121.5086,121.6250,116.0573,117.4638,262330500
2020-10-14,117.3668,119.3358,116.0282,117.5511,150712000
2020-10-15,115.1553,117.5608,114.6024,117.0855,112559200
2020-10-16,117.6384,117.9003,115.2425,115.4462,115393800
2020-10-19,116.3580,116.8042,112.1872,112.4975,120639300
2020-10-20,112.7109,115.4075,112.1581,113.9816,124423700
2020-10-21,113.1668,115.1456,112.9534,113.3608,89946000
2020-10-22,113.9234,114.4957,111.1493,112.2744,101988000
2020-10-23,112.8952,113.0504,110.8486,111.5858,82572600
2020-10-26,110.5867,113.0504,109.4906,111.5955,111850700
2020-10-27,112.0223,113.7585,111.1008,113.0989,92276800
2020-10-28,111.5955,111.9641,107.7641,107.8611,143937800
2020-10-29,108.9960,113.4190,108.8311,111.8574,146129200
2020-10-30,107.7253,108.6273,104.4856,105.5913,190272600
2020-11-02,105.8338,107.3567,104.0976,105.5040,122866900
2020-11-03,106.3673,108.1424,105.4652,107.1239,107624400
2020-11-04,110.7128,112.1193,108.9766,111.4985,138235500
2020-11-05,114.4084,116.0283,113.3608,115.4560,126387100
2020-11-06,114.9653,115.8203,112.8374,115.3248,114457900
2020-11-09,117.0835,118.5312,112.7597,113.0220,154515300
2020-11-10,112.2738,114.2560,110.8941,112.6819,138023400
2020-11-11,113.8673,116.2381,113.1386,116.1021,112295000
2020-11-12,116.2284,117.1126,115.2082,115.8300,103162300
2020-11-13,116.0535,116.2770,114.5281,115.8786,81581900
2020-11-16,115.5483,117.5596,114.8001,116.8892,91183000
2020-11-17,116.1604,117.2487,115.5871,116.0050,74271000
2020-11-18,115.2471,116.4228,114.6544,114.6835,76322100
2020-11-19,114.2560,115.6843,113.4981,115.2762,74113000
2020-11-20,115.2762,115.4025,113.9645,114.0131,73604300
2020-11-23,113.8576,114.2851,110.5249,110.6220,127959300
2020-11-24,110.6803,112.5653,109.3977,111.9046,113874200
2020-11-25,112.2738,113.4398,111.9046,112.7402,76499200
2020-11-27,113.2649,114.1588,112.9248,113.2843,46691300
2020-11-30,113.6535,117.5401,113.4981,115.6746,169410200
2020-12-01,117.5790,119.9693,116.6074,119.2405,127728200
2020-12-02,118.5604,119.8721,117.4624,119.5903,89004200
2020-12-03,120.0178,120.2705,118.7450,119.4543,78967600
2020-12-04,119.1239,119.3766,118.0746,118.7839,78260400
2020-12-07,118.8421,121.0381,118.7838,120.2413,86712000
2020-12-08,120.8438,121.4365,119.6001,120.8535,82225500
2020-12-09,120.9992,122.3789,117.5693,118.3272,115089200
2020-12-10,117.0835,120.3579,116.7434,119.7458,81312200
2020-12-11,118.9587,119.2794,117.1321,118.9393,86939800
2020-12-14,119.1239,119.8527,118.0940,118.3272,79184500
2020-12-15,120.8146,124.2737,120.6106,124.2542,157243700
2020-12-16,123.7976,124.7303,122.9717,124.1862,98208600
2020-12-17,125.2453,125.9060,124.4097,125.0510,94359800
2020-12-18,125.3036,125.4397,122.5441,123.0688,192541500
2020-12-21,121.4753,124.6720,119.9498,124.5943,121251600
2020-12-22,127.8785,130.5991,125.9740,128.1408,168904800
2020-12-23,128.4129,128.6753,127.0720,127.2469,88223700
2020-12-24,127.5967,129.6760,127.3829,128.2283,54930100
2020-12-28,130.1910,133.4460,129.7246,132.8144,124486200
2020-12-29,134.1359,134.8549,130.5311,131.0460,121047300
2020-12-30,131.7359,132.1343,129.6177,129.9286,96452100
2020-12-31,130.2784,130.9197,127.9854,128.9279,99116600
2021-01-04,129.7343,129.8218,123.1660,125.7409,143301900
2021-01-05,125.2356,128.0048,124.7886,127.2955,97664900
2021-01-06,124.0988,127.3343,122.7967,123.0105,155088000
2021-01-07,124.7206,127.8979,124.2348,127.2080,109578200
2021-01-08,128.6752,128.8695,126.5376,128.3060,105158200
2021-01-11,125.5271,126.4793,124.8567,125.3230,100384500
2021-01-12,124.8567,126.0129,123.2631,125.1481,91951100
2021-01-13,125.1093,127.7230,124.8470,127.1789,88636800
2021-01-14,127.0914,127.2858,125.1093,125.2550,90221800
2021-01-15,125.1287,126.5279,123.3992,123.5352,111598500
2021-01-19,124.1571,125.0607,123.3409,124.2056,90757300
2021-01-20,125.0122,128.7336,124.9053,128.2866,104319500
2021-01-21,130.0064,135.7099,129.8023,132.9893,120150900
2021-01-22,132.4161,135.8849,131.1918,135.1270,114459400
2021-01-25,139.0136,140.9763,132.6687,138.8678,157611700
2021-01-26,139.5285,140.2087,137.3617,139.1010,98390600
2021-01-27,139.3633,140.2087,136.4290,138.0322,140843800
2021-01-28,135.5642,137.9642,132.8242,133.2031,142621100
2021-01-29,131.9788,132.8630,126.5182,128.2186,177523800
2021-02-01,129.9578,131.5416,127.2177,130.3367,106239800
2021-02-02,131.8817,132.4452,130.7934,131.1627,83305400
2021-02-03,131.9108,131.9205,129.8218,130.1424,89880900
2021-02-04,132.4355,133.5043,130.7740,133.4946,84183100
2021-02-05,133.6552,133.7233,132.2053,133.0810,75693800
2021-02-08,132.3706,133.2756,131.2905,133.2270,71297200
2021-02-09,132.9448,134.1709,132.1955,132.3512,76774200
2021-02-10,132.8085,133.3048,130.7845,131.7478,73046600
2021-02-11,132.2442,132.7210,130.1715,131.4949,64280000
2021-02-12,130.7359,131.8841,130.0936,131.7284,60145100
2021-02-16,131.8452,132.3512,129.2178,129.6071,80576300
2021-02-17,127.7193,128.6632,125.9871,127.3203,97918500
2021-02-18,125.7244,126.5029,123.9825,126.2207,96856700
2021-02-19,126.7364,127.1938,125.3352,126.3764,87668800
2021-02-22,124.5664,126.2304,122.2212,122.6105,103916400
2021-02-23,120.4307,123.3014,115.2052,122.4742,158273000
2021-02-24,121.5790,122.1823,118.9419,121.9780,111039900
2021-02-25,121.3260,123.0581,117.2974,117.7352,148199500
2021-02-26,119.2922,121.4914,117.9396,117.9980,164560400
2021-03-01,120.4210,124.4885,119.4868,124.3523,116307900
2021-03-02,124.9556,125.2573,121.6471,121.7542,102260900
2021-03-03,121.4525,122.3283,118.5624,118.7765,112966300
2021-03-04,118.4748,120.2750,115.4290,116.8984,178155000
2021-03-05,117.7255,118.6597,114.4072,118.1537,153766600
2021-03-08,117.6769,117.7450,113.0838,113.2298,154376600
2021-03-09,115.8280,118.7765,115.5944,117.8326,129525800
2021-03-10,118.4164,118.8835,116.2367,116.7524,111943300
2021-03-11,119.2436,119.8955,117.9980,118.6792,103026500
2021-03-12,117.1611,117.9104,115.9545,117.7742,88105100
2021-03-15,118.1440,120.6643,117.1806,120.6545,92403800
2021-03-16,122.3185,123.7977,121.3649,122.1920,115227900
2021-03-17,120.7129,122.4742,119.0489,121.4038,111932600
2021-03-18,119.5744,119.8663,117.0833,117.2876,121229700
2021-03-19,116.6746,118.1634,116.4605,116.7621,185549500
2021-03-22,117.0930,120.5378,117.0249,120.0707,111912300
2021-03-23,120.0123,120.8978,118.8543,119.2436,95467100
2021-03-24,119.5160,119.5939,116.8400,116.8595,88530500
2021-03-25,116.3243,118.3872,115.7988,117.3460,98844700
2021-03-26,117.1125,118.2121,115.7209,117.9493,94071200
2021-03-29,118.3775,119.2825,117.4823,118.1245,80819200
2021-03-30,116.8789,117.1611,115.6626,116.6746,85671900
2021-03-31,118.3775,120.1972,117.8910,118.8641,118323800
2021-04-01,120.3334,120.8394,119.1949,119.6912,75089100
2021-04-05,120.5378,122.7662,119.7593,122.5132,88651200
2021-04-06,123.0970,123.7101,122.2699,122.8148,80171300
2021-04-07,122.4451,124.4788,121.7736,124.4594,83466700
2021-04-08,125.4812,126.8824,125.0627,126.8532,88844600
2021-04-09,126.3082,129.4610,125.9871,129.4221,106686700
2021-04-12,128.9551,129.2762,127.1160,127.7095,91420000
2021-04-13,128.8772,131.0375,128.3809,130.8137,91266500
2021-04-14,131.3100,131.3684,128.1182,128.4783,87222800
2021-04-15,130.2201,131.3684,130.0449,130.8818,89347100
2021-04-16,130.6872,131.0472,129.6946,130.5509,84922400
2021-04-19,129.9185,131.8257,129.7530,131.2127,94264200
2021-04-20,131.3878,131.8841,128.2642,129.5292,94812300
2021-04-21,128.7994,130.1520,127.7679,129.9087,68847100
2021-04-22,129.4611,130.5412,127.8750,128.3907,84566500
2021-04-23,128.6048,131.4851,128.6048,130.7066,78657500
2021-04-26,131.2030,131.4268,129.9671,131.0959,66905100
2021-04-27,131.3781,131.7674,130.5023,130.7748,66015800
2021-04-28,130.6969,131.3878,129.5000,129.9865,107760100
2021-04-29,132.7988,133.3827,128.8869,129.8892,151101000
2021-04-30,128.2350,129.9671,127.5441,127.9236,109839500
2021-05-03,128.4880,130.4634,128.2836,128.9745,75135100
2021-05-04,127.6609,127.9528,123.2917,124.4107,137564700
2021-05-05,125.7244,126.9408,124.5275,124.6540,84000900
2021-05-06,124.4496,126.2596,123.7101,126.2499,78128300
2021-05-07,127.5463,127.9459,126.2109,126.9224,78973300
2021-05-10,126.1426,126.2693,123.6083,123.6473,88071200
2021-05-11,120.3819,123.0819,119.6703,122.7310,126142800
2021-05-12,120.2844,121.4931,119.1634,119.6703,112172300
2021-05-13,121.4346,122.9650,121.1227,121.8147,105861300
2021-05-14,123.0624,124.6610,122.6725,124.2321,81918000
2021-05-17,123.6180,123.7253,122.0097,123.0819,74244600
2021-05-18,123.3646,123.7837,121.6295,121.6978,63342900
2021-05-19,120.0505,121.7660,119.7580,121.5418,92612000
2021-05-20,122.0682,124.4953,121.9415,124.0957,76857100
2021-05-21,124.5928,124.7682,122.0487,122.2631,79295400
2021-05-24,122.8285,124.7097,122.7602,123.8910,63092900
2021-05-25,124.5928,125.0802,123.1306,123.6960,72009500
2021-05-26,123.7545,124.1736,123.2281,123.6473,56575900
2021-05-27,123.2476,124.4173,121.9220,122.1169,94625600
2021-05-28,122.3996,122.6238,121.4054,121.4638,71311100
2021-06-01,121.9220,122.1852,120.8108,121.1422,67637100
2021-06-02,121.1422,122.0779,120.9180,121.9025,59278900
2021-06-03,121.5321,121.6978,120.0212,120.4208,76229200
2021-06-04,120.9375,122.9747,120.7230,122.7115,75169300
2021-06-07,122.9844,123.1307,121.6783,122.7213,71057600
2021-06-08,123.4036,125.2166,123.0234,123.5401,74403800
2021-06-09,123.9982,124.5246,123.3256,123.9202,56877900
2021-06-10,123.8130,124.9535,122.7603,122.9260,71186400
2021-06-11,123.3353,124.2224,122.9162,124.1346,53522400
2021-06-14,124.5928,127.2441,123.8617,127.1856,96906500
2021-06-15,126.6593,127.3026,126.1232,126.3669,62746300
2021-06-16,127.0784,127.5853,125.2166,126.8640,91815000
2021-06-17,126.5228,129.2034,126.3766,128.4626,96721700
2021-06-18,127.4098,128.1896,126.9517,127.1661,108953300
2021-06-21,127.0102,129.0669,125.9477,128.9597,79663300
2021-06-22,128.7940,130.6947,128.2968,130.5973,74783600
2021-06-23,130.3926,130.9287,129.8662,130.3243,60214200
2021-06-24,131.0554,131.2406,129.5738,130.0417,68711000
2021-06-25,130.0904,130.5095,129.4568,129.7492,70783700
2021-06-28,130.0416,131.8352,129.9832,131.3770,62111300
2021-06-29,131.3966,133.0439,130.9579,132.8879,64556100
2021-06-30,132.7320,133.9407,132.4396,133.5020,63261400
2021-07-01,133.1511,133.8627,132.3323,133.8042,52485800
2021-07-02,134.4183,136.4653,134.2721,136.4263,78852600
2021-07-06,136.5335,139.5357,136.5335,138.4343,108181800
2021-07-07,139.9159,141.2318,139.0581,140.9199,104911600
2021-07-08,138.0054,140.4228,137.1184,139.6235,105575500
2021-07-09,139.1458,141.9726,139.0483,141.4462,99890800
2021-07-12,142.5185,142.6257,140.3643,140.8516,76299700
2021-07-13,140.3935,143.7369,140.0036,141.9629,100827100
2021-07-14,144.3608,145.7937,143.9514,145.3843,127050800
2021-07-15,145.4720,146.2128,143.3763,144.7312,106820300
2021-07-16,144.7117,145.9789,142.1968,142.6940,93251400
2021-07-19,140.1206,140.4325,138.0931,138.8534,121434600
2021-07-20,139.8379,143.3860,139.3505,142.4599,96350000
2021-07-21,141.8557,142.4405,140.9784,141.7289,74993500
2021-07-22,142.2553,144.4582,142.1286,143.0936,77338200
2021-07-23,143.8246,144.9651,143.2106,144.8091,71447400
2021-07-26,144.5264,146.0470,143.9708,145.2283,72434100
2021-07-27,145.3550,145.4427,141.8751,143.0643,104818600
2021-07-28,141.1538,143.2593,138.9411,141.3195,118931200
2021-07-29,141.0369,142.8499,140.9297,141.9629,56699500
2021-07-30,140.7347,142.6355,140.4715,142.1773,70440600
2021-08-02,142.6647,143.2398,141.5827,141.8459,62880000
2021-08-03,142.1286,144.3023,141.5145,143.6395,64786600
2021-08-04,143.5517,144.0586,142.5867,143.2398,56368300
2021-08-05,143.2690,144.1073,142.4795,143.3470,46397700
2021-08-06,142.8687,143.6106,142.1658,142.6637,54126800
2021-08-09,142.7222,143.2103,142.0584,142.6149,48908700
2021-08-10,142.9566,144.1963,141.8437,142.1365,69023100
2021-08-11,142.5758,143.2298,142.0682,142.3903,48493500
2021-08-12,142.7125,145.5044,142.3708,145.3482,72282600
2021-08-13,145.4264,145.8852,144.7430,145.5533,59375000
2021-08-16,145.0066,147.5935,142.9858,147.5252,103296000
2021-08-17,146.6564,148.0719,145.5435,146.6173,92229700
2021-08-18,146.2366,147.1347,142.6734,142.8784,86326000
2021-08-19,141.5801,144.4794,141.0627,143.2103,86960300
2021-08-20,143.9327,144.9675,143.2884,144.6649,60549600
2021-08-23,144.7821,146.6173,144.3720,146.1488,60131800
2021-08-24,145.8949,147.2714,145.6021,146.0609,48606400
2021-08-25,146.2464,146.7442,144.2842,144.8309,58991300
2021-08-26,144.8211,145.5728,144.0011,144.0303,48597200
2021-08-27,143.9718,145.2116,143.3373,145.0652,55802400
2021-08-30,145.4556,149.8388,145.0749,149.4776,90956700
2021-08-31,149.0286,149.1652,147.6912,148.2183,86453100
2021-09-01,149.1946,151.2934,148.7162,148.8822,80313700
2021-09-02,150.2098,151.0396,148.7748,149.9950,71115500
2021-09-03,150.1024,150.9517,149.4483,150.6295,57808700
2021-09-07,151.2836,153.5192,150.7174,152.9627,82278300
2021-09-08,153.2458,153.3044,150.3172,151.4203,74420200
2021-09-09,151.7913,152.3965,150.2879,150.4051,57305700
2021-09-10,151.3129,151.7815,145.1628,145.4263,140893200
2021-09-13,147.0469,147.8181,145.2116,145.9926,102404300
2021-09-14,146.7735,147.4764,143.4153,144.5966,109296300
2021-09-15,145.0261,145.8852,142.8882,145.4849,83281300
2021-09-16,144.9090,145.4264,143.7180,145.2506,68034100
2021-09-17,145.2799,145.2799,142.2927,142.5856,129868800
2021-09-20,140.3793,141.3946,137.9095,139.5398,123478900
2021-09-21,140.5062,141.1603,139.3836,140.0181,75834000
2021-09-22,141.0139,142.9468,140.2817,142.3806,76404300
2021-09-23,143.1615,143.5813,142.1756,143.3372,64838200
2021-09-24,142.1951,143.9620,142.0975,143.4251,53477900
2021-09-27,142.0096,142.4879,140.3988,141.9120,74150700
2021-09-28,139.8424,141.3067,138.3195,138.5343,108972300
2021-09-29,139.0810,141.0139,138.6514,139.4324,74602000
2021-09-30,140.2427,140.9455,137.9193,138.1340,89056700
2021-10-01,138.5245,139.5203,135.8009,139.2567,94639600
2021-10-04,138.3879,138.8272,134.9809,135.8302,98322000
2021-10-05,136.1719,138.8565,136.0450,137.7533,80861100
2021-10-06,136.1523,138.7686,135.0785,138.6221,83221100
2021-10-07,139.6569,140.7893,139.3250,139.8814,61732700
2021-10-08,140.6039,140.7503,139.1689,139.5008,58773200
2021-10-11,138.8857,141.3653,138.4367,139.4129,64452200
2021-10-12,139.8229,139.8424,137.6850,138.1438,73035900
2021-10-13,137.8803,138.0364,135.8888,137.5581,78762700
2021-10-14,138.7295,140.4574,138.1438,140.3403,69907100
2021-10-15,140.3501,141.4532,140.0962,141.3946,67940300
2021-10-18,140.0376,143.3470,139.7545,143.0639,85589200
2021-10-19,143.5130,145.6216,143.0639,145.2213,76378900
2021-10-20,145.1628,146.1878,144.5966,145.7094,58418800
2021-10-21,145.2701,146.0804,144.3525,145.9242,61421000
2021-10-22,146.1292,146.6075,145.1042,145.1530,58883400
2021-10-25,145.1432,145.8168,144.1084,145.1042,50720600
2021-10-26,145.7778,147.2519,145.4654,145.7680,60893400
2021-10-27,145.8071,146.1683,144.9578,145.3092,56094900
2021-10-28,146.2562,149.5265,146.1585,148.9407,100077900
2021-10-29,143.7180,146.3733,142.9273,146.2366,124953200
2021-11-01,145.4459,146.1390,144.2842,145.4166,74588300
2021-11-02,145.1237,147.9645,145.1139,146.4513,69122000
2021-11-03,146.8126,148.3550,146.2561,147.8864,54511500
2021-11-04,147.9743,148.8040,147.0566,147.3690,60394600
2021-11-05,148.4933,148.7964,146.7042,147.8969,65463900
2021-11-08,148.0240,148.1804,146.8020,147.0757,55020900
2021-11-09,146.8411,148.0436,146.7042,147.4374,56787900
2021-11-10,146.6652,146.7727,144.5437,144.6121,65187100
2021-11-11,145.6288,146.0883,144.3774,144.5632,41000000
2021-11-12,145.1107,147.0366,144.1819,146.6358,63804000
2021-11-15,147.0073,148.4835,146.0883,146.6456,59222800
2021-11-16,146.5869,148.1022,146.0003,147.6232,59256200
2021-11-17,147.6232,151.5337,147.6134,150.0575,88807000
2021-11-18,150.2726,155.1217,149.6274,154.3396,137827700
2021-11-19,154.1245,157.4191,153.0295,156.9596,117305600
2021-11-22,158.0644,161.9945,157.3996,157.4192,117467900
2021-11-23,157.5169,158.1817,155.5029,157.8004,96041900
2021-11-24,157.1551,158.5141,156.0700,158.3185,69463600
2021-11-26,156.0016,156.8619,152.8633,153.3033,76959800
2021-11-29,155.8060,157.5853,155.2390,156.6566,88748200
2021-11-30,156.4122,161.8185,156.3437,161.6034,174048100
2021-12-01,163.7347,166.4916,160.8506,161.0853,152052500
2021-12-02,155.1901,160.5280,154.2711,160.0979,136739200
2021-12-03,160.3521,161.2711,156.1483,158.2208,118023100
2021-12-06,160.6160,164.1257,160.6062,161.6230,107497000
2021-12-07,165.2989,167.7430,164.5754,167.3519,120405400
2021-12-08,168.2807,172.0251,166.8827,171.1647,116998900
2021-12-09,170.9985,172.7974,170.0307,170.6563,108923700
2021-12-10,171.2918,175.6130,170.7834,175.4370,115402700
2021-12-13,177.0696,178.0570,171.6046,171.8099,153237000
2021-12-14,171.3309,173.7652,168.3589,170.4315,139380400
2021-12-15,171.1940,175.4859,168.4567,175.2903,131063300
2021-12-16,175.2708,177.0892,166.9315,168.4078,150185800
2021-12-17,166.1299,169.5907,165.8952,167.3128,195432700
2021-12-20,164.5168,166.7653,163.7151,165.9539,107499100
2021-12-21,167.7234,169.3267,165.3380,169.1214,91185900
2021-12-22,169.1703,171.9272,168.3002,171.7122,92135300
2021-12-23,171.9175,172.8951,171.3505,172.3379,68356600
2021-12-27,173.1298,176.3853,173.1102,176.2973,74919600
2021-12-28,176.1311,177.2749,174.5375,175.2805,79144300
2021-12-29,175.3197,176.5906,174.1563,175.3685,62348900
2021-12-30,175.4565,176.5319,174.1074,174.2149,59773000
2021-12-31,174.1074,175.2219,173.2959,173.5990,64062300
2022-01-03,173.8532,178.7903,173.7359,177.9397,104487900
2022-01-04,178.5459,178.8489,175.1143,175.6814,99310400
2022-01-05,175.5934,176.1409,170.7345,171.0083,94537600
2022-01-06,168.8379,171.3798,167.8016,168.1536,96904000
2022-01-07,169.0237,170.2457,167.2053,168.3198,86709100
2022-01-10,165.2988,168.6424,164.4092,168.3393,106765600
2022-01-11,168.4665,171.2625,167.0000,171.1647,76138300
2022-01-12,172.1814,173.2177,170.9105,171.6046,74805200
2022-01-13,171.8490,172.6702,167.9482,168.3393,84505800
2022-01-14,167.5083,169.8938,167.2639,169.1997,80440800
2022-01-18,167.6745,168.6815,165.6215,166.0028,90956700
2022-01-19,166.1983,167.2542,162.2291,162.5126,94815000
2022-01-20,163.2459,165.8855,160.5085,160.8311,91420500
2022-01-21,160.7431,162.6104,158.6705,158.7780,122848900
2022-01-24,156.4415,158.6705,151.2405,158.0057,162294600
2022-01-25,155.4248,159.1202,153.5086,156.2069,115798400
2022-01-26,159.8436,160.7137,154.2906,156.1188,108275300
2022-01-27,158.8172,160.1761,154.7404,155.6594,121954600
2022-01-28,162.0042,166.5405,159.1593,166.5209,179935700
2022-01-31,166.3547,171.0865,165.7193,170.8714,115541600
2022-02-01,170.1186,170.9301,168.4566,170.7052,86213900
2022-02-02,170.8421,171.9468,169.4539,171.9077,84914300
2022-02-03,170.5781,172.2988,168.2709,169.0335,89418100
2022-02-04,168.0546,170.4235,167.0757,168.7496,82465400
2022-02-07,169.2096,170.2766,167.3399,168.0350,77251200
2022-02-08,168.1035,171.6471,167.8099,171.1381,74829200
2022-02-09,172.3323,172.9196,171.2066,172.5574,71285000
2022-02-10,170.4626,171.7743,167.9273,168.4853,90865900
2022-02-11,168.6909,169.4250,164.4915,165.0788,98670700
2022-02-14,163.8356,165.9989,163.0427,165.3137,86185500
2022-02-15,167.3595,169.2977,166.6547,169.1411,62527400
2022-02-16,168.2210,169.6795,166.4590,168.9062,61177400
2022-02-17,167.4183,168.2797,164.9124,165.3137,69589300
2022-02-18,166.2338,166.9386,162.6805,163.7671,82772700
2022-02-22,161.4960,163.1699,158.7258,160.8500,91162800
2022-02-23,162.0442,162.6413,156.3765,156.6897,90009200
2022-02-24,149.3579,159.4110,148.7902,159.3034,141147500
2022-02-25,160.3801,161.6331,157.4728,161.3688,91974200
2022-02-28,159.6166,161.9268,158.9999,161.6331,95056600
2022-03-01,161.2220,163.0819,158.5497,159.7537,83474400
2022-03-02,160.9185,163.8258,159.5089,163.0427,79724800
2022-03-03,164.9124,165.3431,162.0540,162.7197,76678400
2022-03-04,161.0164,162.0540,158.6769,159.7243,83737200
2022-03-07,159.9103,161.5352,155.6815,155.9360,96418800
2022-03-08,155.4662,159.4404,152.5099,154.1153,131148300
2022-03-09,158.0700,159.9592,156.0437,159.5089,91454900
2022-03-10,156.8170,157.0030,152.6861,155.1725,105342000
2022-03-11,155.5738,155.9164,151.2374,151.4625,96970100
2022-03-14,148.2518,150.8654,146.9303,147.4393,108732100
2022-03-15,147.7134,152.2848,147.2044,151.8149,92964300
2022-03-16,153.7336,156.6213,151.1983,156.2199,102300200
2022-03-17,155.2606,157.6001,154.3013,157.2281,75615400
2022-03-18,157.1205,161.0066,156.3863,160.5172,123511700
2022-03-21,160.0571,162.8372,159.5677,161.8876,95811400
2022-03-22,162.0149,165.8423,161.4276,165.2550,81532000
2022-03-23,164.4425,168.9943,164.1096,166.6156,98062700
2022-03-24,167.4477,170.4626,166.6156,170.3941,90131400
2022-03-25,170.2081,171.5785,169.1019,171.0303,80546200
2022-03-28,168.5342,172.0191,168.3678,171.8918,90371900
2022-03-29,172.9588,175.2298,172.6162,175.1809,100589400
2022-03-30,174.7795,175.8171,172.9686,174.0160,92633200
2022-03-31,174.0845,174.2705,170.7171,170.9227,103049300
2022-04-01,170.3549,171.1870,168.3091,170.6290,78751300
2022-04-04,170.8835,174.7208,170.7563,174.6718,76468400
2022-04-05,173.7517,174.5348,170.7367,171.3632,73401800
2022-04-06,168.7202,169.9634,166.5373,168.2014,89058800
2022-04-07,167.5455,169.6991,166.2632,168.5048,77594700
2022-04-08,168.1525,168.1525,165.6270,166.4982,76575500
2022-04-11,165.1473,165.4605,162.0051,162.2498,72246700
2022-04-12,164.4718,166.2828,163.1210,164.1194,79265200
2022-04-13,163.8552,167.4281,163.2483,166.8016,70618900
2022-04-14,167.0169,167.6532,161.5548,161.7995,75329400
2022-04-18,160.4584,163.0819,160.1158,161.5842,69023900
2022-04-19,161.5352,164.2761,160.4487,163.8649,67723800
2022-04-20,165.1962,165.3137,162.5924,163.6985,67929800
2022-04-21,165.3431,167.9077,162.4064,162.9056,87227800
2022-04-22,162.9448,164.3250,158.0895,158.3734,84882400
2022-04-25,157.7176,159.7243,155.1138,159.4404,96046400
2022-04-26,158.8237,158.9118,153.4105,153.4888,95623200
2022-04-27,152.6176,156.4157,152.0988,153.2637,88063200
2022-04-28,155.8871,161.0458,155.5738,160.1844,130216800
2022-04-29,158.4224,162.6903,153.9293,154.3209,131747600
2022-05-02,153.4007,154.8886,150.0333,154.6243,123055300
2022-05-03,154.8103,157.3162,153.0190,156.1122,88966500
2022-05-04,156.2982,162.9644,155.8968,162.5141,108256500
2022-05-05,160.3899,160.6151,151.6779,153.4594,130525300
2022-05-06,152.9399,156.3024,151.1459,154.1849,116124600
2022-05-09,151.8811,152.7634,148.5088,149.0676,131577900
2022-05-10,152.4595,153.6555,149.9205,151.4694,115366700
2022-05-11,150.4793,152.3909,142.9406,143.6170,142689800
2022-05-12,139.9604,143.3229,136.0685,139.7545,182602000
2022-05-13,141.7446,145.1855,140.2937,144.2150,113990900
2022-05-16,142.6857,144.6169,141.3427,142.6759,86643800
2022-05-17,145.9306,146.8227,143.7935,146.3031,78336300
2022-05-18,143.9601,144.4601,137.1469,138.0488,109742900
2022-05-19,137.1273,138.8723,133.9119,134.6471,136095600
2022-05-20,136.3528,137.9311,130.0003,134.8823,137426100
2022-05-23,135.0784,140.4408,134.9412,140.2937,117726300
2022-05-24,138.0390,139.1761,134.6275,137.5978,104132700
2022-05-25,135.7058,138.9997,135.6176,137.7547,92482700
2022-05-26,134.6863,141.4995,134.4412,140.9505,90601500
2022-05-27,142.5289,146.7344,142.4014,146.6952,90978500
2022-05-31,146.1365,147.6952,143.9503,145.9110,103718400
2022-06-01,146.9501,148.7539,144.7738,145.7835,74286600
2022-06-02,144.9208,148.2931,143.9699,148.2343,72348100
2022-06-03,144.0091,145.0581,141.6171,142.5190,88570300
2022-06-06,144.1366,145.6463,142.0485,143.2641,71598400
2022-06-07,141.5093,146.0678,141.2642,145.7835,67808200
2022-06-08,145.6560,146.9206,144.5581,145.0482,53950200
2022-06-09,144.1856,145.0385,139.7252,139.8330,69473000
2022-06-10,137.5194,137.9900,134.3628,134.4314,91437900
2022-06-13,130.2552,132.5394,128.8534,129.2847,122207100
2022-06-14,130.5101,131.2551,128.8926,130.1474,84784300
2022-06-15,131.6473,134.6373,129.5593,132.7649,91533000
2022-06-16,129.4808,129.7847,126.5006,127.5005,108123900
2022-06-17,127.5104,130.4611,127.2555,128.9710,134520300
2022-06-21,130.7944,134.3628,130.6964,133.1962,81000500
2022-06-22,132.1374,135.0490,131.2748,132.6864,73409200
2022-06-23,134.1275,135.8627,132.9610,135.5490,72433800
2022-06-24,137.1469,139.1173,137.0194,138.8723,89116800
2022-06-27,139.8918,140.6662,138.1958,138.8723,70207900
2022-06-28,139.3330,140.5976,134.6176,134.7353,67083400
2022-06-29,134.7549,137.9018,133.9805,136.4901,66242400
2022-06-30,134.5490,135.6470,131.1375,134.0294,98964500
2022-07-01,133.3629,136.3038,132.9903,136.1960,71051600
2022-07-05,135.0588,138.8232,134.2353,138.7742,73353800
2022-07-06,138.5684,141.2839,138.3037,140.1075,74064300
2022-07-07,140.4702,143.6660,140.4604,143.4700,66253700
2022-07-08,142.4014,144.6464,142.1465,144.1464,64547800
2022-07-11,142.8034,143.7543,140.9506,142.0191,63141600
2022-07-12,142.8916,145.5286,142.1955,142.9896,77588800
2022-07-13,140.1761,143.5680,139.3232,142.6269,71185600
2022-07-14,141.2446,146.0188,140.4310,145.5482,78140700
2022-07-15,146.8325,147.8912,145.2835,147.2148,76259900
2022-07-18,147.7736,148.5873,143.8131,144.1758,81420900
2022-07-19,145.0091,148.2539,144.0189,148.0285,82982400
2022-07-20,148.1461,150.6949,147.4109,150.0283,64823400
2022-07-21,151.4596,152.5085,148.9499,152.2928,65086600
2022-07-22,152.3321,153.2045,150.3910,151.0576,66675400
2022-07-25,150.9792,151.9889,149.2833,149.9401,53623900
2022-07-26,149.2637,150.0773,147.8324,148.6167,55138700
2022-07-27,149.5774,154.2339,149.1656,153.7045,78620700
2022-07-28,153.8908,154.5378,151.3714,154.2535,81378700
2022-07-29,158.0670,160.4099,156.3612,159.3120,101786900
2022-08-01,157.8414,160.3707,157.7238,158.3316,67829400
2022-08-02,156.9494,159.2139,156.4886,156.8611,59907000
2022-08-03,157.6748,163.3117,157.5866,162.8607,82507500
2022-08-04,162.7431,163.8999,161.1942,162.5470,55474100
2022-08-05,160.2204,162.8121,160.0143,162.3212,56697000
2022-08-08,163.3225,164.7362,161.1923,161.8500,60276900
2022-08-09,161.0156,162.7826,160.2597,161.8991,63135500
2022-08-10,164.6086,166.2382,163.8429,166.1400,70170500
2022-08-11,166.9450,167.8579,165.1092,165.4037,57149200
2022-08-12,166.7093,169.0163,166.2970,168.9476,68039400
2022-08-15,168.3782,170.2140,168.2113,170.0176,54091700
2022-08-16,169.6151,170.5281,168.5156,169.8605,56377100
2022-08-17,169.6053,172.9234,169.4090,171.3527,79542000
2022-08-18,170.5674,171.6963,169.9489,170.9600,62290100
2022-08-19,169.8605,170.5575,168.1720,168.3782,70346300
2022-08-22,166.5817,166.7486,164.0784,164.5005,69026800
2022-08-23,164.0195,165.6197,163.5974,164.1668,54147100
2022-08-24,164.2551,165.0307,163.2047,164.4613,53841500
2022-08-25,165.6884,167.0235,165.2663,166.9155,51218200
2022-08-26,167.4456,167.9168,160.5640,160.6229,78961000
2022-08-29,158.1982,159.9161,156.8925,158.4240,73314000
2022-08-30,159.1602,159.5823,154.8310,155.9992,77906200
2022-08-31,157.3735,157.6386,154.2616,154.3401,87991100
2022-09-01,153.7708,155.5182,151.8368,155.0666,74229900
2022-09-02,156.8238,157.4226,152.1314,152.9560,76957800
2022-09-06,153.6039,154.2125,150.8748,151.6994,73714800
2022-09-07,151.9841,153.8002,150.7963,153.1032,87449600
2022-09-08,151.8074,153.4959,149.8833,151.6307,84923800
2022-09-09,152.6222,154.9292,151.9154,154.4874,68028800
2022-09-12,156.6667,161.2512,156.3820,160.4364,104956000
2022-09-13,156.9711,157.5993,150.5607,151.0221,122656600
2022-09-14,151.9546,154.2223,150.7962,152.4651,87965400
2022-09-15,151.8172,152.3964,148.6071,149.5789,90481100
2022-09-16,148.4402,148.5776,145.6522,147.9395,162278800
2022-09-19,146.5750,151.7289,146.3689,151.6503,81474200
2022-09-20,150.5901,155.1843,150.2759,154.0260,107689800
2022-09-21,154.4579,155.8323,150.7865,150.9043,101696800
2022-09-22,149.5888,151.6405,148.1457,149.9422,86652500
2022-09-23,148.4206,148.6954,145.8387,147.6745,96029900
2022-09-26,146.9186,150.9533,146.8990,148.0083,93339400
2022-09-27,149.9422,151.8859,147.2033,148.9801,84442700
2022-09-28,144.9356,147.8806,142.1869,147.0953,146691400
2022-09-29,143.4239,144.0325,138.1031,139.8702,128138200
2022-09-30,138.6921,140.4788,135.4722,135.6685,124925300
2022-10-03,135.6784,140.4493,135.1679,139.8407,114311700
2022-10-04,142.3734,143.5416,141.6175,143.4238,87830100
2022-10-05,141.4310,144.6804,140.3904,143.7183,79471000
2022-10-06,143.1392,144.8375,142.5600,142.7661,68402200
2022-10-07,139.9290,140.4788,136.8956,137.5239,85925600
2022-10-10,137.8479,139.2909,136.0318,137.8479,74899000
2022-10-11,137.3374,138.7608,135.6881,136.4342,77033700
2022-10-12,136.5815,137.7889,135.6292,135.8059,70433700
2022-10-13,132.5174,140.9598,131.9087,140.3708,113224000
2022-10-14,141.6666,141.8728,135.6587,135.8452,88598000
2022-10-17,138.4860,140.2825,137.7007,139.8015,85250900
2022-10-18,142.8250,144.0128,138.0344,141.1169,99136600
2022-10-19,139.0946,142.2949,138.9081,141.2249,61758300
2022-10-20,140.4002,143.2177,140.0370,140.7635,64522000
2022-10-21,140.2530,145.1418,140.0370,144.5724,86548600
2022-10-24,144.4939,147.4782,143.3257,146.7125,75981900
2022-10-25,147.3407,149.6968,146.6241,149.5495,74732300
2022-10-26,148.1948,149.2060,145.3283,146.6143,88194300
2022-10-27,145.3578,146.3198,141.4899,142.1476,109180200
2022-10-28,145.4854,154.6150,145.1123,152.8873,164762400
2022-10-31,150.3545,151.4147,149.1372,150.5312,97943200
2022-11-01,152.2393,152.6026,146.3983,147.8905,80379300
2022-11-02,146.2216,149.3826,142.3440,142.3734,93604600
2022-11-03,139.4579,140.1843,136.2085,136.3361,97918500
2022-11-04,139.7187,140.2890,132.1373,136.0706,140814800
2022-11-07,134.8218,136.8277,133.4058,136.6016,83374600
2022-11-08,138.0667,139.0697,135.1954,137.1719,89908500
2022-11-09,136.1886,136.2377,132.3438,132.6192,74917800
2022-11-10,138.8829,144.4189,137.1719,144.4189,118854000
2022-11-11,143.3864,147.5065,141.9606,147.2017,93979700
2022-11-14,146.4839,147.7720,144.9696,145.8054,73374100
2022-11-15,149.6796,151.0267,146.0807,147.5360,89868300
2022-11-16,146.6412,147.3688,144.8319,146.3068,64218300
2022-11-17,143.9862,148.9520,143.7109,148.2047,80389400
2022-11-18,149.7681,150.1516,147.4672,148.7651,74829600
2022-11-21,147.6540,147.8605,145.2547,145.5399,58724100
2022-11-22,145.6579,147.9097,144.4779,147.6737,51804100
2022-11-23,146.9558,149.2961,146.8477,148.5488,58301400
2022-11-25,145.8349,146.3954,144.6647,145.6382,35195900
2022-11-28,142.7178,144.1927,140.9871,141.8131,69246000
2022-11-29,141.8820,142.3933,138.0077,138.8140,83763800
2022-11-30,139.0402,146.2380,138.2044,145.5595,111380900
2022-12-01,145.7365,146.6412,144.1632,145.8349,71250400
2022-12-02,143.5241,145.5300,143.2193,145.3432,65447400
2022-12-05,145.3039,148.4013,143.3373,144.1829,68826400
2022-12-06,144.6156,144.8417,139.5515,140.5250,64727200
2022-12-07,139.8170,140.9773,137.6635,138.5879,69721100
2022-12-08,139.9842,141.1248,138.7452,140.2693,62128300
2022-12-09,139.9645,143.1406,138.5485,139.7875,76097000
2022-12-12,140.3185,142.0884,138.7058,142.0786,70462700
2022-12-13,147.0050,147.4672,141.8328,143.0423,93886200
2022-12-14,142.9243,144.2124,138.8042,140.8200,82291200
2022-12-15,138.7550,139.4335,133.7598,134.2220,98931900
2022-12-16,134.4088,135.3527,131.4982,132.2651,160156900
2022-12-19,132.8552,132.9436,129.1284,130.1609,79592600
2022-12-20,129.1972,131.0262,127.7223,130.0921,77432800
2022-12-21,130.7607,134.5268,130.5345,133.1895,85928000
2022-12-22,132.1078,132.3143,128.1254,130.0232,77852100
2022-12-23,128.7351,130.2100,127.4764,129.6594,63814900
2022-12-27,129.1874,129.2169,126.5718,127.8599,69007800
2022-12-28,127.5059,128.8433,123.7694,123.9365,85438400
2022-12-29,125.8540,128.3024,125.5983,127.4469,75703700
2022-12-30,126.2670,127.7813,125.3033,127.7616,77034200
2023-01-03,128.1058,128.7154,122.0977,122.9827,112117500
2023-01-04,124.7723,126.5128,122.9925,124.2512,89113600
2023-01-05,125.0083,125.6377,122.6779,122.9335,80962700
2023-01-06,123.9070,128.1156,122.8057,127.4568,87754700
2023-01-09,128.2926,131.1835,127.7223,127.9779,70790800
2023-01-10,128.0861,129.0694,125.9818,128.5483,63896200
2023-01-11,129.0596,131.2819,128.2828,131.2622,69458900
2023-01-12,131.6457,132.0193,129.2464,131.1835,71379600
2023-01-13,129.8266,132.6683,129.4627,132.5110,57809700
2023-01-17,132.5798,134.9988,131.8915,133.6713,63646600
2023-01-18,134.5366,136.2967,132.7765,132.9535,69672800
2023-01-19,131.8423,133.9761,131.5375,133.0125,58280400
2023-01-20,133.0223,135.7166,131.9800,135.5691,80223600
2023-01-23,135.8149,140.9282,135.5986,138.7551,81760300
2023-01-24,137.9684,140.7708,137.9585,140.1513,66435100
2023-01-25,138.5387,140.0530,136.4934,139.4925,65799300
2023-01-26,140.7807,141.8426,139.5318,141.5575,54105100
2023-01-27,140.7708,144.7729,140.6921,143.4946,70555800
2023-01-30,142.5408,143.1209,140.4660,140.6135,64015300
2023-01-31,140.3185,141.9311,139.9055,141.8820,65874500
2023-02-01,141.5673,144.1632,138.9615,143.0029,77663600
2023-02-02,146.4150,148.6569,145.6972,148.3030,118339000
2023-02-03,145.5595,154.7535,145.3629,151.9216,154357300
2023-02-06,150.0238,150.5449,148.2636,149.1978,69858300
2023-02-07,148.1259,152.6393,148.1259,152.0690,83322600
2023-02-08,151.3119,152.0002,148.6471,149.3846,64120100
2023-02-09,151.2136,151.7544,147.9097,148.3521,56007100
2023-02-10,147.1901,149.0415,146.9537,148.7165,57450700
2023-02-13,148.6574,151.9171,148.6279,151.5134,62199000
2023-02-14,149.8097,151.4346,148.5688,150.8733,61707600
2023-02-15,150.7846,153.1383,150.5581,152.9709,65573800
2023-02-16,151.1786,153.9557,151.0210,151.3755,68167900
2023-02-17,150.0362,150.6763,148.5590,150.2332,59144100
2023-02-21,147.9188,149.0021,146.1560,146.2249,58867200
2023-02-22,146.6090,147.6726,144.9250,146.6484,51011300
2023-02-23,147.8105,148.0567,145.0038,147.1310,48394200
2023-02-24,144.8758,144.9545,143.5069,144.4818,55469600
2023-02-27,145.4667,146.9045,145.2106,145.6735,44998500
2023-02-28,144.8167,146.8158,144.6000,145.1712,50547000
2023-03-01,144.6000,144.9939,142.8077,143.1031,55479000
2023-03-02,142.1872,144.4819,141.7145,143.6940,52238100
2023-03-03,145.7916,148.8150,145.0924,148.7362,70732300
2023-03-06,151.4543,153.9262,151.1293,151.4937,87558000
2023-03-07,151.3657,151.6907,148.8347,149.2976,56182000
2023-03-08,150.4892,151.1392,149.5241,150.5483,47204800
2023-03-09,151.2278,152.1929,147.9484,148.3029,53833600
2023-03-10,147.9287,148.6476,145.3682,146.2447,68572400
2023-03-13,145.5651,150.8142,145.4568,148.1847,84457100
2023-03-14,148.9824,151.0702,147.8203,150.2725,73695900
2023-03-15,148.8938,150.9225,147.6431,150.6664,77167900
2023-03-16,149.8491,154.0838,149.3370,153.4830,76161100
2023-03-17,153.7095,154.3595,151.9368,152.6459,98944600
2023-03-20,152.7149,155.4231,151.8088,155.0095,73641400
2023-03-21,154.9307,156.9791,154.1625,156.8609,73938300
2023-03-22,156.8806,159.6775,155.4133,155.4330,75701800
2023-03-23,156.4178,159.0965,155.2852,156.5162,67622100
2023-03-24,156.4473,157.9048,155.4526,157.8162,59196500
2023-03-27,157.5109,158.3283,155.4723,155.8761,52390300
2023-03-28,155.5709,156.0830,153.6111,155.2557,45992200
2023-03-29,156.9495,158.6040,156.9299,158.3283,51305700
2023-03-30,159.0768,160.0025,158.8207,159.8942,49501700
2023-03-31,159.9729,162.4940,159.4510,162.3956,68749800
2023-04-03,161.7751,163.7644,161.7259,163.6463,56976200
2023-04-04,164.0698,164.3061,162.6024,163.1145,46278300
2023-04-05,162.2380,162.5433,159.3427,161.2729,51511700
2023-04-06,159.9631,162.4547,159.5396,162.1592,45390100
2023-04-10,158.9684,159.5692,157.6488,159.5692,47716900
2023-04-11,159.8843,159.8942,158.0722,158.3578,47644200
2023-04-12,158.7715,159.5987,157.3534,157.6685,50133100
2023-04-13,159.1752,163.2819,158.9684,163.0455,68445600
2023-04-14,162.0903,163.7940,161.3320,162.7009,49386500
2023-04-17,162.5827,162.8781,161.5388,162.7205,41516200
2023-04-18,163.5774,164.8675,163.1342,163.9417,49923000
2023-04-19,163.2819,165.6061,163.0258,165.0841,47720200
2023-04-20,163.5675,165.3205,163.0455,164.1190,52456400
2023-04-21,162.5433,163.9220,161.9918,162.5137,58337300
2023-04-24,162.4940,163.0849,161.4009,162.8190,41949600
2023-04-25,162.6812,163.7841,161.2433,161.2827,48714100
2023-04-26,160.5835,162.7698,160.3275,161.2729,45498800
2023-04-27,162.6812,166.0000,162.6812,165.8523,64902300
2023-04-28,165.9310,167.2704,165.3303,167.1030,55275900
2023-05-01,166.7091,167.8613,166.0788,167.0144,52472900
2023-05-02,167.5068,167.7628,164.9955,165.9803,48425700
2023-05-03,166.9257,168.3241,164.6212,164.9068,65136000
2023-05-04,162.3857,164.5031,161.8145,163.2721,81235400
2023-05-05,168.3832,171.6528,168.1665,170.9339,113453200
2023-05-08,169.8604,171.2096,169.4961,170.8649,55962800
2023-05-09,170.4218,170.9043,168.9938,169.1612,45326900
2023-05-10,170.3922,171.3869,169.2892,170.9240,53724500
2023-05-11,171.2096,171.9384,169.5552,171.1112,49514700
2023-05-12,171.2196,171.6535,168.6359,170.1842,45533100
2023-05-15,170.7660,170.8153,169.0994,169.6911,37266700
2023-05-16,169.6122,170.7463,169.4248,169.6911,42110300
2023-05-17,169.3360,170.5391,168.0639,170.3025,57951600
2023-05-18,170.6082,172.8172,170.1940,172.6299,65496700
2023-05-19,173.9514,173.9514,172.5214,172.7384,55809500
2023-05-22,171.5747,172.2946,171.0520,171.7916,43570900
2023-05-23,170.7364,170.9830,168.9120,169.1881,50747300
2023-05-24,168.7246,170.0362,168.1625,169.4642,45143500
2023-05-25,170.0264,171.4958,169.3163,170.5983,56058300
2023-05-26,170.9238,173.3399,170.7167,173.0046,54835000
2023-05-30,174.5134,176.5154,174.1288,174.8487,55964400
2023-05-31,174.8783,176.8704,174.3162,174.7994,99625300
2023-06-01,175.2432,177.6297,174.4838,177.6002,68901800
2023-06-02,178.5272,179.2668,176.7817,178.4483,61996900
2023-06-05,180.1051,182.3930,175.5785,177.0972,121946500
2023-06-06,177.4819,177.6298,174.9770,176.7324,64848400
2023-06-07,175.9730,178.7047,174.8685,175.3616,61944600
2023-06-08,175.4404,178.3398,175.0065,178.0735,50214900
2023-06-09,178.9907,179.7106,178.1327,178.4581,48900000
2023-06-12,178.7639,181.3476,178.4680,181.2490,54274900
2023-06-13,180.2727,181.6040,179.9177,180.7757,54929100
2023-06-14,180.8348,181.8407,179.5035,181.4068,57462900
2023-06-15,181.4167,183.9413,181.2392,183.4384,65433200
2023-06-16,184.1483,184.4048,181.7224,182.3634,101256200
2023-06-20,181.8605,183.5271,181.8605,182.4522,49799100
2023-06-21,182.3437,182.8466,180.0656,181.4167,49515700
2023-06-22,181.1997,184.4640,181.1307,184.4147,51245300
2023-06-23,182.9847,184.9669,182.4522,184.0991,53117000
2023-06-26,184.2470,185.4501,182.6691,182.7085,48088700
2023-06-27,183.3200,185.7854,183.1030,185.4600,50730800
2023-06-28,185.3318,187.2745,185.0063,186.6335,51216800
2023-06-29,186.4659,187.4422,186.3278,186.9688,46347300
2023-06-30,188.9806,191.7912,188.6157,191.2883,85213200
2023-07-03,191.1009,191.1995,189.1088,189.7992,31458200
2023-07-05,188.9215,190.3120,187.9846,188.6848,46920300
2023-07-06,187.2154,189.3652,186.5842,189.1581,45094300
2023-07-07,188.7637,190.0063,187.6099,188.0438,46815000
2023-07-10,186.6434,187.3633,184.4541,186.0024,59922200
2023-07-11,186.5448,186.6829,184.0202,185.4797,46638100
2023-07-12,187.0576,189.0497,185.8643,187.1464,60750200
2023-07-13,187.8663,188.5467,187.1562,187.9057,41342300
2023-07-14,187.6000,188.5369,187.0083,188.0537,41616200
2023-07-17,189.2469,191.6334,189.1581,191.3080,50520200
2023-07-18,190.6768,191.6433,189.7597,191.0516,48288200
2023-07-19,190.4303,195.4894,189.9865,192.4027,80507300
2023-07-20,192.3928,193.7537,189.8386,190.4599,59581200
2023-07-21,191.4165,192.2745,188.5862,189.2864,71951700
2023-07-24,190.7360,192.2153,189.5921,190.0852,45377800
2023-07-25,190.6571,191.7518,190.2528,190.9431,37283200
2023-07-26,190.9924,192.9352,190.6473,191.8110,47471900
2023-07-27,193.3100,194.4736,189.8879,190.5487,47460200
2023-07-28,191.9786,193.9115,191.4560,193.1226,48291400
2023-07-31,193.3494,193.7735,192.5605,193.7340,38824100
2023-08-01,193.5269,194.0101,192.5802,192.9056,35175100
2023-08-02,192.3435,192.4816,189.1976,189.9175,50389300
2023-08-03,188.9215,189.7104,188.0536,188.5270,61235200
2023-08-04,182.9551,184.7894,179.4049,179.4740,115956800
2023-08-07,179.6120,180.5982,174.8981,176.3773,97576100
2023-08-08,177.2057,177.7777,175.1249,177.3142,67823000
2023-08-09,178.3694,178.4286,174.5628,175.7265,60378500
2023-08-10,176.9986,178.2510,175.1446,175.5095,54686900
2023-08-11,175.1046,176.3884,174.3442,175.5687,52036700
2023-08-14,175.7465,177.4450,175.0947,177.2179,43675600
2023-08-15,176.6451,177.2376,174.8380,175.2330,43622600
2023-08-16,174.9170,176.3094,174.2949,174.3640,46964900
2023-08-17,174.9269,175.2922,171.3126,171.8261,66062900
2023-08-18,170.1473,172.9124,169.8116,172.3100,61172200
2023-08-21,172.8827,173.9295,171.5694,173.6431,46311900
2023-08-22,174.8479,175.4601,174.0480,175.0157,42038900
2023-08-23,176.2896,179.2818,176.1020,178.8571,52722800
2023-08-24,178.4127,178.8374,173.8110,174.1763,54945800
2023-08-25,175.1639,176.9118,173.6234,176.3785,51449600
2023-08-28,177.8400,178.3338,176.3193,177.9388,43820700
2023-08-29,177.4549,182.5899,177.2574,181.8197,53003900
2023-08-30,182.6294,185.5031,182.4319,185.3056,60813900
2023-08-31,185.4932,186.7572,185.1377,185.5228,60794500
2023-09-01,187.1226,187.5472,185.9277,187.0929,45766500
2023-09-05,185.9277,187.6065,185.2661,187.3300,45280000
2023-09-06,186.0462,186.4906,179.2028,180.6248,81755800
2023-09-07,172.9913,175.9835,171.3718,175.3416,112488800
2023-09-08,176.1218,177.9881,175.5687,175.9539,65551300
2023-09-11,177.8202,178.0474,175.1243,177.1191,58953100
2023-09-12,177.2475,177.8795,172.6359,174.0974,90370200
2023-09-13,174.3047,175.0849,171.8064,172.0335,84267900
2023-09-14,171.8261,173.8999,171.4114,173.5444,60895800
2023-09-15,174.2751,174.2949,171.6484,172.8235,109259500
2023-09-18,174.2751,177.1389,173.9690,175.7465,67257600
2023-09-19,175.3021,177.3858,174.9170,176.8328,51826900
2023-09-20,177.0204,177.4549,173.2086,173.2975,58436200
2023-09-21,172.3692,174.0974,171.6879,171.7570,63149100
2023-09-22,172.4877,174.8676,171.8755,172.6062,56725400
2023-09-25,172.0236,174.7590,171.9742,173.8801,46172700
2023-09-26,172.6358,173.0111,169.5153,169.8116,64588900
2023-09-27,170.4633,170.8781,166.9379,168.3007,66921800
2023-09-28,167.2244,169.8808,165.5258,168.5575,56294400
2023-09-29,169.8708,170.9077,168.2118,169.0710,51861100
2023-10-02,169.0808,172.1224,168.7944,171.5792,52164500
2023-10-03,170.1078,171.4607,168.6858,170.2461,49594600
2023-10-04,168.9525,172.0335,168.8340,171.4904,53020300
2023-10-05,171.6187,173.2580,170.5226,172.7247,48527900
2023-10-06,171.6286,175.7663,171.0163,175.2725,57266700
2023-10-09,174.6010,176.8130,173.6036,176.7538,42390800
2023-10-10,175.8749,177.4746,175.7267,176.1612,43698000
2023-10-11,175.9736,177.6030,175.3811,177.5536,47551100
2023-10-12,177.8203,180.0619,176.8032,178.4523,56743100
2023-10-13,179.1534,179.6570,175.9144,176.6155,51427100
2023-10-16,174.5418,176.8427,174.3048,176.4872,52517000
2023-10-17,174.4430,176.1909,172.6161,174.9367,57549400
2023-10-18,173.3864,175.3614,172.9222,173.6431,54764400
2023-10-19,173.8406,175.6181,173.0012,173.2679,59302900
2023-10-20,173.1197,173.2284,170.4831,170.7201,64244000
2023-10-23,168.7747,171.8360,167.8070,170.8386,55980100
2023-10-24,170.8880,171.5002,169.3079,171.2731,43816600
2023-10-25,169.7326,170.8978,168.5179,168.9623,57157000
2023-10-26,168.2414,169.2388,163.6002,164.8049,70625300
2023-10-27,164.8247,166.8491,164.7457,166.1183,58499100
2023-10-30,166.9083,169.0314,166.7602,168.1624,51131000
2023-10-31,167.2342,168.7648,165.8023,168.6365,44846000
2023-11-01,168.8636,172.0532,167.9946,171.7965,56934900
2023-11-02,173.3271,175.5589,173.2679,175.3515,77334800
2023-11-03,172.0631,174.6109,171.1842,174.4430,79829200
2023-11-06,174.1764,177.1883,174.0085,176.9908,63841300
2023-11-07,176.9414,180.1607,176.7340,179.5484,70530000
2023-11-08,180.0718,181.1580,179.3213,180.6050,49340300
2023-11-09,180.6742,181.8197,179.5385,180.1310,53763500
2023-11-10,181.9109,184.4818,181.4758,184.3137,66133400
2023-11-13,183.7402,183.9478,182.1482,182.7316,43627500
2023-11-14,185.5991,186.0045,184.2148,185.3420,60108400
2023-11-15,185.7475,187.3790,185.6782,185.9057,53790500
2023-11-16,187.4482,188.8226,186.5385,187.5866,54412900
2023-11-17,188.1206,188.2491,186.4594,187.5669,50922700
2023-11-20,187.7646,189.7620,187.7548,189.3072,46505100
2023-11-21,189.2676,189.3764,187.6163,188.5062,38134500
2023-11-22,189.3467,190.7706,188.6941,189.1687,39617700
2023-11-24,188.7336,188.7633,187.1318,187.8437,24048300
2023-11-27,187.7943,188.5359,186.7857,187.6658,40552600
2023-11-28,187.6558,188.9413,187.2801,188.2689,38415400
2023-11-29,188.7633,189.9400,186.8549,187.2505,43014200
2023-11-30,187.7152,188.1898,186.0836,187.8239,48794400
2023-12-01,188.1997,189.4159,187.1120,189.0995,45704800
2023-12-04,187.8536,187.9228,185.3519,187.3097,43389500
2023-12-05,188.0810,192.2241,188.0514,191.2551,66628400
2023-12-06,192.2736,192.5801,189.9598,190.1674,41089700
2023-12-07,191.4628,192.8174,191.4232,192.0956,47477700
2023-12-08,192.0264,193.7964,191.5023,193.5195,53406400
2023-12-11,190.9486,191.3243,189.2775,191.0178,60943700
2023-12-12,190.9189,192.5405,189.5741,192.5307,52696900
2023-12-13,192.9064,195.7838,192.6691,195.7443,70404200
2023-12-14,195.8036,197.3857,193.9644,195.8926,66831600
2023-12-15,195.3191,196.1794,194.7950,195.3587,128538400
2023-12-18,193.8952,194.4292,192.2143,193.6975,55751900
2023-12-19,193.9644,194.7456,193.6975,194.7357,40714100
2023-12-20,194.6961,195.4674,192.6493,192.6493,52242800
2023-12-21,193.9051,194.8742,191.3342,192.5010,46482500
2023-12-22,192.9954,193.2228,190.8101,191.4331,37149600
2023-12-26,191.4430,191.7198,190.6717,190.8893,28919300
2023-12-27,190.3355,191.3342,188.9512,190.9881,48087700
2023-12-28,191.9670,192.4812,191.0079,191.4133,34049900
2023-12-29,191.7297,192.2241,189.5840,190.3751,42672100
2024-01-02,185.0553,186.3309,181.8318,183.5622,82488700
2024-01-03,182.1581,183.7995,181.3769,182.1877,58414500
2024-01-04,180.1112,181.0407,178.8555,179.8739,71983600
2024-01-05,179.9530,180.7144,178.1534,179.1521,62379700
2024-01-08,180.0519,183.5226,179.4685,183.4830,59144500
2024-01-09,181.8614,183.0776,180.6847,183.0678,42841800
2024-01-10,182.2866,184.3137,181.8614,184.1060,46792900
2024-01-11,184.4521,184.9564,181.5648,183.5127,49128400
2024-01-12,183.9775,184.6499,183.1172,183.8391,40477800
2024-01-16,180.1211,182.1976,178.9049,181.5747,65603000
2024-01-17,179.2411,180.8825,178.2820,180.6353,47317400
2024-01-18,184.0071,187.0230,183.7501,186.5187,78005800
2024-01-19,187.2109,189.8016,186.7066,189.4159,68903000
2024-01-22,190.1476,193.1437,190.1081,191.7198,60133900
2024-01-23,192.8372,193.5590,191.6605,192.9954,42355600
2024-01-24,193.2327,194.1820,192.1648,192.3230,53631300
2024-01-25,193.0350,194.0732,190.9486,191.9967,54822100
2024-01-26,192.0956,192.5801,189.7917,190.2663,44594000
2024-01-29,189.8609,190.0488,187.4581,189.5840,47145600
2024-01-30,188.8029,189.6533,185.3717,185.9353,55859400
2024-01-31,184.9465,185.0058,182.2866,182.3360,55467800
2024-02-01,181.9307,184.8575,181.7626,184.7685,64885400
2024-02-02,177.8469,185.2333,177.2437,183.7699,102551700
2024-02-05,186.0441,187.1318,183.7600,185.5794,69668800
2024-02-06,184.7686,187.1911,184.6796,187.1812,43490800
2024-02-07,188.5062,188.9116,186.4989,187.2900,53439000
2024-02-08,187.2702,187.4185,185.2530,186.2122,40962000
2024-02-09,186.7765,188.1032,186.1330,186.9745,45155200
2024-02-12,186.5488,186.7964,184.9350,185.2914,41781900
2024-02-13,183.9252,184.3608,181.6876,183.2024,56529500
2024-02-14,183.4796,183.6875,180.6282,182.3212,54630500
2024-02-15,181.7272,182.6579,179.5490,182.0341,65434500
2024-02-16,181.5985,183.0143,179.8659,180.4995,49752500
2024-02-20,179.9846,180.6183,178.2124,179.7569,53665600
2024-02-21,180.1332,181.0737,178.8659,180.5094,41371400
2024-02-22,181.6579,183.1232,180.6480,182.5390,52292200
2024-02-23,183.1727,183.2024,180.4203,180.7074,45119700
2024-02-26,180.4302,180.9450,178.8560,179.3609,40867400
2024-02-27,179.3015,182.0935,177.7768,180.8163,54318900
2024-02-28,180.6975,181.3014,178.3411,179.6183,48953900
2024-02-29,179.4698,180.7569,177.7471,178.9550,136682600
2024-03-01,177.7669,178.7372,175.6185,177.8758,73563100
2024-03-04,174.4007,175.1432,172.0641,173.3611,81510100
2024-03-05,169.0642,170.3315,167.9355,168.4305,95132400
2024-03-06,169.3612,169.5394,167.0048,167.4405,68587700
2024-03-07,167.4702,169.0345,166.8167,167.3217,71765100
2024-03-08,167.3217,171.9750,167.2623,169.0345,76267000
2024-03-11,171.2226,172.6483,170.3414,171.0344,60139500
2024-03-12,171.4304,172.3017,169.3117,171.5096,59825400
2024-03-13,171.0543,171.4701,169.0642,169.4305,52488700
2024-03-14,171.1928,172.5789,170.3414,171.2819,72913500
2024-03-15,169.4701,170.9057,168.5989,170.9057,121752700
2024-03-18,173.8264,175.9452,171.7968,171.9948,75604200
2024-03-19,172.6086,174.8561,171.3116,174.3314,55215200
2024-03-20,173.9749,176.8956,173.3512,176.8956,53423100
2024-03-21,175.2917,175.7274,169.1434,169.6681,106181300
2024-03-22,170.0543,171.3314,168.3711,170.5691,71160100
2024-03-25,168.8761,170.2325,167.7672,169.1533,54288300
2024-03-26,168.3117,169.7176,167.8959,168.0246,57388400
2024-03-27,168.7177,171.8760,168.4206,171.5889,60273300
2024-03-28,170.0444,170.5196,168.8167,169.7771,65672700
2024-04-01,169.4899,169.5493,167.7969,168.3414,46240500
2024-04-02,167.4009,167.6583,166.5593,167.1633,49329500
2024-04-03,167.1137,168.9850,166.9058,167.9652,47691700
2024-04-04,168.5988,170.2127,167.1434,167.1434,53704400
2024-04-05,167.9058,168.6978,167.2721,167.8959,42104800
2024-04-08,167.3514,167.5197,166.5692,166.7771,37425500
2024-04-09,167.0247,168.3910,166.6781,167.9850,42373800
2024-04-10,167.1237,167.4108,165.4504,166.1138,49709300
2024-04-11,166.6682,173.7175,166.4900,173.3017,91070300
2024-04-12,172.5294,176.5887,172.4799,174.7967,101670900
2024-04-15,173.6185,174.8759,170.7869,170.9750,73531800
2024-04-16,170.0443,172.0344,166.5989,167.6979,73711200
2024-04-17,167.9256,168.9553,166.3316,166.3316,50901200
2024-04-18,166.3613,166.9653,164.8960,165.3811,43122900
2024-04-19,164.5594,164.7475,162.4505,163.3614,68149400
2024-04-22,163.8762,165.5990,163.1337,164.1931,48116400
2024-04-23,163.7079,165.3910,163.2822,165.2425,49537800
2024-04-24,164.8861,167.6187,164.5594,167.3415,48251800
2024-04-25,167.8464,168.9157,166.4801,168.2028,50558300
2024-04-26,168.1929,169.6384,167.4999,167.6187,44838400
2024-04-29,171.6482,174.2818,171.3809,171.7770,68169400
2024-04-30,171.6087,173.2522,168.3117,168.6385,65934800
2024-05-01,167.8959,170.9948,167.4306,167.6187,50383100
2024-05-02,170.7968,171.6978,169.1929,171.3116,94214900
2024-05-03,184.7964,185.1429,180.8460,181.5589,163224100
2024-05-06,180.5391,182.3707,178.6283,179.9055,78569700
2024-05-07,181.6282,183.0638,179.5193,180.5886,77305800
2024-05-08,181.0341,181.2519,179.6480,180.9252,45057100
2024-05-09,180.7470,182.8262,180.3015,182.7371,48983000
2024-05-10,183.3121,183.5004,180.5659,181.4780,50759500
2024-05-13,183.8475,185.4932,183.0345,184.6802,72044800
2024-05-14,185.8996,186.6829,184.6901,185.8203,52393600
2024-05-15,186.2962,189.0127,185.7609,188.0907,70400000
2024-05-16,188.8342,189.4588,188.0312,188.2096,52845200
2024-05-17,187.8825,189.1713,187.5553,188.2394,41282900
2024-05-20,187.7040,190.2718,187.3868,189.3993,44361300
2024-05-21,189.4489,191.0748,189.2804,190.6981,42309400
2024-05-22,190.6188,191.1640,188.6359,189.2605,34648500
2024-05-23,189.3399,189.3597,185.0272,185.2751,51005900
2024-05-24,187.1984,188.9433,186.4251,188.3484,36327000
2024-05-28,189.8653,191.3425,187.4760,188.3584,52280100
2024-05-29,187.9816,190.5989,187.8825,188.6558,53068000
2024-05-30,189.1218,190.5296,188.9929,189.6472,49889100
2024-05-31,189.7959,190.9162,188.2791,190.5990,75158300
2024-06-03,191.2434,193.3154,190.8666,192.3637,50080500
2024-06-04,192.9684,193.6426,191.3723,192.6809,47471400
2024-06-05,193.7219,195.2090,193.1964,194.1878,54156800
2024-06-06,194.0094,194.8125,192.5025,192.8098,41181800
2024-06-07,192.9783,195.2487,192.4727,195.1991,53103900
2024-06-10,195.2090,195.6056,190.4998,191.4615,97010200
2024-06-11,191.9869,205.3809,191.9671,205.3710,172373300
2024-06-12,205.5891,218.3089,205.1231,211.2401,198134300
2024-06-13,212.8958,214.8886,209.7828,212.4001,97862700
2024-06-14,212.0135,213.3221,209.4853,210.6651,70122700
2024-06-17,211.5376,217.0697,210.8932,214.8092,93728300
2024-06-18,215.7213,216.7524,211.1707,212.4496,79943300
2024-06-20,212.0927,212.4001,207.0564,207.8792,86172500
2024-06-21,208.5832,210.0703,205.3313,205.7081,241805100
2024-06-24,205.9361,210.8733,204.8158,206.3525,80727000
2024-06-25,207.3538,209.5647,206.8184,207.2745,55549700
2024-06-26,209.6836,213.0148,208.8310,211.4186,66213200
2024-06-27,212.8462,213.8872,210.5263,212.2613,49772700
2024-06-28,213.9170,214.2144,208.4939,208.8112,82542700
2024-07-01,210.2686,215.6420,210.1000,214.8885,60402900
2024-07-02,214.2937,218.4874,213.2527,218.3783,58046200
2024-07-03,218.1106,219.6473,217.1489,219.6473,37369800
2024-07-05,219.7465,224.5053,219.7465,224.3962,60412400
2024-07-08,225.1398,225.8932,221.3327,225.8635,59085900
2024-07-09,225.9725,227.4299,224.4259,226.7161,48076100
2024-07-10,227.3308,231.0783,227.2812,230.9792,62627700
2024-07-11,229.4028,230.3942,223.8311,225.6156,64710600
2024-07-12,226.9540,230.6421,226.7161,228.5601,53046500
2024-07-15,234.4491,235.1926,231.0882,232.3869,62631300
2024-07-16,232.9818,234.2409,230.3348,232.8034,43234300
2024-07-17,227.4795,229.4722,224.6936,226.9144,57345900
2024-07-18,228.3024,228.4610,220.3612,222.2547,66034600
2024-07-19,222.8893,224.8522,221.3625,222.3836,49151500
2024-07-22,225.0604,225.8238,221.1741,222.0366,48201800
2024-07-23,222.4431,224.9910,220.7676,223.0776,39960300
2024-07-24,222.0763,222.8694,215.2653,216.6632,61777600
2024-07-25,217.0498,218.9533,212.7768,215.6222,51391200
2024-07-26,216.8218,217.6050,214.1549,216.0881,41601300
2024-07-29,215.0967,217.4166,213.8971,216.3657,36311800
2024-07-30,217.3076,218.4378,214.2639,216.9209,41643800
2024-07-31,219.5382,221.8978,218.7352,220.1727,50036300
2024-08-01,222.4431,222.5522,215.1563,216.4847,62501000
2024-08-02,217.2679,223.6625,215.8403,217.9718,105568600
2024-08-05,197.3802,211.6665,194.3168,207.4728,119548600
2024-08-06,203.5369,208.1866,199.3432,205.4503,69660500
2024-08-07,205.1231,211.8052,204.6175,208.0181,63516400
2024-08-08,211.2798,212.3604,207.0366,211.4781,47161100
2024-08-09,210.2785,214.9183,210.1496,214.3829,42201600
2024-08-12,214.4623,217.8767,213.9958,215.9115,38028100
2024-08-13,217.3804,220.2390,217.3804,219.6236,44155300
2024-08-14,218.9289,221.3705,218.0653,220.0703,41960600
2024-08-15,222.9289,223.6733,221.1026,223.0480,46414000
2024-08-16,222.2539,225.1423,221.9859,224.3681,44340200
2024-08-19,224.0405,224.3085,221.3805,224.2093,40687800
2024-08-20,224.0902,225.4798,223.7726,224.8247,30299000
2024-08-21,224.8346,226.2837,223.3755,224.7155,34765500
2024-08-22,226.0951,226.6410,222.2341,222.8594,43695300
2024-08-23,223.9810,226.5219,222.6609,225.1522,38677300
2024-08-26,225.0728,225.5889,222.2242,225.4897,30602200
2024-08-27,224.3185,227.1473,223.2167,226.3334,35934600
2024-08-28,226.2242,228.1497,224.0008,224.8048,38052200
2024-08-29,228.3879,231.1869,227.1770,228.0802,51906300
2024-08-30,228.4773,228.6857,225.7874,227.2961,52990800
2024-09-03,226.8495,227.2961,219.5244,221.1125,50190600
2024-09-04,220.0107,220.1298,215.8618,219.2068,43840200
2024-09-05,219.9810,223.8023,219.8718,220.7254,36615400
2024-09-06,222.2837,223.5641,218.1348,219.1770,48423000
2024-09-09,219.1770,219.6236,215.0976,219.2663,67180000
2024-09-10,217.2911,219.8321,215.1174,218.4723,51591000
2024-09-11,219.8122,221.4301,216.2688,221.0033,44587100
2024-09-12,220.8445,221.8867,218.1845,221.1125,37455600
2024-09-13,221.9165,222.3730,220.2589,220.8445,36766600
2024-09-16,214.9288,215.6038,212.3283,214.7105,59357400
2024-09-17,214.1447,215.2861,212.9040,215.1770,45519300
2024-09-18,215.9313,221.0529,215.9214,219.0480,59894900
2024-09-19,223.3160,228.1100,222.9586,227.1671,66781300
2024-09-20,228.2589,231.3557,225.9264,226.5021,318679900
2024-09-23,225.6484,227.7428,224.1298,224.7849,54146000
2024-09-24,226.9487,227.6435,224.0504,225.6782,43556100
2024-09-25,223.2564,225.5988,222.3532,224.6857,42308700
2024-09-26,225.6088,226.7998,223.7328,225.8271,36636700
2024-09-27,226.7601,227.8122,225.6088,226.0951,34026000
2024-09-30,228.3284,231.2663,227.9413,231.2663,54541900
2024-10-01,227.8123,227.9413,222.0753,224.5269,63285000
2024-10-02,224.2093,225.6782,221.3606,225.0926,32880600
2024-10-03,223.4649,225.1224,221.6584,223.9909,34044200
2024-10-04,226.2043,226.3036,222.4624,225.1125,37245100
2024-10-07,222.8296,224.0107,219.6832,220.0405,39505400
2024-10-08,222.6311,224.2986,221.5889,224.0902,31855700
2024-10-09,223.5542,228.0405,223.1571,227.8321,33591100
2024-10-10,226.0852,227.7924,225.4797,227.3358,28183500
2024-10-11,227.5939,227.7031,225.6485,225.8569,31759200
2024-10-14,226.9983,230.0058,226.8991,229.5790,39882100
2024-10-15,231.8718,235.7230,230.6411,232.1101,64751400
2024-10-16,229.8768,230.3929,228.1299,230.0555,34082200
2024-10-17,231.6931,232.1100,228.8048,230.4227,32993800
2024-10-18,234.4227,234.4227,232.2688,233.2515,46431500
2024-10-21,232.7056,235.0877,232.7056,234.7205,36254500
2024-10-22,232.1497,234.4624,230.8693,234.1051,38846600
2024-10-23,232.3383,233.3904,226.0654,229.0430,52287000
2024-10-24,228.2688,229.1026,226.7105,228.8544,31109500
2024-10-25,228.0306,231.4847,227.8619,229.6882,38802300
2024-10-28,231.5840,232.9835,230.8197,231.6634,36087100
2024-10-29,231.3656,232.5865,230.5914,231.9314,35417200
2024-10-30,230.8792,231.7328,227.8420,228.3879,47070900
2024-10-31,227.6336,228.1200,223.6931,224.2291,64370100
2024-11-01,219.3259,223.6733,218.6311,221.2515,65276700
2024-11-04,219.3457,221.1323,218.0752,220.3581,44944500
2024-11-05,220.1497,222.2837,219.4946,221.7874,28111300
2024-11-06,220.9537,224.3879,219.5442,221.0629,54561100
2024-11-07,222.9586,226.1844,222.8991,225.7874,42137700
2024-11-08,225.7278,227.2084,224.9726,225.5191,38328800
2024-11-11,223.5716,224.2671,220.0938,222.8065,42005600
2024-11-12,223.1244,224.1578,221.9420,222.8065,40398300
2024-11-13,222.5879,225.2111,221.3458,223.6908,48566200
2024-11-14,223.5915,227.4170,223.5716,226.7711,44923900
2024-11-15,224.9627,225.4794,222.8462,223.5716,47923700
2024-11-18,223.8200,228.2815,223.7405,226.5724,44633700
2024-11-19,225.5390,228.6988,225.2210,226.8307,36211800
2024-11-20,226.6122,228.4703,224.4559,227.5462,35169600
2024-11-21,227.4270,228.6988,224.2771,227.0693,42108300
2024-11-22,226.6122,229.2553,226.6122,228.4107,38168300
2024-11-25,229.9906,231.7692,228.2815,231.3916,90152800
2024-11-26,231.8487,234.0745,231.8487,233.5677,45986200
2024-11-27,232.9815,234.1937,232.3257,233.4386,33498400
2024-11-29,233.3193,236.3003,232.4846,235.8233,28481400
2024-12-02,235.7637,239.2613,235.6544,238.0689,48137100
2024-12-03,238.2876,241.2188,237.3833,241.1095,38861000
2024-12-04,241.3281,242.5603,239.7184,241.4673,44383900
2024-12-05,242.4411,242.9875,240.5929,241.4971,40033900
2024-12-06,241.3679,243.0770,240.5432,241.2983,36870600
2024-12-09,240.2947,245.6704,240.2152,245.1835,44649200
2024-12-10,245.3226,246.6342,243.7825,246.1970,36914800
2024-12-11,246.3858,249.2078,244.6966,244.9252,45205800
2024-12-12,245.3226,247.1609,244.1203,246.3858,32777500
2024-12-13,246.2467,247.7074,244.6767,246.5547,33155300
2024-12-16,246.4156,249.7841,246.0778,249.4463,51694800
2024-12-17,248.4924,252.2186,248.1943,251.8708,51356400
2024-12-18,250.5592,252.6657,246.1672,246.4753,56774100
2024-12-19,245.9288,250.4002,245.5214,248.2042,60882300
2024-12-20,246.4653,253.3811,244.1302,252.8744,147495300
2024-12-23,253.1526,254.0270,251.8410,253.6494,40858800
2024-12-24,253.8680,256.5707,253.6693,256.5608,23234700
2024-12-26,256.5509,258.4487,255.9944,257.3756,27237100
2024-12-27,256.1931,257.0576,251.4534,253.9674,42355300
2024-12-30,250.6287,251.8906,249.1581,250.5989,35557500
2024-12-31,250.8374,251.6721,247.8465,248.8302,39480700
2025-01-02,247.3497,247.5186,240.2848,242.3019,55740700
2025-01-03,241.8150,242.6298,240.3543,241.8150,40244100
2025-01-06,242.7590,245.7598,241.6560,243.4446,45045600
2025-01-07,241.4374,243.9911,239.8178,240.6723,40856000
2025-01-08,240.3842,242.1628,238.5260,241.1592,37628900
2025-01-10,238.4863,238.6353,231.5208,235.3464,61710900
2025-01-13,232.0474,233.1802,228.2616,232.9119,49630700
2025-01-14,233.2597,234.6210,230.9942,231.7990,39435300
2025-01-15,233.1504,237.4430,232.9417,236.3599,39832000
2025-01-16,235.8432,236.4990,226.5824,226.8109,71759100
2025-01-17,230.6464,230.8153,227.0295,228.5200,68488300
2025-01-21,222.5779,222.9953,217.9873,221.2266,98070400
2025-01-22,218.3947,222.6972,218.3947,222.4090,64126500
2025-01-23,223.3132,225.5887,220.8887,222.2401,60234800
2025-01-24,223.3530,224.1976,220.0044,221.3657,54697900
2025-01-27,222.5978,230.6762,222.5581,228.4007,94863400
2025-01-28,229.3844,238.6651,229.3447,236.7474,75707600
2025-01-29,232.6337,238.3372,232.5244,237.8404,45486100
2025-01-30,237.1548,239.2613,235.7041,236.0817,55658300
2025-01-31,245.6207,245.6207,231.9580,234.5017,100959800
2025-02-03,228.5299,230.3582,224.2671,226.5625,73063300
2025-02-04,225.8073,231.6500,225.2111,231.3221,45067300
2025-02-05,227.0792,231.1929,226.8208,230.9942,39620300
2025-02-06,229.8217,232.3157,228.9671,231.7394,29925300
2025-02-07,231.1233,232.5144,225.8172,226.1849,39707200
2025-02-10,228.3634,229.3780,226.0058,226.4535,33115600
2025-02-11,227.0006,233.9936,226.9309,231.3973,53718400
2025-02-12,229.9848,235.7146,229.4675,235.6250,45243300
2025-02-13,235.6648,241.0663,234.3318,240.2605,53614100
2025-02-14,239.9820,244.2594,239.7234,243.3144,40896200
2025-02-18,242.8667,243.8913,240.5689,243.1851,48822500
2025-02-19,243.3741,244.7170,241.8819,243.5829,32204200
2025-02-20,243.6526,245.4829,243.0060,244.5379,32316900
2025-02-21,244.6573,247.3829,243.9311,244.2594,53197400
2025-02-24,243.6426,247.5520,243.1353,245.8012,51326400
2025-02-25,246.6965,248.6860,243.6228,245.7416,48013300
2025-02-26,243.0458,243.6924,237.8731,239.0966,44433600
2025-02-27,238.1517,241.1856,235.8140,236.0528,41153600
2025-02-28,235.7046,240.8176,228.9901,240.5689,56833400
2025-03-03,240.5191,242.7474,234.8690,236.7789,47184000
2025-03-04,236.4606,238.8082,233.4465,234.6899,53798100
2025-03-05,234.1826,235.3067,228.0252,234.5010,47227600
2025-03-06,233.2078,236.6098,231.9345,234.0931,45170400
2025-03-07,233.8743,240.1014,233.5261,237.8135,46273600
2025-03-10,234.3020,234.9187,223.0415,226.2843,72071200
2025-03-11,222.6337,224.6530,216.3071,219.6793,76137400
2025-03-12,218.9829,220.5845,213.7804,215.8396,62547500
2025-03-13,214.8150,215.7003,207.3245,208.5779,61368300
2025-03-14,210.1397,212.8255,208.4784,212.3679,60107600
2025-03-17,212.1889,214.0888,208.8664,212.8752,48073400
2025-03-18,213.0344,214.0192,210.3784,211.5721,42432400
2025-03-19,213.0941,217.6102,212.6265,214.1087,54385400
2025-03-20,212.8653,216.3469,211.1046,212.9747,48862900
2025-03-21,210.4480,217.6898,210.1695,217.1228,94127800
2025-03-24,219.8384,220.3159,217.4312,219.5699,44299500
2025-03-25,219.6096,222.9221,218.9233,222.5740,34493600
2025-03-26,222.3352,223.8373,219.3112,220.3656,34466100
2025-03-27,220.2264,223.8074,219.4007,222.6734,37094800
2025-03-28,220.5049,222.6337,216.5359,216.7547,39818600
2025-03-31,215.8694,224.4341,215.0935,220.9625,65299300
2025-04-01,218.6547,222.5043,217.7495,222.0169,36412700
2025-04-02,220.1568,224.0064,219.8583,222.7132,35905900
2025-04-03,204.4597,206.3994,200.1922,202.1220,103419000
2025-04-04,192.8709,198.8294,186.3554,187.3899,125910900
2025-04-07,176.2686,193.1295,173.7022,180.5063,160466300
2025-04-08,185.7187,189.3396,168.3206,171.5138,120859500
2025-04-09,171.0462,199.5556,170.9865,197.8049,184395900
2025-04-10,188.0763,193.7562,182.0382,189.4192,121880000
2025-04-11,185.1219,198.4912,185.0821,197.1085,87435900
2025-04-14,210.3287,211.8208,200.1027,201.4556,101352900
2025-04-15,200.7990,202.4403,198.7498,201.0775,51343900
2025-04-16,197.3174,199.6451,191.3589,193.2489,59732400
2025-04-17,196.1635,197.7850,193.3981,195.9447,52164700
2025-04-21,192.2542,192.7814,188.8124,192.1448,46742500
2025-04-22,195.0892,200.5304,194.9400,198.6902,52976400
2025-04-23,204.9173,206.9068,201.7341,203.5246,52929200
2025-04-24,203.8131,207.7324,201.8734,207.2748,47311000
2025-04-25,205.2853,208.6475,205.1162,208.1800,38222300
2025-04-28,208.8962,210.3883,206.3696,209.0355,38743100
2025-04-29,207.5931,211.1245,207.2748,210.0999,36827600
2025-04-30,208.1999,212.4574,205.5837,211.3831,52286500
2025-05-01,207.9811,213.4323,207.8020,212.1988,57365700
2025-05-02,205.0068,205.9021,201.0974,204.2707,101010600
2025-05-05,202.0325,203.0273,197.1682,197.8446,69018500
2025-05-06,197.1682,199.5954,195.9845,197.4666,51216500
2025-05-07,198.1232,198.3917,192.2343,195.2185,68536700
2025-05-08,196.6808,198.9985,193.6568,196.4520,50478900
2025-05-09,197.9541,199.4860,196.5017,197.4865,36453900
2025-05-12,210.1363,210.4352,205.9330,209.9570,63775800
2025-05-13,209.5985,212.5567,208.1741,212.0886,51909300
2025-05-14,211.5906,213.0946,209.7479,211.4910,49325800
2025-05-15,210.1164,212.1185,208.7120,210.6144,45029500
2025-05-16,211.5209,211.7300,208.9411,210.4252,54737900
2025-05-19,207.0885,208.6522,203.4529,207.9550,46140500
2025-05-20,206.8494,207.6462,204.2198,206.0426,42496600
2025-05-21,204.3593,206.2219,199.9169,201.2914,59211800
2025-05-22,199.9169,201.9488,198.9109,200.5643,46742400
2025-05-23,192.9047,196.9188,192.6955,194.4984,78432900
2025-05-27,197.5164,199.9468,196.6498,199.4189,56288500
2025-05-28,199.7974,201.9289,199.1101,199.6280,45339700
2025-05-29,202.7755,203.0046,197.7256,199.1599,51396800
2025-05-30,198.5822,201.1619,196.0024,200.0563,70819900
2025-06-02,199.4886,201.3313,199.3292,200.9030,35423300
2025-06-03,200.5544,202.9648,200.1659,202.4668,46381600
2025-06-04,202.1082,205.4251,201.3014,202.0186,43604000
2025-06-05,202.6959,203.9409,199.3591,199.8372,55126100
2025-06-06,202.1978,204.8872,201.2516,203.1142,46607700
2025-06-09,203.5823,205.1860,199.2296,200.6539,72862600
2025-06-10,199.8073,203.5425,199.7774,201.8691,54672600
2025-06-11,202.6959,203.6919,197.6260,197.9945,60989900
2025-06-12,198.2933,198.8909,196.5801,198.4128,43904600
2025-06-13,198.9407,199.5782,194.9267,195.6737,51447300
2025-06-16,196.5204,197.9049,195.7833,197.6359,43020700
2025-06-17,196.4207,197.6060,194.4386,194.8669,38856200
2025-06-18,195.1657,196.7893,194.2992,195.8032,45394700
2025-06-20,197.4567,200.9030,196.0821,200.2057,96813500
2025-06-23,200.8333,201.5006,198.1738,200.7038,55814300
2025-06-24,201.7895,202.6361,199.4089,199.5085,54064000
2025-06-25,200.6540,202.8652,199.8272,200.7635,39525700
2025-06-26,200.6340,201.8393,198.6718,200.2057,50799100
2025-06-27,201.0922,202.4170,199.2097,200.2854,73188600
2025-06-30,201.2118,206.5705,198.4726,204.3593,91912800
2025-07-01,205.8533,209.3594,205.3254,206.9988,78788900
2025-07-02,208.0845,212.4970,207.3175,211.6005,67941800
2025-07-03,211.3117,213.8018,210.9730,212.7062,34955800
2025-07-07,211.8396,215.3756,207.9749,209.1204,50229000
2025-07-08,209.2698,210.5945,207.6263,209.1801,42848900
2025-07-09,208.7020,210.4949,206.4012,210.3057,48749400
2025-07-10,209.6782,212.6364,209.2001,211.5707,44443600
2025-07-11,209.7379,211.2918,209.0307,210.3256,39765800
2025-07-14,209.1005,210.0766,206.7199,207.7956,38840100
2025-07-15,208.3933,211.0527,208.0945,208.2837,42296300
2025-07-16,209.4690,211.5607,207.8155,209.3295,47490500
2025-07-17,209.7379,210.9631,208.7618,209.1901,48068100
2025-07-18,210.0367,210.9531,208.8714,210.3455,48974600
2025-07-21,211.2619,214.9273,210.7937,211.6404,51377400
2025-07-22,212.2978,214.1006,211.3914,213.5528,46404100
2025-07-23,214.1504,214.2998,211.5707,213.3038,46989300
2025-07-24,213.0548,214.8377,212.6862,212.9153,46022600
2025-07-25,213.8516,214.3895,212.5568,213.0349,40268800
2025-07-28,213.1843,214.0010,212.2181,213.2042,37858000
2025-07-29,213.3336,213.9612,209.9869,210.4352,51411700
2025-07-30,211.0627,211.5507,206.8992,208.2239,45512500
2025-07-31,207.6662,209.0108,206.3414,206.7498,80698400
2025-08-01,210.0367,212.7360,200.7038,201.5803,104434500
2025-08-04,203.7019,207.0586,200.8830,202.5465,75109300
2025-08-05,202.5962,204.5286,201.3611,202.1181,44155100
2025-08-06,204.8174,214.5289,204.7776,212.4073,108483100
2025-08-07,218.0151,219.9773,215.7242,219.1606,90224800
2025-08-08,219.9574,230.0872,218.3836,228.4437,113854000
2025-08-11,227.2770,228.9124,224.1259,226.5391,61806100
2025-08-12,227.3667,230.1489,226.4294,229.0021,55626200
2025-08-13,230.4181,234.3370,229.7799,232.6718,69878500
2025-08-14,233.3997,234.4567,230.1988,232.1233,51916300
2025-08-15,233.3399,233.6191,228.6930,230.9367,56038700
2025-08-18,231.0463,232.4623,229.4608,230.2386,37476200
2025-08-19,230.6275,232.2131,228.7030,229.9096,39402600
2025-08-20,229.3312,229.8198,225.1331,225.3724,42263900
2025-08-21,225.6317,225.8810,223.1487,224.2655,30621200
2025-08-22,225.5320,228.4437,224.7741,227.1175,42477800
2025-08-25,225.8411,228.6531,225.5918,226.5192,30983100
2025-08-26,226.2300,228.8426,224.0561,228.6631,54575100
2025-08-27,227.9651,230.2486,227.6160,229.8398,31259500
2025-08-28,230.1688,232.7515,228.6930,231.9039,38074700
2025-08-29,231.8541,232.7216,230.7173,231.4851,39418400
2025-09-02,228.6033,230.1987,226.3297,229.0719,44075600
2025-09-03,236.5408,238.1762,233.6988,237.7972,66427800
2025-09-04,237.7773,239.2232,236.0721,239.1035,47549400
2025-09-05,239.3229,240.6392,237.8172,239.0138,54870400
2025-09-08,238.6249,239.4725,235.6733,237.2089,48999500
2025-09-09,236.3314,238.1064,232.7017,233.6889,66313900
2025-09-10,231.5350,231.7643,225.3126,226.1502,83440800
2025-09-11,226.2400,229.7999,226.0106,229.3811,50208600
2025-09-12,228.5733,233.8484,228.3739,233.4097,55824200
2025-09-15,236.3314,237.5180,234.3670,236.0322,42699500
2025-09-16,236.5109,240.5395,235.6533,237.4781,63421100
2025-09-17,238.2958,239.4227,237.0593,238.3158,46508000
2025-09-18,239.2930,240.5195,235.9824,237.2089,44249600
2025-09-19,240.5494,245.6051,239.5323,244.8074,163741300
2025-09-22,247.5995,255.9160,247.4200,255.3576,105517400
2025-09-23,255.1582,256.6140,252.8646,253.7122,60275200
2025-09-24,254.5000,255.0185,250.3318,251.5982,42303700
2025-09-25,252.4957,256.4445,250.9999,256.1454,55202100
2025-09-26,253.3832,256.8733,253.0641,254.7393,46076300
2025-09-29,253.8419,254.2806,252.2962,253.7122,40127700
2025-09-30,254.1410,255.1980,252.3960,253.9117,37704300
2025-10-01,254.3205,258.0599,254.2108,254.7293,48713900
2025-10-02,255.8561,257.4516,253.4330,256.4046,42630200
2025-10-03,253.9515,258.5086,253.2336,257.2921,49155600
2025-10-06,257.2622,258.3391,254.3305,255.9659,44664100
2025-10-07,256.0855,256.6739,254.7094,255.7565,31955800
2025-10-08,255.7963,257.7907,255.3875,257.3320,36496900
2025-10-09,257.0827,257.2721,252.4258,253.3233,38322000
2025-10-10,254.2208,255.6567,243.3116,244.5781,61999100
2025-10-13,248.6765,248.9856,244.8672,246.9613,38142900
2025-10-14,245.9043,248.1480,244.0097,247.0710,35478000
2025-10-15,248.7862,251.1096,246.7719,248.6366,33893600
2025-10-16,247.5497,248.3374,244.4385,246.7519,39777000
2025-10-17,247.3203,252.6652,246.5724,251.5783,49147000
2025-10-20,255.1681,263.6341,254.9088,261.5002,90483000
2025-10-21,261.1412,264.5416,261.0913,262.0287,46695900
2025-10-22,261.9090,262.1085,254.7094,257.7209,45015300
2025-10-23,259.2067,259.8848,257.2822,258.8477,32754900
2025-10-24,260.4531,263.3849,258.4488,262.0786,38253700
2025-10-27,264.1327,268.3608,263.9034,268.0516,44888200
2025-10-28,268.2311,269.1286,267.3935,268.2411,41534800
2025-10-29,268.5203,270.6443,266.3564,268.9391,51086700
2025-10-30,271.2227,273.3666,267.7226,270.6343,69886500
2025-10-31,276.2086,276.5376,268.4007,269.6072,86167100
2025-11-03,269.6571,270.0859,265.4989,268.2910,50194600
2025-11-04,267.5730,270.7241,266.8650,269.2782,49274800
2025-11-05,267.8522,270.9335,266.1769,269.3779,43683100
2025-11-06,267.1343,272.6287,267.1343,269.0089,51204000
2025-11-07,269.0389,271.5218,266.0174,267.7126,48227400
2025-11-10,268.4612,273.2224,266.9640,268.9303,41312400
2025-11-11,269.3096,275.3983,269.2997,274.7396,46208300
2025-11-12,274.4901,275.2187,271.1962,272.9629,48398000
2025-11-13,273.6016,276.1869,271.5854,272.4438,49602800
2025-11-14,270.5474,275.4483,269.1001,271.9048,47431300
2025-11-17,268.3215,269.9884,265.2372,266.9640,45018300
2025-11-18,269.4893,270.2080,264.8280,266.9440,45677300
2025-11-19,265.0376,271.7052,265.0077,268.0620,40424500
2025-11-20,270.3277,274.9192,265.4269,265.7563,45823600
2025-11-21,265.4568,272.8231,265.1773,270.9865,59030800
2025-11-24,270.3976,276.4863,270.3976,275.4084,65585800
2025-11-25,274.7595,279.8600,274.7395,276.4564,46914200
2025-11-26,276.4464,279.0116,276.1170,277.0353,33431400
2025-11-28,276.7458,278.4826,275.4782,278.3329,20135600
2025-12-01,277.4945,282.8944,275.6279,282.5750,46587700
2025-12-02,282.4752,286.8670,282.1059,285.6593,53669500
2025-12-03,285.6693,288.0848,282.7746,283.6230,43538700
2025-12-04,283.5731,284.2020,278.0733,280.1794,43989100
2025-12-05,280.0197,280.6186,277.5343,278.2630,47265800
2025-12-08,277.6142,279.1514,275.6379,277.3747,38211800
2025-12-09,277.6442,279.5107,276.4065,276.6660,32193300
2025-12-10,277.2349,279.2312,275.9273,278.2630,33038300
2025-12-11,278.5824,279.0715,273.3022,277.5144,33248000
2025-12-12,277.3846,278.7022,276.3066,277.7639,39532900
2025-12-15,279.6305,279.6305,272.3340,273.6017,50409100
2025-12-16,272.3141,274.9891,271.2860,274.1007,37648600
2025-12-17,274.5000,275.6479,271.1363,271.3359,50138700
2025-12-18,273.1026,273.1226,266.4550,271.6852,51630700
2025-12-19,271.6453,274.0908,269.3995,273.1625,144632000
2025-12-22,272.3540,273.3721,270.0084,270.4675,36571800
2025-12-23,270.3377,271.9947,269.0601,271.8549,29642000
2025-12-24,271.8349,274.9192,271.6952,273.3022,17910600
2025-12-26,273.6516,274.8594,272.3540,272.8930,21521800
2025-12-29,272.1843,273.8512,271.8450,273.2523,23715200
2025-12-30,272.3041,273.5717,271.7750,272.5735,22139600
2025-12-31,272.5536,273.1725,271.2461,271.3558,27293600
2026-01-02,271.7551,277.3248,268.5012,270.5074,37838100
2026-01-05,270.1381,271.0065,265.6465,266.7644,45647200
2026-01-06,266.5049,267.0539,261.6339,261.8735,52352100
2026-01-07,262.7119,263.1910,259.3282,259.8472,48309800
2026-01-08,256.5434,258.8092,255.2258,258.5596,50419300
2026-01-09,258.5995,259.7274,255.7449,258.8890,39997000
2026-01-12,258.6794,260.8154,256.3238,259.7674,45263800
2026-01-13,258.2402,261.3245,257.9108,260.5659,45730800
2026-01-14,259.0088,261.3345,256.2339,259.4779,40019400
2026-01-15,260.1666,260.5559,256.5733,257.7312,39388600
2026-01-16,257.4217,258.4199,254.4572,255.0561,72142800
2026-01-20,252.2613,254.3175,242.9686,246.2425,80267500
2026-01-21,248.2388,251.0935,244.7253,247.1908,54641700
2026-01-22,248.7379,250.5345,247.6898,247.8895,39708300
2026-01-23,246.8614,248.9475,244.2262,247.5800,41689000
2026-01-26,251.0137,256.0842,249.3368,254.9364,55969200
2026-01-27,258.6894,261.4642,257.7312,257.7910,49648300
2026-01-28,257.1722,258.3799,254.0380,255.9644,41288000
2026-01-29,257.5215,259.1685,253.9382,257.8010,67253000
2026-01-30,254.6968,261.4143,251.7124,258.9988,92443400
2026-02-02,259.5478,269.9884,258.7293,269.5093,73913400
2026-02-03,268.7008,271.3758,267.1137,268.9803,64394700
2026-02-04,271.7850,278.4327,271.7850,275.9772,90545700
2026-02-05,277.6142,278.9817,272.7233,275.3983,52977400
2026-02-06,276.6061,280.3891,276.4164,277.6042,50453400
2026-02-09,277.6542,277.9439,271.4499,274.3672,44623400
2026-02-10,274.6370,275.1165,272.6888,273.4281,34376900
2026-02-11,274.4471,279.9221,274.1974,275.2464,51931300
2026-02-12,275.3363,275.4662,259.9405,261.4891,81077200
2026-02-13,261.7688,261.9886,255.2149,255.5446,56290700
2026-02-17,257.8125,266.0449,255.3048,263.6371,58469100
2026-02-18,263.3574,266.5744,262.2084,264.1067,34203300
2026-02-19,262.3583,264.2366,259.8106,260.3401,30845300
2026-02-20,258.7316,264.5063,257.9224,264.3365,42070500
2026-02-23,263.2474,269.1820,263.1376,265.9350,37308200
2026-02-24,267.6134,274.6370,267.4636,271.8895,47014600
2026-02-25,271.5298,274.6869,270.8005,273.9776,33714300
2026-02-26,274.6969,275.8558,270.5507,272.6988,32345100
2026-02-27,272.5589,272.5589,262.6480,263.9368,72366500
2026-03-02,262.1684,266.2846,259.9605,264.4763,41827900
2026-03-03,263.2375,265.3156,259.8906,263.5072,38568900
2026-03-04,264.4064,265.9050,261.1794,262.2784,39803100
2026-03-05,260.5500,261.3192,257.0132,260.0504,49658600
2026-03-06,258.3919,258.5318,254.1358,257.2230,41120000
2026-03-09,255.4546,260.9096,253.4465,259.6408,38218500
2026-03-10,257.4128,262.2384,256.7135,260.5899,30590800
2026-03-11,260.8497,261.8887,259.3111,260.5699,26218900
2026-03-12,258.4219,258.7116,253.9460,255.5246,40794000
2026-03-13,255.2448,256.0940,249.2903,249.8898,36930000
2026-03-16,251.8779,253.6563,249.6500,252.5873,32074200
2026-03-17,252.7272,254.8952,251.9479,253.9960,32361600
2026-03-18,252.3975,254.7053,248.7708,249.7099,35757900
2026-03-19,249.1704,251.5982,247.0724,248.7309,34864100
2026-03-20,247.7517,248.9706,245.7736,247.7617,88331100
2026-03-23,253.7362,254.3657,250.0496,251.2585,40546100
2026-03-24,250.1196,254.5954,249.3203,251.4084,45152300
2026-03-25,253.8661,254.7653,251.3684,252.3875,28476700
2026-03-26,251.8879,256.7634,250.5392,252.6572,41796700
2026-03-27,253.6663,255.2548,247.8417,248.5710,47900000
2026-03-30,249.8398,250.6391,245.2840,246.4030,39446200
2026-03-31,247.6818,255.2448,246.8726,253.5564,49598100
2026-04-01,253.8461,255.9442,253.0968,255.3947,40059400
2026-04-02,253.9660,255.8942,250.4193,255.6844,31289400
2026-04-06,256.2739,261.9187,256.2239,258.6217,29329900
2026-04-07,255.9242,255.9642,245.4738,253.2667,62148000
2026-04-08,258.2121,259.5109,256.2939,258.6617,41032800
2026-04-09,258.7616,260.8796,255.8343,260.2502,28121600
2026-04-10,259.7407,261.9487,258.7816,260.2402,31291500
2026-04-13,259.4909,259.9405,256.4238,258.9614,36234700
2026-04-14,259.0114,261.6889,256.9533,258.5917,48370700
2026-04-15,257.9224,266.3146,257.5727,266.1848,49913500
2026-04-16,266.5544,266.9141,261.0295,263.1575,43323100
2026-04-17,266.7143,272.0493,266.4745,269.9813,61436200
2026-04-20,270.0811,274.0275,270.0412,272.7986,36590200
2026-04-21,271.2501,272.5489,265.1557,265.9250,50209800
2026-04-22,267.5735,273.4880,266.6244,272.9186,43249200
2026-04-23,274.7968,275.5162,271.4000,273.1783,33399600
2026-04-24,272.5089,272.8086,269.4018,270.8105,38157100
2026-04-27,265.8451,268.1130,264.8260,267.3636,41466800
2026-04-28,272.0893,272.9785,268.4127,270.4608,40018900
2026-04-29,267.3037,270.7905,266.7942,269.9213,30047900
2026-04-30,270.2510,275.7460,267.8932,271.1003,91848200
2026-05-01,278.6033,286.9556,278.1138,279.8821,79915400
2026-05-04,279.4026,280.3717,274.6070,276.5752,46668400
2026-05-05,276.6751,284.3081,276.2455,283.9184,49311700
2026-05-06,281.6605,287.7649,280.8113,287.2454,58336100
2026-05-07,289.0037,291.8611,285.5169,287.1754,45224300
2026-05-08,289.7431,294.4887,289.7331,293.0500,52692800
2026-05-11,291.9800,293.8800,290.2300,292.6800,42247300
2026-05-12,292.5600,295.2700,292.5600,294.8000,45748100
2026-05-13,293.5000,300.9200,293.5000,298.8700,52684300
2026-05-14,299.8200,300.4500,295.3800,298.2100,35324900
2026-05-15,297.9000,303.2000,296.5200,300.2300,54862800
2026-05-18,300.2400,300.6600,294.9100,297.8400,34483000
2026-05-19,296.9700,300.5100,296.3500,298.9700,42243600
2026-05-20,298.1800,302.8000,298.0800,302.2500,38229800
2026-05-21,301.0600,305.5400,300.4000,304.9900,42965100
2026-05-22,306.1200,311.4000,305.8400,308.8200,43670200
2026-05-26,309.5600,311.8200,307.6700,308.3300,48000500
2026-05-27,308.3300,313.2600,308.3000,310.8500,50430900
2026-05-28,310.6800,312.8000,309.5700,312.5100,48220400
2026-05-29,311.7800,315.0000,309.5300,312.0600,70026800
2026-06-01,309.6300,310.9400,305.0200,306.3100,48849900
2026-06-02,307.4600,315.4500,306.6900,315.2000,44534700
2026-06-03,314.1800,316.9400,308.8500,310.2600,50836700
2026-06-04,313.2300,313.5400,309.6500,311.2300,44869100
2026-06-05,312.8600,315.1700,307.1500,307.3400,65310500
2026-06-08,308.7400,317.4000,301.1700,301.5400,77949100
2026-06-09,300.2800,300.7500,287.7800,290.5500,70108800
2026-06-10,290.7400,294.7500,287.3800,291.5800,52793300
2026-06-11,293.7200,297.0000,289.5900,295.6300,42572500
2026-06-12,296.0300,297.1400,289.6200,291.1300,38742100
2026-06-15,294.1200,297.7800,291.7000,296.4200,45732600
2026-06-16,295.2500,300.4800,293.9700,299.2400,39874400
2026-06-17,300.8500,302.0700,294.3600,295.9500,42745100
2026-06-18,298.1100,300.5700,295.6200,298.0100,85962200
2026-06-22,297.3100,302.4200,296.7600,297.0100,44879900
2026-06-23,297.5400,301.6400,294.1800,294.3000,52010900
2026-06-24,295.3600,299.7000,292.9400,293.0800,53081900
2026-06-25,287.4000,288.8000,273.7500,275.1500,107013700
2026-06-26,275.0000,285.9500,274.2100,283.7800,261775500
2026-06-29,286.7300,288.3700,279.8500,281.7400,66427000
2026-06-30,281.1700,289.9400,280.7000,289.3600,65100200
2026-07-01,293.4400,296.5900,289.2000,294.3800,50164200
2026-07-02,294.1200,309.4200,293.6800,308.6300,75352800
2026-07-06,307.3600,314.2000,307.0000,312.6600,53590000
2026-07-07,315.2900,315.4800,310.1500,310.6600,42490000
2026-07-08,311.9100,314.8200,307.0500,313.3900,41323500
2026-07-09,310.5100,316.5300,308.1600,316.2200,48124500
2026-07-10,314.7200,316.9100,312.1700,315.3200,34132300
2026-07-13,317.0200,323.4500,315.7800,317.3100,43257800
2026-07-14,313.7600,316.1900,311.9100,314.8600,36336800
2026-07-15,317.6200,328.7300,317.3200,327.5000,60957600
2026-07-16,328.0100,334.6800,326.7900,333.2600,62970600
2026-07-17,331.9800,334.9900,329.0000,333.7400,63365300
2026-07-20,333.5050,333.7100,323.7000,326.5900,51014085
