Date,Open,High,Low,Close,Volume
2016-07-21,146.0100,146.2200,144.1900,144.3500,3212200
2016-07-22,144.7200,144.8500,143.8900,144.6000,3142000
2016-07-25,144.8700,145.0000,143.6000,144.1400,2483900
2016-07-26,144.3400,144.8500,143.8300,144.3400,2466400
2016-07-27,144.2700,144.7500,143.7000,144.1900,2611700
2016-07-28,143.9200,144.6900,143.4800,144.4200,1944600
2016-07-29,144.0900,144.6000,143.7800,144.2700,2589300
2016-08-01,144.6200,144.7700,143.5800,143.9300,2051300
2016-08-02,143.9500,143.9900,142.9600,143.3100,2457000
2016-08-03,143.3500,143.8800,142.9800,143.6300,2217100
2016-08-04,143.8000,143.9100,142.9200,143.1200,1848600
2016-08-05,144.0000,145.6500,143.9200,145.6500,3926000
2016-08-08,145.2900,145.6500,144.2300,145.5600,3516300
2016-08-09,145.9600,147.4500,145.4500,147.2200,3680500
2016-08-10,147.0000,147.2700,146.1300,146.6900,2465200
2016-08-11,146.4600,147.9800,146.4400,147.7400,3272200
2016-08-12,147.1200,147.7500,146.6900,147.7200,2586700
2016-08-15,147.7200,147.9200,147.1200,147.7800,2195800
2016-08-16,147.6200,147.9500,147.2200,147.2400,2121300
2016-08-17,147.4200,149.3300,147.0000,149.0800,3044200
2016-08-18,149.1900,149.3600,148.5300,148.8100,2185400
2016-08-19,148.4000,148.8400,147.7900,148.7500,2641200
2016-08-22,148.5100,148.8000,147.8500,148.4500,1765000
2016-08-23,148.5800,149.2400,148.5800,148.7700,2019100
2016-08-24,148.5000,148.8400,148.1300,148.4100,2269400
2016-08-25,148.2400,148.7100,148.1100,148.6400,2449700
2016-08-26,148.6500,149.2300,147.2200,147.9100,2872800
2016-08-29,148.2300,149.6800,148.0000,149.3000,2726600
2016-08-30,149.2500,150.2400,149.2300,150.2300,2832200
2016-08-31,150.0000,150.9000,148.6600,150.4900,5338700
2016-09-01,150.7000,151.0000,148.8200,150.3500,3020800
2016-09-02,150.6900,151.0500,149.9700,150.7200,2258200
2016-09-06,150.5400,150.9800,149.3100,150.4300,4460800
2016-09-07,150.0000,150.4900,149.3400,149.5800,2437100
2016-09-08,149.6000,150.1000,149.3000,149.7800,2963400
2016-09-09,149.1000,149.5900,146.5600,146.6200,4342700
2016-09-12,146.3700,149.3900,145.9400,148.9700,4323800
2016-09-13,147.9500,148.1300,145.5500,146.2300,5505900
2016-09-14,146.0200,146.9100,145.3300,145.7800,3097300
2016-09-15,146.0000,147.0800,145.4700,146.6600,3255500
2016-09-16,146.1100,146.2300,144.6800,145.0100,11133700
2016-09-19,145.3400,146.1900,144.9300,145.2400,3031800
2016-09-20,145.9800,145.9800,144.7600,144.9200,2367000
2016-09-21,145.6500,146.4900,144.9800,146.4600,3768900
2016-09-22,146.7500,147.0900,146.1300,146.5300,2770900
2016-09-23,146.3000,146.4900,145.0000,145.0000,3697800
2016-09-26,144.5200,144.9600,144.0000,144.1800,2863700
2016-09-27,144.2800,145.3800,144.0100,145.3400,2934600
2016-09-28,145.2800,145.4200,144.0300,145.2800,3246500
2016-09-29,145.1800,145.5200,143.3600,143.5900,3313800
2016-09-30,144.2700,145.3800,144.2700,144.4700,4416500
2016-10-03,144.2700,144.3100,143.2100,143.7600,3493800
2016-10-04,143.7400,144.2000,142.8000,143.1700,3058900
2016-10-05,143.6500,144.2900,143.2100,144.1500,2998800
2016-10-06,144.0000,144.1000,143.3000,143.8700,2279500
2016-10-07,143.9300,144.9400,143.7800,144.5200,3093800
2016-10-10,145.0500,145.6800,144.9800,145.2000,1884100
2016-10-11,145.1300,145.1400,143.5300,143.9500,2723000
2016-10-12,143.8600,145.2900,143.8600,144.9100,2558100
2016-10-13,143.7900,144.0500,141.9200,143.2200,4657600
2016-10-14,143.9100,144.8900,143.5800,144.1800,2932800
2016-10-17,144.5000,144.7600,143.3700,143.8000,2552800
2016-10-18,144.6500,145.0900,144.1300,144.3000,2378500
2016-10-19,144.8700,145.7100,144.4800,144.8600,2309300
2016-10-20,144.6200,145.4300,144.1900,144.4900,2505000
2016-10-21,143.5400,143.9500,142.8000,143.6000,3075400
2016-10-24,144.0900,144.8900,143.6800,143.8300,2223800
2016-10-25,143.7000,144.1600,143.2100,143.4200,2349500
2016-10-26,143.3800,144.4600,143.1200,143.9400,2769700
2016-10-27,144.1900,144.7800,143.8700,144.4500,2914800
2016-10-28,144.8400,145.2900,142.9000,144.0000,2789900
2016-10-31,144.3000,144.6900,144.0000,144.3000,3229500
2016-11-01,144.6800,144.8600,143.1100,143.6300,3339400
2016-11-02,143.1800,143.8600,142.9100,143.1900,3178500
2016-11-03,143.2500,144.4500,143.2000,143.6400,2691800
2016-11-04,143.4500,143.8000,142.3500,142.9500,3493300
2016-11-07,144.7100,147.1700,144.3000,146.9100,5236000
2016-11-08,146.8900,148.1400,146.4000,147.7900,3636000
2016-11-09,146.1000,151.6400,145.1000,151.2800,8687800
2016-11-10,152.0000,156.6100,151.6800,156.0600,8142500
2016-11-11,155.3000,157.2800,155.1500,156.9200,4514400
2016-11-14,157.4800,158.1600,156.5300,157.9300,5520400
2016-11-15,157.6100,157.8200,156.0900,157.4600,4780100
2016-11-16,157.0200,157.5900,156.0200,157.0800,4468900
2016-11-17,156.8100,158.6400,156.3000,158.3900,4169100
2016-11-18,158.3500,158.4800,157.1700,157.7500,3383300
2016-11-21,158.1000,158.7100,157.4200,158.7100,2847400
2016-11-22,159.0100,159.0900,157.8300,158.6600,3143300
2016-11-23,158.6600,159.0000,157.2800,158.1100,3050700
2016-11-25,158.6300,158.6300,157.6000,158.1800,1777200
2016-11-28,157.9000,158.4900,156.8900,156.9700,4204300
2016-11-29,157.5100,157.9800,156.8200,157.6800,2973300
2016-11-30,158.4200,158.8900,157.4200,157.4400,5145600
2016-12-01,157.5800,160.2400,157.5100,160.1200,4578600
2016-12-02,160.0500,160.1200,158.7000,159.3900,3854400
2016-12-05,160.2500,160.6800,159.2700,160.2100,4870400
2016-12-06,160.5700,161.5500,159.9300,161.3400,3543600
2016-12-07,161.9400,164.6900,161.4000,164.6900,6043200
2016-12-08,164.9800,165.9500,163.5200,164.1100,4902500
2016-12-09,164.2800,165.1600,163.0700,164.8600,3887900
2016-12-12,164.6500,166.6400,164.3500,166.1200,6759700
2016-12-13,166.4900,166.9900,165.4000,166.6200,4359100
2016-12-14,166.5900,167.2500,164.5400,165.0600,4537400
2016-12-15,165.5000,167.0200,164.8000,165.7300,3985500
2016-12-16,166.1400,166.1500,164.3300,164.7600,7046200
2016-12-19,165.1900,165.6500,164.4800,165.3500,2972500
2016-12-20,166.1500,166.4200,165.4000,166.3600,3103100
2016-12-21,166.4000,166.6700,165.5500,165.9500,2480500
2016-12-22,165.7700,166.1200,164.8900,166.0300,2511600
2016-12-23,166.2600,166.4400,164.7700,165.3200,2043100
2016-12-27,165.5100,165.8200,164.7800,164.9500,2133800
2016-12-28,165.4500,165.6400,163.5600,163.7500,2626800
2016-12-29,163.9300,164.4700,163.0100,163.0500,2545300
2016-12-30,163.1600,164.0300,162.6200,162.9800,4041400
2017-01-03,164.3400,164.7100,162.4400,163.8300,4091000
2017-01-04,164.4500,164.5700,163.0000,164.0800,3568900
2017-01-05,164.0600,164.1400,162.1800,163.3000,2982500
2017-01-06,163.4400,163.8000,162.6400,163.4100,2697000
2017-01-09,163.0400,163.2500,162.0200,162.0200,3564700
2017-01-10,162.0000,162.7400,161.4100,161.4700,2671300
2017-01-11,161.4700,162.4500,161.0300,162.2300,3305900
2017-01-12,162.0000,162.1500,160.3300,161.4100,3229400
2017-01-13,161.8100,163.1300,161.5100,161.9000,3081600
2017-01-17,161.9600,162.0000,159.3000,159.6400,4712800
2017-01-18,160.0400,160.8600,159.4300,160.4900,3074700
2017-01-19,160.8200,161.1200,159.1100,159.4100,3172800
2017-01-20,160.2100,160.7800,159.5800,160.2100,4176100
2017-01-23,160.1900,160.2800,158.6100,158.8100,3434300
2017-01-24,159.2600,161.0900,158.7700,160.7200,4012500
2017-01-25,162.0000,164.6300,161.3900,164.2500,4500000
2017-01-26,164.8800,165.0300,164.0800,164.9200,3132400
2017-01-27,164.9300,165.3000,163.4600,164.4000,2520300
2017-01-30,164.2000,164.9100,163.2200,164.8000,3194400
2017-01-31,164.6400,165.0600,163.0800,164.1400,3099600
2017-02-01,164.7500,165.2000,163.3000,163.6100,2906900
2017-02-02,163.3100,163.3100,162.2700,163.0000,3041200
2017-02-03,164.0000,164.1900,162.5200,163.9400,3352700
2017-02-06,163.8800,163.9300,163.0400,163.4200,2798300
2017-02-07,163.6200,163.8500,162.5800,162.9300,2446800
2017-02-08,162.9000,163.1300,162.1500,162.8700,2247100
2017-02-09,162.8700,164.4200,162.8200,164.0400,2878300
2017-02-10,164.5900,164.6800,163.6000,164.0100,3066200
2017-02-13,164.7100,166.2400,164.4400,165.8500,2958400
2017-02-14,165.8500,167.0000,165.1700,166.9500,3057900
2017-02-15,167.2100,167.3400,166.1200,167.2800,4349600
2017-02-16,167.2800,167.8000,166.1000,167.7400,3152200
2017-02-17,167.5600,168.7000,166.7100,168.5700,3716900
2017-02-21,168.9200,169.6500,168.4700,168.9200,4416900
2017-02-22,168.9200,169.7000,168.3300,169.6100,3299400
2017-02-23,169.9600,170.1600,169.1100,170.1500,3377100
2017-02-24,169.4000,170.2800,169.2200,170.2200,4023400
2017-02-27,170.9000,171.2000,170.3200,170.6300,3738600
2017-02-28,170.9000,172.2000,170.5100,171.4200,6464500
2017-03-01,173.7000,177.4100,173.7000,177.2800,7137600
2017-03-02,177.8600,177.8600,175.4800,175.8900,4154800
2017-03-03,175.9700,176.4600,175.0400,175.6800,3552000
2017-03-06,175.4400,175.8800,174.5100,175.4000,3379100
2017-03-07,175.5800,175.7600,174.9000,175.3000,2645400
2017-03-08,175.8900,176.0000,174.8000,174.9700,3334400
2017-03-09,175.7000,175.8500,174.8200,175.3700,2955800
2017-03-10,176.0000,176.1400,174.4500,174.9800,3789700
2017-03-13,175.2900,175.6000,174.6900,175.3900,3333500
2017-03-14,175.2200,175.4300,174.2300,174.7300,2972300
2017-03-15,174.9800,175.0800,173.7700,174.6700,3928500
2017-03-16,175.1500,175.4300,173.7000,174.0800,3119600
2017-03-17,173.8900,173.8900,172.3200,172.8200,6710700
2017-03-20,172.3000,172.8700,171.6000,172.0700,3340700
2017-03-21,172.1600,172.4400,169.0300,169.4700,4973900
2017-03-22,169.2700,170.0400,168.0200,169.3000,3257000
2017-03-23,169.6600,171.3600,169.2100,169.8900,3142900
2017-03-24,170.4500,170.4500,168.0200,168.6600,4131900
2017-03-27,166.8900,167.5100,165.8000,167.4400,4884700
2017-03-28,167.2800,168.6100,166.3600,168.3100,4598000
2017-03-29,168.0000,168.3000,166.4400,166.5900,4776400
2017-03-30,166.3000,167.6900,166.0000,167.3600,3393700
2017-03-31,167.4100,167.6000,166.3400,166.6800,3564700
2017-04-03,166.7200,167.0000,165.3200,166.8700,3986900
2017-04-04,166.6100,167.0000,166.1400,166.8600,2853000
2017-04-05,167.4500,168.2300,165.6700,165.8300,5231100
2017-04-06,165.6400,167.0000,165.0200,166.4700,3892300
2017-04-07,165.6200,166.8900,165.4800,166.1700,2593400
2017-04-10,166.2000,167.0000,165.9800,166.3500,3015900
2017-04-11,165.8000,166.2200,164.8500,165.7000,3488200
2017-04-12,165.0700,165.4800,164.6600,165.1100,3419700
2017-04-13,164.9800,165.2800,162.8700,162.9000,3655100
2017-04-17,163.6100,164.6300,162.6700,164.3500,3414100
2017-04-18,163.8700,164.2300,163.0900,163.6900,2985800
2017-04-19,164.1000,164.4900,162.2800,162.7600,3932900
2017-04-20,163.2900,165.2400,163.0400,164.9800,3729200
2017-04-21,164.4000,164.9500,163.3400,163.4100,5122400
2017-04-24,165.7000,165.9900,164.4000,165.7800,4135500
2017-04-25,166.9200,167.9600,166.6000,167.5300,4268500
2017-04-26,167.5000,168.9500,167.2500,167.6300,4084300
2017-04-27,167.6500,167.8100,165.5000,166.5500,4290200
2017-04-28,166.2800,166.5500,164.6800,165.2100,3045000
2017-05-01,165.8000,166.3200,165.3500,165.4400,3135400
2017-05-02,165.9000,166.3300,165.1600,166.0500,2781200
2017-05-03,165.7000,167.0800,165.5000,166.7300,2982200
2017-05-04,167.6400,168.0400,166.2200,166.3400,3643500
2017-05-05,167.1200,167.1400,165.8800,166.5500,3578500
2017-05-08,166.5000,166.6000,164.1000,165.0200,5163900
2017-05-09,165.1700,165.2400,163.0000,163.4600,3840700
2017-05-10,163.3600,163.8800,163.0300,163.7200,3237400
2017-05-11,163.5800,163.7700,162.3900,163.2700,3285900
2017-05-12,163.0600,163.4900,162.4700,163.3200,3592300
2017-05-15,163.8100,164.0800,163.2600,163.8000,2959000
2017-05-16,164.1000,164.2900,163.2500,163.6100,2434900
2017-05-17,163.6100,163.6100,161.1800,161.2600,4797400
2017-05-18,161.5000,162.6200,160.9300,161.6200,3645600
2017-05-19,161.8600,164.0800,161.5800,163.2400,4164900
2017-05-22,164.8000,165.4800,163.9400,165.1300,4350800
2017-05-23,165.4000,165.7700,164.8700,165.4800,3352200
2017-05-24,165.9000,165.9000,164.5500,164.9300,2597300
2017-05-25,165.2300,165.5000,164.7100,165.3000,2605300
2017-05-26,165.2500,165.8800,165.0200,165.6900,2156300
2017-05-30,165.7900,165.8700,164.4700,165.1100,3048300
2017-05-31,165.2700,165.4500,164.1000,165.2800,5674900
2017-06-01,165.8000,166.6900,164.7500,166.6600,3330900
2017-06-02,166.1300,166.9200,165.8500,166.2900,3919900
2017-06-05,166.4300,167.0700,166.3300,166.5200,2303200
2017-06-06,166.1200,166.7200,165.8800,166.1300,2752300
2017-06-07,166.1400,166.7500,165.8700,166.5000,2987300
2017-06-08,166.5000,167.9400,166.2300,166.9400,4387400
2017-06-09,167.6700,170.1400,167.4200,170.0000,3781300
2017-06-12,169.4300,170.6500,169.4100,170.5000,4662700
2017-06-13,171.5000,171.8200,170.9000,171.4700,3145400
2017-06-14,170.9200,171.5000,169.5500,171.4500,3344500
2017-06-15,170.6000,170.9200,169.5700,170.5500,3275200
2017-06-16,170.6000,171.0400,169.7500,170.4800,6505900
2017-06-19,171.3900,171.9500,170.7800,171.5500,2869000
2017-06-20,171.6800,171.6800,170.4500,170.5500,2470100
2017-06-21,170.6100,170.7800,169.3400,169.6200,2365100
2017-06-22,169.3300,169.6700,168.3100,168.3200,2673900
2017-06-23,169.2700,169.2700,166.6400,167.2200,4046800
2017-06-26,167.8000,168.2800,166.9700,167.4900,2543000
2017-06-27,167.7200,168.0600,166.7800,167.3500,2995600
2017-06-28,167.9300,170.1500,167.9000,169.8900,3210900
2017-06-29,170.6800,171.3700,168.6000,169.3000,3545500
2017-06-30,170.0100,170.1500,169.2700,169.3700,3627800
2017-07-03,170.4000,172.7000,169.9500,171.8000,2493400
2017-07-05,172.0600,172.5100,171.2800,171.8500,2558600
2017-07-06,171.5600,171.9700,170.0900,170.2000,3182000
2017-07-07,170.8400,171.3200,169.9000,171.1400,2967200
2017-07-10,170.6100,171.3100,169.9000,170.2500,2504500
2017-07-11,169.9400,170.2000,168.0000,169.2400,3525600
2017-07-12,169.7900,170.0900,169.0600,169.9200,3018200
2017-07-13,170.0600,170.0700,169.2500,169.6900,3170500
2017-07-14,168.9000,169.9200,168.5200,169.4700,2941500
2017-07-17,169.4400,170.7300,168.9500,170.1600,3044400
2017-07-18,170.0400,170.6900,169.5600,170.3100,2599700
2017-07-19,170.3100,171.3300,170.3100,171.2000,1923200
2017-07-20,171.3300,171.8700,171.0700,171.3300,2137900
2017-07-21,171.5700,171.6900,170.6600,171.3400,2419800
2017-07-24,171.5000,171.8800,171.0700,171.3700,2649600
2017-07-25,172.1500,173.3700,172.1500,172.9400,2921100
2017-07-26,173.0000,173.7900,172.5000,173.0200,2849500
2017-07-27,173.1700,173.1800,172.2200,173.0500,3522600
2017-07-28,173.0600,174.3400,172.1300,174.0000,2401800
2017-07-31,174.7000,175.6000,174.2000,174.9700,3477000
2017-08-01,175.9300,176.3800,174.8100,176.2900,2666000
2017-08-02,176.2900,177.9200,175.9100,177.8500,3174500
2017-08-03,177.5000,179.0000,177.4400,178.9900,2856200
2017-08-04,179.8000,179.9900,178.6900,179.9200,2636600
2017-08-07,177.0400,178.4100,177.0400,178.0400,3279200
2017-08-08,177.7100,178.2900,176.2000,176.4300,2925000
2017-08-09,175.5000,178.1600,175.0500,178.0600,2804100
2017-08-10,177.1300,177.6000,176.2600,176.3600,3084300
2017-08-11,176.3200,177.1700,175.2700,175.3400,2580000
2017-08-14,176.7500,177.7300,176.4500,177.2900,2710100
2017-08-15,177.7400,178.1500,177.2400,177.4700,2670000
2017-08-16,178.2000,178.9700,177.6000,178.5400,2299200
2017-08-17,178.2500,178.7000,177.1600,177.1600,4189500
2017-08-18,176.5700,178.8200,176.2700,177.5600,3586100
2017-08-21,177.6200,178.5000,177.0700,178.3400,2878400
2017-08-22,178.5000,180.6100,178.4600,180.4500,2928600
2017-08-23,179.2500,180.5200,179.0000,179.9800,2444600
2017-08-24,179.9800,180.0000,178.1300,178.4300,3250100
2017-08-25,179.0000,180.1600,178.8600,179.6000,2284600
2017-08-28,179.7700,179.9000,178.0200,178.7000,2986500
2017-08-29,177.7200,178.7000,177.2000,178.6200,2499300
2017-08-30,178.7100,181.0300,178.5100,180.3500,3303500
2017-08-31,180.3500,181.8700,180.2500,181.1600,4376300
2017-09-01,181.6000,181.9700,180.5700,180.7300,2536800
2017-09-05,180.2900,180.2900,176.2900,176.9800,4880700
2017-09-06,177.3500,177.8700,176.7300,176.7900,4270300
2017-09-07,177.0500,177.4800,172.6100,173.9900,4620600
2017-09-08,173.9000,175.8200,173.5700,175.5000,3736400
2017-09-11,177.7500,179.2400,177.3300,177.8700,4107600
2017-09-12,178.0000,178.7200,177.8000,178.6300,2348500
2017-09-13,177.7600,179.1500,177.6100,178.9200,2679400
2017-09-14,178.8000,179.1600,178.3800,178.5700,3304100
2017-09-15,179.2400,180.3600,178.8100,179.8900,9234800
2017-09-18,180.5000,181.7400,180.2700,181.4700,3698600
2017-09-19,181.5000,183.0100,181.5000,183.0100,3159000
2017-09-20,183.3000,183.9300,182.4600,183.8200,3742100
2017-09-21,183.3200,183.9300,183.0300,183.1600,2369000
2017-09-22,182.6300,182.8400,181.3000,181.8600,2688100
2017-09-25,181.9900,182.6400,180.8000,182.5200,2424600
2017-09-26,182.5500,182.8700,181.7400,181.8600,2382000
2017-09-27,182.8700,184.0000,182.5100,183.2700,2593900
2017-09-28,183.4000,183.9500,182.4400,183.2100,1930800
2017-09-29,183.5900,183.6800,182.4200,183.3200,2761600
2017-10-02,183.4500,185.4700,182.9300,185.4100,2577500
2017-10-03,185.6000,186.5100,184.6000,185.6700,3173900
2017-10-04,186.2000,186.6700,185.5100,185.8300,2071300
2017-10-05,186.1700,188.0400,185.8000,187.1200,2786100
2017-10-06,187.2000,187.6200,186.0500,187.4300,2600600
2017-10-09,187.5000,187.9500,186.6400,187.5000,2036700
2017-10-10,187.4600,188.2000,187.1600,188.0000,2212800
2017-10-11,187.4000,187.9500,186.4800,187.4600,2750600
2017-10-12,187.7000,187.9900,185.9700,186.3000,2640700
2017-10-13,186.7700,188.0000,186.3300,187.3700,2830200
2017-10-16,188.0000,188.6200,187.5700,187.9600,2316700
2017-10-17,187.9600,188.0000,186.5000,187.3900,2273100
2017-10-18,187.7500,188.1300,186.8000,187.8500,2192900
2017-10-19,187.1600,187.5000,186.4300,187.2100,2831900
2017-10-20,187.7500,189.0400,187.5800,189.0400,2934900
2017-10-23,189.1800,189.7200,188.6400,189.3900,2418200
2017-10-24,189.9200,190.6800,189.5300,189.7800,2888600
2017-10-25,189.8300,190.0000,187.6600,188.7100,3394200
2017-10-26,189.6500,189.9200,187.8300,188.6100,2740900
2017-10-27,188.3200,188.6300,187.0500,188.5900,2978800
2017-10-30,188.0200,188.5200,187.3500,187.8500,2473700
2017-10-31,188.0600,188.1100,186.4100,186.9400,3290400
2017-11-01,188.1000,188.1300,186.7300,187.1700,2727800
2017-11-02,186.7500,188.7800,185.8900,188.6100,3340900
2017-11-03,188.1300,188.5500,187.0200,187.2700,2159900
2017-11-06,186.1000,187.5700,185.3000,186.6800,2602600
2017-11-07,187.2300,188.1900,185.6100,186.3000,2500600
2017-11-08,186.3100,186.8900,184.3500,184.6000,4118800
2017-11-09,183.3400,184.6800,181.7600,184.4900,3633000
2017-11-10,183.8400,184.0700,182.5100,183.6800,3043300
2017-11-13,183.1600,184.8500,183.1600,184.4000,1889900
2017-11-14,183.6600,184.0000,182.5000,183.3400,3088000
2017-11-15,182.1300,182.9000,181.4100,181.8100,4004500
2017-11-16,182.2100,183.0500,181.6500,182.0500,3944000
2017-11-17,181.7000,181.9400,180.5000,181.0600,2715900
2017-11-20,181.4300,181.9800,180.4400,181.6300,2428800
2017-11-21,181.7800,183.5000,181.5100,183.1800,3047000
2017-11-22,183.7800,183.7800,181.9400,182.5600,3017000
2017-11-24,182.6600,182.9800,182.2500,182.3600,1038600
2017-11-27,182.7400,183.8700,182.4100,183.4900,2985200
2017-11-28,184.1000,187.8400,184.0200,187.5400,3721000
2017-11-29,188.2000,192.0000,187.5700,189.8500,4898000
2017-11-30,190.3500,193.8100,189.9500,193.0100,6420400
2017-12-01,193.5900,194.9900,189.7200,194.5600,5177300
2017-12-04,196.1800,199.4800,196.1800,196.9600,4899500
2017-12-05,197.7700,197.9900,195.5000,196.0700,3411700
2017-12-06,196.0600,196.8300,194.8000,196.0100,3315700
2017-12-07,195.9100,196.7500,194.9800,196.3400,2650700
2017-12-08,195.3400,197.2800,195.0200,196.4400,3953400
2017-12-11,196.6300,197.1800,195.3000,196.7000,3605000
2017-12-12,199.4100,199.9200,197.0000,199.0700,4343000
2017-12-13,198.5600,199.6300,197.3500,197.4000,4151900
2017-12-14,198.1200,198.1900,195.9400,196.6600,3593900
2017-12-15,198.2400,199.2000,197.2300,197.7800,9169400
2017-12-18,199.5000,200.2600,198.9400,199.3400,4600100
2017-12-19,200.1600,200.5000,197.6800,197.9100,3645200
2017-12-20,199.3900,199.7500,197.6800,197.7900,3914300
2017-12-21,198.8500,199.5600,198.2100,198.8900,3262400
2017-12-22,199.2400,199.6800,196.8800,197.9200,3786800
2017-12-26,197.9700,198.5700,197.2800,197.5700,1769600
2017-12-27,197.5000,198.8200,197.2800,198.6900,3343200
2017-12-28,199.3400,199.9600,198.8200,199.5600,2340000
2017-12-29,200.0000,200.0700,198.2200,198.2200,3566000
2018-01-02,198.8700,198.8700,195.9600,197.2200,4113000
2018-01-03,197.0000,200.0000,197.0000,199.7900,3526700
2018-01-04,200.9000,202.1300,200.0100,200.6900,3900000
2018-01-05,201.0000,201.6700,199.3100,201.4200,4207600
2018-01-08,201.1500,203.0700,199.8000,202.7400,3887900
2018-01-09,203.3400,204.4000,202.5800,203.0200,3834900
2018-01-10,203.0000,205.7200,202.5000,205.6100,3793100
2018-01-11,205.9600,207.2800,205.7200,206.6900,3641500
2018-01-12,207.2700,210.3900,206.8000,210.1600,4184400
2018-01-16,213.1200,214.0300,209.3600,210.2900,6220000
2018-01-17,211.9200,214.5000,211.1400,214.1600,4600700
2018-01-18,215.6700,215.7800,213.0600,213.1900,5141500
2018-01-19,213.4500,214.3000,212.1100,213.2500,5140200
2018-01-22,213.2900,216.0800,213.2500,215.9700,3267200
2018-01-23,216.0400,216.3500,212.7700,215.5600,3659100
2018-01-24,216.1200,216.8900,214.5900,215.6100,4294200
2018-01-25,216.2400,216.5000,214.2800,215.1000,3088300
2018-01-26,215.5200,217.3400,215.1500,217.1900,3640800
2018-01-29,217.1500,217.6200,215.1900,215.4600,3021300
2018-01-30,214.9700,216.6200,214.1000,214.4100,5040100
2018-01-31,214.9900,215.0500,213.3700,214.3800,4626300
2018-02-01,214.4900,217.5000,214.0300,217.2500,4508900
2018-02-02,216.1600,216.5800,207.8700,209.1200,6080600
2018-02-05,205.4900,207.1000,196.0000,196.8000,10746500
2018-02-06,193.1500,201.9200,190.1800,201.2400,10663000
2018-02-07,202.0000,204.4800,200.0000,200.3700,5758000
2018-02-08,200.3700,200.9900,191.0400,191.4200,8044400
2018-02-09,195.6800,197.5700,189.3000,196.0200,8931700
2018-02-12,198.5100,200.6600,196.1400,198.8900,5128900
2018-02-13,197.5800,198.8400,195.9200,197.9900,3967700
2018-02-14,197.0400,200.7600,195.9900,200.5400,4348100
2018-02-15,202.3800,203.9000,200.3100,203.9000,4357900
2018-02-16,203.9900,206.3200,203.1600,203.7900,4382500
2018-02-20,203.3400,204.7000,202.3500,203.0500,4116700
2018-02-21,202.5000,205.2200,200.7700,201.0200,4994400
2018-02-22,201.5700,203.2800,200.1600,200.7300,4034000
2018-02-23,201.3900,202.9700,200.8100,202.7600,4128400
2018-02-26,207.7100,211.1400,205.3600,210.6200,8254100
2018-02-27,212.0000,213.1300,209.6500,209.6600,5903400
2018-02-28,211.0000,211.5400,200.4700,207.2000,5378300
2018-03-01,206.8200,208.5700,200.2800,201.5300,6984000
2018-03-02,199.9800,201.9700,198.9800,201.3400,5025500
2018-03-05,199.6000,204.1300,199.1200,203.2400,4041100
2018-03-06,204.8600,204.8600,202.3700,204.5500,3203300
2018-03-07,202.3500,204.8300,201.7500,204.3000,3622800
2018-03-08,204.3200,205.4900,203.0300,205.2900,3084500
2018-03-09,206.9500,213.2400,206.2500,212.9400,5494300
2018-03-12,213.2000,213.3600,211.2400,211.8200,4967000
2018-03-13,212.6900,213.0400,208.8000,209.1300,4698200
2018-03-14,210.4000,210.4000,206.2300,206.9900,4015400
2018-03-15,208.2900,209.3200,207.6100,207.8200,4127200
2018-03-16,208.5600,208.9700,206.4600,206.9600,5961800
2018-03-19,206.8700,207.0600,202.6400,203.9900,4261300
2018-03-20,204.2500,205.6000,203.8000,204.7500,2939300
2018-03-21,205.3800,207.2700,204.0000,204.8300,3235600
2018-03-22,203.1800,203.1900,196.9900,197.6300,7113400
2018-03-23,198.0000,198.2500,191.8700,192.4600,7257000
2018-03-26,196.9000,199.5700,195.0800,199.3400,5223700
2018-03-27,200.4800,201.4400,194.4400,196.1500,5149200
2018-03-28,196.1700,198.7200,193.7800,196.6700,4388800
2018-03-29,198.0800,201.0100,197.3300,199.4800,5714600
2018-04-02,199.0100,199.6100,192.0200,195.0000,6178200
2018-04-03,196.0000,198.2400,193.9100,197.9600,4192900
2018-04-04,194.0200,200.5300,194.0000,200.1100,4100700
2018-04-05,201.1700,202.7700,200.2700,200.8500,4661300
2018-04-06,199.7000,199.8500,193.7400,195.4900,5580600
2018-04-09,196.7300,198.6300,194.9500,195.3300,3873100
2018-04-10,198.1600,199.7000,197.0500,197.8000,3250500
2018-04-11,196.6000,197.0400,194.9200,195.2200,3522100
2018-04-12,196.5000,199.6000,196.2900,198.1300,3707900
2018-04-13,199.6000,199.8500,196.0000,197.0000,3150900
2018-04-16,198.6500,199.9500,197.5500,198.2200,3819000
2018-04-17,199.8500,200.6600,198.9000,199.2700,4658300
2018-04-18,200.2400,200.9400,199.4000,199.5100,2872900
2018-04-19,199.9900,201.4800,199.2000,200.3800,2726500
2018-04-20,200.9400,201.0000,198.9200,200.1300,3705800
2018-04-23,200.2200,200.8400,198.5200,199.4200,2672600
2018-04-24,199.8700,200.6600,195.2300,196.8000,3718200
2018-04-25,196.1800,197.3600,194.4100,196.8000,3204400
2018-04-26,196.6300,197.9600,196.2400,197.0300,2388500
2018-04-27,196.9300,197.5500,195.8300,197.2300,2558900
2018-04-30,197.3900,198.1000,193.6200,193.7300,4247500
2018-05-01,193.7600,195.3000,192.7500,195.1100,3235000
2018-05-02,195.0700,195.0700,192.9800,193.3100,3885500
2018-05-03,192.8100,192.9900,189.8000,191.6100,5059400
2018-05-04,192.0400,196.2400,190.1900,195.6400,4919100
2018-05-07,196.0000,197.8200,195.7600,197.0600,3692100
2018-05-08,197.4000,197.4000,194.7000,196.2400,4189600
2018-05-09,197.0000,200.0500,196.2800,199.8700,3290600
2018-05-10,200.4300,201.2900,198.9200,201.2000,2957300
2018-05-11,200.6200,202.4100,198.9000,199.3000,3917700
2018-05-14,200.0000,200.6500,198.6600,199.1800,3264600
2018-05-15,198.7900,198.9300,196.1800,197.3600,3380000
2018-05-16,196.8600,198.3800,196.4000,197.8300,2927400
2018-05-17,197.7400,197.8500,196.6200,197.4900,2604200
2018-05-18,197.5200,197.6400,195.7700,196.0600,3137100
2018-05-21,197.7700,198.6300,197.0100,197.9100,3005500
2018-05-22,198.0200,198.8900,197.1800,198.1300,3162000
2018-05-23,197.4000,197.7100,194.9500,195.9500,4036300
2018-05-24,196.0600,196.2600,193.9200,194.8300,3206200
2018-05-25,193.8900,194.7500,193.2100,194.1500,3031000
2018-05-29,192.9000,193.1100,188.6200,189.8700,8912100
2018-05-30,191.9000,194.9000,191.3300,194.1000,4307600
2018-05-31,194.2900,194.2900,191.4200,191.5300,5787500
2018-06-01,192.9000,193.3800,191.5900,192.2300,3817800
2018-06-04,193.0000,193.4100,191.2500,191.3000,4444500
2018-06-05,191.3700,191.4000,190.1400,190.7700,4325000
2018-06-06,191.6900,194.0000,191.5700,193.9900,4017500
2018-06-07,194.6600,195.6800,193.7500,195.5700,4340300
2018-06-08,195.3400,196.4000,194.2700,196.0100,3757800
2018-06-11,196.3000,196.7400,195.1900,195.3300,3465600
2018-06-12,195.9700,195.9900,194.7100,195.2700,3047000
2018-06-13,195.1300,196.0000,194.2600,194.5500,3704900
2018-06-14,194.9200,195.0000,192.0400,192.5000,4947200
2018-06-15,192.2800,192.5000,190.5200,191.7600,7341000
2018-06-18,190.6400,191.3600,189.9100,191.1100,3773800
2018-06-19,190.0500,191.1800,189.3500,190.3500,4035300
2018-06-20,190.4700,190.8900,189.2000,189.5000,5234200
2018-06-21,189.0500,189.8400,187.9700,188.8600,4977900
2018-06-22,190.0000,190.4800,188.6600,188.9100,5268000
2018-06-25,188.6300,188.8300,185.1800,186.7300,6062400
2018-06-26,186.5200,187.6200,185.7800,186.4400,4324600
2018-06-27,186.5000,187.8900,184.7500,184.9100,4451600
2018-06-28,185.4300,187.9400,185.1600,187.0900,4218500
2018-06-29,188.4600,189.2800,186.2900,186.6500,5185700
2018-07-02,186.0900,188.1000,185.9700,187.8300,3521000
2018-07-03,188.4600,188.7300,185.7200,186.0200,2031200
2018-07-05,187.0700,187.6300,186.2300,187.5000,3310200
2018-07-06,187.5000,188.6900,186.5200,187.5600,2818800
2018-07-09,188.1100,189.8200,187.8200,189.6400,3504700
2018-07-10,189.7500,190.6200,189.1500,189.9000,2685500
2018-07-11,188.7300,190.6400,188.5600,189.9100,3343100
2018-07-12,190.9000,190.9900,188.9100,189.9600,3040600
2018-07-13,189.7700,191.2900,189.1300,190.9600,2693700
2018-07-16,190.7000,192.2300,190.7000,192.0000,2626700
2018-07-17,192.0000,192.1900,190.2700,190.4100,3725000
2018-07-18,195.5000,201.4000,195.3500,200.4400,10469600
2018-07-19,200.3500,200.9600,197.3000,197.4900,4670800
2018-07-20,197.0000,197.6600,196.4600,196.7800,4073900
2018-07-23,196.2500,198.8700,196.2000,197.8500,3587600
2018-07-24,198.4500,199.9600,198.2200,198.4600,3346600
2018-07-25,198.2100,198.2100,196.8100,197.6100,3743100
2018-07-26,198.2700,198.9900,197.2800,197.4600,3766100
2018-07-27,198.0000,198.9000,197.1800,197.9500,3939400
2018-07-30,197.8000,199.9100,197.8000,199.0900,3988300
2018-07-31,199.0000,199.5400,197.0600,197.8700,4911700
2018-08-01,198.8000,199.7000,197.3200,197.8500,4004600
2018-08-02,197.2000,198.7600,196.7700,198.0600,3269900
2018-08-03,198.5000,200.4200,198.1200,200.2400,5028000
2018-08-06,204.8900,208.1100,204.6200,206.0600,6673100
2018-08-07,207.5000,209.9400,207.1500,208.7200,6160100
2018-08-08,208.8100,209.7100,208.4300,208.9400,3869000
2018-08-09,209.0000,209.6500,208.7200,209.1000,4685700
2018-08-10,207.3000,207.7700,205.5900,206.6300,4383100
2018-08-13,206.6300,207.0100,205.0400,205.1700,3837900
2018-08-14,205.3000,206.4800,204.9000,205.8300,2774500
2018-08-15,205.0100,205.4900,203.5700,204.5000,3547200
2018-08-16,205.3900,207.6200,204.6000,207.5600,3576500
2018-08-17,207.5700,208.4700,206.9200,208.1400,2749900
2018-08-20,208.4300,209.5400,207.8300,208.4600,2527300
2018-08-21,208.8100,209.3500,208.1000,208.4900,2665300
2018-08-22,207.6300,207.9700,206.9600,207.3300,2454600
2018-08-23,207.5800,207.7900,206.6600,207.2400,2363000
2018-08-24,207.7500,208.1600,207.3300,207.9800,2415700
2018-08-27,208.5600,210.7500,208.5200,210.5100,3166700
2018-08-28,210.8800,211.2000,210.0100,210.7700,2885200
2018-08-29,211.0000,211.3200,210.1800,211.2700,3176900
2018-08-30,211.0800,211.3000,209.6700,209.7500,4737900
2018-08-31,210.0000,210.3000,208.1000,208.7200,4526200
2018-09-04,209.2100,210.1000,208.0400,210.0500,2775800
2018-09-05,209.8100,212.4600,209.4900,212.2600,3708900
2018-09-06,211.6000,213.4000,211.5700,212.8800,3601800
2018-09-07,212.5000,214.4700,212.5000,214.0400,4050100
2018-09-10,215.0000,216.2700,214.4200,215.1100,4137200
2018-09-11,214.0400,215.8700,212.7600,215.1000,3601500
2018-09-12,214.5400,215.4300,214.1500,214.5900,3463200
2018-09-13,215.0200,215.4200,214.1700,214.8900,4071600
2018-09-14,215.5000,216.5100,215.3000,216.3700,3279000
2018-09-17,216.9900,217.1300,215.7300,216.2900,3076900
2018-09-18,216.3000,218.5000,216.3000,218.3000,3576600
2018-09-19,218.2200,221.3200,217.8000,220.9500,4288000
2018-09-20,221.7800,223.0000,221.3000,221.6800,5340200
2018-09-21,222.1300,222.6900,220.1300,220.5200,13363200
2018-09-24,220.4800,220.6800,217.9100,218.1300,4539500
2018-09-25,218.4300,218.9800,217.4100,218.0500,3280300
2018-09-26,218.0500,218.4200,215.7700,216.1100,4122100
2018-09-27,216.7400,217.6800,215.2300,216.7000,3053500
2018-09-28,216.3800,216.3800,213.8600,214.1100,4482500
2018-10-01,215.9200,216.1400,213.9400,214.7800,2993000
2018-10-02,214.4300,215.5400,214.0400,215.2900,2934800
2018-10-03,215.7500,217.7800,215.5000,216.4000,3275100
2018-10-04,216.4300,219.0000,216.3600,218.9700,4428500
2018-10-05,219.7000,220.4000,218.6900,219.4600,4075700
2018-10-08,219.1600,222.7600,219.0200,222.0600,5641200
2018-10-09,221.8500,223.9400,221.0100,223.7600,4516500
2018-10-10,224.0000,224.0700,212.5400,213.1000,7922100
2018-10-11,209.9000,211.0900,203.2800,205.1900,8322700
2018-10-12,210.0400,210.6000,204.0000,206.8000,5734700
2018-10-15,207.4600,207.4600,204.6700,205.0300,4541100
2018-10-16,206.6600,210.7800,205.9200,209.8300,4776200
2018-10-17,209.8300,211.6700,207.3100,210.5200,3807800
2018-10-18,210.0000,211.2700,207.3200,208.7000,3144900
2018-10-19,208.4900,210.7500,207.8000,209.8300,4814500
2018-10-22,210.7700,210.7700,206.0300,206.1900,3252400
2018-10-23,203.1000,205.2500,201.8800,204.0000,4705700
2018-10-24,202.7700,203.6900,199.5700,199.8100,4705900
2018-10-25,200.7300,203.4300,200.1400,201.9800,4571900
2018-10-26,199.0100,200.6900,197.2900,198.4900,6734600
2018-10-29,201.2300,203.6100,197.9300,200.0400,4936400
2018-10-30,199.6500,203.7600,198.7000,203.3500,6054300
2018-10-31,205.2100,208.0700,204.5000,205.2800,5663000
2018-11-01,205.6000,206.2800,204.3200,205.8600,3895100
2018-11-02,207.5000,208.7100,203.3900,206.5700,5060000
2018-11-05,213.5100,217.5100,212.9600,216.2400,7667600
2018-11-06,216.7500,218.7400,216.4600,218.5100,3879800
2018-11-07,219.9900,221.5500,217.5600,221.2400,4741900
2018-11-08,221.2400,223.5200,220.5500,222.4200,4166000
2018-11-09,221.6700,221.9900,218.3000,219.6300,3971700
2018-11-12,219.9600,220.1900,215.0000,215.4200,3355200
2018-11-13,215.6100,219.1500,215.1800,217.9200,4089600
2018-11-14,219.5000,220.7200,213.8000,216.0300,4409100
2018-11-15,214.8300,217.5700,212.1400,217.3800,4258800
2018-11-16,217.0000,220.5000,215.4600,218.4100,4347900
2018-11-19,218.2800,218.7300,215.2600,217.9400,4321000
2018-11-20,215.3100,215.9900,210.4200,210.7100,7680900
2018-11-21,211.3000,213.7400,210.5300,210.8600,2840700
2018-11-23,209.2500,209.9900,207.0300,207.0700,2274000
2018-11-26,209.3000,211.0000,208.6400,210.6300,3973900
2018-11-27,209.8200,212.8400,209.5100,212.5300,4050600
2018-11-28,213.0000,217.6400,212.4400,217.5000,4013400
2018-11-29,215.8500,219.3800,215.8000,217.7000,3960900
2018-11-30,217.2300,219.0800,216.9300,218.2400,5153200
2018-12-03,221.9800,223.5900,218.9500,220.8100,5153200
2018-12-04,220.1300,220.2800,209.7100,210.1200,7689800
2018-12-06,207.0500,208.1200,202.9200,207.9600,8386700
2018-12-07,208.1400,210.8500,203.5700,204.8800,5483500
2018-12-10,204.1000,204.7400,198.4900,203.2600,5593700
2018-12-11,206.1200,206.8900,200.5100,202.2800,4483700
2018-12-12,205.0000,205.5900,202.2800,202.4800,4164200
2018-12-13,202.0000,203.5600,201.5100,202.4200,4508000
2018-12-14,200.9600,201.7500,199.5800,200.0000,4995200
2018-12-17,199.7700,202.2000,197.1000,197.9200,5991600
2018-12-18,199.6500,200.3400,194.4400,196.5200,6593100
2018-12-19,196.5100,201.3100,193.3300,195.1700,6278800
2018-12-20,194.0100,195.3700,191.1100,193.5800,8976100
2018-12-21,192.2200,197.8000,191.5700,192.1000,14907700
2018-12-24,190.7000,191.6400,187.1100,187.7600,5020600
2018-12-26,188.6500,197.9300,186.1000,197.5700,7158200
2018-12-27,195.6000,200.1200,191.9000,200.1200,7386800
2018-12-28,200.7200,204.7400,200.2000,202.0800,5420600
2018-12-31,204.2300,205.0100,201.0000,204.1800,5451900
2019-01-02,201.7300,204.4000,201.1500,202.8000,4802100
2019-01-03,199.9700,200.2200,191.0400,191.6600,8540600
2019-01-04,194.8500,196.6900,193.8800,195.2000,6611200
2019-01-07,196.3900,198.2800,195.3700,196.9100,5423000
2019-01-08,198.9900,199.0800,194.6600,196.3100,4476800
2019-01-09,197.3000,197.6800,194.9500,196.3700,3607500
2019-01-10,195.5100,197.9000,194.9600,196.5800,3627700
2019-01-11,195.6600,196.6500,194.5000,196.2900,3535200
2019-01-14,194.7800,196.4400,194.4600,195.7800,3954300
2019-01-15,195.7900,197.2500,195.2000,196.9400,3206700
2019-01-16,197.6400,199.5700,197.2400,198.4100,5069600
2019-01-17,197.7000,199.4100,196.4600,198.7800,4161000
2019-01-18,200.7000,204.7300,200.2400,204.4800,5941200
2019-01-22,203.5200,204.9600,199.1400,200.7200,5397700
2019-01-23,200.7200,201.3100,198.5000,201.1500,3705400
2019-01-24,199.7500,201.6000,199.7500,201.0200,4074800
2019-01-25,203.0500,204.7400,201.0200,202.7500,3823300
2019-01-28,201.4900,201.7500,199.8100,200.9500,3718000
2019-01-29,200.9200,202.1500,200.5000,202.0500,2815400
2019-01-30,203.3100,207.5900,203.0500,205.9600,4519900
2019-01-31,204.6800,208.0100,203.6400,205.5400,8676200
2019-02-01,206.5200,209.3000,206.2000,209.1900,5992600
2019-02-04,209.1600,209.4000,207.0500,208.5200,3730900
2019-02-05,209.1000,209.1600,206.5300,207.8200,4243700
2019-02-06,207.2400,207.2400,205.1000,206.0100,3708800
2019-02-07,204.5300,204.9900,200.5700,201.7300,4908700
2019-02-08,200.8200,201.2000,198.2100,200.9200,4666700
2019-02-11,201.6900,203.3300,201.3200,203.0500,3600100
2019-02-12,204.9400,206.6700,204.8700,206.1500,3517900
2019-02-13,206.9600,208.0800,205.4100,205.8000,3326900
2019-02-14,204.6400,204.6400,201.6000,202.7800,3627300
2019-02-15,204.8600,205.7900,204.0700,205.2900,5044700
2019-02-19,205.1000,206.3200,204.6800,205.6900,3204000
2019-02-20,205.7800,206.9200,204.9400,206.1600,3309300
2019-02-21,206.2700,206.8600,204.3500,205.3300,3661400
2019-02-22,204.2500,204.5900,199.9200,201.9100,5575000
2019-02-25,201.7000,205.0000,201.2200,202.3100,5146500
2019-02-26,202.4000,202.6500,201.3000,201.9000,4892500
2019-02-27,201.7200,202.3000,201.2500,202.2900,4247200
2019-02-28,202.6800,202.9400,201.1100,201.3000,3619000
2019-03-01,203.1500,203.8400,201.8400,203.1300,3529400
2019-03-04,203.0900,204.8700,200.5800,201.8100,4640300
2019-03-05,201.7600,202.0000,200.5800,201.4700,5268400
2019-03-06,201.6100,202.3000,200.5700,200.6700,3216600
2019-03-07,200.5800,200.5800,197.9900,199.3000,5105700
2019-03-08,197.9100,198.9400,197.0300,198.7000,3755200
2019-03-11,199.6200,202.3000,199.4700,202.0900,3999300
2019-03-12,202.6600,203.7300,202.2300,202.5000,3756100
2019-03-13,203.0000,205.3600,202.6600,204.0600,3693600
2019-03-14,203.2600,204.3600,202.6800,203.3800,3084200
2019-03-15,204.0800,206.1600,203.8600,204.3100,7738700
2019-03-18,204.6700,206.9500,204.6700,206.6800,3964600
2019-03-19,207.7500,207.7500,204.5600,205.1500,3881500
2019-03-20,205.4300,205.4500,202.9800,203.2700,4053100
2019-03-21,202.9200,204.7000,201.9100,204.4300,4182300
2019-03-22,203.2800,204.0100,200.0600,200.5500,5872400
2019-03-25,200.8300,201.9800,198.2000,199.4400,4113100
2019-03-26,200.8300,201.3200,198.7000,200.6200,3737800
2019-03-27,200.7200,201.2000,198.2300,199.2100,3619200
2019-03-28,199.4000,200.7500,198.4000,200.6600,3233600
2019-03-29,201.3400,201.7000,200.0300,200.8900,4619400
2019-04-01,202.1600,205.3000,202.0000,205.0000,4671600
2019-04-02,204.9100,205.4300,203.5900,203.8800,2599500
2019-04-03,205.4600,205.7000,202.9000,203.6700,2864500
2019-04-04,203.2600,204.9400,202.7900,204.1000,2436500
2019-04-05,204.1200,205.5300,203.1000,205.3300,3363500
2019-04-08,205.1400,205.6400,203.9700,205.2500,2624000
2019-04-09,204.8400,204.9700,203.5900,204.9200,2589700
2019-04-10,205.1200,205.2300,203.6000,204.5200,2632200
2019-04-11,204.7600,207.0900,204.2700,206.6700,2988300
2019-04-12,208.0800,211.6700,207.5800,210.5600,4778900
2019-04-15,210.5200,210.5500,207.7600,209.7400,2587500
2019-04-16,210.1500,211.8400,210.0000,211.8000,2644800
2019-04-17,212.3900,212.4900,209.6800,210.3700,2883000
2019-04-18,210.9600,211.4300,209.7300,209.9900,2590900
2019-04-22,209.5000,210.3700,208.8800,209.4900,1929100
2019-04-23,209.5000,211.8800,208.8900,211.6100,3475400
2019-04-24,211.5500,212.0200,210.2300,210.5700,3208500
2019-04-25,209.6200,212.6700,209.3400,211.9500,3152100
2019-04-26,211.8500,214.2200,211.8100,214.2200,3155400
2019-04-29,214.9200,217.2200,214.6000,216.5800,3467600
2019-04-30,217.3200,217.3200,214.7000,216.7100,3611100
2019-05-01,217.2200,218.7900,216.4900,216.7100,3769200
2019-05-02,217.1900,217.7000,215.1700,215.9300,2646700
2019-05-03,217.1400,219.1600,216.8700,218.6000,3382600
2019-05-06,214.6900,215.5100,211.5400,213.1600,5657200
2019-05-07,211.3400,211.6000,207.4100,209.4300,5266700
2019-05-08,208.2600,211.7200,207.6000,209.2900,3838200
2019-05-09,207.3400,208.9200,204.3900,208.5600,4251300
2019-05-10,207.8900,209.2900,204.3100,209.0200,4075700
2019-05-13,204.9600,205.9100,204.3000,205.0100,5185800
2019-05-14,205.6700,206.8200,203.4500,203.6900,4005200
2019-05-15,202.7900,204.1300,201.3900,202.9800,4024300
2019-05-16,203.9000,206.6600,203.9000,204.6300,3074000
2019-05-17,203.0000,205.4600,202.4500,203.2700,4614600
2019-05-20,202.6400,203.1800,201.7500,202.7300,2645300
2019-05-21,203.1600,203.9900,202.5000,203.3600,2664400
2019-05-22,202.7200,203.4900,201.7000,202.6000,2775700
2019-05-23,200.8000,202.1800,199.3200,201.3000,4737400
2019-05-24,202.1200,202.1200,200.7900,201.6900,3314300
2019-05-28,202.0500,202.4100,199.5200,199.7000,6914900
2019-05-29,198.9500,199.4900,197.3400,198.5200,4625700
2019-05-30,199.0600,200.2100,198.7600,199.7400,3646300
2019-05-31,198.3200,198.8300,197.0800,197.4200,3685200
2019-06-03,197.6200,198.9200,196.8900,198.5600,3979000
2019-06-04,200.6300,201.6500,199.5700,201.5900,4112600
2019-06-05,202.3800,203.3500,200.9100,203.3000,3210600
2019-06-06,202.9000,205.3900,202.5400,204.7700,3005200
2019-06-07,204.9500,206.5400,204.8000,205.8100,2672700
2019-06-10,207.1200,208.0800,206.4600,207.1600,2865500
2019-06-11,208.5000,208.9900,206.0000,206.6300,2545700
2019-06-12,206.2000,206.6000,203.9200,204.5700,2835900
2019-06-13,204.4600,205.7600,204.3000,204.9900,2257600
2019-06-14,204.8700,205.8500,203.8500,205.1600,2512400
2019-06-17,205.8500,205.8500,203.1600,203.4800,2820000
2019-06-18,204.4700,206.4600,203.9800,206.0100,3670700
2019-06-19,206.3600,208.3100,206.1400,206.7500,3320600
2019-06-20,208.5100,208.7500,206.0400,208.0400,3836900
2019-06-21,208.4300,208.7200,206.0300,206.2100,5994400
2019-06-24,206.3900,207.5900,205.9600,206.8500,3164000
2019-06-25,207.4100,208.4800,206.8000,208.0700,3727400
2019-06-26,208.2800,210.0000,208.2100,208.5100,3937800
2019-06-27,208.9700,212.5400,208.8100,212.0200,4182500
2019-06-28,213.0000,213.3300,211.3200,213.1700,7472400
2019-07-01,214.2500,215.2100,213.2100,214.6200,3462600
2019-07-02,214.3800,215.5900,213.4000,214.5400,3054400
2019-07-03,215.0000,215.2500,212.6600,215.1600,2489100
2019-07-05,215.1300,215.7700,213.9000,215.2500,3324200
2019-07-08,214.0000,215.8000,213.9100,215.1300,2978400
2019-07-09,213.0200,214.9200,212.9700,214.7500,2687000
2019-07-10,215.2100,216.5800,213.7700,214.0300,3705000
2019-07-11,214.3100,214.5500,212.9800,213.1700,3119600
2019-07-12,213.2000,214.1900,212.5100,214.1000,2360500
2019-07-15,214.4400,214.4400,212.8200,213.5400,2715300
2019-07-16,214.2900,215.0400,212.7800,212.8800,2709300
2019-07-17,212.5200,212.9600,207.4100,207.4500,4324400
2019-07-18,207.5200,209.0900,207.1200,207.9800,3610600
2019-07-19,208.1100,208.2500,205.6500,205.9700,3513100
2019-07-22,205.3400,206.1600,204.3600,204.8400,3083900
2019-07-23,205.5100,206.6300,204.9200,206.4600,2846200
2019-07-24,205.7400,208.0100,205.6300,207.9700,3105200
2019-07-25,208.3700,208.3700,206.5300,207.9000,3022200
2019-07-26,207.8200,210.0300,206.7500,209.9000,3654600
2019-07-29,210.0000,210.0000,208.4200,208.6100,2834100
2019-07-30,207.8900,208.3600,206.8600,207.8100,1977500
2019-07-31,207.8000,209.5000,205.3000,205.4300,4631800
2019-08-01,205.6300,206.9800,201.4900,201.7100,4823100
2019-08-02,201.7900,204.4300,199.4200,202.6700,5695300
2019-08-05,199.9000,201.1000,197.1600,197.7300,7606200
2019-08-06,199.6100,200.9300,197.9000,200.5500,5500500
2019-08-07,198.5600,199.3000,195.4000,198.2100,5325600
2019-08-08,199.9300,200.8700,198.1200,200.5200,4143400
2019-08-09,200.1900,200.5500,197.6700,199.0500,4334400
2019-08-12,197.6100,199.4700,196.9100,197.1800,2538800
2019-08-13,197.4600,201.0000,196.5000,198.7800,3913600
2019-08-14,195.7800,197.2500,195.6100,195.8100,5838200
2019-08-15,197.0800,199.0400,196.3800,198.3100,4642900
2019-08-16,200.5000,200.8800,198.5500,199.7200,4786200
2019-08-19,202.7200,203.1000,200.3800,200.9400,4216500
2019-08-20,200.2700,200.2900,198.0200,198.1500,4043000
2019-08-21,199.0100,199.7700,198.7100,199.2400,3531800
2019-08-22,199.8000,201.8700,199.8000,201.0100,3214300
2019-08-23,200.1900,200.9200,195.9600,197.1600,5946700
2019-08-26,198.7000,200.2000,197.4400,200.2000,3094900
2019-08-27,200.7600,201.3000,198.0400,198.3500,3069000
2019-08-28,198.0200,200.5700,197.5300,200.4500,3404900
2019-08-29,201.7100,203.8000,201.6600,203.2000,3328100
2019-08-30,204.0200,204.3500,202.7300,203.4100,3632000
2019-09-03,201.1900,201.8300,200.1900,200.9000,3637000
2019-09-04,202.7300,202.9400,201.3000,202.1900,3209100
2019-09-05,204.1300,206.2200,203.7700,204.2400,3968800
2019-09-06,204.4400,205.1500,203.8600,204.7300,3409400
2019-09-09,205.5100,207.8000,205.2000,206.6200,4565000
2019-09-10,207.3100,208.3100,206.1300,208.3100,3878300
2019-09-11,208.2700,210.9300,207.5300,210.9100,4437300
2019-09-12,211.0000,212.6800,210.7200,211.3700,4598400
2019-09-13,212.2400,214.5800,212.2200,213.6100,4244700
2019-09-16,212.0600,212.1000,209.9400,210.3300,3472600
2019-09-17,210.3500,211.1600,208.6800,210.1500,3862700
2019-09-18,209.8900,211.3200,209.1200,210.9000,2732800
2019-09-19,210.7800,211.4400,208.9000,209.2200,2735500
2019-09-20,210.3700,210.3700,207.2700,208.1200,10700800
2019-09-23,207.0200,208.5300,206.4000,207.9600,3075800
2019-09-24,208.1700,208.8900,205.7400,206.4000,3709800
2019-09-25,206.5000,209.4400,206.2300,208.1100,3291900
2019-09-26,208.1900,208.1900,206.3500,206.9000,2823000
2019-09-27,207.7300,208.6400,206.5400,207.4500,2843500
2019-09-30,207.7700,208.7000,207.5300,208.0200,3167500
2019-10-01,208.9400,209.6600,206.4400,206.7100,3511800
2019-10-02,206.0900,206.0900,202.3800,203.1000,5938500
2019-10-03,202.6500,205.0900,201.3300,204.9800,4307600
2019-10-04,205.0900,208.2800,205.0500,208.0800,3571900
2019-10-07,207.3600,209.6000,206.1900,207.2400,2720600
2019-10-08,205.6200,206.1400,203.9300,204.0900,4185500
2019-10-09,204.9400,207.2300,204.7300,206.6900,3206900
2019-10-10,206.3700,208.1900,206.0800,206.8600,2979200
2019-10-11,208.9700,210.0800,207.7300,208.0800,4408400
2019-10-14,208.0100,208.0700,206.9300,207.9100,1902600
2019-10-15,207.7300,210.1500,207.5700,209.3800,3055400
2019-10-16,208.3700,209.9700,208.3700,209.2900,3233900
2019-10-17,209.2600,209.9800,208.5100,208.6200,3575400
2019-10-18,208.4500,209.6200,208.2000,208.7600,3581400
2019-10-21,210.0000,211.5400,209.7600,211.4900,3337300
2019-10-22,211.0300,211.9700,210.4700,210.6200,2716800
2019-10-23,210.5000,211.0100,209.5400,210.9600,2413800
2019-10-24,211.1600,211.3200,209.7200,210.2600,3147200
2019-10-25,209.8700,212.3300,209.7500,211.8000,2539200
2019-10-28,212.3100,213.3400,212.1400,212.8600,3521900
2019-10-29,212.3800,213.1700,211.6100,213.0100,2630400
2019-10-30,212.9900,213.4300,211.6700,213.2500,3296900
2019-10-31,213.0100,213.7100,211.5400,212.5800,4305500
2019-11-01,213.5500,216.6300,213.4000,215.8300,4777800
2019-11-04,217.7700,218.6200,216.9800,217.9800,4149200
2019-11-05,218.6900,221.6800,218.4300,220.8800,5321800
2019-11-06,221.0900,222.0300,220.1100,222.0000,3662900
2019-11-07,222.8100,223.3700,221.6700,222.7400,4394900
2019-11-08,222.7500,223.0000,219.8900,221.3100,3346100
2019-11-11,220.2000,221.0900,219.8700,220.8500,2380400
2019-11-12,220.9800,222.1900,220.5400,220.8900,2657700
2019-11-13,219.7200,220.2700,218.6100,219.7700,3190700
2019-11-14,219.7700,219.8700,217.9100,219.3600,2831200
2019-11-15,220.1800,220.4300,218.7400,219.7400,3477000
2019-11-18,219.9500,220.0500,218.3900,219.3500,3894200
2019-11-19,219.9300,220.0000,218.7800,219.0300,3378100
2019-11-20,218.0100,218.3700,216.0100,217.4800,4966000
2019-11-21,217.3000,217.7100,216.3000,216.6300,3707600
2019-11-22,216.9600,217.9900,216.8000,217.9600,2392800
2019-11-25,218.7400,219.3900,218.2600,219.0600,3648500
2019-11-26,219.1100,219.2000,217.7200,218.9000,3717800
2019-11-27,219.2500,220.5900,218.4800,220.5000,3945500
2019-11-29,220.5000,220.5800,219.8300,220.3000,2256500
2019-12-02,220.6000,221.3800,220.1100,220.3300,3888100
2019-12-03,218.8200,218.9000,216.4000,218.0800,4480100
2019-12-04,217.9500,218.8800,217.5400,218.4000,2667700
2019-12-05,218.9900,219.7500,218.0500,219.6000,2319300
2019-12-06,221.6400,223.0000,221.3300,222.6100,3447700
2019-12-09,222.7100,223.3000,221.1900,221.3800,2601000
2019-12-10,222.0700,222.0700,220.2100,221.2600,2688900
2019-12-11,221.2100,222.6500,221.0100,222.5700,3546600
2019-12-12,222.8800,226.5200,222.5300,225.9200,5121900
2019-12-13,225.9200,226.5000,223.9600,225.3700,3160500
2019-12-16,226.7700,227.8100,226.2900,226.8500,4278800
2019-12-17,227.2700,228.2300,226.5500,227.0500,4867400
2019-12-18,227.0600,227.2000,224.8900,225.0100,5962300
2019-12-19,224.6600,225.6600,224.1600,225.2100,4432600
2019-12-20,226.2400,227.8000,225.5600,226.3100,11572200
2019-12-23,226.6100,226.6700,224.9300,225.4800,3504100
2019-12-24,225.2400,225.6500,224.8800,225.4700,961100
2019-12-26,225.9200,226.5100,225.6400,226.4500,1725700
2019-12-27,226.8600,226.9700,225.5700,226.1400,2769400
2019-12-30,226.1400,226.6000,224.6700,225.7600,2769700
2019-12-31,226.1600,226.7200,225.1400,226.5000,3145200
2020-01-02,227.5100,228.3900,226.7100,228.3900,3764000
2020-01-03,225.6900,227.4300,225.4800,226.1800,3023900
2020-01-06,224.9900,227.1300,224.7000,226.9900,4263000
2020-01-07,227.2600,227.2600,225.4400,225.9200,3517000
2020-01-08,226.0300,227.8400,225.8700,225.9900,3780300
2020-01-09,226.9200,228.8500,226.9200,228.6500,3497300
2020-01-10,228.5000,228.5300,226.5900,226.6200,2572900
2020-01-13,227.0500,228.4700,226.1300,228.4500,3286700
2020-01-14,227.8500,228.3900,226.8800,227.1700,3355400
2020-01-15,226.8000,228.6400,226.7800,228.3500,2662500
2020-01-16,229.3400,230.0300,228.5200,229.7300,3036400
2020-01-17,230.1300,231.6100,229.5500,230.2000,6603800
2020-01-21,229.8500,231.1300,227.9500,228.6300,5840700
2020-01-22,229.0000,230.3800,228.4100,229.5400,3164300
2020-01-23,229.4300,229.7700,227.3500,229.3800,4750000
2020-01-24,229.4000,229.4100,226.0400,226.8600,4022500
2020-01-27,223.7000,223.9000,221.1100,222.4500,5454000
2020-01-28,223.4400,225.3500,223.1600,224.0300,3609300
2020-01-29,224.7500,226.4000,224.3100,224.5000,2310400
2020-01-30,223.1100,228.0800,222.4800,227.8800,3350900
2020-01-31,226.4900,226.9700,223.4300,224.4300,3948200
2020-02-03,225.4800,226.3200,223.0000,223.4700,3525000
2020-02-04,226.1500,226.9400,224.7900,225.0800,3642600
2020-02-05,226.9100,228.6800,226.7500,228.6500,3360500
2020-02-06,229.5600,230.0800,228.5300,229.6100,2799400
2020-02-07,228.0700,228.6200,226.6700,227.3800,2882800
2020-02-10,227.1700,227.7500,225.1300,227.1100,2944600
2020-02-11,228.5900,228.5900,227.0200,227.3300,2916400
2020-02-12,227.6000,228.8400,226.9100,227.4400,3785200
2020-02-13,226.5300,227.4000,226.1000,226.4700,2838500
2020-02-14,226.4900,227.1400,225.5200,226.8000,2506200
2020-02-18,226.3900,227.3800,225.2700,226.7700,3153000
2020-02-19,227.6800,229.7100,226.9300,229.2400,3187000
2020-02-20,229.7600,229.7900,227.1500,228.1700,3547700
2020-02-21,227.5300,230.0700,226.9800,229.3300,4699100
2020-02-24,221.3100,223.9400,220.2700,221.6900,7932400
2020-02-25,222.2000,223.2400,216.7600,218.0500,8558600
2020-02-26,219.6500,220.6300,215.9400,216.0600,6901700
2020-02-27,212.9000,214.3800,207.2800,207.6700,10941800
2020-02-28,201.9200,206.4400,199.6800,206.3400,15147200
2020-03-02,207.2500,218.8000,204.4300,217.6300,10395800
2020-03-03,217.3900,218.1500,206.2000,208.8100,10716100
2020-03-04,212.1400,218.3400,209.2600,217.8600,7408700
2020-03-05,212.5500,212.7500,207.0100,208.9600,8112700
2020-03-06,203.4800,207.4100,202.3500,205.9800,9443500
2020-03-09,195.0000,198.4800,192.2600,193.1300,13950500
2020-03-10,201.3500,202.8600,195.0500,202.7300,10929200
2020-03-11,197.3200,198.1300,192.8700,194.6400,9573900
2020-03-12,183.6000,187.6700,175.0000,175.9700,22293800
2020-03-13,187.4500,196.5000,178.4100,196.4000,14859100
2020-03-16,174.0000,188.3800,173.6200,177.7700,14168600
2020-03-17,181.8800,187.8100,177.0000,187.6000,15072400
2020-03-18,177.2900,181.3900,167.0000,172.4400,16669300
2020-03-19,170.2100,176.1800,166.0000,174.6800,12488100
2020-03-20,176.3000,177.1800,167.2900,170.0600,15213600
2020-03-23,165.3000,166.6900,159.5000,162.1300,16501500
2020-03-24,170.9100,179.1400,169.5300,178.2000,14075100
2020-03-25,180.0100,189.0700,175.1700,180.4700,13851200
2020-03-26,181.2900,184.9600,179.5900,183.9000,14131400
2020-03-27,178.5000,184.2400,176.7200,179.6600,10259500
2020-03-30,180.0400,184.1100,178.0000,183.1800,7672600
2020-03-31,182.0500,186.1700,180.5700,182.8300,8996800
2020-04-01,176.1800,178.6700,174.1900,175.9500,8682700
2020-04-02,175.0000,180.3100,174.2300,179.7300,7271900
2020-04-03,178.5900,180.2200,175.4400,178.3400,6643700
2020-04-06,184.6100,186.4100,180.4900,185.2400,9935500
2020-04-07,191.9900,192.0000,184.9000,185.2500,8148200
2020-04-08,187.5500,191.4200,185.1400,191.0100,6109900
2020-04-09,194.0000,197.2300,191.4500,193.8400,10519600
2020-04-13,193.8500,193.8500,186.0800,188.7700,7888600
2020-04-14,193.3200,194.1600,190.8200,192.9400,7032000
2020-04-15,188.5600,189.5900,187.4700,188.5700,6138300
2020-04-16,188.9000,188.9900,185.8000,187.9600,6228200
2020-04-17,192.8900,192.9000,189.0200,191.2000,8272200
2020-04-20,188.7200,189.3500,187.3000,188.7500,6474700
2020-04-21,184.1700,185.7800,183.2800,183.4800,5882500
2020-04-22,186.4600,187.3700,185.3400,186.5800,5470000
2020-04-23,186.9900,187.3500,184.5000,185.6300,6211900
2020-04-24,187.0800,187.2800,184.4200,186.5200,5205500
2020-04-27,187.7800,189.3700,186.3500,187.4600,6622400
2020-04-28,190.5400,191.0000,187.0000,187.1200,6674600
2020-04-29,190.6400,192.6800,188.9300,189.6100,7645000
2020-04-30,188.3000,189.8700,186.7100,187.3600,8217800
2020-05-01,185.2100,185.8900,181.6400,182.6700,7513700
2020-05-04,179.7800,180.3600,176.3400,177.9500,9448600
2020-05-05,180.0500,180.2300,175.9300,176.0300,9016300
2020-05-06,176.9400,177.0400,172.3400,172.3800,9003000
2020-05-07,173.4000,175.3800,173.0500,173.4800,6698000
2020-05-08,176.7100,177.2600,174.2800,176.8300,5793600
2020-05-11,175.2300,175.9600,173.6100,174.6400,9235700
2020-05-12,175.2000,175.7100,172.7300,172.8100,6470900
2020-05-13,172.0000,172.6100,169.4400,170.5700,10258900
2020-05-14,168.8000,171.4000,167.0400,170.9300,7013600
2020-05-15,169.8200,170.6600,168.5200,169.2500,5937500
2020-05-18,174.0000,176.8700,172.3100,175.4600,7458900
2020-05-19,174.1200,174.8700,172.3400,172.4900,5574800
2020-05-20,174.6100,176.8700,174.2900,176.0200,5455600
2020-05-21,175.7400,176.6500,174.4700,174.9400,4059900
2020-05-22,174.8600,175.1200,173.2100,174.9300,3584800
2020-05-26,179.9900,181.6900,178.6800,180.3400,7107600
2020-05-27,184.6700,185.9800,183.8000,185.7700,7410500
2020-05-28,187.2400,187.2800,183.9200,185.1000,6313100
2020-05-29,183.0800,185.8700,182.5300,185.5800,10630200
2020-06-01,185.5300,185.7100,183.1900,183.8400,5718800
2020-06-02,183.9900,186.4400,183.9900,185.9400,5803000
2020-06-03,188.7500,191.6200,187.8100,190.8200,6706700
2020-06-04,190.4100,192.1100,189.6900,192.0500,5809800
2020-06-05,197.8800,201.4900,196.2200,200.6600,10390400
2020-06-08,202.3400,203.3300,199.5600,201.5600,6695100
2020-06-09,197.1500,198.7900,195.8300,196.0700,7711800
2020-06-10,195.8500,196.3400,191.3700,191.5100,7337400
2020-06-11,185.0000,186.9300,177.9300,178.0200,15372400
2020-06-12,184.0200,184.0200,178.2200,181.2100,9476800
2020-06-15,177.0000,181.7700,176.0500,181.5500,8105200
2020-06-16,186.5500,186.7000,179.7500,182.3000,9407600
2020-06-17,183.0300,183.1500,180.1100,180.8600,6448500
2020-06-18,179.9000,181.3600,179.0400,180.7300,4920900
2020-06-19,183.5000,183.8800,179.0100,179.7200,8767900
2020-06-22,179.5500,181.8000,178.8700,180.1700,5816900
2020-06-23,181.8700,182.3900,180.4000,181.0100,6378100
2020-06-24,179.6100,179.6500,177.2600,177.5300,8081200
2020-06-25,176.5800,179.7200,176.0600,178.8500,6380000
2020-06-26,176.7100,178.7000,174.6300,175.3700,14772100
2020-06-29,175.9000,177.2200,175.3300,177.1900,5218200
2020-06-30,176.7500,179.1200,176.5100,178.5100,6763800
2020-07-01,178.4100,180.4500,177.3400,177.9900,4619800
2020-07-02,180.4500,180.9400,178.2400,178.8300,5163100
2020-07-06,183.1000,183.5200,181.5900,182.7200,6443300
2020-07-07,182.0200,182.4900,180.6000,181.1500,4952100
2020-07-08,180.4200,182.3100,179.7700,181.2000,5547800
2020-07-09,181.7900,181.8800,177.7700,178.8000,5420600
2020-07-10,178.2600,182.9600,178.0900,182.9000,5482300
2020-07-13,183.8100,185.8200,183.3100,184.1300,7885600
2020-07-14,182.4200,190.0800,182.4200,189.7100,14683400
2020-07-15,192.6400,193.0500,188.7500,190.5600,7558200
2020-07-16,188.3200,191.9300,188.3200,191.0100,4771300
2020-07-17,191.7700,192.1200,190.4700,190.7600,5186800
2020-07-20,190.0200,191.2300,189.4800,190.4800,4089400
2020-07-21,190.4000,193.4500,190.4000,192.2700,5256300
2020-07-22,191.7800,192.2400,190.6300,192.1000,4182700
2020-07-23,191.7100,193.3900,191.4800,193.2500,6036800
2020-07-24,193.2500,196.2800,193.0500,194.5200,5140800
2020-07-27,193.8300,193.9900,191.7700,192.1400,4309100
2020-07-28,190.9000,194.4600,190.6100,194.1200,4412300
2020-07-29,194.0300,196.6700,193.7300,196.4100,4067300
2020-07-30,193.4300,194.5700,192.2500,194.3000,4819600
2020-07-31,195.0600,196.0000,193.3300,195.7800,5936500
2020-08-03,197.2800,200.6800,196.0000,199.2600,6251000
2020-08-04,198.9700,200.3100,198.1100,200.2400,3838800
2020-08-05,201.4400,204.6900,201.0000,203.6200,5184500
2020-08-06,203.0000,205.3900,202.7000,205.0200,3380700
2020-08-07,204.2000,209.7500,204.0000,209.4800,6186000
2020-08-10,211.3400,212.9200,209.4000,212.5800,6633800
2020-08-11,214.7400,215.6000,212.2400,212.6600,5688200
2020-08-12,213.1000,214.3900,212.3100,213.2400,4791900
2020-08-13,212.9300,213.3300,211.6600,211.9800,4535600
2020-08-14,211.0400,211.9700,210.2500,210.9600,3441500
2020-08-17,210.0500,210.8200,206.3400,206.7800,5484400
2020-08-18,206.9500,209.7600,206.8000,208.3300,3500100
2020-08-19,209.1900,210.2100,206.6600,207.2100,5829000
2020-08-20,205.1700,206.7900,204.5100,206.1200,4133800
2020-08-21,205.5200,208.4000,205.5200,207.4300,4785300
2020-08-24,209.2300,213.3000,208.9100,212.6100,5039500
2020-08-25,213.5600,214.0000,212.8500,213.3500,3675900
2020-08-26,212.9800,215.8300,212.3000,214.6600,4639000
2020-08-27,214.9900,217.9800,214.7600,216.8700,4814200
2020-08-28,217.5100,218.8100,215.7300,218.5500,4290400
2020-08-31,218.6200,219.4500,217.6500,218.0400,6131900
2020-09-01,216.9200,218.5900,216.6200,218.5500,4134300
2020-09-02,218.1300,222.0900,218.1300,221.6800,5493900
2020-09-03,222.0000,223.2400,216.4300,218.1500,7084700
2020-09-04,219.9500,221.4800,215.0600,218.3200,6041400
2020-09-08,217.2800,219.1900,215.3400,217.8000,7001200
2020-09-09,218.9500,221.6200,218.5200,219.6300,5417000
2020-09-10,220.5400,220.6800,217.1500,217.8000,3837300
2020-09-11,218.0000,219.2700,216.9200,217.9300,3437100
2020-09-14,219.0000,221.3200,218.3000,219.9400,4068800
2020-09-15,220.0800,221.5700,218.4500,218.9400,3855800
2020-09-16,220.2800,222.2600,219.1900,219.5900,5658400
2020-09-17,218.4600,218.6800,216.5000,218.0500,6940800
2020-09-18,219.0800,221.0100,217.8300,218.2100,11862200
2020-09-21,214.0000,215.4500,208.7300,213.0200,8341400
2020-09-22,212.5400,214.7500,211.7000,214.1600,5289400
2020-09-23,213.9400,214.8800,209.3800,209.6100,4421200
2020-09-24,209.1400,210.2300,206.5800,208.7200,3962000
2020-09-25,207.0000,211.1100,206.8200,210.4500,3562400
2020-09-28,213.2200,215.4700,212.0200,213.5400,5042800
2020-09-29,213.5900,213.5900,210.2400,210.4400,4036900
2020-09-30,211.1100,213.7000,210.7500,212.9400,5821800
2020-10-01,214.3000,214.3900,210.6200,212.0200,4758500
2020-10-02,209.8400,213.6800,209.5300,211.1800,4420000
2020-10-05,213.0900,213.9000,212.0500,212.3600,3648500
2020-10-06,212.6500,213.4800,209.6500,210.2600,5313600
2020-10-07,212.3300,214.6700,211.3600,213.2900,3758500
2020-10-08,214.3900,215.6900,213.4400,215.1500,3611100
2020-10-09,215.8800,216.2900,214.1600,215.6800,3090700
2020-10-12,216.7400,217.4300,215.1200,216.4100,3902000
2020-10-13,215.7600,216.3800,212.0000,212.3100,4848700
2020-10-14,212.0200,212.3500,210.5400,210.9100,5026300
2020-10-15,209.2700,211.9900,208.2200,211.6500,3063200
2020-10-16,211.8400,213.8300,211.8100,211.9100,3630400
2020-10-19,212.1600,212.3200,208.2000,208.9900,3410900
2020-10-20,209.6300,211.4500,209.4100,210.0600,3888500
2020-10-21,208.9700,211.3800,208.6100,210.1800,3192000
2020-10-22,209.6300,211.7800,209.2300,211.6100,2949900
2020-10-23,212.4300,213.8700,211.7300,212.7100,2830800
2020-10-26,209.6400,210.2600,207.0000,208.4900,4714100
2020-10-27,208.0000,208.4800,206.5800,206.8800,3037800
2020-10-28,202.6800,203.8800,199.7900,200.7000,7533600
2020-10-29,200.0300,202.9600,197.8100,201.5100,5224400
2020-10-30,200.5100,202.2700,198.7000,201.9000,5754000
2020-11-02,204.8400,206.1800,203.0600,204.3100,5937500
2020-11-03,206.9300,209.8000,206.3600,206.6300,5469900
2020-11-04,206.5900,210.1500,204.7800,206.1700,5974400
2020-11-05,208.6900,210.8600,206.9700,207.4500,5933800
2020-11-06,208.4500,210.2600,207.5900,208.8500,4305600
2020-11-09,221.9700,225.2300,218.0100,221.5000,11340800
2020-11-10,221.8200,228.6100,220.9400,228.4800,7057300
2020-11-11,228.5000,228.9800,225.4700,227.3700,4786100
2020-11-12,225.0100,225.8800,223.1800,224.7200,5109800
2020-11-13,226.5000,228.1500,225.2900,227.4200,4789500
2020-11-16,230.5800,233.4600,229.8600,233.1000,5766600
2020-11-17,231.9300,234.9700,230.0100,233.1600,5038400
2020-11-18,233.5700,234.4800,230.0000,230.0700,4740600
2020-11-19,229.6700,229.9700,227.6200,229.5300,4621800
2020-11-20,228.7800,229.7200,226.7700,227.0100,4027300
2020-11-23,229.7700,230.5000,228.0400,229.5400,3630100
2020-11-24,232.4500,234.9900,231.2400,233.9200,4712500
2020-11-25,233.9200,234.0000,232.0100,233.1300,3249600
2020-11-27,233.1000,234.1700,230.4500,231.5500,1935800
2020-11-30,231.1900,231.2900,228.1700,228.9100,5989000
2020-12-01,230.2300,231.9800,229.3400,229.6800,4442400
2020-12-02,229.8000,230.5900,228.3100,230.4200,4679100
2020-12-03,230.0000,231.5000,228.8700,231.0200,4694500
2020-12-04,230.2400,231.8900,230.2400,231.3500,4749600
2020-12-07,231.2600,231.2600,228.1000,229.2400,4649300
2020-12-08,227.4600,228.7400,226.6100,228.1900,4587200
2020-12-09,228.5700,228.9000,226.6400,227.5100,4873800
2020-12-10,226.4500,227.8700,225.7300,227.3500,4567400
2020-12-11,225.2000,226.7300,224.6000,226.3900,4028100
2020-12-14,227.6800,228.0600,222.3600,222.8500,6541600
2020-12-15,224.8300,225.8600,222.7300,224.3800,5168000
2020-12-16,225.4800,225.4800,221.8200,221.9100,7537400
2020-12-17,222.5100,225.0200,221.6700,224.6800,7388000
2020-12-18,224.7900,225.2000,221.6800,223.4300,20663300
2020-12-21,222.0200,224.2000,221.2600,223.4900,7372500
2020-12-22,223.5800,223.7500,221.7600,221.8800,6157300
2020-12-23,222.6300,224.9100,222.6100,224.2400,4983900
2020-12-24,224.6000,227.1300,224.2100,226.5300,2387000
2020-12-28,228.0900,230.1500,227.3600,228.4100,3505500
2020-12-29,230.5000,231.1000,229.1000,229.5700,3799500
2020-12-30,229.5400,230.5900,229.0800,229.6500,3257400
2020-12-31,229.2800,232.2800,228.8900,231.8700,4228100
2021-01-04,231.7300,231.8700,226.8500,228.4500,7404900
2021-01-05,228.2100,230.1000,226.8500,227.4700,5524900
2021-01-06,229.4900,232.6800,227.5500,230.2700,9009400
2021-01-07,232.7800,233.9600,231.3300,232.8800,4691600
2021-01-08,233.5400,234.6000,231.7200,234.0300,4850400
2021-01-11,231.2200,233.9200,231.0200,233.4300,3882000
2021-01-12,233.3100,233.9800,231.7000,233.0300,5616600
2021-01-13,232.0000,234.9500,231.7100,234.5100,3827500
2021-01-14,234.7900,235.7000,233.8400,235.0200,4528700
2021-01-15,234.1000,234.5900,231.9100,233.4900,5225000
2021-01-19,234.6400,236.2400,231.7000,234.5500,5502100
2021-01-20,234.0000,235.2000,233.2400,234.7600,4876200
2021-01-21,235.2200,236.2000,234.0800,234.1600,4317300
2021-01-22,232.5000,233.8300,232.2100,232.9200,4465000
2021-01-25,231.6700,233.5200,230.4500,233.0100,5097700
2021-01-26,233.0000,233.5000,231.3300,231.5700,3944800
2021-01-27,230.0000,230.0000,226.1000,227.3600,8227100
2021-01-28,229.7600,233.5100,228.1600,230.9500,5943500
2021-01-29,229.4500,229.9700,227.2100,227.8700,6387300
2021-02-01,229.9700,230.5000,228.0400,229.3200,4068200
2021-02-02,231.2100,233.4300,230.6700,232.2400,5300300
2021-02-03,232.4000,233.1600,231.2800,232.6800,3805600
2021-02-04,232.8400,235.9100,232.4100,235.7700,4438400
2021-02-05,236.9800,236.9800,234.8300,235.1600,3812200
2021-02-08,236.0000,237.5600,235.3500,237.4200,3327300
2021-02-09,237.0700,240.7800,235.6600,239.9100,4773400
2021-02-10,241.4300,241.5200,239.0400,239.9200,3822600
2021-02-11,239.3600,240.4400,238.8800,239.7600,2908500
2021-02-12,238.0700,242.7600,238.0300,242.4600,3421800
2021-02-16,244.1400,247.2600,242.8200,245.2800,4722200
2021-02-17,244.1400,246.1900,244.0000,245.2500,3909500
2021-02-18,244.7300,245.4900,241.6700,243.5000,4031000
2021-02-19,244.2000,244.9500,241.3600,241.8500,4252400
2021-02-22,240.8900,245.9800,240.8000,244.9700,4009100
2021-02-23,245.5600,246.5700,243.2900,245.5300,5454900
2021-02-24,245.1500,249.5500,245.1500,248.4500,5105900
2021-02-25,248.0700,250.5600,242.9300,243.6900,6455200
2021-02-26,245.1500,245.1500,240.2500,240.5100,8085300
2021-03-01,246.8600,250.5500,246.0900,249.2100,6332300
2021-03-02,249.1200,251.3400,248.3700,249.2200,4684500
2021-03-03,249.7300,254.8100,249.2900,251.5500,6088300
2021-03-04,251.0800,252.5500,243.2300,245.4800,7827000
2021-03-05,248.8900,253.4500,247.3300,253.1500,6397000
2021-03-08,255.6000,260.2300,253.7300,257.6100,7124300
2021-03-09,258.5500,262.9400,255.6100,259.0200,8259300
2021-03-10,260.3000,267.5000,259.6400,263.9900,8939300
2021-03-11,264.2200,264.8000,260.4200,260.9100,5917600
2021-03-12,262.4000,264.6500,259.6700,260.0200,4495400
2021-03-15,260.3100,260.4400,253.5200,254.6100,6973400
2021-03-16,254.5300,254.5300,249.8200,251.5000,67200
2021-03-17,252.0200,254.2800,250.6600,252.0000,67700
2021-03-18,253.7600,255.6400,251.3800,252.4600,5547300
2021-03-19,252.3100,252.5000,248.5200,250.9900,16635400
2021-03-22,250.6000,251.6700,248.8600,250.3600,5370400
2021-03-23,250.2000,251.1700,247.7100,248.3100,4622400
2021-03-24,249.5500,251.8900,248.5000,249.6300,4165000
2021-03-25,249.3800,251.5300,246.7900,250.7500,5500000
2021-03-26,252.7500,257.3900,252.4200,256.7700,5799100
2021-03-29,253.9300,260.0500,253.3000,258.8200,6642600
2021-03-30,259.9400,261.0000,257.2400,258.1900,3878000
2021-03-31,256.8600,257.6800,255.1700,255.4700,6578100
2021-04-01,255.7400,258.4700,254.8000,258.2000,5573400
2021-04-05,260.0200,263.3500,260.0000,262.6600,5049600
2021-04-06,262.8600,263.3400,261.9400,263.0600,3060600
2021-04-07,262.9900,264.3400,262.4000,263.6200,3582700
2021-04-08,262.7200,263.9300,261.9100,263.5100,3113300
2021-04-09,264.2200,266.2400,263.3500,266.0100,6052500
2021-04-12,266.5300,268.3400,266.5300,267.9300,4292900
2021-04-13,267.4200,268.2000,266.0500,267.1000,3556600
2021-04-14,267.3100,268.4400,267.1500,267.5300,3119900
2021-04-15,268.0600,269.2800,266.3900,269.1400,3919200
2021-04-16,270.4700,272.9700,270.1100,272.1100,4710300
2021-04-19,272.3000,272.9200,268.8500,270.2800,4235500
2021-04-20,268.5300,269.3100,266.8000,267.8900,3740800
2021-04-21,267.8000,272.4600,267.7500,272.2100,3897100
2021-04-22,272.0400,272.0800,268.7800,269.5100,3732100
2021-04-23,269.8600,272.6900,269.5600,271.9800,3684100
2021-04-26,272.2800,273.9800,270.6300,270.8600,3569100
2021-04-27,271.0700,274.1600,270.0500,273.6500,3173400
2021-04-28,273.5400,273.9600,272.1300,272.9500,3176000
2021-04-29,274.4700,277.7900,274.3500,277.6000,4540300
2021-04-30,276.2900,277.4100,274.2100,274.9500,5212400
2021-05-03,278.5500,281.1200,277.6700,279.1800,5184000
2021-05-04,278.5400,280.8000,276.7800,280.2600,4465500
2021-05-05,282.5200,284.2400,282.1200,282.7600,4348100
2021-05-06,284.6900,290.0000,284.0500,289.7100,5962900
2021-05-07,289.9700,291.0700,287.7700,290.9300,6099200
2021-05-10,292.3500,295.0800,292.0700,292.3300,4537800
2021-05-11,289.8400,290.5100,284.2900,285.6300,6813500
2021-05-12,285.4600,286.1200,282.5500,282.9100,5308800
2021-05-13,282.9100,288.3700,282.8500,286.9000,5244100
2021-05-14,288.6700,291.3800,288.6700,290.6800,4260600
2021-05-17,289.9900,290.4700,288.0700,289.2200,3883300
2021-05-18,290.2000,290.3100,287.2400,287.5900,4356300
2021-05-19,284.1100,286.5600,282.5700,286.2200,5271300
2021-05-20,288.4100,289.1400,285.9000,286.7300,4141600
2021-05-21,287.1200,289.3500,286.7500,287.7400,4230700
2021-05-24,289.1100,290.4100,287.9100,289.7300,3973300
2021-05-25,290.1900,291.6000,287.1100,287.2000,4752300
2021-05-26,289.6400,289.6400,285.7500,287.3300,4756300
2021-05-27,288.5700,289.9900,286.5700,289.3000,6602100
2021-05-28,289.6800,290.4600,288.2300,289.4400,4522500
2021-06-01,291.5200,292.0700,288.8100,289.8400,3335800
2021-06-02,290.8500,290.9000,289.2200,290.0200,3517100
2021-06-03,288.3600,293.2700,288.2800,291.9700,4099400
2021-06-04,292.9100,293.0800,291.4500,292.5200,3271100
2021-06-07,292.5600,292.5800,288.8400,289.4600,4441000
2021-06-08,289.1800,289.9000,285.7000,289.1900,5035900
2021-06-09,288.8800,289.0900,287.0500,288.5800,3501800
2021-06-10,289.8800,290.8100,284.6800,284.9100,4039200
2021-06-11,285.4500,287.3600,285.0200,286.8200,3524200
2021-06-14,286.6600,286.8500,281.5200,283.5300,6100500
2021-06-15,284.4600,284.9600,282.6500,283.9400,3758700
2021-06-16,283.7300,284.8000,281.0800,283.1100,5626800
2021-06-17,284.2900,284.5000,277.5600,278.6900,7134200
2021-06-18,276.5000,276.9800,272.4600,274.0400,12565800
2021-06-21,275.6200,278.8500,275.4300,277.1000,5482700
2021-06-22,277.5700,277.7100,275.9300,276.9200,5224700
2021-06-23,276.8900,277.0000,274.5500,274.6600,4533100
2021-06-24,275.0000,276.5800,274.0500,275.4900,5453900
2021-06-25,276.3700,279.3100,275.3500,278.3800,5577100
2021-06-28,278.8200,279.0600,275.6000,276.6100,4024600
2021-06-29,276.6900,277.9800,275.2500,276.2100,4470500
2021-06-30,275.8900,278.4400,275.6600,277.9200,4474100
2021-07-01,278.2000,280.3000,277.5500,280.1700,3647200
2021-07-02,281.4100,281.4100,278.5700,279.1200,3682800
2021-07-06,278.2800,278.2800,275.1000,277.3200,4401500
2021-07-07,275.9900,279.6900,275.8000,279.2400,4412600
2021-07-08,276.9900,277.7400,273.1600,274.1000,5370500
2021-07-09,276.0300,280.8800,275.7400,280.4900,4896000
2021-07-12,279.0500,282.2200,278.2700,280.1100,4282500
2021-07-13,280.1100,280.4100,278.3600,279.2100,3136300
2021-07-14,279.0700,280.7600,277.7700,278.3100,4108000
2021-07-15,277.1300,280.6400,277.0900,279.7200,3274700
2021-07-16,280.9300,280.9300,277.2200,277.9000,3436100
2021-07-19,274.2100,275.5000,270.7300,272.6600,5231900
2021-07-20,272.6600,277.8100,272.0000,276.8900,4737000
2021-07-21,277.6400,280.9200,277.6300,279.8800,3435900
2021-07-22,278.5900,279.2700,277.4200,277.7000,2565700
2021-07-23,279.0500,279.9200,277.7400,278.4900,3217500
2021-07-26,277.7800,280.2500,277.7800,278.8000,2423800
2021-07-27,278.0700,281.0900,276.9100,280.7800,3390300
2021-07-28,280.8000,280.9800,277.6000,278.1000,3794000
2021-07-29,279.2900,281.2400,279.0800,279.7600,3543600
2021-07-30,280.0100,281.0800,277.6000,278.2900,3607400
2021-08-02,279.3100,281.9800,277.7300,278.1400,3091200
2021-08-03,279.0500,282.5100,276.7700,281.8000,3630600
2021-08-04,280.1700,280.9200,278.6400,278.7800,3024600
2021-08-05,280.1600,282.0000,278.3300,280.2100,3584900
2021-08-06,281.8200,285.8300,281.5000,285.6300,4831900
2021-08-09,287.8600,288.7300,286.0600,287.2300,3676500
2021-08-10,287.0100,289.0600,286.0000,288.9400,3134100
2021-08-11,289.4500,291.8200,288.8300,291.2800,3475100
2021-08-12,291.8100,291.8100,288.9300,290.2400,3170300
2021-08-13,290.6100,291.0500,287.1200,287.8900,3115200
2021-08-16,287.0000,289.4900,285.2100,289.4500,3562300
2021-08-17,288.5300,290.7700,287.6000,289.1000,3626300
2021-08-18,289.0000,290.0700,285.9500,286.3600,3880500
2021-08-19,284.9600,287.1500,283.9800,285.1300,3393100
2021-08-20,284.9600,285.9200,283.9500,285.2700,2846100
2021-08-23,287.3800,287.3800,285.3900,285.6200,2956500
2021-08-24,286.0100,286.5800,284.1800,286.0200,3185000
2021-08-25,286.2000,288.5600,285.2200,287.3000,2973300
2021-08-26,288.1600,288.1700,284.9900,285.2700,3340300
2021-08-27,285.6200,286.7100,285.1200,286.6000,3484400
2021-08-30,286.3000,287.0400,285.0200,285.6600,3505200
2021-08-31,285.2800,286.3300,284.7600,285.7700,6497800
2021-09-01,286.5900,287.1400,284.8500,285.2600,3323200
2021-09-02,285.3500,286.4400,284.2100,285.0500,3969800
2021-09-03,284.3000,284.8200,281.7100,281.8900,4495100
2021-09-07,281.9100,281.9100,278.7300,278.9000,4863900
2021-09-08,278.1800,279.9500,277.5900,279.3400,4646800
2021-09-09,278.9100,280.1100,278.3700,278.6100,3683700
2021-09-10,279.9700,279.9700,277.4900,277.6000,4552300
2021-09-13,278.3600,280.8400,277.8200,279.9200,4601900
2021-09-14,280.5400,280.7800,276.3600,277.2000,5283200
2021-09-15,277.6000,279.0600,276.6700,278.1800,3883500
2021-09-16,278.9600,279.2100,276.2100,277.5100,4210000
2021-09-17,277.6400,281.0000,275.4200,276.7600,15863300
2021-09-20,273.0500,274.9100,271.3600,274.2000,7644000
2021-09-21,276.0300,276.2200,272.5900,273.1800,4648400
2021-09-22,276.2800,276.6100,273.6700,274.0700,5018400
2021-09-23,275.1500,279.7000,275.0100,278.1200,4731600
2021-09-24,278.3000,279.1300,277.4100,277.8700,3106100
2021-09-27,279.7700,280.6300,278.1200,279.7200,3358400
2021-09-28,279.1400,281.3800,275.8200,276.7900,4959500
2021-09-29,277.0300,278.7800,275.9500,277.2900,2952000
2021-09-30,278.3700,278.3700,272.8400,272.9400,5187900
2021-10-01,273.0200,277.5100,272.2200,275.7100,3950700
2021-10-04,274.6800,276.9600,273.0500,273.6400,4307000
2021-10-05,273.8600,279.6700,273.2000,278.0500,5069400
2021-10-06,276.2800,280.3900,274.6100,280.2200,3866100
2021-10-07,282.1400,284.9900,282.1400,282.9500,3794200
2021-10-08,282.5900,284.7200,281.7100,284.1400,2299900
2021-10-11,284.4300,285.6100,280.8000,280.9300,2907900
2021-10-12,281.4600,281.5200,278.2100,278.6200,3770800
2021-10-13,278.4700,279.4100,275.5500,277.9000,3311400
2021-10-14,280.8100,282.3800,279.3000,281.6400,3646400
2021-10-15,283.9400,284.9700,282.2700,284.2100,4313700
2021-10-18,282.8300,283.5100,281.5700,282.5900,3551500
2021-10-19,283.6000,285.1500,283.0500,284.8300,2682700
2021-10-20,284.3400,287.7000,284.3200,287.4900,3147600
2021-10-21,286.9900,287.2800,285.2500,286.8200,2488800
2021-10-22,287.6600,289.8000,286.2400,289.2400,3406500
2021-10-25,289.7000,290.4700,287.6000,290.2600,3142900
2021-10-26,290.6500,292.2200,290.3000,290.8500,3872300
2021-10-27,290.8500,290.9500,287.6400,287.7800,3691500
2021-10-28,288.2100,289.8600,287.2000,289.7200,3300100
2021-10-29,288.8100,290.0000,286.7400,287.0100,4420300
2021-11-01,288.0500,288.4200,285.6200,286.2400,2889500
2021-11-02,286.6100,288.5000,285.2200,287.9300,3838300
2021-11-03,287.2100,288.8800,286.1300,288.7200,2773100
2021-11-04,289.1300,289.1300,285.2500,287.6900,3426300
2021-11-05,288.8300,290.7000,286.8200,287.8800,3581100
2021-11-08,290.0000,295.6500,288.6100,288.8000,4721000
2021-11-09,288.7900,288.9900,285.3000,286.3500,3587200
2021-11-10,286.4900,287.2400,284.5200,285.3200,3421700
2021-11-11,286.5000,287.0700,284.2500,284.6500,2861000
2021-11-12,284.8800,286.1000,283.8000,285.9900,2917000
2021-11-15,286.6000,286.9900,284.2400,284.6700,3217300
2021-11-16,284.4700,285.1600,283.1200,283.3600,4204200
2021-11-17,283.1200,283.1200,280.9000,281.5900,3740800
2021-11-18,281.1000,281.7500,279.2500,280.6300,3338000
2021-11-19,280.9600,280.9700,278.0100,279.9900,4529200
2021-11-22,280.7300,286.4400,280.0100,284.9700,5036000
2021-11-23,285.1500,288.7300,285.0500,288.5600,4490100
2021-11-24,287.4400,288.3200,286.0900,287.2800,4924100
2021-11-26,280.2800,284.7100,279.7600,283.0900,4440700
2021-11-29,284.0000,284.9800,281.4200,282.1200,5390900
2021-11-30,279.9400,280.2000,275.8900,276.6900,9925300
2021-12-01,279.5400,281.7200,274.7900,275.0000,5165100
2021-12-02,276.6800,280.3700,275.2900,279.0900,4924800
2021-12-03,278.7100,279.9700,275.2700,277.4300,5925000
2021-12-06,278.7300,283.1700,278.7300,281.3800,5524200
2021-12-07,282.4200,285.4100,282.1200,284.9700,5766000
2021-12-08,284.9700,285.9700,282.2800,283.7200,3255700
2021-12-09,283.7700,284.9500,281.7800,284.5200,3445500
2021-12-10,285.4900,288.5000,284.2300,288.2300,4109800
2021-12-13,288.5000,291.5800,285.8400,290.0100,4887500
2021-12-14,289.6700,296.4100,289.6700,295.0300,5992200
2021-12-15,295.8200,296.5000,292.8100,294.5800,5598200
2021-12-16,296.8800,301.5800,295.1000,300.1700,6538100
2021-12-17,297.8500,298.0000,292.3500,293.6600,12719500
2021-12-20,290.7700,291.5800,287.5900,289.6100,5456200
2021-12-21,292.1400,295.4100,291.5000,293.2400,3929100
2021-12-22,292.8600,294.5700,291.7400,294.4100,2445600
2021-12-23,295.2200,296.7800,294.2100,294.4900,2898200
2021-12-27,295.2500,296.6900,294.4600,296.6700,2807200
2021-12-28,296.9600,299.7900,296.8000,298.2900,2572900
2021-12-29,299.2300,300.6500,298.8600,299.4600,2687300
2021-12-30,300.8800,301.6500,299.7400,299.9800,2300000
2021-12-31,299.9400,300.6900,298.8400,299.0000,2932200
2022-01-03,300.1000,301.3000,299.2000,300.7900,3570300
2022-01-04,301.6500,309.2100,301.6500,308.5300,6003300
2022-01-05,309.8700,314.4800,309.5000,309.9200,6888300
2022-01-06,312.9800,314.1100,310.2200,313.2200,5137200
2022-01-07,315.5600,320.2000,314.1400,319.7800,5618300
2022-01-10,321.4000,322.1000,315.1200,318.9300,5812300
2022-01-11,318.6100,320.0000,315.0400,319.8000,4247900
2022-01-12,320.6200,321.0500,317.2600,320.3900,3580400
2022-01-13,321.0000,323.4700,320.1000,321.2600,4277900
2022-01-14,318.8700,324.4000,316.5000,324.1300,4913700
2022-01-18,322.2200,323.2900,318.0700,320.2900,5764200
2022-01-19,321.3500,321.3500,314.5800,314.7500,6086400
2022-01-20,315.5800,317.1800,310.6800,311.0100,4402300
2022-01-21,309.9900,311.0200,304.1400,305.2200,6535400
2022-01-24,299.7000,304.7300,296.0800,303.7300,8504200
2022-01-25,301.8700,309.1300,294.8100,307.1900,6435400
2022-01-26,310.4000,313.3300,306.5700,309.2600,6119400
2022-01-27,311.7000,315.9200,305.3100,307.6700,5053200
2022-01-28,307.6800,313.2900,304.0700,312.9000,5238200
2022-01-31,312.0000,313.3000,307.8400,313.0200,5237600
2022-02-01,312.6400,314.6000,310.3100,313.9600,4347200
2022-02-02,313.5700,320.1600,313.0000,319.6000,4632200
2022-02-03,319.3300,319.6500,314.6100,315.2300,4151500
2022-02-04,315.8700,317.8400,312.7000,314.9900,3654700
2022-02-07,314.9100,318.2200,312.0600,316.5100,3129100
2022-02-08,318.2700,322.6500,316.0000,321.4400,6237800
2022-02-09,323.8000,325.6300,321.5400,322.3800,3995900
2022-02-10,320.9900,322.4600,318.4900,319.8500,7079700
2022-02-11,320.0100,323.1200,317.7400,319.1400,7493400
2022-02-14,319.6100,320.4300,312.1700,314.2800,8129100
2022-02-15,316.6400,317.9400,314.6900,316.2000,3681400
2022-02-16,315.0000,316.9000,314.2800,315.6500,3974100
2022-02-17,314.9800,315.4400,312.3000,313.5500,3632400
2022-02-18,313.8300,315.6800,313.0800,314.8000,4224500
2022-02-22,313.4400,315.4300,310.5500,314.1600,5102000
2022-02-23,316.0800,316.8000,309.3800,309.9900,5030600
2022-02-24,301.7800,308.8100,299.5100,308.2800,8834700
2022-02-25,311.1600,321.4300,310.7800,319.2400,7484400
2022-02-28,317.3500,322.0000,315.1900,321.4500,7981000
2022-03-01,320.2600,321.2000,313.5900,316.8400,6441400
2022-03-02,319.4800,325.7500,318.1200,323.6400,4506100
2022-03-03,326.6300,329.4700,323.8900,327.7400,4594300
2022-03-04,322.6600,325.6100,320.1200,325.3400,4901900
2022-03-07,325.6800,326.4400,320.3500,322.7200,5875800
2022-03-08,325.3000,327.2900,318.0300,318.5200,7905000
2022-03-09,326.5900,327.4700,322.5800,325.4000,5874500
2022-03-10,322.4900,325.7000,321.5800,325.3000,3843600
2022-03-11,326.5300,331.4900,326.2300,326.6000,5135700
2022-03-14,328.6500,333.4800,327.6500,329.9800,5967200
2022-03-15,332.7000,334.5800,329.3800,332.5500,6928300
2022-03-16,335.1100,337.3400,331.7100,336.1100,5925800
2022-03-17,337.0000,345.1300,336.2000,344.9700,7219800
2022-03-18,344.1200,346.8700,339.2700,342.4100,8881500
2022-03-21,344.9900,351.2100,344.3000,349.6600,6298300
2022-03-22,351.0100,354.9500,348.9000,349.9300,5772700
2022-03-23,349.1300,350.7900,346.2500,348.1600,5642400
2022-03-24,351.5000,352.5700,349.1300,352.3700,3946300
2022-03-25,353.9000,359.0100,353.6000,358.7600,4583000
2022-03-28,360.5900,361.3800,355.5300,359.5700,4172900
2022-03-29,361.3900,362.1000,352.5500,355.1200,5004800
2022-03-30,354.6600,357.8500,351.8400,357.6100,3911200
2022-03-31,359.0000,360.0000,352.3200,352.9100,6065400
2022-04-01,353.6500,354.5800,349.0200,351.8800,4123800
2022-04-04,352.0000,352.2400,344.3100,345.4300,5090000
2022-04-05,345.7700,349.4400,344.2800,344.8000,4244700
2022-04-06,341.1700,346.9700,340.5500,344.7100,4547400
2022-04-07,346.2200,347.6700,342.4000,346.5100,3815700
2022-04-08,348.9300,353.8500,347.7300,353.1000,4490500
2022-04-11,352.9800,354.3300,349.3400,352.0200,3128900
2022-04-12,352.2600,354.0000,348.3900,349.7400,3548800
2022-04-13,349.4600,350.7200,345.2500,346.2200,3434200
2022-04-14,346.1600,347.5600,344.1400,344.3300,3283500
2022-04-18,344.4500,347.1900,343.5900,346.6500,2517100
2022-04-19,347.0000,349.1300,345.8500,348.5000,3392000
2022-04-20,350.0000,350.5900,347.7000,348.8200,3711200
2022-04-21,350.8600,350.8600,342.9600,343.6000,4032100
2022-04-22,342.9400,343.2100,335.1100,335.5600,4966500
2022-04-25,332.3000,337.8500,328.5300,336.9500,5695100
2022-04-26,333.5300,337.3900,330.3600,330.6500,4588900
2022-04-27,330.6000,333.1400,328.4300,329.5800,3726700
2022-04-28,331.5300,332.0600,327.8300,331.2700,3845800
2022-04-29,330.1900,330.6400,320.5000,322.8300,5685200
2022-05-02,324.1100,324.3700,311.7400,318.1900,6797200
2022-05-03,319.4200,323.5800,317.6700,318.9900,3874700
2022-05-04,319.1000,327.2800,318.0000,326.8000,4269600
2022-05-05,325.8500,325.8500,315.1600,318.6800,5257600
2022-05-06,317.9900,320.3700,314.1900,318.8800,4198800
2022-05-09,315.3500,316.9200,311.5600,312.9600,4874400
2022-05-10,315.9600,318.1100,310.2400,312.5300,4798400
2022-05-11,313.1700,317.5500,311.0100,311.5400,4250700
2022-05-12,307.9500,309.0700,302.5500,308.0600,5679800
2022-05-13,311.2500,312.4700,307.9000,310.3600,3767500
2022-05-16,310.2800,311.9500,307.1300,309.2900,3697600
2022-05-17,315.2100,315.4400,312.1000,314.6000,4154200
2022-05-18,312.9400,314.1700,305.5700,306.6400,4417900
2022-05-19,303.9300,306.3100,301.2100,304.1500,4730100
2022-05-20,307.0500,307.4600,298.1100,304.0500,5517600
2022-05-23,307.3800,312.4400,306.6200,310.2000,4142100
2022-05-24,309.3900,310.3100,303.7500,309.1700,3657600
2022-05-25,308.5900,310.9900,305.9200,308.6400,3704800
2022-05-26,311.2700,314.3900,310.9800,312.5000,4472000
2022-05-27,314.7300,319.2400,314.1500,319.1100,4280100
2022-05-31,318.9800,318.9800,314.8000,315.9800,5675800
2022-06-01,316.0000,316.7900,309.6100,312.2100,3795700
2022-06-02,312.6500,315.0900,308.6100,314.9500,3119300
2022-06-03,312.5000,313.8000,310.4000,310.9400,2587500
2022-06-06,313.3800,315.7800,311.4800,312.1500,2980900
2022-06-07,310.5800,313.7900,309.3900,313.6500,2550700
2022-06-08,312.1600,312.8000,307.9300,308.7400,2877400
2022-06-09,308.1000,308.3800,300.5700,300.8000,3217400
2022-06-10,296.0800,298.0000,291.6100,291.7100,5882600
2022-06-13,285.4300,287.4300,280.1000,281.5600,7109100
2022-06-14,282.0900,283.9600,276.1000,277.6400,5838100
2022-06-15,281.1600,282.5000,273.8700,278.9300,5821200
2022-06-16,273.3900,273.4000,266.8800,268.5600,7199200
2022-06-17,268.3900,270.5000,265.6800,268.0800,11562000
2022-06-21,273.8500,273.9800,270.3400,271.7700,4906700
2022-06-22,267.3800,273.4000,267.3800,269.7900,4220700
2022-06-23,269.8500,270.7100,263.6800,267.5200,4727400
2022-06-24,268.9700,279.6700,268.5700,278.2800,6451900
2022-06-27,280.5300,282.0300,277.6100,278.4000,4134800
2022-06-28,280.5100,282.4500,273.6800,273.8600,3868000
2022-06-29,274.9500,275.9400,272.9700,273.4900,2995900
2022-06-30,270.5100,274.9200,268.6800,273.0200,4623500
2022-07-01,272.5000,278.4000,271.6300,277.5000,3667300
2022-07-05,274.2000,275.8600,271.3900,275.6900,3676900
2022-07-06,274.8400,277.5100,272.8700,275.6500,3033900
2022-07-07,277.5000,279.5900,277.1000,279.2800,3949700
2022-07-08,279.7900,282.6100,279.2500,280.8300,2983400
2022-07-11,279.3800,281.4600,277.8700,278.5100,2864400
2022-07-12,277.5700,282.1800,276.6500,277.2800,3033000
2022-07-13,275.3700,280.0900,274.4500,277.4700,4197400
2022-07-14,273.0000,275.3500,271.2000,274.4100,3888500
2022-07-15,277.5300,280.0000,276.0600,278.4800,4547400
2022-07-18,281.5000,281.5000,275.2100,276.2600,3273800
2022-07-19,279.0000,284.0800,278.1700,283.5500,3590200
2022-07-20,284.6400,286.4400,283.9000,286.0400,3877200
2022-07-21,287.0000,287.2400,282.0900,286.8500,3699000
2022-07-22,288.1000,289.4000,283.6200,285.9300,2876100
2022-07-25,287.2100,289.0700,285.1500,287.9900,3136300
2022-07-26,287.7900,288.7100,284.6500,285.3100,2512200
2022-07-27,287.6700,291.5600,285.7000,290.3000,3613200
2022-07-28,291.1800,294.0300,286.7700,293.9000,3986900
2022-07-29,297.4200,302.4000,295.4300,300.6000,6976200
2022-08-01,299.7000,299.7000,294.8300,295.8600,4192700
2022-08-02,294.8700,295.5300,291.9200,292.1700,3166500
2022-08-03,295.0500,295.8800,291.1000,294.9600,4061400
2022-08-04,294.7300,295.9800,292.6200,292.9100,3946200
2022-08-05,291.8700,294.1000,290.4300,292.0700,3395400
2022-08-08,294.8700,299.3300,292.2700,292.3400,3965600
2022-08-09,293.3500,297.5700,291.9300,292.7700,3872100
2022-08-10,296.4800,296.9300,294.1000,295.1100,3705700
2022-08-11,298.0000,299.0600,296.1200,296.4700,3144800
2022-08-12,297.9000,301.6900,297.0000,301.5500,3231300
2022-08-15,298.6400,303.7600,297.4000,302.8200,2927200
2022-08-16,304.9900,308.1500,303.7600,306.6500,3342600
2022-08-17,305.2200,306.8900,302.7400,304.2600,2962600
2022-08-18,304.4400,304.5700,301.5500,304.2700,2783100
2022-08-19,302.9500,303.2200,296.8100,297.2800,4613100
2022-08-22,294.0000,294.4700,287.8600,288.6900,4713900
2022-08-23,288.8500,291.6400,288.1500,289.6500,2592100
2022-08-24,290.0000,294.0000,289.4600,293.5200,3266100
2022-08-25,293.7100,298.4800,292.8300,298.1300,3463700
2022-08-26,299.4100,299.6300,289.6500,289.9600,5277200
2022-08-29,288.4000,289.8300,285.7500,287.4500,3098300
2022-08-30,288.7200,289.3200,284.7700,285.4200,3213700
2022-08-31,287.2500,288.0100,280.4400,280.8000,4999600
2022-09-01,279.9500,282.6800,277.3100,282.4300,3765000
2022-09-02,284.8400,285.4200,276.3700,277.6700,3793600
2022-09-06,278.0100,279.4900,275.3600,276.5900,4362900
2022-09-07,275.7400,281.7400,275.4200,281.0400,3509900
2022-09-08,278.5800,283.4000,277.2900,283.3400,3542300
2022-09-09,284.5400,287.0200,284.1300,285.7700,3125100
2022-09-12,286.7000,289.2400,286.0300,288.5100,3407900
2022-09-13,283.9900,285.1400,277.5000,278.2900,4582700
2022-09-14,279.0000,280.2100,275.6400,278.4200,3718400
2022-09-15,278.6900,281.2700,276.3600,276.7000,3274500
2022-09-16,275.3500,276.3800,273.2600,274.8100,7288900
2022-09-19,272.7900,279.1300,272.7200,278.9500,3291500
2022-09-20,277.1700,278.0400,274.6100,277.1300,3275600
2022-09-21,278.9000,278.9200,270.7200,270.7400,3941800
2022-09-22,271.0300,271.5000,268.2700,268.5100,4120900
2022-09-23,266.0100,268.1400,264.2400,267.7700,5175100
2022-09-26,265.8200,267.8400,263.3700,264.3200,4929300
2022-09-27,266.9900,267.9300,261.5500,265.4700,5767700
2022-09-28,265.6500,273.6000,264.9100,271.7800,5941800
2022-09-29,269.8900,272.1700,265.5900,269.5800,5210700
2022-09-30,269.2100,272.9400,266.6000,267.0200,6057500
2022-10-03,269.5200,274.5700,267.1600,272.8000,4901000
2022-10-04,277.4200,281.3000,276.6000,280.4900,4633700
2022-10-05,276.8700,280.8800,275.8400,279.3600,3350400
2022-10-06,278.2000,279.8500,275.9000,276.3100,3394000
2022-10-07,274.4400,274.5000,267.4800,269.0400,4270200
2022-10-10,269.8900,270.2100,265.8600,266.9300,3106500
2022-10-11,266.1000,270.9700,265.6100,267.3100,3442000
2022-10-12,267.3100,267.5200,263.9600,264.0000,3342400
2022-10-13,260.5800,276.7800,259.8500,275.7800,5483400
2022-10-14,277.5900,279.2200,271.9700,272.6700,4292300
2022-10-17,276.4800,278.5900,275.3000,277.0200,4452100
2022-10-18,282.7400,283.3600,279.2500,281.6700,4292700
2022-10-19,280.3300,282.3800,276.9700,278.3400,3213700
2022-10-20,278.0700,279.4400,273.0000,273.5300,3916600
2022-10-21,273.7600,282.9200,271.4600,282.5100,4995400
2022-10-24,284.1000,289.3400,283.9900,287.4800,3860000
2022-10-25,288.7700,289.8700,286.8800,289.2400,3171000
2022-10-26,289.7500,291.8000,287.6800,288.5200,3294100
2022-10-27,290.3100,294.0000,288.8500,289.8800,4273800
2022-10-28,292.7700,299.9800,291.4800,299.6300,4627600
2022-10-31,297.9800,298.8900,294.8500,295.0900,4626400
2022-11-01,298.4500,298.8700,293.0400,294.1300,3837000
2022-11-02,293.0400,298.2600,289.4200,289.4600,4269000
2022-11-03,286.0200,287.4700,283.4600,283.8500,3122900
2022-11-04,286.7700,289.2000,282.3800,287.4700,3925300
2022-11-07,290.9200,292.1000,288.6500,290.1900,3522000
2022-11-08,291.1100,294.7400,289.0100,292.6100,3562200
2022-11-09,291.9800,292.4000,288.0600,288.6500,2759300
2022-11-10,297.1100,303.5000,294.5400,303.2000,5693100
2022-11-11,305.5600,311.3300,302.6000,309.7200,6570200
2022-11-14,310.0000,311.8400,308.8400,308.9100,4637600
2022-11-15,313.6700,313.8900,307.1800,309.9800,4372400
2022-11-16,310.9300,311.5500,306.7400,308.7600,2970600
2022-11-17,305.7000,307.6200,304.1500,307.4400,3062200
2022-11-18,310.5500,311.2000,308.6200,310.7600,3395500
2022-11-21,310.8100,312.9000,308.5800,311.2000,2862000
2022-11-22,313.0000,316.5600,312.0500,315.7600,3172000
2022-11-23,315.3900,316.4300,314.0700,316.1800,2684900
2022-11-25,317.5200,319.1200,316.1800,317.4300,1844900
2022-11-28,316.2500,317.6400,312.3300,313.2700,4230700
2022-11-29,311.8900,315.2900,311.3500,315.1300,3740100
2022-11-30,315.1300,318.6000,308.7000,318.6000,7919700
2022-12-01,319.0000,319.5600,313.3000,315.8400,4351600
2022-12-02,313.4900,316.3800,312.7500,316.1500,3025700
2022-12-05,315.2200,315.6600,308.7300,310.5700,3835800
2022-12-06,309.9500,310.2900,306.3500,307.7800,3877400
2022-12-07,307.0700,309.3800,304.9200,305.8200,4130800
2022-12-08,306.0000,307.4900,305.0900,305.9900,2351700
2022-12-09,305.3200,308.3400,304.7100,306.3900,3326000
2022-12-12,307.5500,311.9100,305.4600,311.4500,4366700
2022-12-13,318.4000,318.9100,310.8200,312.3300,5042800
2022-12-14,312.7400,316.3600,308.4000,309.2900,4056900
2022-12-15,306.4300,306.9600,299.4500,301.9100,5103900
2022-12-16,299.0500,302.4700,297.7600,300.0000,8305700
2022-12-19,300.5100,301.4800,297.1500,300.0300,3842200
2022-12-20,300.0900,304.1900,297.0000,302.0000,3090700
2022-12-21,304.3800,308.5400,304.1600,307.8200,3264600
2022-12-22,306.1000,306.5000,297.6400,302.6900,3560100
2022-12-23,302.8800,306.5700,300.9300,306.4900,2460400
2022-12-27,306.4500,308.5800,304.6500,305.5500,2730900
2022-12-28,304.7700,307.4600,303.2600,303.4300,2628200
2022-12-29,305.9400,309.3800,305.2400,309.0600,2846200
2022-12-30,306.9500,309.0400,305.6200,308.9000,3298300
2023-01-03,310.0700,312.3900,307.3800,309.9100,3549900
2023-01-04,312.0000,316.8900,311.2500,314.5500,5121200
2023-01-05,313.5700,314.2300,310.0000,312.9000,3416300
2023-01-06,315.0000,320.1600,313.3800,318.6900,3647900
2023-01-09,319.0200,320.5000,314.7500,315.5300,4397400
2023-01-10,315.0000,316.8000,313.3400,316.3500,3049100
2023-01-11,318.5200,320.5700,316.6000,320.3700,2999500
2023-01-12,321.1500,321.3200,317.7200,318.9300,3070300
2023-01-13,317.4900,318.4200,315.7900,317.6400,2773000
2023-01-17,318.4000,318.5200,314.2500,314.8600,3478900
2023-01-18,315.0000,315.5400,307.7500,308.3000,3406000
2023-01-19,306.1200,307.2400,303.8600,305.2300,3614600
2023-01-20,305.2100,310.0100,304.3600,309.8700,3770100
2023-01-23,309.6300,312.7300,306.8500,310.4200,3086700
2023-01-24,309.3000,312.8300,307.5000,311.3000,2234300
2023-01-25,308.3300,312.5500,307.7100,311.9000,2299800
2023-01-26,312.9900,313.6800,309.5800,310.9500,2856600
2023-01-27,309.7900,311.7300,308.3400,309.1700,3031200
2023-01-30,307.6000,309.5100,306.8100,307.3300,3474600
2023-01-31,307.7400,311.8600,305.7900,311.5200,3653400
2023-02-01,309.6300,312.6700,306.3800,310.5700,3518300
2023-02-02,312.3500,312.6000,308.3000,311.8600,4421400
2023-02-03,311.0000,311.5500,305.9200,308.5100,5385700
2023-02-06,308.2500,308.8000,305.6000,308.4300,2973100
2023-02-07,307.3000,314.1500,306.6300,312.9700,3786700
2023-02-08,311.1200,313.4100,308.0100,308.4800,3370000
2023-02-09,310.1700,311.4200,306.9900,307.2100,3461200
2023-02-10,307.0800,309.9800,305.2800,309.8900,2808000
2023-02-13,310.3000,313.7400,309.6200,313.7400,3261500
2023-02-14,313.7800,314.1000,309.0400,310.7900,2907100
2023-02-15,309.9800,310.3700,308.2800,309.6300,2410700
2023-02-16,307.5800,310.2000,306.8700,308.1800,2801700
2023-02-17,307.1500,308.4100,305.4800,308.2400,2720500
2023-02-21,306.1700,307.3000,300.5000,302.7200,4131100
2023-02-22,303.2000,305.2700,301.7700,303.1600,2899500
2023-02-23,305.0100,305.5600,300.2500,303.0700,2736400
2023-02-24,300.4000,305.6200,300.0100,304.0200,3656200
2023-02-27,304.3700,305.7800,302.0100,304.6600,3652200
2023-02-28,304.8900,306.1500,303.4100,305.1800,4736800
2023-03-01,304.0200,305.6200,302.0800,304.6200,3397200
2023-03-02,303.6600,308.1000,301.4500,307.7500,3152100
2023-03-03,309.5600,312.6600,308.5000,312.4500,4493000
2023-03-06,312.8200,317.2900,312.4300,316.9700,4889800
2023-03-07,316.3900,316.5000,310.2300,311.1200,3609700
2023-03-08,310.7200,312.6800,309.2500,311.3700,2701600
2023-03-09,311.0000,313.1800,303.9400,304.8200,3929500
2023-03-10,302.9500,306.7200,301.9200,303.6300,5294800
2023-03-13,301.7500,306.5900,300.7600,302.8800,4993000
2023-03-14,306.9200,307.5500,301.6800,305.3300,5251500
2023-03-15,300.0200,300.5500,294.9000,297.8800,7162800
2023-03-16,296.3700,304.4300,295.3600,302.0100,6325700
2023-03-17,301.3000,301.3000,292.4200,293.5100,15609400
2023-03-20,295.5700,301.5100,295.0600,301.0600,6056000
2023-03-21,304.5600,305.6300,302.2500,303.8500,4724000
2023-03-22,303.7200,307.0500,299.6500,299.7300,3086300
2023-03-23,301.3900,302.0800,296.3000,298.3700,4015800
2023-03-24,294.6800,299.5000,293.3900,298.9200,3905400
2023-03-27,300.8800,303.2100,298.9700,302.1400,3833900
2023-03-28,301.9300,302.7200,300.5900,302.3200,2436500
2023-03-29,304.8000,305.3800,303.3600,305.3000,2650000
2023-03-30,307.0900,307.4700,302.5800,305.0800,2694000
2023-03-31,305.9000,308.8100,304.9900,308.7700,5020200
2023-04-03,309.2500,311.5000,308.2400,310.3100,4862300
2023-04-04,310.7600,311.0000,307.0700,309.0700,2740300
2023-04-05,307.8500,311.0700,307.8500,310.3900,2314500
2023-04-06,309.8200,313.2200,309.0500,312.5100,3131400
2023-04-10,311.4100,313.7000,310.3300,312.6200,2330900
2023-04-11,312.5600,315.9400,311.7700,313.7000,3109500
2023-04-12,315.9700,316.9200,313.7200,314.5500,2662600
2023-04-13,315.2700,318.8100,313.2600,318.0500,3323300
2023-04-14,318.8900,321.8800,318.1200,319.7400,2975400
2023-04-17,320.2000,323.9800,319.0000,323.7900,3425500
2023-04-18,324.9500,325.7200,322.5000,324.6300,3581200
2023-04-19,323.8500,324.5500,322.7600,323.0900,2406200
2023-04-20,322.2000,324.3700,321.3200,323.8200,2428400
2023-04-21,322.3600,324.8500,321.6100,324.3300,2405700
2023-04-24,324.4300,326.4000,324.3000,326.0500,2261900
2023-04-25,325.9900,327.1000,324.1100,324.3400,2552200
2023-04-26,323.3100,323.7400,319.0000,320.5300,2718600
2023-04-27,322.8600,326.9100,322.1100,326.2300,2950000
2023-04-28,325.4400,328.8100,325.1900,328.5500,2909600
2023-05-01,329.1600,331.8400,328.5700,330.1700,2461300
2023-05-02,330.1500,330.2500,322.7600,325.8600,3366500
2023-05-03,327.1300,328.0700,323.0600,323.2200,2653800
2023-05-04,323.4400,325.9900,317.4100,320.0000,3185600
2023-05-05,323.3600,325.1600,322.6200,323.8800,3869500
2023-05-08,328.2600,330.6900,325.7900,326.1400,3302400
2023-05-09,324.8700,326.8800,323.4800,324.8700,2283400
2023-05-10,326.0800,326.1600,320.1500,322.9900,2639800
2023-05-11,321.0000,322.9600,319.8100,322.6400,2548900
2023-05-12,323.8200,324.2400,320.5400,322.4900,1937300
2023-05-15,322.8900,323.8300,320.1300,323.5300,2190000
2023-05-16,322.4600,324.6900,322.3600,323.7500,2139500
2023-05-17,325.0200,328.2600,324.8200,327.3900,3046800
2023-05-18,326.8700,329.9800,325.8500,329.7600,2805000
2023-05-19,331.0000,333.9400,329.1200,330.3900,4322900
2023-05-22,330.7500,331.4900,328.3500,329.1300,2762500
2023-05-23,328.1900,329.2700,322.9700,323.1100,4029300
2023-05-24,322.7100,323.0000,319.5600,320.2000,3071500
2023-05-25,320.5600,320.5600,317.7100,319.0200,4245400
2023-05-26,320.4400,322.6300,319.6700,320.6000,3229400
2023-05-30,321.8600,322.4700,319.0000,322.1900,3231800
2023-05-31,321.1200,322.4100,319.3900,321.0800,6175000
2023-06-01,321.4200,323.2200,319.5300,323.1200,3375300
2023-06-02,325.1600,330.6700,324.4200,329.4800,3962200
2023-06-05,330.8900,330.8900,327.5700,328.5800,3091800
2023-06-06,329.0400,334.1600,328.6800,333.4100,3181400
2023-06-07,334.0100,335.8200,331.4300,335.4200,3727800
2023-06-08,335.4900,336.3200,334.1000,335.9500,2759300
2023-06-09,335.7600,337.5900,334.9200,335.2900,2619200
2023-06-12,335.1600,335.3500,332.2200,333.6000,2873400
2023-06-13,333.2200,336.6200,332.2000,336.3900,2953000
2023-06-14,337.2200,340.3800,334.0900,335.9000,5164600
2023-06-15,335.9700,341.6800,335.5400,339.8200,4095200
2023-06-16,341.0200,341.3000,337.6600,338.3100,8486200
2023-06-20,338.1500,339.2800,336.6200,338.6700,3751700
2023-06-21,337.3000,341.3500,336.3700,338.6100,4507000
2023-06-22,338.8400,338.8500,335.6600,336.9600,3303300
2023-06-23,335.1000,337.4700,334.1900,335.2500,4451700
2023-06-26,335.1700,335.8300,331.8400,334.1200,3220900
2023-06-27,334.3900,336.7300,334.3700,335.3400,2625600
2023-06-28,336.0500,336.4000,332.6100,334.1500,3175100
2023-06-29,334.2600,337.0100,334.1400,336.9100,2498900
2023-06-30,338.7800,342.5000,338.4000,341.0000,4520600
2023-07-03,340.7500,342.0800,338.4100,342.0000,2047400
2023-07-05,340.0500,341.8900,338.7000,341.5600,2870700
2023-07-06,339.7500,341.8000,338.9100,341.4600,2548300
2023-07-07,340.5200,344.0700,340.3900,340.9000,2940800
2023-07-10,340.4800,343.4800,339.8700,341.1300,2966500
2023-07-11,341.2300,343.8400,340.9300,343.3700,2754900
2023-07-12,345.2900,346.4400,344.3100,345.3500,2897100
2023-07-13,345.6000,346.2100,343.4500,343.5400,2831800
2023-07-14,344.9900,345.0000,340.5100,341.0900,2669300
2023-07-17,341.0900,345.7200,341.0900,344.2500,2359500
2023-07-18,344.0500,347.2500,343.5400,345.3400,2565300
2023-07-19,344.2100,345.3800,341.9900,342.4300,3032100
2023-07-20,343.0900,346.7900,342.8500,346.6100,3146000
2023-07-21,346.7600,347.6200,345.1000,345.7600,3301900
2023-07-24,346.7700,351.1900,346.2800,349.6300,3269400
2023-07-25,349.3200,349.6600,345.5400,347.5800,3014000
2023-07-26,347.5600,351.0900,347.5200,349.8000,2682900
2023-07-27,350.6900,351.2700,348.6000,349.3100,2706700
2023-07-28,349.9300,351.0000,348.3200,349.8100,2473300
2023-07-31,350.7300,352.3300,350.2100,351.9600,2621600
2023-08-01,352.0300,353.4200,351.2500,352.2600,2293300
2023-08-02,351.4500,352.8900,349.6900,351.1900,3085900
2023-08-03,350.2900,354.4700,349.4200,353.8100,2942000
2023-08-04,353.9900,355.1100,349.3900,349.9900,2842000
2023-08-07,355.7300,364.6300,355.1500,362.5800,5379900
2023-08-08,359.4200,364.2500,358.8500,363.7300,3428800
2023-08-09,364.2000,364.4300,356.0600,358.0200,4424600
2023-08-10,359.3600,362.3500,355.9200,356.9800,3098800
2023-08-11,356.2600,359.2500,353.2000,358.3500,2475200
2023-08-14,358.2500,358.9500,356.8100,358.4800,1990700
2023-08-15,357.0000,357.9200,353.6700,354.5000,2863700
2023-08-16,354.6000,358.7200,353.3800,354.1100,2196100
2023-08-17,354.0100,356.3000,351.8800,353.1900,2847700
2023-08-18,351.4700,354.3000,351.2500,352.5600,2870600
2023-08-21,354.0900,354.1800,349.6100,352.0900,2540000
2023-08-22,353.0100,353.5000,349.6600,350.5700,2363300
2023-08-23,351.6300,354.3200,351.5400,354.2600,2239500
2023-08-24,354.3500,357.2300,354.1300,354.3000,2521100
2023-08-25,354.9900,357.3500,352.9200,355.9300,2136800
2023-08-28,357.8900,358.4100,354.5300,355.5500,1728000
2023-08-29,355.0400,358.5900,354.0100,358.2900,2285600
2023-08-30,358.6300,362.6800,358.6000,361.0600,3058300
2023-08-31,362.1800,362.4700,359.2500,360.2000,2842300
2023-09-01,362.0000,363.3900,360.6000,362.4600,2637900
2023-09-05,363.8800,366.4700,360.0000,360.4700,2976800
2023-09-06,360.0200,362.8000,359.2600,361.6700,2655800
2023-09-07,360.9600,363.3000,360.8700,361.8000,3263800
2023-09-08,362.5200,364.8300,361.7700,363.1500,3019100
2023-09-11,364.8700,366.6100,364.5100,365.5200,2921600
2023-09-12,365.6500,370.4300,365.4700,367.7800,2898400
2023-09-13,369.3300,370.8400,365.9700,367.8200,3261400
2023-09-14,370.1000,370.2200,368.2600,369.5000,3670100
2023-09-15,368.5200,370.2000,367.5200,367.8600,11595000
2023-09-18,369.3300,371.3300,367.7900,370.4300,3130900
2023-09-19,371.6400,373.3400,368.4600,370.4800,2603700
2023-09-20,371.3300,371.3400,366.7300,366.8200,2268400
2023-09-21,366.5600,367.2000,362.9400,363.2800,3178600
2023-09-22,362.7800,363.4200,359.7600,360.1600,3969400
2023-09-25,359.0100,361.8900,357.2700,361.7100,2556200
2023-09-26,359.8000,360.7900,357.9500,359.4200,3063900
2023-09-27,360.0100,360.5200,354.2700,357.7800,3535400
2023-09-28,357.8000,359.4700,356.6700,357.0600,2731700
2023-09-29,357.3000,357.5000,348.5500,350.3000,4932900
2023-10-02,349.6400,350.0000,345.4100,348.0800,3527600
2023-10-03,347.3900,348.2400,342.1300,343.0400,3151700
2023-10-04,342.9200,344.0100,339.5100,343.6900,3244600
2023-10-05,343.7000,345.9400,342.3700,345.0600,3027300
2023-10-06,344.1000,348.7600,341.8600,346.3400,3174700
2023-10-09,344.2400,345.9000,342.8300,345.4500,2762800
2023-10-10,347.0000,349.5100,345.5000,348.5600,2858600
2023-10-11,349.3800,349.6000,344.9200,348.4300,2620800
2023-10-12,348.2100,348.6600,343.0200,345.6600,2677500
2023-10-13,346.0000,348.4400,343.8800,345.0900,2804800
2023-10-16,348.0000,349.9400,345.8300,346.2300,3117800
2023-10-17,346.1800,348.4100,344.1500,345.3900,2998600
2023-10-18,344.7200,344.8300,339.9600,340.8900,2977100
2023-10-19,340.3100,342.6900,338.4500,338.6600,2741300
2023-10-20,338.1500,340.0000,334.3500,335.8600,3466100
2023-10-23,334.0700,338.8800,333.4900,336.8400,2794200
2023-10-24,338.1800,339.8500,337.7700,338.6300,2355700
2023-10-25,338.5900,339.6200,336.5500,336.9000,2623200
2023-10-26,337.0700,338.3200,335.4600,336.1600,2685400
2023-10-27,336.1200,336.1900,330.5800,331.7100,3608200
2023-10-30,332.9600,338.3600,332.1800,337.4100,2634700
2023-10-31,337.9500,341.4900,337.5000,341.3300,3066900
2023-11-01,341.2100,345.3300,340.5800,343.7500,2789700
2023-11-02,346.3900,349.3900,344.5000,349.0200,3433700
2023-11-03,350.1700,354.3500,349.7900,351.8100,4409100
2023-11-06,354.0300,354.0300,344.0600,346.6300,5486200
2023-11-07,346.8100,346.9500,344.3000,346.1700,3062900
2023-11-08,346.8500,348.0000,344.6900,346.3000,2602400
2023-11-09,347.6400,350.1100,346.8800,348.1800,3052100
2023-11-10,349.6000,351.2000,348.6000,350.5600,3701100
2023-11-13,350.0900,350.6500,348.8100,350.0100,2196200
2023-11-14,352.5200,355.9500,351.2500,354.2500,3387500
2023-11-15,355.0200,357.3100,354.4800,356.7900,3572900
2023-11-16,357.7900,360.0000,357.2300,359.8600,2822500
2023-11-17,360.4700,360.5600,358.0700,358.9300,3260000
2023-11-20,359.3500,362.6100,358.1800,361.3300,3215300
2023-11-21,360.5800,363.0300,360.2500,361.0000,2918800
2023-11-22,361.7600,362.4600,360.0500,361.8000,2110200
2023-11-24,362.5100,363.1900,361.2400,362.6800,1282000
2023-11-27,362.6400,362.6400,359.5800,361.3400,2580300
2023-11-28,361.5500,362.1200,359.2100,360.0500,2953500
2023-11-29,360.9500,361.5200,358.3000,358.6900,3141100
2023-11-30,359.4500,360.4300,358.4200,360.0000,4606800
2023-12-01,359.9400,360.2400,355.3000,357.0700,4705700
2023-12-04,355.9100,357.8300,353.7900,356.6600,3053400
2023-12-05,355.2300,356.6000,352.2900,355.0300,3061200
2023-12-06,356.1500,357.4500,351.8900,352.3800,3039100
2023-12-07,352.0000,353.0200,350.8500,352.7000,2830000
2023-12-08,353.0000,353.6700,351.0200,353.0800,3289000
2023-12-11,355.0000,357.4900,354.2100,357.0600,3108400
2023-12-12,357.9000,360.4100,356.7600,360.0200,3188800
2023-12-13,360.1900,362.1500,359.0400,362.0300,3132700
2023-12-14,364.0500,364.0500,356.3800,358.1200,5512300
2023-12-15,357.6300,358.0000,354.2000,356.5000,8578200
2023-12-18,357.4200,361.1400,357.0000,359.6500,4526400
2023-12-19,360.1500,362.5500,359.0900,361.8000,3084600
2023-12-20,361.5200,361.6600,355.1200,355.3500,3926700
2023-12-21,356.0200,357.2000,353.6300,356.1400,2851200
2023-12-22,356.5000,358.2600,355.4100,356.4700,2332200
2023-12-26,356.9000,357.7700,356.0800,356.8300,1964400
2023-12-27,355.9300,357.0800,355.5000,356.9500,2478500
2023-12-28,357.4800,358.6800,356.7300,357.5700,2740600
2023-12-29,357.5600,357.8600,355.3100,356.6600,3269400
2024-01-02,356.3200,362.5700,355.9400,362.4600,4737000
2024-01-03,362.0800,367.8500,361.0700,366.7500,4321800
2024-01-04,367.4100,369.3700,363.4100,363.6800,4142800
2024-01-05,364.8300,366.3000,364.1900,365.5900,2965200
2024-01-08,366.0100,368.3000,364.2000,368.1800,3445700
2024-01-09,368.0000,368.0000,364.7700,366.9000,2998800
2024-01-10,366.2600,368.8300,365.7500,367.9200,2448100
2024-01-11,367.8100,367.8900,362.1300,363.3400,3577800
2024-01-12,366.5100,366.8500,362.5700,363.6200,2623100
2024-01-16,362.9400,363.6000,359.8900,361.1000,3046500
2024-01-17,359.0100,362.5300,357.9800,359.2900,2550300
2024-01-18,359.2500,362.6400,358.3000,362.3800,3007800
2024-01-19,362.2500,368.3100,361.0200,366.9900,4063700
2024-01-22,368.0500,369.2700,366.5300,368.0600,3552500
2024-01-23,368.0200,372.4200,367.7100,372.1400,2896300
2024-01-24,372.5300,377.7900,372.0300,376.5900,4589300
2024-01-25,379.2400,380.9900,377.8900,380.8500,4055800
2024-01-26,381.0500,385.7300,380.0000,385.4000,3621400
2024-01-29,385.4900,385.7000,379.1700,383.1800,3797400
2024-01-30,383.2400,387.6400,380.0800,387.1500,3090900
2024-01-31,386.5300,387.9200,383.5500,383.7400,3856400
2024-02-01,384.0000,386.5500,381.4800,386.4400,2947100
2024-02-02,386.6800,392.0700,386.4400,390.7500,3806800
2024-02-05,389.9500,393.3700,389.2900,390.7600,3651900
2024-02-06,390.2900,393.9300,390.0000,393.7400,2573400
2024-02-07,394.6000,399.1500,394.3600,397.6600,3426800
2024-02-08,397.2200,398.6500,394.8500,397.4900,3357700
2024-02-09,397.3100,398.3600,395.8200,398.3600,2509800
2024-02-12,398.6500,399.4800,396.1900,397.7100,2817900
2024-02-13,397.1800,399.7100,392.1000,394.8000,3458500
2024-02-14,395.1500,398.8600,393.5500,398.6800,2669200
2024-02-15,399.1400,404.2700,398.3000,403.4500,3076000
2024-02-16,404.4400,406.7400,402.5900,405.9900,3532200
2024-02-20,406.4700,411.1100,406.0600,407.1500,3530700
2024-02-21,408.2600,409.4800,406.7000,409.2500,2717600
2024-02-22,411.3000,416.2600,411.0000,415.1600,3687600
2024-02-23,417.6800,420.5600,416.5200,417.2200,4015600
2024-02-26,422.0000,430.0000,408.8500,409.1400,7432300
2024-02-27,409.2100,409.9600,401.7100,408.9100,4609100
2024-02-28,408.5000,414.6700,407.7100,412.1400,4067400
2024-02-29,413.1000,413.7900,408.3800,409.4000,4845200
2024-03-01,409.4800,410.3900,405.4500,407.1100,3282100
2024-03-04,405.0000,405.9500,401.4300,403.3900,4179400
2024-03-05,402.5500,403.3300,398.7800,400.7400,4711700
2024-03-06,402.1800,407.4400,401.7000,403.9600,3839100
2024-03-07,406.1100,406.4000,399.5700,402.3900,4181300
2024-03-08,401.0800,403.3600,400.0100,403.1500,3410600
2024-03-11,403.3000,405.0100,402.7400,404.7600,2431700
2024-03-12,406.7800,407.2000,404.1000,404.9800,2616700
2024-03-13,405.3000,409.0000,404.1500,408.1300,3584600
2024-03-14,409.0800,409.0800,403.3400,406.7300,3734700
2024-03-15,404.2700,408.4600,402.5000,408.1300,7548800
2024-03-18,408.7000,410.6000,406.0000,408.4100,3775700
2024-03-19,409.0800,412.1900,408.0900,411.7600,2795800
2024-03-20,412.0200,416.3100,411.5500,416.1100,2932900
2024-03-21,416.7000,417.8300,413.5100,413.7800,3401600
2024-03-22,413.0000,414.3500,411.4000,411.6000,2999600
2024-03-25,410.6700,411.0700,408.9200,409.9200,2804200
2024-03-26,410.0000,412.6600,408.6000,411.5700,2935100
2024-03-27,413.6500,417.2100,413.4000,416.9300,2926000
2024-03-28,417.8000,421.4400,415.8500,420.5200,4377400
2024-04-01,421.4900,421.6600,417.8100,420.2000,2716100
2024-04-02,419.7500,421.0100,418.0900,418.9200,3174900
2024-04-03,419.0000,421.9100,418.5200,420.2400,2740800
2024-04-04,423.8400,424.5200,414.5500,415.3200,3800600
2024-04-05,416.5600,419.2700,415.4100,418.6200,2738300
2024-04-08,418.3200,418.5700,415.6300,415.9700,2485700
2024-04-09,416.5800,417.3200,412.1200,414.6900,2233100
2024-04-10,412.7400,413.5600,407.5300,409.1100,3121300
2024-04-11,408.4000,411.1500,404.0500,407.6100,2889900
2024-04-12,405.0000,407.2100,401.4400,403.2600,3467300
2024-04-15,406.9900,409.0600,399.8600,400.2600,3002300
2024-04-16,400.9700,401.2500,396.5000,396.9200,3435500
2024-04-17,398.9400,399.2800,395.6600,397.7400,2465600
2024-04-18,399.7000,402.9900,399.1000,399.8900,2669500
2024-04-19,401.0400,405.5700,400.1700,405.0800,3996100
2024-04-22,406.8400,411.3500,406.2500,408.7800,2980600
2024-04-23,410.2500,410.7200,405.6400,408.7400,2287600
2024-04-24,407.1000,407.6200,403.8800,405.9500,2506900
2024-04-25,404.8500,406.1400,400.3500,404.9100,2670200
2024-04-26,403.9200,404.7500,401.4100,402.1000,3023100
2024-04-29,402.6600,404.8700,400.0800,400.9600,2363600
2024-04-30,400.5800,400.6000,396.3700,396.7300,3070500
2024-05-01,396.6100,402.3200,396.3500,398.5800,2605000
2024-05-02,401.0000,401.5600,397.8800,400.6000,2672200
2024-05-03,404.5000,404.5000,399.2100,400.8700,4119100
2024-05-06,403.9600,405.1500,399.2600,404.9200,3918900
2024-05-07,406.9300,407.2600,403.6100,406.1400,3084200
2024-05-08,406.4700,407.2300,403.7500,406.3700,2398100
2024-05-09,406.2500,408.8700,405.4600,408.8200,2356600
2024-05-10,409.8500,412.3800,409.2000,412.0500,3084500
2024-05-13,414.0600,414.3000,410.1900,411.2200,2710300
2024-05-14,410.4500,411.5600,408.1700,410.2400,2672400
2024-05-15,410.5100,413.4000,410.1000,412.7600,2854600
2024-05-16,413.8000,416.3400,412.9100,413.1200,3549700
2024-05-17,413.9800,417.3300,413.7000,416.9400,2988700
2024-05-20,417.0400,417.2800,412.6200,413.0000,3287900
2024-05-21,413.5900,415.7000,412.5600,414.3700,2731900
2024-05-22,414.9500,417.2600,412.9600,413.9900,2664400
2024-05-23,413.2500,413.2500,404.8700,405.8800,3392300
2024-05-24,406.9000,407.9600,405.5000,407.4100,2067700
2024-05-28,408.2400,408.2400,401.8700,403.9000,3315400
2024-05-29,403.0000,405.8700,401.5800,404.0900,3426800
2024-05-30,403.7700,409.0400,402.7700,408.6100,2905300
2024-05-31,408.0900,415.4000,406.8800,414.4000,5190000
2024-06-03,414.8900,416.7200,408.7800,414.7900,4903000
2024-06-04,414.8500,415.8900,406.4400,409.5300,4154800
2024-06-05,410.1000,410.2800,405.7700,409.8500,2634400
2024-06-06,410.4200,411.2400,407.3800,411.0800,3438900
2024-06-07,411.2800,415.8800,409.8500,413.7200,2942100
2024-06-10,413.3400,413.9400,409.2700,410.8100,2667300
2024-06-11,408.8800,408.9100,406.1100,408.5000,3605900
2024-06-12,411.0900,411.8900,407.1600,408.7700,3551900
2024-06-13,407.6300,408.0000,403.5700,405.9200,4563300
2024-06-14,404.9000,406.3400,403.3300,405.5400,2768600
2024-06-17,405.1800,407.8200,403.5500,407.3200,3406500
2024-06-18,406.7500,408.5000,405.2800,407.9500,4005300
2024-06-20,407.2500,411.0000,404.0500,409.1500,4844700
2024-06-21,409.8200,410.4700,407.6800,409.6200,9009400
2024-06-24,410.7000,417.0000,410.0000,413.9800,4933300
2024-06-25,414.0000,414.2500,409.6200,410.9700,3879800
2024-06-26,410.0200,410.6800,407.2500,410.2600,3334300
2024-06-27,410.2600,410.2600,406.3400,407.9500,3218600
2024-06-28,408.2500,410.0500,405.7900,406.8000,6819800
2024-07-01,408.0900,409.6700,403.8200,405.1900,2974100
2024-07-02,404.0200,407.3900,403.9200,407.1000,3220900
2024-07-03,407.1600,407.1600,404.2200,405.7700,1970300
2024-07-05,406.2400,411.4000,405.0300,411.1700,5149200
2024-07-08,411.2700,413.7900,408.0000,409.0800,3559500
2024-07-09,409.4200,413.7100,408.6400,410.5200,2989700
2024-07-10,410.8100,413.9600,409.4000,413.7900,3791800
2024-07-11,413.9900,419.2000,412.0000,418.7800,4065200
2024-07-12,420.2300,427.4500,419.7000,424.4400,4834600
2024-07-15,425.5900,434.7100,425.3000,434.4200,4594900
2024-07-16,437.4000,439.0500,434.0200,438.9000,4293700
2024-07-17,437.8500,446.1500,437.8400,445.6100,4776600
2024-07-18,445.6200,449.2500,439.5700,441.8200,4638300
2024-07-19,442.6700,442.8000,433.3500,434.4700,4158800
2024-07-22,435.0500,438.1100,432.1200,435.9800,2995700
2024-07-23,437.3400,437.9200,433.4700,434.0100,2393000
2024-07-24,433.9900,435.4100,430.7300,432.8000,3143700
2024-07-25,431.6000,439.6300,431.6000,433.2900,3334300
2024-07-26,435.6600,439.0000,434.1000,437.6600,2717600
2024-07-29,438.0100,439.4400,435.4900,438.3100,2620000
2024-07-30,439.5100,443.8900,439.1400,441.2600,3736400
2024-07-31,439.8500,440.8500,437.7400,438.5000,3798800
2024-08-01,439.6700,440.6100,430.9500,431.8100,3892300
2024-08-02,429.7700,436.2500,423.4900,428.3600,4251500
2024-08-05,413.4300,417.8200,406.1100,413.7200,7695100
2024-08-06,416.4100,427.4600,415.1000,422.1400,5138700
2024-08-07,426.0700,433.1700,425.6000,427.0200,4745600
2024-08-08,429.2400,432.2600,427.6000,431.5400,3150000
2024-08-09,431.9200,434.7500,430.2100,431.6700,2602600
2024-08-12,434.1600,434.1600,429.0100,430.3900,2376000
2024-08-13,431.8300,432.8100,425.9000,432.4100,3472000
2024-08-14,433.0000,438.9800,431.7100,438.4700,2860200
2024-08-15,441.8000,442.5900,438.7200,440.8400,3226400
2024-08-16,441.5500,445.2000,440.4500,444.5100,3345000
2024-08-19,446.0100,450.4500,445.7300,448.7700,3385300
2024-08-20,449.3000,450.5000,446.3800,448.3600,2906500
2024-08-21,449.8400,451.2800,443.8400,446.6000,3028500
2024-08-22,446.3000,449.6000,444.6500,449.0300,3502800
2024-08-23,450.0000,453.7200,448.8100,453.3800,2805400
2024-08-26,455.3100,459.2700,453.3400,454.4900,3575800
2024-08-27,455.9400,462.1000,454.6200,460.6300,3764700
2024-08-28,461.1700,466.6000,460.7800,464.5900,4838100
2024-08-29,467.1100,469.8500,463.0000,468.3700,4459400
2024-08-30,470.5200,476.9500,470.0000,475.9200,7465800
2024-09-03,475.0000,482.8900,473.7200,476.8300,7511900
2024-09-04,478.6800,484.8200,474.2200,478.5700,5309400
2024-09-05,479.4300,479.4300,462.8800,464.9200,6213200
2024-09-06,463.8200,468.1700,458.5500,459.4200,4400300
2024-09-09,463.9700,466.0000,459.2600,459.6100,4571000
2024-09-10,461.8200,464.3200,456.2100,458.9200,3544100
2024-09-11,457.6200,457.6200,445.2500,453.1000,5772700
2024-09-12,454.8400,455.0000,449.2700,450.8700,3848700
2024-09-13,451.5800,452.4300,447.2100,447.6100,3882600
2024-09-16,448.8000,452.9900,448.3400,451.7800,3264400
2024-09-17,453.5000,461.1000,453.2900,456.6800,3824300
2024-09-18,458.0800,459.8400,454.8800,456.6000,3065200
2024-09-19,462.0000,462.1900,457.2500,459.7100,3891300
2024-09-20,457.7600,457.9500,454.0500,455.3100,8468800
2024-09-23,457.3100,459.6500,453.4200,454.9800,3485100
2024-09-24,454.3300,455.6000,451.7700,454.5600,3009900
2024-09-25,454.9000,455.8100,451.2100,452.3600,2843300
2024-09-26,452.7400,457.0000,451.3400,454.1800,3262000
2024-09-27,456.0400,458.2700,455.0400,457.4700,2728000
2024-09-30,458.4000,460.6300,454.5500,460.2600,3631100
2024-10-01,459.1100,459.7900,454.8200,457.4100,3043700
2024-10-02,458.7000,458.7000,454.1900,456.6700,2803400
2024-10-03,455.4700,455.9700,450.9200,452.9600,2564700
2024-10-04,455.0100,462.1800,453.8100,461.9700,3090200
2024-10-07,462.3400,462.3400,452.4100,453.5000,3222100
2024-10-08,455.9600,457.5600,452.8500,453.8000,2234100
2024-10-09,452.7500,457.8800,452.3600,455.9000,2206100
2024-10-10,457.5000,457.5100,452.7200,454.9300,2375800
2024-10-11,455.9000,463.4500,455.9000,460.2100,3242000
2024-10-14,461.9200,462.0000,458.1000,459.9800,2969800
2024-10-15,460.9900,466.6600,460.5100,462.6800,3929900
2024-10-16,463.2500,466.0000,462.2000,465.6900,3166300
2024-10-17,466.1000,467.8400,464.2700,465.8500,2520900
2024-10-18,467.0000,467.0000,463.2500,464.8000,5635500
2024-10-21,464.5300,465.7900,461.6800,464.1600,3131500
2024-10-22,464.1100,465.1500,457.6000,461.4500,3315200
2024-10-23,460.1500,463.2600,458.7500,460.6100,3655200
2024-10-24,460.9000,461.0500,453.9600,457.7700,3793500
2024-10-25,458.6000,459.4500,453.0300,454.0100,2838900
2024-10-28,455.5900,459.2400,455.0000,458.4900,4103400
2024-10-29,458.6000,458.9200,454.3900,454.6200,3985200
2024-10-30,454.6700,457.6700,453.8200,454.9600,2692100
2024-10-31,455.1900,456.8400,450.5700,450.9200,3660300
2024-11-01,451.4900,455.1200,450.7000,452.1400,2971300
2024-11-04,450.3700,450.7000,437.9000,442.2900,5733200
2024-11-05,442.2900,445.2300,441.1000,445.0600,3154400
2024-11-06,461.0000,469.2600,459.4800,468.9000,6906800
2024-11-07,468.2700,468.4600,460.1000,460.1300,4238000
2024-11-08,461.9800,466.3500,459.5000,463.4100,3541300
2024-11-11,466.0100,470.5100,464.0000,467.3600,4119100
2024-11-12,467.6900,468.4200,465.1500,466.2900,4400500
2024-11-13,466.4100,468.4000,464.0000,468.1000,2861700
2024-11-14,468.8100,469.4500,466.0000,467.7000,3777300
2024-11-15,466.7400,472.2600,465.1900,470.2800,5817700
2024-11-18,470.9800,472.6700,468.3600,472.2000,3357100
2024-11-19,470.7700,470.7700,465.0100,468.8600,3656200
2024-11-20,470.0000,470.6100,466.1100,468.8300,3019500
2024-11-21,469.4500,474.6600,467.0000,472.0600,4116800
2024-11-22,472.2700,477.4400,471.6100,476.5700,3885200
2024-11-25,479.1300,482.5000,476.7900,477.4300,5246600
2024-11-26,478.2000,479.4000,472.8500,478.5600,3332000
2024-11-27,481.0000,491.6700,480.8700,483.0800,5359300
2024-11-29,485.3700,486.0100,482.0500,483.0200,2969700
2024-12-02,484.8000,485.0900,474.7500,477.3300,5031500
2024-12-03,478.1600,478.3000,468.8100,470.1900,4931600
2024-12-04,471.0900,471.3400,466.5000,468.3200,3941100
2024-12-05,468.7800,472.7400,468.7200,470.5700,3320200
2024-12-06,470.5800,472.0800,467.8200,470.5000,3270900
2024-12-09,470.6000,471.7000,463.4200,463.8700,3748200
2024-12-10,464.4200,464.9900,459.5000,462.4900,3648500
2024-12-11,463.3300,465.4800,458.7700,461.3900,3876900
2024-12-12,462.1600,463.5700,458.0800,458.6300,2571300
2024-12-13,460.5100,460.5100,457.0100,457.9000,3474300
2024-12-16,459.1700,460.4200,454.5800,455.2000,4514000
2024-12-17,454.7000,456.6200,452.0600,455.6600,5057500
2024-12-18,457.0600,458.7300,446.0900,446.5900,4361900
2024-12-19,451.7300,453.8000,448.8900,449.3400,4645200
2024-12-20,449.1100,458.6500,447.1900,453.2000,12943900
2024-12-23,453.1900,454.5500,449.8200,454.3500,3836000
2024-12-24,455.4100,458.9900,454.0700,458.6600,1761200
2024-12-26,457.2700,459.4800,455.8000,459.0800,2159600
2024-12-27,457.3000,461.1300,454.4800,456.5100,3237700
2024-12-30,454.2500,454.6900,449.1800,452.1600,2831400
2024-12-31,452.2100,454.3300,451.1100,453.2800,3380700
2025-01-02,455.9600,456.8900,450.0300,451.1000,3746400
2025-01-03,452.5300,454.5300,450.1200,453.5600,2884600
2025-01-06,453.8500,456.2400,450.5700,451.4100,4072900
2025-01-07,452.8000,456.5200,451.1000,452.9200,3507200
2025-01-08,453.6300,454.0000,449.6300,451.8400,3933300
2025-01-10,452.6600,453.0000,440.1000,442.6600,5471900
2025-01-13,442.0400,445.0000,441.1500,443.9100,3639200
2025-01-14,445.5000,450.3000,443.9200,450.0300,4055600
2025-01-15,455.5500,459.0900,453.2700,458.5100,4719400
2025-01-16,458.9300,462.9600,458.3000,462.8100,3475700
2025-01-17,464.7100,470.1800,462.4500,467.9500,6467000
2025-01-21,471.0000,473.1700,467.7200,468.5700,4910200
2025-01-22,468.5900,468.8900,455.2800,460.5100,5838500
2025-01-23,461.6800,464.7600,458.0000,459.8300,4424500
2025-01-24,459.2000,463.8100,457.0800,463.1900,3070300
2025-01-27,464.3000,474.9300,464.3000,474.7000,4535600
2025-01-28,473.9300,473.9300,469.3000,469.9700,3261300
2025-01-29,469.8800,473.9200,468.0000,469.2600,2524200
2025-01-30,472.2000,474.0600,469.1500,472.3500,2552200
2025-01-31,471.8400,472.5500,467.0100,468.6700,5439800
2025-02-03,461.3000,466.7400,454.6000,464.6100,4232000
2025-02-04,464.9400,467.9100,462.7000,467.4900,3238400
2025-02-05,469.8100,474.2400,468.8900,473.7300,3782800
2025-02-06,475.4600,478.0000,473.2800,477.2200,3832700
2025-02-07,477.4100,478.2500,472.3400,472.7400,3205100
2025-02-10,473.9600,474.2000,469.3700,470.1700,2907300
2025-02-11,470.0500,473.0500,466.7200,472.6100,2322600
2025-02-12,470.4400,472.1500,468.0900,471.7300,3297600
2025-02-13,471.5500,481.1900,471.2000,480.4900,3274700
2025-02-14,481.4700,484.5500,479.4500,479.5900,2825800
2025-02-18,480.4000,484.0600,477.6300,482.8200,3351000
2025-02-19,482.8200,484.7200,480.6800,483.7700,2436500
2025-02-20,484.1300,484.2000,478.1400,481.8000,2651000
2025-02-21,480.9500,483.6400,477.7400,478.7400,4085100
2025-02-24,483.5000,503.9600,483.2400,498.4200,9862400
2025-02-25,503.1500,507.0000,491.9000,499.8200,6757500
2025-02-26,499.1200,499.9000,493.0500,494.1000,3543500
2025-02-27,496.4500,504.9500,495.6100,502.4100,4507700
2025-02-28,507.4600,515.3700,504.3300,513.8300,6850300
2025-03-03,516.2200,518.7700,506.4800,510.0800,5112300
2025-03-04,507.2700,508.7300,493.6100,495.8600,6126600
2025-03-05,496.0000,500.9300,492.3200,498.5000,4715800
2025-03-06,496.8400,499.1000,491.6300,497.8400,3989700
2025-03-07,496.2900,498.2700,490.1100,495.6200,3842200
2025-03-10,490.0000,500.4500,490.0000,497.1000,6262000
2025-03-11,496.0000,499.1500,491.3100,496.2500,5358300
2025-03-12,497.6000,498.3200,488.7500,495.9400,3871100
2025-03-13,496.4600,507.4000,494.7500,504.2500,5104200
2025-03-14,506.9500,515.8400,502.9200,514.6000,5775600
2025-03-17,514.6200,524.7100,513.2100,523.0100,5343400
2025-03-18,525.4500,528.3800,521.4200,523.1400,4857800
2025-03-19,525.6900,526.7100,520.6600,525.2700,3798000
2025-03-20,524.0000,530.6100,522.6700,528.7300,4065400
2025-03-21,528.3100,528.9600,520.7300,521.9100,8546300
2025-03-24,523.1000,527.3000,521.4800,525.8500,4858900
2025-03-25,527.1800,533.2900,525.8800,528.8700,3964800
2025-03-26,531.0000,537.6300,530.9800,533.2100,5004400
2025-03-27,533.2500,537.3800,529.3500,534.5200,5154600
2025-03-28,535.3500,536.0000,524.6800,526.3100,5321400
2025-03-31,521.4000,536.5200,519.0000,532.5800,7139300
2025-04-01,531.8800,536.4100,527.5000,532.9900,4130600
2025-04-02,532.1300,539.0000,530.8200,537.7200,4079000
2025-04-03,527.6200,538.8000,525.1400,530.1600,6410900
2025-04-04,519.0000,521.0000,492.9800,493.5400,12605000
2025-04-07,467.4200,505.8500,462.1000,490.3800,12749700
2025-04-08,509.0300,516.0000,484.1900,492.6400,9470100
2025-04-09,490.0000,523.9300,485.5600,521.4100,10153700
2025-04-10,518.3000,521.4100,498.6100,515.8100,7475900
2025-04-11,515.0000,526.5800,510.7700,524.1100,6231000
2025-04-14,531.0000,536.5200,526.9800,529.5200,5512100
2025-04-15,532.6200,535.9200,527.3600,528.1700,4329200
2025-04-16,529.3000,530.1300,512.8900,516.4500,5889300
2025-04-17,518.9000,523.8800,514.5700,518.2100,5322200
2025-04-21,517.5300,518.6700,498.0800,506.9200,4908400
2025-04-22,514.2300,522.2200,511.6500,520.7900,4768500
2025-04-23,527.5000,532.2700,523.8900,526.8100,4294500
2025-04-24,526.8100,533.1300,523.1600,531.6400,3173400
2025-04-25,531.7500,532.4400,526.7900,530.9600,2742800
2025-04-28,533.6300,536.8200,526.5800,530.9400,4238700
2025-04-29,531.0000,535.3400,528.2900,534.5700,3177700
2025-04-30,531.5100,535.7200,524.0000,533.2500,5251600
2025-05-01,531.0000,533.2700,528.3000,530.2300,4693100
2025-05-02,536.7500,542.0700,535.2600,539.8000,4945600
2025-05-05,520.0800,521.1800,502.8000,512.1500,16380200
2025-05-06,509.5700,515.7500,507.9900,512.3300,6088600
2025-05-07,515.0200,520.2500,513.0000,518.2200,5573800
2025-05-08,520.9800,521.2600,513.0400,513.2500,5018600
2025-05-09,514.2500,515.9100,510.2500,513.7400,3621400
2025-05-12,520.3000,520.3000,510.2500,514.3000,6368000
2025-05-13,515.6400,515.7500,511.8000,511.8800,4504100
2025-05-14,511.8500,511.8500,502.8000,503.4000,6384100
2025-05-15,502.3800,509.7800,501.6200,507.3300,5040900
2025-05-16,509.6300,514.3300,506.8000,514.3100,4997300
2025-05-19,513.6200,513.7900,510.1000,512.3900,3441500
2025-05-20,511.1100,512.0800,506.5500,508.7400,3737000
2025-05-21,507.4100,510.0000,505.4000,507.0300,3815800
2025-05-22,505.1000,507.4000,502.6400,503.5700,3244800
2025-05-23,501.0100,505.5000,500.2500,503.4600,3166800
2025-05-27,506.4300,509.7500,505.0100,509.1600,4928300
2025-05-28,508.3900,509.1000,502.8300,503.1100,3613900
2025-05-29,504.0000,506.5500,501.2000,506.1800,3656000
2025-05-30,505.1900,505.7200,500.1900,503.9600,9153100
2025-06-02,501.7000,503.2300,499.4700,502.8100,4914000
2025-06-03,501.0000,502.7900,493.5100,497.8300,5923100
2025-06-04,496.9400,496.9900,490.8800,491.0000,5297600
2025-06-05,490.7500,491.0000,485.6000,488.7400,5154900
2025-06-06,491.6300,496.1000,491.6300,493.5300,3948300
2025-06-09,493.7000,494.5300,488.8800,493.3300,3987500
2025-06-10,492.6600,492.9000,489.5000,491.1300,3951500
2025-06-11,491.0500,492.2500,486.6700,488.1400,4595900
2025-06-12,486.2400,490.4400,483.7800,490.3400,3535200
2025-06-13,486.2700,491.0800,485.8500,487.5400,4001000
2025-06-16,489.7300,491.8500,488.5400,490.2300,3937600
2025-06-17,489.1100,489.4000,483.2500,483.4800,3956300
2025-06-18,484.1000,486.7000,482.7500,485.1400,4893600
2025-06-20,484.9500,486.6800,483.4300,484.8500,7620400
2025-06-23,485.4200,488.5000,481.7200,487.7700,4141000
2025-06-24,489.4300,497.7400,488.8900,493.4800,5111700
2025-06-25,494.5000,496.0000,486.1400,486.2100,4260600
2025-06-26,486.5400,487.9800,484.2500,485.0500,4212900
2025-06-27,485.7700,489.6800,484.4000,485.6800,6129300
2025-06-30,485.9000,487.6500,483.4400,485.7700,6384300
2025-07-01,485.7800,491.0900,483.8000,489.6100,4776000
2025-07-02,489.4300,489.9300,478.6200,480.4800,6707200
2025-07-03,480.8900,486.5500,480.3600,485.0000,3443300
2025-07-07,484.4200,486.0800,476.8000,478.0300,4674400
2025-07-08,477.3500,480.0000,473.5800,477.4700,4116200
2025-07-09,477.0000,479.4900,475.8300,478.9100,3367400
2025-07-10,477.8700,478.5500,475.5000,478.2700,4573300
2025-07-11,476.2500,476.8500,471.4000,475.8600,4416600
2025-07-14,474.3200,478.1300,473.4600,476.3100,4294700
2025-07-15,475.3000,475.7200,470.0000,470.1300,4482300
2025-07-16,471.2000,472.9200,468.8800,471.3100,3796900
2025-07-17,470.0700,474.1500,467.6500,473.4000,4040000
2025-07-18,474.0000,478.6400,473.5000,473.8000,4015800
2025-07-21,473.0400,478.3500,472.0000,474.4100,3791300
2025-07-22,475.5000,483.1400,475.0000,478.1300,4521500
2025-07-23,480.2500,484.4500,479.2000,482.6300,4385600
2025-07-24,482.6700,486.1700,480.6000,480.6000,5044800
2025-07-25,481.6700,484.9300,479.6600,484.0700,4220500
2025-07-28,484.3500,486.9000,481.1000,481.7000,3626100
2025-07-29,482.5700,485.0000,476.2800,476.5600,4193200
2025-07-30,475.1300,479.4100,473.8800,476.0000,3803000
2025-07-31,472.6100,477.7000,471.8800,471.8800,6315300
2025-08-01,473.4700,475.9600,470.6200,472.8400,5287500
2025-08-04,468.0500,468.8700,455.1900,459.1100,10874300
2025-08-05,460.6000,467.5800,460.3800,464.1900,6780700
2025-08-06,465.0000,469.5500,463.0000,468.9100,4557100
2025-08-07,469.2000,472.7000,461.3700,461.4700,5755700
2025-08-08,462.9400,465.8300,462.5500,465.4000,3330600
2025-08-11,466.4600,468.4900,463.5000,464.7300,3712100
2025-08-12,465.5300,472.4700,465.0600,470.3900,3767300
2025-08-13,471.7000,479.6000,471.5000,477.3100,4629400
2025-08-14,478.3500,479.2200,474.4200,479.2200,4187100
2025-08-15,482.3500,482.4800,476.2900,477.2000,5229800
2025-08-18,477.9700,479.0000,474.6600,478.5200,3911300
2025-08-19,479.7700,485.9000,479.7700,485.3100,4726400
2025-08-20,487.0000,492.2200,485.8300,488.6800,4779800
2025-08-21,487.2400,489.0500,483.6800,488.5900,3082200
2025-08-22,491.5000,493.1400,486.5700,489.0000,4205100
2025-08-25,489.0100,489.0200,481.8300,486.1800,3935100
2025-08-26,485.0200,492.7900,484.5300,492.2100,8217500
2025-08-27,491.0800,497.2100,490.6000,495.7200,4385900
2025-08-28,498.0300,500.1400,496.0700,499.8600,4530400
2025-08-29,500.8500,506.7200,500.8500,502.9800,4663600
2025-09-02,504.2400,505.9000,497.6200,501.1400,4977800
2025-09-03,499.5500,502.1100,496.5900,501.4900,3206200
2025-09-04,502.9000,507.3800,501.2600,506.9100,2976700
2025-09-05,506.0000,507.6600,497.7500,499.7700,4222900
2025-09-08,499.0000,499.6500,493.4600,493.7800,5146300
2025-09-09,492.4500,496.8500,491.7200,492.7200,3748700
2025-09-10,490.0000,491.7000,486.2700,490.0800,5561600
2025-09-11,489.3300,497.2400,489.0300,496.9100,3669000
2025-09-12,495.7500,497.6300,493.3400,493.7400,2951700
2025-09-15,493.6000,495.2700,489.5000,491.5400,3629800
2025-09-16,491.2700,491.9200,487.2000,490.9900,4070000
2025-09-17,490.9400,495.9900,490.3000,492.3300,5060700
2025-09-18,489.6400,494.8800,488.0000,490.5000,4058900
2025-09-19,491.8700,494.5000,488.8800,492.8500,7356300
2025-09-22,490.5700,494.7100,489.2300,493.7100,3582900
2025-09-23,493.7700,499.2800,493.5200,494.1000,3933200
2025-09-24,493.3000,497.1600,493.1100,497.0900,2811500
2025-09-25,496.1500,499.0000,494.7300,494.9600,4056100
2025-09-26,496.9400,502.1000,496.6500,500.0300,3707600
2025-09-29,500.0000,500.2500,495.0200,499.2500,5161900
2025-09-30,497.6400,503.7800,497.0000,502.7400,3873500
2025-10-01,502.5000,502.8700,495.9000,498.2000,4481100
2025-10-02,496.9600,499.6100,493.2200,495.9200,3461400
2025-10-03,495.9000,502.5500,495.0500,498.7500,4678800
2025-10-06,499.5000,504.9700,498.0200,500.0200,3519500
2025-10-07,500.1600,504.4600,498.6100,502.3000,3057400
2025-10-08,502.7100,503.5000,498.5600,499.8400,2944600
2025-10-09,499.9800,501.2200,494.5100,496.7400,3172200
2025-10-10,497.2500,497.9900,489.0600,489.1300,4763800
2025-10-13,488.1500,493.8000,487.8200,491.9300,3183500
2025-10-14,490.0000,497.0600,489.9500,495.9700,3056000
2025-10-15,493.9000,496.7300,490.3500,496.3900,3566200
2025-10-16,495.6000,496.0000,485.8000,488.8100,4254300
2025-10-17,490.0000,493.4500,489.2500,492.4200,3794300
2025-10-20,492.3600,494.4200,490.3200,494.0800,4605300
2025-10-21,493.7000,495.7000,491.2500,491.2900,2714500
2025-10-22,491.7300,492.9800,488.1900,491.8100,3376000
2025-10-23,492.1900,492.4500,488.1100,490.1600,3063000
2025-10-24,490.9100,492.9800,489.4000,492.1000,3166800
2025-10-27,491.9200,492.3000,484.5500,488.0700,6451500
2025-10-28,484.9600,485.6700,481.1100,481.4400,5029100
2025-10-29,477.3200,478.8000,473.7200,475.7600,6204500
2025-10-30,474.8400,480.9100,474.8400,478.5200,4786600
2025-10-31,476.8000,478.7100,475.3100,477.5400,7146400
2025-11-03,479.5100,479.9900,473.1500,475.6800,5868100
2025-11-04,475.5000,488.7900,475.5000,487.6600,7803200
2025-11-05,487.3400,493.8900,487.3400,488.7700,6551200
2025-11-06,490.0000,494.0300,486.7500,493.1500,4964700
2025-11-07,494.9300,500.1600,493.3500,499.0600,6377800
2025-11-10,497.0800,501.2800,495.1300,496.9800,5084000
2025-11-11,498.5900,499.6900,494.2000,497.0700,2960200
2025-11-12,497.1600,504.4500,496.9900,502.4000,5456000
2025-11-13,504.8200,514.2600,504.8200,513.1100,7340700
2025-11-14,514.7000,516.5500,506.3500,508.9400,5462500
2025-11-17,510.7300,511.2600,502.8400,503.2600,5371000
2025-11-18,503.3900,506.6400,500.6000,504.3700,5457400
2025-11-19,503.6900,504.2500,495.5500,501.2600,4695000
2025-11-20,501.1100,506.4500,500.8100,501.1200,5486900
2025-11-21,503.2800,507.8400,502.4900,504.0400,6059000
2025-11-24,501.9000,509.2000,497.1700,507.8100,13404500
2025-11-25,508.9300,512.3600,506.8600,508.5700,4064000
2025-11-26,509.2500,512.7000,507.6500,511.2300,3686700
2025-11-28,511.8900,516.8500,511.5600,513.8100,2312200
2025-12-01,513.6500,514.4900,508.1800,508.5500,3995200
2025-12-02,507.5900,508.1100,503.1100,506.6500,3378000
2025-12-03,507.5200,509.6000,503.6000,503.6000,3803200
2025-12-04,504.3800,506.5000,500.7000,503.2300,3574800
2025-12-05,503.8600,505.7600,500.5400,504.3400,3463700
2025-12-08,502.1000,502.9700,490.6200,497.2300,7032200
2025-12-09,497.6300,499.2200,490.8300,491.4300,4574000
2025-12-10,490.8600,495.8800,488.9200,490.4300,4558800
2025-12-11,491.8300,498.1500,491.8300,495.8500,4493400
2025-12-12,496.7100,500.0000,494.5000,499.5200,4113700
2025-12-15,500.4200,506.6200,500.2800,506.3800,5173900
2025-12-16,507.0500,508.1000,499.4600,499.8400,4376700
2025-12-17,499.9000,505.1900,499.5000,504.2700,4128600
2025-12-18,502.2300,505.4300,501.0100,503.3900,3646700
2025-12-19,503.0500,503.8200,494.5300,494.5300,14652800
2025-12-22,496.3400,500.3100,495.5500,499.9500,4070000
2025-12-23,500.4800,502.3300,498.1600,500.5100,3680800
2025-12-24,500.2900,501.5100,499.2500,501.3400,2000200
2025-12-26,500.4500,501.5600,496.8300,498.3000,2247600
2025-12-29,499.2000,501.5000,497.2100,501.0500,3056200
2025-12-30,500.9800,505.1100,500.3300,503.7100,2897100
2025-12-31,503.9200,505.8900,502.4800,502.6500,3105200
2026-01-02,500.9600,501.8800,492.9100,496.8500,5876600
2026-01-05,494.9400,503.4300,494.5000,498.5200,5145300
2026-01-06,496.8000,500.6700,496.0600,499.0500,4040000
2026-01-07,497.8800,499.1500,493.0900,496.1200,4445100
2026-01-08,494.9700,504.0800,494.1100,499.7700,4807700
2026-01-09,498.9400,500.2800,496.4100,499.1000,3432100
2026-01-12,497.4000,500.0200,495.1000,498.6700,4209300
2026-01-13,497.6200,498.0000,493.3400,495.2400,4257600
2026-01-14,494.1700,497.6200,492.0000,493.1500,5033700
2026-01-15,492.9500,495.6300,490.7500,492.6200,4165200
2026-01-16,491.6700,495.1600,490.9000,493.2900,4807400
2026-01-20,490.8000,490.9700,482.7200,485.3900,5521500
2026-01-21,484.0000,488.0000,481.5700,483.8300,5730200
2026-01-22,483.2600,485.8800,481.7200,484.4900,4054200
2026-01-23,482.2600,483.4200,478.4400,478.9700,5436600
2026-01-26,478.4700,484.8900,477.0800,483.4700,5077200
2026-01-27,482.6000,483.5000,474.6700,474.6700,6314500
2026-01-28,473.0100,476.8800,471.9100,473.4900,4563900
2026-01-29,473.7300,477.3200,473.0800,476.7900,5380500
2026-01-30,476.3000,481.5000,476.1300,480.5300,5082200
2026-02-02,481.3000,488.0700,478.5500,487.2900,5064600
2026-02-03,483.9500,496.0400,482.2000,493.7400,6641200
2026-02-04,495.8000,512.1300,495.6700,503.8300,10591700
2026-02-05,505.9100,506.6300,497.6100,503.8900,5033900
2026-02-06,504.1800,509.6600,502.8900,508.0900,4421600
2026-02-09,507.3200,507.6100,497.2900,498.0800,4573000
2026-02-10,497.9000,501.3300,497.3000,500.3000,3789100
2026-02-11,499.3500,503.3100,497.2800,500.0200,3614400
2026-02-12,501.2100,507.7100,499.8800,500.0100,4689900
2026-02-13,500.1500,502.3800,495.5000,497.5500,4685900
2026-02-17,500.0200,506.0900,499.2100,503.4100,4263300
2026-02-18,504.7400,505.2700,497.6800,499.0700,3732500
2026-02-19,497.8700,500.5000,495.6800,496.9400,2610400
2026-02-20,496.6500,498.3400,491.8100,498.2000,4326700
2026-02-23,496.5000,503.5500,493.7300,494.0900,3556500
2026-02-24,493.4900,495.2200,488.2600,494.5100,3224300
2026-02-25,495.6200,497.2300,490.9000,493.9900,3475500
2026-02-26,494.6500,503.7200,494.4500,502.6700,4577000
2026-02-27,502.9400,506.5200,501.1600,504.9500,6364900
2026-03-02,495.2300,495.7500,477.9100,480.1700,11725300
2026-03-03,477.0800,483.4800,472.5200,481.3600,6348700
2026-03-04,481.0000,489.1800,479.8800,487.4800,4369100
2026-03-05,493.7500,500.8600,492.5100,500.4000,8963400
2026-03-06,499.2500,500.7000,491.8800,498.9800,5564400
2026-03-09,494.9000,498.8200,490.2100,497.2000,5833600
2026-03-10,495.1300,498.6700,492.3100,494.1400,3598700
2026-03-11,493.0900,493.8000,489.2500,493.5700,3845700
2026-03-12,492.3500,493.4000,489.0200,491.8900,4170900
2026-03-13,493.3200,494.4500,489.7700,490.0300,3565700
2026-03-16,492.7700,496.6300,491.0800,492.2100,3752000
2026-03-17,494.8400,496.9600,491.4100,492.5800,4424900
2026-03-18,491.1400,491.3800,483.8000,484.4700,4356400
2026-03-19,483.9000,484.2500,478.8100,481.4800,4045600
2026-03-20,481.6300,485.1200,479.6600,480.9400,7786400
2026-03-23,483.5000,485.9800,479.0000,479.9800,4958000
2026-03-24,478.0000,483.5000,477.5500,479.3300,3434400
2026-03-25,482.6300,483.2300,475.7300,476.1900,4402000
2026-03-26,476.4400,478.3800,474.5000,475.2700,3774600
2026-03-27,474.1900,474.8000,467.2100,468.4900,5382300
2026-03-30,470.6800,477.6900,470.6500,474.6600,4590900
2026-03-31,477.7800,479.8100,474.7700,479.2000,4725300
2026-04-01,478.9800,481.1000,477.2500,478.5000,3600800
2026-04-02,477.8200,479.7700,475.6800,477.3500,2972800
2026-04-06,475.6600,479.5000,475.3500,476.3800,3663500
2026-04-07,475.7100,479.7500,474.3200,478.0800,3206500
2026-04-08,483.7500,483.7500,477.6800,479.7500,4655100
2026-04-09,478.2100,487.9500,477.2900,485.2000,3518500
2026-04-10,484.0200,484.8600,478.9200,479.9000,3758900
2026-04-13,478.9000,481.1100,477.4000,480.1900,3612400
2026-04-14,479.8100,480.4900,476.0000,477.5400,4864000
2026-04-15,478.0000,478.7700,473.7400,474.0900,6993900
2026-04-16,474.0200,476.2600,464.0100,475.1200,4534000
2026-04-17,475.4900,479.6900,474.1500,474.5800,6492900
2026-04-20,474.3800,476.0400,471.3700,472.0800,5147000
2026-04-21,472.5400,474.1900,468.0600,468.5000,5919000
2026-04-22,468.8600,470.9900,464.6200,465.4000,5720500
2026-04-23,466.7200,473.0000,466.7200,470.5500,4749100
2026-04-24,468.8000,470.2800,466.5800,469.3200,3857000
2026-04-27,469.8000,475.5000,469.3500,472.8100,4888000
2026-04-28,476.7900,479.7700,475.6700,478.1600,4902400
2026-04-29,476.4500,477.9700,474.5100,475.3800,3175600
2026-04-30,473.4600,477.5500,470.8900,473.6000,5109300
2026-05-01,475.0800,479.1000,473.0000,473.0100,4818300
2026-05-04,473.0300,479.8700,465.7900,468.5200,6895400
2026-05-05,468.5300,469.6600,464.3400,465.5200,5372700
2026-05-06,466.0100,470.6300,465.6400,469.8300,5698900
2026-05-07,469.2600,477.1900,468.9700,475.0800,5899500
2026-05-08,474.8500,478.8800,474.4800,475.9400,5225600
2026-05-11,476.4000,480.4000,475.9000,479.5500,4290700
2026-05-12,481.6800,489.4200,478.9000,484.9600,5622300
2026-05-13,482.4700,487.1400,480.8100,485.5200,4432500
2026-05-14,487.1000,487.1000,481.5000,484.0600,3375100
2026-05-15,486.7000,488.3000,481.7600,482.7000,4680300
2026-05-18,481.1300,489.3600,481.0000,488.3800,5030700
2026-05-19,487.0000,488.1300,480.1100,480.4600,5599900
2026-05-20,482.0000,482.7200,477.6200,480.9000,4647500
2026-05-21,479.9900,480.5000,475.5000,479.9800,3294000
2026-05-22,479.6500,487.1900,479.4900,486.3800,4338200
2026-05-26,485.5000,487.7800,483.2100,483.6200,4348600
2026-05-27,482.6700,486.2500,479.0200,479.9200,4152500
2026-05-28,479.3600,481.8100,477.0000,477.4200,4120000
2026-05-29,476.9100,477.2900,472.2700,474.4800,7902300
2026-06-01,473.0500,473.3900,467.9600,470.2900,6203600
2026-06-02,470.0000,473.8800,468.2100,471.5100,4704700
2026-06-03,470.8900,480.5900,470.4100,475.3700,6586300
2026-06-04,481.6000,482.9400,474.6500,478.6300,5276000
2026-06-05,480.9900,491.0000,479.3500,488.1300,8475800
2026-06-08,486.1300,490.7600,484.9200,487.0000,5188400
2026-06-09,486.4400,490.7900,484.6000,487.7700,4912200
2026-06-10,488.1300,490.3000,483.1100,483.6800,5062700
2026-06-11,482.8800,486.4700,481.0600,485.7900,5664300
2026-06-12,486.6700,489.9900,484.5100,489.2500,4591300
2026-06-15,487.5600,497.1100,487.5600,495.5200,6253600
2026-06-16,497.0000,499.7900,492.4300,494.9500,4345900
2026-06-17,493.2400,494.7700,487.9000,491.2800,5412000
2026-06-18,492.7500,493.5700,485.7700,489.4600,8882300
2026-06-22,488.7500,492.4800,487.3600,488.6900,6076300
2026-06-23,490.9200,494.3400,490.0000,492.8100,4428100
2026-06-24,492.9900,498.5000,491.5000,494.8100,4707800
2026-06-25,493.0800,496.0000,486.5000,487.8100,7054100
2026-06-26,490.2400,498.6600,489.2800,498.6600,7250800
2026-06-29,497.7900,500.0200,495.0000,496.0000,5200700
2026-06-30,496.5000,500.5800,494.7900,500.3900,5910500
2026-07-01,501.8300,503.8300,499.0800,499.7400,4101300
2026-07-02,502.2000,507.9300,500.3300,507.7800,4386500
2026-07-06,506.5000,508.0000,504.1000,506.5800,4126100
2026-07-07,508.9700,512.5800,503.7500,504.0000,3761400
2026-07-08,504.5600,504.9100,494.3400,494.7900,4429600
2026-07-09,494.6100,497.8500,493.2000,495.4500,3393300
2026-07-10,496.1500,497.3000,490.7000,493.7100,2736900
2026-07-13,495.8500,501.5000,493.8100,496.8500,3228900
2026-07-14,493.9600,497.0800,491.0000,491.0900,4110200
2026-07-15,490.1000,492.7500,487.5700,488.3500,5134500
2026-07-16,489.9300,493.1500,486.1700,493.1200,4195000
2026-07-17,495.5100,502.9900,490.4800,490.9100,5588100
2026-07-20,490.4900,492.2500,488.9700,491.2500,2532763
