Date,Open,High,Low,Close,Volume
2019-06-08,8036.7749,8076.8911,7837.6108,7954.1279,16522722810
2019-06-09,7949.6748,7975.9741,7583.2197,7688.0771,16610726547
2019-06-10,7692.2847,8031.9097,7586.7310,8000.3296,18689275117
2019-06-11,8004.2437,8026.3940,7772.8037,7927.7144,17107279932
2019-06-12,7925.4341,8196.6484,7862.3599,8145.8574,19034432883
2019-06-13,8145.5454,8311.5674,8087.0610,8230.9238,18669407147
2019-06-14,8230.8984,8710.6367,8183.3931,8693.8330,19831162906
2019-06-15,8689.7461,8859.1279,8618.3955,8838.3750,18371033226
2019-06-16,8841.4404,9335.8672,8814.5566,8994.4883,23348550311
2019-06-17,8988.9238,9416.4072,8988.9238,9320.3525,15562951919
2019-06-18,9335.4668,9348.3740,9004.9014,9081.7627,15848210536
2019-06-19,9078.7275,9299.6211,9070.3955,9273.5215,15546809946
2019-06-20,9273.0605,9594.4199,9232.4844,9527.1602,17846823784
2019-06-21,9525.0742,10144.5566,9525.0742,10144.5566,20624008643
2019-06-22,10175.9238,11157.3457,10107.0352,10701.6914,29995204861
2019-06-23,10696.6914,11246.1445,10556.0957,10855.3711,20998326502
2019-06-24,10853.7441,11065.8965,10610.4277,11011.1025,19271652365
2019-06-25,11007.2021,11790.9170,11007.2021,11790.9170,24879684533
2019-06-26,11778.5811,13796.4893,11755.5977,13016.2314,45105733173
2019-06-27,13017.1250,13311.1445,10491.8525,11182.8066,39977475223
2019-06-28,11162.1680,12445.1748,10914.4951,12407.3320,35087757766
2019-06-29,12400.7637,12400.9102,11508.3789,11959.3711,29923961128
2019-06-30,11931.9912,12178.3838,10799.0088,10817.1553,27256473494
2019-07-01,10796.9307,11206.4395,10089.3145,10583.1348,29378589324
2019-07-02,10588.6836,10912.1885,9737.8848,10801.6777,31015895223
2019-07-03,10818.1562,11968.0781,10818.1562,11961.2695,30796494294
2019-07-04,11972.7188,12006.0752,11166.5693,11215.4375,25920294033
2019-07-05,11203.1025,11395.6611,10874.9648,10978.4600,23838480210
2019-07-06,10982.5439,11620.9648,10982.5439,11208.5508,21092024306
2019-07-07,11217.6162,11541.6201,11148.8047,11450.8467,19369044277
2019-07-08,11446.5967,12345.8330,11393.3740,12285.9580,23482551458
2019-07-09,12284.3262,12779.1318,12233.2617,12573.8125,28167921523
2019-07-10,12571.5371,13129.5293,11710.9785,12156.5127,33627574244
2019-07-11,12139.7139,12144.6230,11158.9229,11358.6621,28595327690
2019-07-12,11354.2998,11905.4873,11179.1445,11815.9863,23534692797
2019-07-13,11813.1270,11841.9570,10908.4795,11392.3789,21042616384
2019-07-14,11381.0205,11451.2041,10234.5762,10256.0586,22486000001
2019-07-15,10257.8389,11052.7666,9992.0068,10895.0898,25384047207
2019-07-16,10896.6533,10996.6328,9448.1064,9477.6416,24151199070
2019-07-17,9471.2139,9963.1348,9163.1348,9693.8027,24569921549
2019-07-18,9698.5029,10736.8428,9376.7988,10666.4824,25187024648
2019-07-19,10653.9561,10716.9805,10229.6289,10530.7324,20727426310
2019-07-20,10525.8193,11048.6621,10451.2764,10767.1396,20206615155
2019-07-21,10777.5293,10841.8877,10389.5996,10599.1055,17130580467
2019-07-22,10596.9482,10651.7910,10154.9219,10343.1064,16334414913
2019-07-23,10346.7480,10346.7480,9883.5947,9900.7676,17851916995
2019-07-24,9887.7305,9908.7969,9614.3066,9811.9258,17398734322
2019-07-25,9809.0967,10154.2539,9773.9570,9911.8418,15821952090
2019-07-26,9913.1270,9916.5176,9717.9824,9870.3037,14495714483
2019-07-27,9871.1650,10167.3203,9411.5215,9477.6777,16817809536
2019-07-28,9491.6270,9575.5449,9252.2969,9552.8604,13738687093
2019-07-29,9548.1787,9681.6484,9472.9482,9519.1455,13791445323
2019-07-30,9522.3291,9701.7598,9437.3359,9607.4238,13829811132
2019-07-31,9604.0508,10085.6279,9598.0977,10085.6279,16631520648
2019-08-01,10077.4424,10446.9199,9922.0195,10399.6689,17165337858
2019-08-02,10402.0430,10657.9531,10371.0137,10518.1748,17489094082
2019-08-03,10519.2783,10946.7812,10503.5049,10821.7266,15352685061
2019-08-04,10821.6328,11009.2070,10620.2783,10970.1846,16530894787
2019-08-05,10960.7354,11895.0918,10960.7354,11805.6533,23875988832
2019-08-06,11811.5449,12273.8213,11290.7314,11478.1689,23635107660
2019-08-07,11476.1934,12036.9902,11433.7012,11941.9688,22194988641
2019-08-08,11954.0400,11979.4199,11556.1680,11966.4072,19481591730
2019-08-09,11953.4697,11970.4580,11709.7451,11862.9365,18339989960
2019-08-10,11861.5566,11915.6553,11323.8984,11354.0244,18125355447
2019-08-11,11349.7402,11523.5791,11248.2949,11523.5791,15774371518
2019-08-12,11528.1895,11528.1895,11320.9512,11382.6162,13647198229
2019-08-13,11385.0527,11420.0498,10830.3271,10895.8301,16681503537
2019-08-14,10889.4873,10889.5566,10028.1357,10051.7041,19990838300
2019-08-15,10038.4219,10437.4111,9675.3164,10311.5459,22899115082
2019-08-16,10319.4199,10524.3496,9855.4785,10374.3389,20228207096
2019-08-17,10358.7227,10452.6250,10086.6982,10231.7441,13778035685
2019-08-18,10233.0059,10487.0703,10119.0947,10345.8105,12999813869
2019-08-19,10350.2832,10916.0537,10313.2041,10916.0537,16038264603
2019-08-20,10916.3467,10947.0420,10618.9609,10763.2324,15053082175
2019-08-21,10764.5723,10798.7295,9962.7217,10138.0498,19473084768
2019-08-22,10142.5215,10232.9961,9831.4629,10131.0557,17097508856
2019-08-23,10136.3096,10442.4434,10078.1924,10407.9648,15627023886
2019-08-24,10407.6445,10418.0205,9982.2969,10159.9609,15451030650
2019-08-25,10160.7373,10304.6221,10008.7891,10138.5176,14153856610
2019-08-26,10126.2998,10512.3281,10126.2998,10370.8203,18438654080
2019-08-27,10372.8262,10381.3281,10087.3008,10185.5000,14762609503
2019-08-28,10203.4268,10279.3662,9716.6562,9754.4229,17603790323
2019-08-29,9756.7861,9756.7861,9421.6299,9510.2002,17045878501
2019-08-30,9514.8447,9656.1240,9428.3027,9598.1738,13595263986
2019-08-31,9597.5391,9673.2207,9531.7998,9630.6641,11454806419
2019-09-01,9630.5928,9796.7559,9582.9443,9757.9707,11445355859
2019-09-02,9757.4736,10396.5918,9730.6504,10346.7607,17248102294
2019-09-03,10345.7256,10736.1045,10308.5479,10623.5400,19384917989
2019-09-04,10621.1807,10762.6445,10434.7100,10594.4932,16742664769
2019-09-05,10588.1836,10627.2695,10516.4180,10575.5332,14551239508
2019-09-06,10578.1982,10898.7617,10292.2998,10353.3027,19536574783
2019-09-07,10353.9316,10558.6738,10348.9189,10517.2549,15307366476
2019-09-08,10518.1143,10595.6377,10409.0908,10441.2764,13670567493
2019-09-09,10443.2285,10450.3115,10144.9297,10334.9746,17595943368
2019-09-10,10336.4082,10394.3535,10020.5732,10115.9756,14906809639
2019-09-11,10123.0352,10215.9482,9980.7764,10178.3721,15428063426
2019-09-12,10176.8193,10442.2539,10099.2422,10410.1270,15323563925
2019-09-13,10415.3623,10441.4893,10226.5967,10360.5469,14109864675
2019-09-14,10345.4033,10422.1338,10291.6943,10358.0488,13468713124
2019-09-15,10356.4658,10387.0352,10313.0928,10347.7129,12043433567
2019-09-16,10347.2227,10386.8672,10189.7441,10276.7939,15160167779
2019-09-17,10281.5137,10296.7715,10199.7393,10241.2725,15304603363
2019-09-18,10247.7959,10275.9287,10191.4697,10198.2480,16169268880
2019-09-19,10200.4961,10295.6689,9851.6924,10266.4150,19937691247
2019-09-20,10266.3184,10285.8721,10132.1865,10181.6416,14734189639
2019-09-21,10183.6484,10188.0977,10000.7080,10019.7168,13425266806
2019-09-22,10024.1152,10074.4443,9922.5332,10070.3926,13199651698
2019-09-23,10067.9629,10074.2383,9727.1436,9729.3242,15144925408
2019-09-24,9729.3213,9804.3174,8370.8018,8620.5664,25002886689
2019-09-25,8603.4287,8744.8281,8325.3965,8486.9932,21744728353
2019-09-26,8487.6699,8515.6855,7895.6294,8118.9678,19258205289
2019-09-27,8113.1011,8271.5205,7965.9229,8251.8457,16408941156
2019-09-28,8251.2734,8285.6172,8125.4316,8245.9150,14141152736
2019-09-29,8246.0371,8261.7070,7990.4971,8104.1855,13034629109
2019-09-30,8104.2266,8314.2314,7830.7588,8293.8682,17115474183
2019-10-01,8299.7207,8497.6924,8232.6797,8343.2764,15305343413
2019-10-02,8344.2129,8393.0420,8227.6953,8393.0420,13125712443
2019-10-03,8390.7744,8414.2275,8146.4370,8259.9922,13668823409
2019-10-04,8259.4941,8260.0557,8151.2368,8205.9395,13139456229
2019-10-05,8210.1494,8215.5264,8071.1206,8151.5005,12200497197
2019-10-06,8149.8770,8161.4102,7958.8506,7988.1558,13160830305
2019-10-07,7989.1206,8308.4502,7905.7661,8245.6230,18009742607
2019-10-08,8246.8496,8332.7148,8185.7632,8228.7832,15592264032
2019-10-09,8229.8408,8627.7061,8169.2988,8595.7402,19384942333
2019-10-10,8585.2803,8625.2725,8471.9336,8586.4736,17618660671
2019-10-11,8585.2627,8721.7803,8316.1816,8321.7568,19604381101
2019-10-12,8315.6650,8415.2422,8313.3408,8336.5557,14532641605
2019-10-13,8336.9023,8470.9883,8276.6123,8321.0059,13808286059
2019-10-14,8320.8320,8390.2090,8284.1309,8374.6865,15151387859
2019-10-15,8373.4580,8410.7148,8182.7065,8205.3691,15220412632
2019-10-16,8204.6748,8216.8125,7985.0898,8047.5269,16071646996
2019-10-17,8047.8125,8134.8315,8000.9429,8103.9111,14313052244
2019-10-18,8100.9336,8138.4136,7902.1641,7973.2075,15651592610
2019-10-19,7973.8037,8082.6294,7944.7769,7988.5605,13797825640
2019-10-20,7997.8071,8281.8184,7949.4395,8222.0781,15504249442
2019-10-21,8225.1152,8296.6943,8196.4160,8243.7207,15868748866
2019-10-22,8243.4023,8296.6514,8074.4629,8078.2031,16803377857
2019-10-23,8076.2285,8092.9995,7469.3228,7514.6719,21942878958
2019-10-24,7509.7280,7532.8677,7446.9888,7493.4888,16268708849
2019-10-25,7490.7031,8691.5400,7479.9844,8660.7002,28705065488
2019-10-26,8667.5771,10021.7441,8662.6221,9244.9727,44496255609
2019-10-27,9241.7070,9749.5293,9112.5420,9551.7148,32593129501
2019-10-28,9565.1016,9805.1182,9256.1484,9256.1484,30948255332
2019-10-29,9248.4404,9516.1807,9232.6484,9427.6875,28426779937
2019-10-30,9422.4629,9426.8740,9085.3701,9205.7266,27706531577
2019-10-31,9202.4580,9383.1611,9028.7178,9199.5850,26583653947
2019-11-01,9193.9922,9275.6572,9132.0479,9261.1045,24324691031
2019-11-02,9259.7832,9377.4863,9249.5879,9324.7178,21242676385
2019-11-03,9324.7871,9379.8066,9141.2520,9235.3545,21132220847
2019-11-04,9235.6074,9505.0518,9191.4854,9412.6123,26170255634
2019-11-05,9413.0049,9457.4180,9256.9316,9342.5273,26198609048
2019-11-06,9340.8643,9423.2373,9305.9092,9360.8799,23133895765
2019-11-07,9352.3936,9368.4766,9202.3535,9267.5615,22700383839
2019-11-08,9265.3682,9272.7598,8775.5342,8804.8809,24333037836
2019-11-09,8809.4688,8891.8184,8793.1631,8813.5820,17578630606
2019-11-10,8812.4893,9103.8262,8806.1621,9055.5264,20587919881
2019-11-11,9056.9180,9081.2793,8700.6084,8757.7881,20265510765
2019-11-12,8759.7520,8853.7686,8685.4277,8815.6621,20309769107
2019-11-13,8812.0332,8836.8418,8761.6514,8808.2627,17545755405
2019-11-14,8811.9365,8826.9434,8692.5518,8708.0947,19084739975
2019-11-15,8705.7080,8730.8730,8484.8438,8491.9922,21796856471
2019-11-16,8491.1660,8591.9971,8473.9736,8550.7607,16495389808
2019-11-17,8549.4707,8727.7891,8500.9678,8577.9756,18668638897
2019-11-18,8573.9805,8653.2803,8273.5732,8309.2861,21579470673
2019-11-19,8305.1348,8408.5166,8099.9634,8206.1455,21083613816
2019-11-20,8203.6133,8237.2402,8010.5117,8027.2681,20764300437
2019-11-21,8023.6445,8110.0981,7597.3818,7642.7500,22514243371
2019-11-22,7643.5693,7697.3828,6936.7065,7296.5776,34242315785
2019-11-23,7296.1646,7442.2588,7151.4180,7397.7969,21008924418
2019-11-24,7398.6338,7408.5771,7029.2891,7047.9170,30433517289
2019-11-25,7039.9771,7319.8569,6617.1670,7146.1338,42685231262
2019-11-26,7145.1592,7320.2305,7098.5723,7218.3711,21129505542
2019-11-27,7220.8809,7619.6934,6974.1743,7531.6636,23991412764
2019-11-28,7536.8203,7730.0728,7454.1216,7463.1060,19050116751
2019-11-29,7466.7271,7781.1797,7460.7563,7761.2437,19709695456
2019-11-30,7764.0571,7836.1021,7515.8496,7569.6299,17158194786
2019-12-01,7571.6162,7571.6162,7291.3418,7424.2925,18720708479
2019-12-02,7424.0361,7474.8188,7233.3994,7321.9883,17082040706
2019-12-03,7323.9756,7418.8589,7229.3569,7320.1455,14797485769
2019-12-04,7320.1250,7539.7847,7170.9229,7252.0347,21664240918
2019-12-05,7253.2417,7743.4316,7232.6768,7448.3076,18816085231
2019-12-06,7450.5615,7546.9966,7392.1753,7546.9966,18104466307
2019-12-07,7547.2656,7589.9517,7525.7114,7556.2378,15453520564
2019-12-08,7551.3389,7634.6064,7476.0913,7564.3452,15409908086
2019-12-09,7561.7954,7618.0918,7365.9854,7400.8994,17872021272
2019-12-10,7397.1343,7424.0229,7246.0439,7278.1196,18249031195
2019-12-11,7277.1978,7324.1562,7195.5273,7217.4272,16350490689
2019-12-12,7216.7388,7266.6396,7164.7412,7243.1343,18927080224
2019-12-13,7244.6621,7293.5605,7227.1226,7269.6846,17125736940
2019-12-14,7268.9028,7308.8364,7097.2090,7124.6738,17137029730
2019-12-15,7124.2397,7181.0757,6924.3760,7152.3018,16881129804
2019-12-16,7153.6631,7171.1689,6903.6826,6932.4805,20213265950
2019-12-17,6931.3154,6964.0752,6587.9741,6640.5151,22363804217
2019-12-18,6647.6982,7324.9849,6540.0493,7276.8027,31836522778
2019-12-19,7277.5908,7346.6025,7041.3818,7202.8442,25904604416
2019-12-20,7208.6367,7257.9219,7086.1240,7218.8164,22633815180
2019-12-21,7220.5938,7223.2261,7112.7358,7191.1587,19312552168
2019-12-22,7191.1885,7518.0332,7167.1792,7511.5889,23134537956
2019-12-23,7508.9023,7656.1763,7326.1924,7355.6284,27831788041
2019-12-24,7354.3931,7535.7168,7269.5288,7322.5322,22991622105
2019-12-25,7325.7559,7357.0200,7220.9912,7275.1558,21559505149
2019-12-26,7274.7993,7388.3027,7200.3867,7238.9668,22787010034
2019-12-27,7238.1411,7363.5293,7189.9341,7290.0884,22777360996
2019-12-28,7289.0312,7399.0410,7286.9053,7317.9902,21365673026
2019-12-29,7317.6475,7513.9482,7279.8652,7422.6528,22445257702
2019-12-30,7420.2729,7454.8242,7276.3081,7292.9951,22874131672
2019-12-31,7294.4390,7335.2900,7169.7778,7193.5991,21167946112
2020-01-01,7194.8921,7254.3306,7174.9443,7200.1743,18565664997
2020-01-02,7202.5513,7212.1553,6935.2700,6985.4702,20802083465
2020-01-03,6984.4287,7413.7153,6914.9961,7344.8843,28111481032
2020-01-04,7345.3755,7427.3857,7309.5142,7410.6567,18444271275
2020-01-05,7410.4517,7544.4971,7400.5356,7411.3174,19725074095
2020-01-06,7410.4521,7781.8672,7409.2930,7769.2192,23276261598
2020-01-07,7768.6821,8178.2158,7768.2275,8163.6924,28767291327
2020-01-08,8161.9355,8396.7383,7956.7744,8079.8628,31672559265
2020-01-09,8082.2959,8082.2959,7842.4038,7879.0713,24045990466
2020-01-10,7878.3076,8166.5542,7726.7749,8166.5542,28714583844
2020-01-11,8162.1909,8218.3594,8029.6421,8037.5376,25521165085
2020-01-12,8033.2617,8200.0635,8009.0591,8192.4941,22903438381
2020-01-13,8189.7720,8197.7881,8079.7007,8144.1943,22482910688
2020-01-14,8140.9331,8879.5117,8140.9331,8827.7646,44841784107
2020-01-15,8825.3438,8890.1172,8657.1875,8807.0107,40102834650
2020-01-16,8812.4814,8846.4609,8612.0957,8723.7861,31313981931
2020-01-17,8725.2100,8958.1221,8677.3164,8929.0381,36372139320
2020-01-18,8927.2119,9012.1982,8827.3320,8942.8086,32337772627
2020-01-19,8941.4453,9164.3623,8620.0801,8706.2451,34217320471
2020-01-20,8704.6318,8745.5908,8560.4736,8657.6426,26422375678
2020-01-21,8658.9912,8755.7061,8544.5205,8745.8945,24097418512
2020-01-22,8744.2109,8792.9941,8636.7471,8680.8760,22600204051
2020-01-23,8680.6504,8687.7471,8333.6377,8406.5156,25770680779
2020-01-24,8405.5674,8514.6670,8266.8408,8445.4346,24397913026
2020-01-25,8440.1191,8458.4531,8296.2188,8367.8477,19647331549
2020-01-26,8364.4102,8602.4014,8325.4980,8596.8301,22177678796
2020-01-27,8597.3086,8977.7266,8597.3086,8909.8193,28647338393
2020-01-28,8912.5244,9358.5898,8908.4473,9358.5898,34398744403
2020-01-29,9357.4707,9406.4316,9269.4678,9316.6299,30682598115
2020-01-30,9316.0166,9553.1260,9230.8975,9508.9932,32378792851
2020-01-31,9508.3135,9521.7061,9230.7764,9350.5293,29432489719
2020-02-01,9346.3574,9439.3232,9313.2393,9392.8750,25922656496
2020-02-02,9389.8203,9468.7979,9217.8242,9344.3652,30835736946
2020-02-03,9344.6836,9540.3721,9248.6338,9293.5215,30934096509
2020-02-04,9292.8418,9331.2656,9112.8115,9180.9629,29893183716
2020-02-05,9183.4160,9701.2998,9163.7041,9613.4238,35222060874
2020-02-06,9617.8213,9824.6191,9539.8184,9729.8018,37628823716
2020-02-07,9726.0029,9834.7168,9726.0029,9795.9434,34522718159
2020-02-08,9793.0703,9876.7490,9678.9102,9865.1191,35172043762
2020-02-09,9863.8945,10129.4355,9850.3926,10116.6738,35807884663
2020-02-10,10115.5596,10165.7656,9784.5635,9856.6113,39386548075
2020-02-11,9855.8916,10210.0527,9729.3350,10208.2363,37648059389
2020-02-12,10202.3877,10393.6113,10202.3877,10326.0547,43444303830
2020-02-13,10323.9609,10457.6270,10116.1611,10214.3799,49356071373
2020-02-14,10211.5508,10321.9961,10125.5342,10312.1162,43338264162
2020-02-15,10313.8564,10341.5557,9874.4277,9889.4248,43865054831
2020-02-16,9889.1797,10053.9688,9722.3867,9934.4336,43374780305
2020-02-17,9936.5605,9938.8154,9507.6377,9690.1426,45998298413
2020-02-18,9691.2305,10161.9355,9632.3828,10141.9961,47271023953
2020-02-19,10143.7988,10191.6758,9611.2236,9633.3867,46992019710
2020-02-20,9629.3252,9643.2168,9507.9004,9608.4756,44925260237
2020-02-21,9611.7822,9723.0146,9589.7432,9686.4414,40930547513
2020-02-22,9687.7070,9698.2314,9600.7285,9663.1816,35838025154
2020-02-23,9663.3184,9937.4043,9657.7910,9924.5156,41185185761
2020-02-24,9921.5830,9951.7461,9537.0430,9650.1748,45080496648
2020-02-25,9651.3125,9652.7373,9305.0215,9341.7051,42515259129
2020-02-26,9338.2900,9354.7783,8704.4268,8820.5225,50420050762
2020-02-27,8825.0938,8932.8926,8577.1992,8784.4941,45470195695
2020-02-28,8788.7285,8890.4561,8492.9326,8672.4551,44605450443
2020-02-29,8671.2129,8775.6318,8599.5088,8599.5088,35792392544
2020-03-01,8599.7588,8726.7969,8471.2129,8562.4541,35349164300
2020-03-02,8563.2646,8921.3086,8532.6309,8869.6699,42857674409
2020-03-03,8865.3877,8901.5986,8704.9902,8787.7861,42386715821
2020-03-04,8788.5420,8843.3662,8712.4316,8755.2461,34746706368
2020-03-05,8760.2852,9142.0547,8757.2539,9078.7627,39698054597
2020-03-06,9078.3086,9167.6953,9032.0791,9122.5459,40826885651
2020-03-07,9121.6006,9163.2207,8890.7441,8909.9541,36216930370
2020-03-08,8908.2061,8914.3438,8105.2529,8108.1162,39973102121
2020-03-09,8111.1465,8177.7935,7690.0981,7923.6445,46936995808
2020-03-10,7922.1470,8136.9453,7814.7632,7909.7295,42213940994
2020-03-11,7910.0898,7950.8145,7642.8125,7911.4302,38682762605
2020-03-12,7913.6162,7929.1162,4860.3540,4970.7881,53980357243
2020-03-13,5017.8311,5838.1147,4106.9810,5563.7070,74156772075
2020-03-14,5573.0776,5625.2266,5125.0693,5200.3662,36154506008
2020-03-15,5201.0669,5836.6450,5169.2832,5392.3149,33997889639
2020-03-16,5385.2295,5385.2295,4575.3579,5014.4800,45368026430
2020-03-17,5002.5781,5371.3486,4981.9092,5225.6294,38622642935
2020-03-18,5227.1138,5331.8340,5069.3359,5238.4385,37878801016
2020-03-19,5245.4165,6329.7358,5236.9688,6191.1929,51000731797
2020-03-20,6191.6538,6844.2617,5865.7817,6198.7783,54442976103
2020-03-21,6206.5215,6378.1353,5932.8232,6185.0664,42494390880
2020-03-22,6185.5581,6359.6973,5823.7139,5830.2549,40099664740
2020-03-23,5831.3745,6443.9346,5785.0044,6416.3149,46491916000
2020-03-24,6436.6426,6789.0229,6411.0664,6734.8037,48221910672
2020-03-25,6738.7168,6892.5112,6536.9263,6681.0630,44590107888
2020-03-26,6675.1709,6735.4639,6590.9629,6716.4404,35319797642
2020-03-27,6719.3892,6793.8364,6466.7017,6469.7983,34585598367
2020-03-28,6467.2539,6467.5010,6117.8379,6242.1938,34885225901
2020-03-29,6245.6245,6250.4673,5920.0859,5922.0430,28373690931
2020-03-30,5925.5386,6517.1958,5903.2344,6429.8418,37101651525
2020-03-31,6430.6064,6504.5151,6374.1621,6438.6445,32786468812
2020-04-01,6437.3193,6612.5737,6202.3735,6606.7764,40346426266
2020-04-02,6606.7764,7088.2476,6595.9185,6793.6245,47660646124
2020-04-03,6797.3965,7003.2207,6673.3359,6733.3872,38976504903
2020-04-04,6738.3828,6878.9536,6696.4849,6867.5273,33185988584
2020-04-05,6862.5376,6883.4141,6715.9292,6791.1294,29510409856
2020-04-06,6788.0498,7271.7812,6782.8896,7271.7812,46896904615
2020-04-07,7273.6440,7427.9395,7136.7144,7176.4146,44243482668
2020-04-08,7179.2832,7356.2236,7153.3057,7334.0986,37563249549
2020-04-09,7337.9663,7341.4482,7179.0942,7302.0894,34815139178
2020-04-10,7303.8154,7303.8154,6802.4751,6865.4932,43622840992
2020-04-11,6867.4404,6926.0698,6789.9209,6859.0830,31222085946
2020-04-12,6858.0679,7119.9473,6811.0781,6971.0918,35759567632
2020-04-13,6965.6167,6965.6167,6668.2598,6845.0376,38619308647
2020-04-14,6843.2817,6958.5571,6793.8213,6842.4277,34110434052
2020-04-15,6845.5615,6928.6646,6633.4028,6642.1099,32288311031
2020-04-16,6640.4541,7134.4507,6555.5044,7116.8042,46783242377
2020-04-17,7116.5527,7167.1831,7050.3320,7096.1846,32513423567
2020-04-18,7092.2915,7269.9565,7089.2471,7257.6650,32447188386
2020-04-19,7260.9224,7280.5220,7167.0547,7189.4248,31311210215
2020-04-20,7186.8735,7240.2905,6835.5029,6881.9585,37747113936
2020-04-21,6879.7842,6934.5518,6834.4424,6880.3232,32589741511
2020-04-22,6879.4404,7145.8657,6867.7817,7117.2075,33249153866
2020-04-23,7121.3062,7491.7852,7081.5947,7429.7246,43500782316
2020-04-24,7434.1816,7574.1958,7434.1816,7550.9009,34636526286
2020-04-25,7550.4829,7641.3638,7521.6724,7569.9360,32941541447
2020-04-26,7570.1392,7700.5942,7561.4077,7679.8672,33070154491
2020-04-27,7679.4189,7795.6011,7679.4189,7795.6011,36162144725
2020-04-28,7796.9702,7814.5273,7730.8066,7807.0586,33187959921
2020-04-29,7806.7124,8871.7539,7786.0493,8801.0381,60201052203
2020-04-30,8797.6699,9440.6504,8533.2559,8658.5537,66964629541
2020-05-01,8672.7822,9048.0234,8667.7637,8864.7666,44068389997
2020-05-02,8869.0576,9007.1875,8811.3662,8988.5967,40134388683
2020-05-03,8983.6143,9167.7812,8830.9717,8897.4688,47101785174
2020-05-04,8895.7451,8956.9062,8645.0244,8912.6543,45718796276
2020-05-05,8912.8320,9062.4150,8856.8271,9003.0703,43148462663
2020-05-06,9007.4414,9411.4678,8966.7061,9268.7617,49371886931
2020-05-07,9261.8955,9992.6641,9138.3223,9951.5186,61112700562
2020-05-08,9936.1621,9996.7432,9767.1729,9842.6660,51780748042
2020-05-09,9840.9062,9913.8633,9580.6445,9593.8965,46566121841
2020-05-10,9591.1689,9595.5811,8395.1074,8756.4307,63325279337
2020-05-11,8755.5352,9033.4707,8374.3232,8601.7959,57119858802
2020-05-12,8610.3857,8949.8984,8569.6436,8804.4775,42142717533
2020-05-13,8805.3877,9317.8789,8805.3877,9269.9873,45558144023
2020-05-14,9271.3291,9793.2686,9255.0352,9733.7217,56426907637
2020-05-15,9734.2910,9755.8281,9261.3984,9328.1973,48158802327
2020-05-16,9333.2402,9564.2051,9260.6943,9377.0137,36164766408
2020-05-17,9374.9297,9823.0020,9349.5459,9670.7393,40084250663
2020-05-18,9675.6953,9906.0303,9570.3594,9726.5752,41827139896
2020-05-19,9727.0635,9836.0479,9539.6240,9729.0381,39254288955
2020-05-20,9725.3291,9804.7939,9447.2012,9522.9814,36546239703
2020-05-21,9522.7402,9555.2422,8869.9307,9081.7617,39326160532
2020-05-22,9080.3350,9232.9365,9008.6387,9182.5771,29810773699
2020-05-23,9185.0625,9302.5020,9118.1084,9209.2871,27727866812
2020-05-24,9212.2832,9288.4043,8787.2510,8790.3682,32518803300
2020-05-25,8786.1074,8951.0059,8719.6680,8906.9346,31288157264
2020-05-26,8909.5859,8991.9678,8757.2939,8835.0527,29584186947
2020-05-27,8837.3809,9203.3203,8834.1572,9181.0176,32740536902
2020-05-28,9184.9453,9546.3193,9148.4570,9525.7510,34367073114
2020-05-29,9528.3555,9573.6670,9379.3389,9439.1240,32896642044
2020-05-30,9438.9141,9704.0303,9366.7295,9700.4141,32722975141
2020-05-31,9700.1055,9700.3438,9432.2969,9461.0586,27773290299
2020-06-01,9463.6055,10199.5654,9450.8994,10167.2686,35198901068
2020-06-02,10162.9736,10182.3408,9460.5713,9529.8037,39137252109
2020-06-03,9533.7607,9682.8594,9471.8467,9656.7178,25007459262
2020-06-04,9655.8545,9887.6104,9525.2471,9800.6367,25921805072
2020-06-05,9800.2158,9869.2373,9663.2168,9665.5332,23509628646
2020-06-06,9664.9043,9773.4316,9591.0244,9653.6797,20438419222
2020-06-07,9653.0029,9768.4980,9458.1504,9758.8525,25015250846
2020-06-08,9760.0635,9782.3066,9675.8857,9771.4893,21486346312
2020-06-09,9774.3604,9836.3691,9664.7197,9795.7002,23717842783
2020-06-10,9794.1191,9908.8965,9728.2910,9870.0947,25706567601
2020-06-11,9870.0781,9938.2979,9263.0693,9321.7812,30247143440
2020-06-12,9320.6904,9540.4658,9285.8516,9480.8438,22610564515
2020-06-13,9480.7354,9493.2119,9396.0098,9475.2773,17564322315
2020-06-14,9477.5537,9482.2705,9347.5938,9386.7881,18991732746
2020-06-15,9386.0352,9504.8604,8990.1758,9450.7021,26699704768
2020-06-16,9454.2666,9579.4307,9400.4453,9538.0244,21565537209
2020-06-17,9533.7842,9540.4229,9327.3398,9480.2549,20177709879
2020-06-18,9481.5674,9482.7822,9328.3955,9411.8408,17770083003
2020-06-19,9410.2939,9440.8760,9274.2959,9288.0186,19632223107
2020-06-20,9290.9600,9394.9717,9247.3799,9332.3408,17130541557
2020-06-21,9330.9268,9401.1074,9300.4307,9303.6299,15324301169
2020-06-22,9300.9150,9655.0732,9296.8721,9648.7178,21104009514
2020-06-23,9644.0762,9670.5410,9547.2471,9629.6582,17006433272
2020-06-24,9632.1494,9680.3672,9278.2334,9313.6104,18961716076
2020-06-25,9314.1270,9340.1611,9095.3242,9264.8135,18616048626
2020-06-26,9260.9951,9310.5166,9101.7383,9162.9180,18341465837
2020-06-27,9167.8242,9207.8105,8998.2168,9045.3906,17273093144
2020-06-28,9048.4609,9197.5469,8975.5254,9143.5820,14560870760
2020-06-29,9140.0293,9237.5732,9041.8760,9190.8545,16460547078
2020-06-30,9185.5811,9217.8359,9084.8379,9137.9932,15735797744
2020-07-01,9145.9854,9309.7549,9104.7354,9228.3252,15971550355
2020-07-02,9231.1396,9274.9629,9036.6230,9123.4102,16338916796
2020-07-03,9124.8428,9202.3447,9058.7949,9087.3037,13078970999
2020-07-04,9084.2334,9183.2959,9053.6299,9132.4883,12290528515
2020-07-05,9126.0908,9162.1836,8977.0156,9073.9424,12903406143
2020-07-06,9072.8496,9375.4746,9058.6641,9375.4746,17889263252
2020-07-07,9349.1611,9360.6172,9201.8154,9252.2773,13839652595
2020-07-08,9253.0205,9450.3359,9249.5000,9428.3330,19702359883
2020-07-09,9427.9941,9431.3789,9234.9990,9277.9678,18000702524
2020-07-10,9273.3574,9287.4717,9118.0020,9278.8076,16860035605
2020-07-11,9277.5117,9293.5322,9199.4854,9240.3467,13249910444
2020-07-12,9241.0547,9319.4189,9197.4502,9276.5000,14452361907
2020-07-13,9277.2051,9306.4053,9224.2930,9243.6143,17519821266
2020-07-14,9238.7031,9283.8418,9171.6611,9243.2139,18085038362
2020-07-15,9241.8975,9275.3252,9171.9336,9192.8369,15844731575
2020-07-16,9191.9805,9214.3125,9088.9473,9132.2275,15713967523
2020-07-17,9131.8125,9182.2539,9089.2021,9151.3926,13944570749
2020-07-18,9151.1836,9230.9834,9100.8242,9159.0400,12252601475
2020-07-19,9158.0059,9201.3984,9097.6328,9185.8174,12939002784
2020-07-20,9187.2207,9214.2705,9137.5098,9164.2314,13755604146
2020-07-21,9162.5146,9407.2627,9149.3896,9374.8877,18069581956
2020-07-22,9375.0801,9530.5186,9319.6533,9525.3633,16532254884
2020-07-23,9527.1416,9610.2471,9483.0039,9581.0723,18146399002
2020-07-24,9585.5146,9623.3369,9481.4541,9536.8926,16552768325
2020-07-25,9539.4854,9704.5566,9530.2119,9677.1133,16610070933
2020-07-26,9680.2344,10023.8076,9652.8477,9905.1670,20507998997
2020-07-27,9905.2178,11298.2217,9903.9697,10990.8730,35359749590
2020-07-28,11017.4639,11204.3271,10632.6318,10912.8232,28766551142
2020-07-29,10912.9531,11304.3975,10856.1416,11100.4678,24617249715
2020-07-30,11099.8330,11169.3564,10895.4551,11111.2139,22857247901
2020-07-31,11110.2109,11415.8643,10987.0537,11323.4668,23160469766
2020-08-01,11322.5703,11794.7754,11239.6826,11759.5928,26075670303
2020-08-02,11758.7646,12034.1445,11018.1299,11053.6143,27410067336
2020-08-03,11043.7686,11453.0791,11012.4150,11246.3486,20271713443
2020-08-04,11246.2031,11385.3818,11094.1455,11205.8926,21250197042
2020-08-05,11203.8232,11786.6172,11158.2852,11747.0225,24411254471
2020-08-06,11749.8711,11902.3359,11598.7139,11779.7734,23400740340
2020-08-07,11778.8945,11898.0381,11408.5938,11601.4727,23132312867
2020-08-08,11604.5537,11800.0645,11558.4316,11754.0459,17572057837
2020-08-09,11737.3252,11806.0566,11548.7842,11675.7393,17489608833
2020-08-10,11662.2568,12045.1406,11662.2568,11878.1113,26114112569
2020-08-11,11881.6475,11932.7109,11195.7090,11410.5254,27039782640
2020-08-12,11404.5967,11748.3965,11249.6055,11584.9346,25064548486
2020-08-13,11588.4053,11796.3965,11216.8721,11784.1377,27522199497
2020-08-14,11772.6592,12150.9941,11685.4551,11768.8711,24237958589
2020-08-15,11768.6973,11963.2031,11768.6973,11865.6982,23354924400
2020-08-16,11866.6855,11934.9014,11737.1885,11892.8037,20583375490
2020-08-17,11895.6582,12359.0566,11806.6963,12254.4023,28227687027
2020-08-18,12251.8955,12335.7070,11954.5254,11991.2334,26043227672
2020-08-19,11990.8848,12028.9238,11687.3330,11758.2832,24502851117
2020-08-20,11761.5000,11900.4111,11710.0635,11878.3721,20175242945
2020-08-21,11878.0264,11899.2598,11564.9795,11592.4893,23762425999
2020-08-22,11585.4775,11689.4072,11448.8057,11681.8252,20224191306
2020-08-23,11679.6963,11713.4297,11559.9209,11664.8477,18482062658
2020-08-24,11663.6895,11807.6318,11623.2500,11774.5957,20681511755
2020-08-25,11773.5889,11778.2998,11189.8506,11366.1348,26301509932
2020-08-26,11366.8945,11530.0527,11296.9932,11488.3633,22466660958
2020-08-27,11485.6084,11570.7861,11185.9414,11323.3975,23240415076
2020-08-28,11325.2959,11545.6152,11316.4229,11542.5000,19807127588
2020-08-29,11541.0547,11585.6406,11466.2930,11506.8652,17485597759
2020-08-30,11508.7139,11715.2646,11492.3818,11711.5059,19760127945
2020-08-31,11713.3066,11768.8770,11598.3184,11680.8203,22285928250
2020-09-01,11679.3164,12067.0811,11601.1289,11970.4785,27311555343
2020-09-02,11964.8232,11964.8232,11290.7939,11414.0342,28037405299
2020-09-03,11407.1914,11443.0225,10182.4648,10245.2969,31927261555
2020-09-04,10230.3652,10663.9199,10207.9404,10511.8135,29965130374
2020-09-05,10512.5303,10581.5713,9946.6758,10169.5674,44916565292
2020-09-06,10167.2168,10353.9277,10056.8857,10280.3516,37071460174
2020-09-07,10280.9980,10399.1533,9916.4932,10369.5635,33703098409
2020-09-08,10369.3066,10414.7754,9945.1104,10131.5166,33430927462
2020-09-09,10134.1514,10350.5430,10017.2510,10242.3477,24128292755
2020-09-10,10242.3301,10503.9121,10238.1357,10363.1387,54406443211
2020-09-11,10369.0283,10434.9229,10140.8369,10400.9150,45201121775
2020-09-12,10409.8613,10578.8379,10292.3867,10442.1709,36750077324
2020-09-13,10452.3994,10577.2148,10224.3301,10323.7559,36506852789
2020-09-14,10328.7344,10800.0107,10266.0088,10680.8379,35453581940
2020-09-15,10677.7549,10938.6318,10656.4600,10796.9512,32509451925
2020-09-16,10797.7617,11100.1240,10704.8848,10974.9053,30769986455
2020-09-17,10973.2520,11037.4209,10774.6279,10948.9902,38151810523
2020-09-18,10951.8203,11034.9082,10829.6572,10944.5859,26341903912
2020-09-19,10933.7529,11134.0928,10909.6182,11094.3467,22764204008
2020-09-20,11095.8701,11095.8701,10814.4775,10938.2715,24699523788
2020-09-21,10934.9258,10988.3047,10380.2607,10462.2598,28884999244
2020-09-22,10459.6240,10568.0771,10382.7266,10538.4600,23621787804
2020-09-23,10535.4922,10537.8281,10197.8652,10246.1865,23788661867
2020-09-24,10248.7861,10771.0566,10231.4902,10760.0664,47144380902
2020-09-25,10761.1094,10777.6963,10578.9141,10692.7168,39348590957
2020-09-26,10695.5752,10772.9990,10667.2812,10750.7236,46852525493
2020-09-27,10746.8926,10803.9766,10622.9219,10775.2695,53745972818
2020-09-28,10776.6133,10945.3477,10703.8936,10709.6523,47762394731
2020-09-29,10709.6504,10860.0010,10649.4951,10844.6406,46582396602
2020-09-30,10843.8711,10847.2568,10669.3213,10784.4912,44171073700
2020-10-01,10795.2549,10933.6240,10472.3564,10619.4521,40023134100
2020-10-02,10619.8213,10657.8379,10416.6895,10575.9746,48661453918
2020-10-03,10575.1006,10598.9404,10511.1299,10549.3291,44660271563
2020-10-04,10550.4404,10686.0000,10534.3916,10669.5830,71251776995
2020-10-05,10676.5293,10793.5078,10634.6006,10793.3398,47537578009
2020-10-06,10796.3066,10797.5781,10528.8906,10604.4062,42623695307
2020-10-07,10603.3555,10680.5078,10562.5068,10668.9688,37799458436
2020-10-08,10669.3711,10945.7373,10562.6064,10915.6855,63314794397
2020-10-09,10927.9131,11102.6719,10846.8506,11064.4580,22799117613
2020-10-10,11059.1426,11442.2109,11056.9404,11296.3613,22877978588
2020-10-11,11296.0820,11428.8135,11288.6279,11384.1816,19968627060
2020-10-12,11392.6357,11698.4678,11240.6865,11555.3633,26163972642
2020-10-13,11548.7197,11548.9844,11321.2246,11425.8994,24241420251
2020-10-14,11429.0479,11539.9775,11307.8311,11429.5068,24103426719
2020-10-15,11426.6025,11569.9141,11303.6035,11495.3496,24487233058
2020-10-16,11502.8281,11540.0615,11223.0127,11322.1230,25635480772
2020-10-17,11322.1230,11386.2617,11285.3457,11358.1016,19130430174
2020-10-18,11355.9824,11483.3594,11347.5781,11483.3594,18283314340
2020-10-19,11495.0381,11799.0928,11408.2900,11742.0371,23860769928
2020-10-20,11745.9746,11999.9180,11681.4805,11916.3350,30915821592
2020-10-21,11913.0771,13184.5664,11900.9287,12823.6895,43414712626
2020-10-22,12801.6357,13161.5938,12717.0938,12965.8916,34729759598
2020-10-23,12971.5488,13015.9619,12752.6475,12931.5391,28974975003
2020-10-24,12931.5742,13145.0664,12885.7471,13108.0625,24542317940
2020-10-25,13108.0635,13329.1836,12910.0615,13031.1738,24406920575
2020-10-26,13031.2012,13225.2979,12822.3828,13075.2480,29461458313
2020-10-27,13075.2422,13759.6689,13060.8379,13654.2188,33749878156
2020-10-28,13654.2148,13837.6953,12932.2510,13271.2852,35867318895
2020-10-29,13271.2988,13612.0479,12980.0596,13437.8828,56499499598
2020-10-30,13437.8740,13651.5166,13136.1982,13546.5225,30581485201
2020-10-31,13546.5322,14028.2139,13457.5303,13780.9951,30306464719
2020-11-01,13780.9951,13862.0332,13628.3779,13737.1094,24453857900
2020-11-02,13737.0322,13808.3232,13243.1602,13550.4893,30771455468
2020-11-03,13550.4512,13984.9814,13325.4414,13950.3008,29869951617
2020-11-04,13950.4883,14218.7666,13580.4717,14133.7070,35116364962
2020-11-05,14133.7334,15706.4043,14102.0889,15579.8486,40856321439
2020-11-06,15579.7295,15903.4375,15226.8398,15565.8809,39837841971
2020-11-07,15565.8809,15737.0957,14423.2031,14833.7539,35024953706
2020-11-08,14833.7539,15637.3203,14744.1104,15479.5674,26632075029
2020-11-09,15479.5957,15785.1367,14865.5293,15332.3154,34149115566
2020-11-10,15332.3506,15450.3291,15124.9600,15290.9023,25574938143
2020-11-11,15290.9092,15916.2607,15290.0068,15701.3398,29772374934
2020-11-12,15701.2988,16305.0039,15534.7715,16276.3438,34175758344
2020-11-13,16276.4404,16463.1777,15992.1523,16317.8086,31599492172
2020-11-14,16317.8086,16317.8086,15749.1934,16068.1387,27481710135
2020-11-15,16068.1396,16123.1104,15793.5342,15955.5879,23653867583
2020-11-16,15955.5771,16816.1816,15880.7061,16716.1113,31526766675
2020-11-17,16685.6914,17782.9199,16564.5449,17645.4062,39006849170
2020-11-18,17645.1914,18393.9492,17352.9062,17804.0059,49064800278
2020-11-19,17803.8613,18119.5469,17382.5547,17817.0898,36985055355
2020-11-20,17817.0840,18773.2266,17765.7949,18621.3145,36992873940
2020-11-21,18621.3164,18936.6211,18444.3594,18642.2324,39650210707
2020-11-22,18642.2324,18688.9688,17671.3848,18370.0020,41280434226
2020-11-23,18370.0176,18711.4258,18000.7969,18364.1211,42741112308
2020-11-24,18365.0156,19348.2715,18128.6562,19107.4648,51469565009
2020-11-25,19104.4102,19390.9648,18581.1465,18732.1211,43710357371
2020-11-26,18729.8398,18866.2852,16351.0352,17150.6230,61396835737
2020-11-27,17153.9141,17445.0234,16526.4238,17108.4023,38886494645
2020-11-28,17112.9336,17853.9395,16910.6523,17717.4141,32601040734
2020-11-29,17719.6348,18283.6289,17559.1172,18177.4844,31133957704
2020-11-30,18178.3223,19749.2637,18178.3223,19625.8359,47728480399
2020-12-01,19633.7695,19845.9746,18321.9219,18802.9980,49633658712
2020-12-02,18801.7441,19308.3301,18347.7188,19201.0918,37387697139
2020-12-03,19205.9258,19566.1914,18925.7852,19445.3984,31930317405
2020-12-04,19446.9668,19511.4043,18697.1934,18699.7656,33872388058
2020-12-05,18698.3848,19160.4492,18590.1934,19154.2305,27242455064
2020-12-06,19154.1797,19390.5000,18897.8945,19345.1211,25293775714
2020-12-07,19343.1289,19411.8281,18931.1426,19191.6309,26896357742
2020-12-08,19191.5293,19283.4785,18269.9453,18321.1445,31692288756
2020-12-09,18320.8848,18626.2930,17935.5469,18553.9160,34420373071
2020-12-10,18553.2988,18553.2988,17957.0645,18264.9922,25547132265
2020-12-11,18263.9297,18268.4531,17619.5332,18058.9043,27919640985
2020-12-12,18051.3203,18919.5508,18046.0410,18803.6562,21752580802
2020-12-13,18806.7656,19381.5352,18734.3320,19142.3828,25450468637
2020-12-14,19144.4922,19305.0996,19012.7090,19246.6445,22473997681
2020-12-15,19246.9199,19525.0078,19079.8418,19417.0762,26741982541
2020-12-16,19418.8184,21458.9082,19298.3164,21310.5977,44409011479
2020-12-17,21308.3516,23642.6602,21234.6758,22805.1621,71378606374
2020-12-18,22806.7969,23238.6016,22399.8125,23137.9609,40387896275
2020-12-19,23132.8652,24085.8555,22826.4727,23869.8320,38487546580
2020-12-20,23861.7656,24209.6602,23147.7109,23477.2949,37844228422
2020-12-21,23474.4551,24059.9824,22159.3672,22803.0820,45852713981
2020-12-22,22794.0391,23789.9023,22430.6055,23783.0293,44171632681
2020-12-23,23781.9746,24024.4902,22802.6465,23241.3457,51146161904
2020-12-24,23240.2031,23768.3379,22777.5977,23735.9492,41080759713
2020-12-25,23733.5703,24710.1016,23463.6738,24664.7910,42068395846
2020-12-26,24677.0156,26718.0703,24522.6895,26437.0371,48332647295
2020-12-27,26439.3730,28288.8398,25922.7695,26272.2949,66479895605
2020-12-28,26280.8223,27389.1113,26207.6406,27084.8086,49056742893
2020-12-29,27081.8105,27370.7207,25987.2988,27362.4375,45265946774
2020-12-30,27360.0898,28937.7402,27360.0898,28840.9531,51287442704
2020-12-31,28841.5742,29244.8770,28201.9922,29001.7207,46754964848
2021-01-01,28994.0098,29600.6270,28803.5859,29374.1523,40730301359
2021-01-02,29376.4551,33155.1172,29091.1816,32127.2676,67865420765
2021-01-03,32129.4082,34608.5586,32052.3164,32782.0234,78665235202
2021-01-04,32810.9492,33440.2188,28722.7559,31971.9141,81163475344
2021-01-05,31977.0410,34437.5898,30221.1875,33992.4297,67547324782
2021-01-06,34013.6133,36879.6992,33514.0352,36824.3633,75289433811
2021-01-07,36833.8750,40180.3672,36491.1914,39371.0430,84762141031
2021-01-08,39381.7656,41946.7383,36838.6367,40797.6094,88107519480
2021-01-09,40788.6406,41436.3516,38980.8750,40254.5469,61984162837
2021-01-10,40254.2188,41420.1914,35984.6289,38356.4414,79980747690
2021-01-11,38346.5312,38346.5312,30549.5996,35566.6562,123320567399
2021-01-12,35516.3594,36568.5273,32697.9766,33922.9609,74773277909
2021-01-13,33915.1211,37599.9609,32584.6680,37316.3594,69364315979
2021-01-14,37325.1094,39966.4062,36868.5625,39187.3281,63615990033
2021-01-15,39156.7070,39577.7109,34659.5898,36825.3672,67760757881
2021-01-16,36821.6484,37864.3672,35633.5547,36178.1406,57706187875
2021-01-17,36163.6484,36722.3516,34069.3203,35791.2773,52359854336
2021-01-18,35792.2383,37299.2852,34883.8438,36630.0742,49511702429
2021-01-19,36642.2344,37755.8906,36069.8047,36069.8047,57244195486
2021-01-20,36050.1133,36378.3281,33570.4766,35547.7500,66834573161
2021-01-21,35549.3984,35552.6797,30250.7500,30825.6992,75643067688
2021-01-22,30817.6250,33811.8516,28953.3730,33005.7617,77207272511
2021-01-23,32985.7578,33360.9766,31493.1602,32067.6426,48354737975
2021-01-24,32064.3770,32944.0078,31106.6855,32289.3789,48643830599
2021-01-25,32285.7988,34802.7422,32087.7871,32366.3926,59897054838
2021-01-26,32358.6133,32794.5508,31030.2656,32569.8496,60255421470
2021-01-27,32564.0293,32564.0293,29367.1387,30432.5469,62576762015
2021-01-28,30441.0410,33858.3125,30023.2070,33466.0977,76517157706
2021-01-29,34318.6719,38406.2617,32064.8145,34316.3867,117894572511
2021-01-30,34295.9336,34834.7070,32940.1875,34269.5234,65141828798
2021-01-31,34270.8789,34288.3320,32270.1758,33114.3594,52754542671
2021-02-01,33114.5781,34638.2148,32384.2285,33537.1758,61400400660
2021-02-02,33533.1992,35896.8828,33489.2188,35510.2891,63088585433
2021-02-03,35510.8203,37480.1875,35443.9844,37472.0898,61166818159
2021-02-04,37475.1055,38592.1758,36317.5000,36926.0664,68838074392
2021-02-05,36931.5469,38225.9062,36658.7617,38144.3086,58598066402
2021-02-06,38138.3867,40846.5469,38138.3867,39266.0117,71326033653
2021-02-07,39250.1914,39621.8359,37446.1523,38903.4414,65500641143
2021-02-08,38886.8281,46203.9297,38076.3242,46196.4648,101467222687
2021-02-09,46184.9922,48003.7227,45166.9609,46481.1055,91809846886
2021-02-10,46469.7617,47145.5664,43881.1523,44918.1836,87301089896
2021-02-11,44898.7109,48463.4688,44187.7617,47909.3320,81388911810
2021-02-12,47877.0352,48745.7344,46424.9766,47504.8516,76555041196
2021-02-13,47491.2031,48047.7461,46392.2812,47105.5156,70250456155
2021-02-14,47114.5078,49487.6406,47114.5078,48717.2891,71248675228
2021-02-15,48696.5352,48875.5703,46347.4766,47945.0586,77069903166
2021-02-16,47944.4570,50341.1016,47201.3047,49199.8711,77049582886
2021-02-17,49207.2773,52533.9141,49072.3789,52149.0078,80820545404
2021-02-18,52140.9727,52474.1055,51015.7656,51679.7969,52054723579
2021-02-19,51675.9805,56113.6523,50937.2773,55888.1328,63495496918
2021-02-20,55887.3359,57505.2266,54626.5586,56099.5195,68145460026
2021-02-21,56068.5664,58330.5703,55672.6094,57539.9453,51897585191
2021-02-22,57532.7383,57533.3906,48967.5664,54207.3203,92052420332
2021-02-23,54204.9297,54204.9297,45290.5898,48824.4258,106102492824
2021-02-24,48835.0859,51290.1367,47213.5000,49705.3320,63695521388
2021-02-25,49709.0820,51948.9688,47093.8516,47093.8516,54506565949
2021-02-26,47180.4648,48370.7852,44454.8438,46339.7617,350967941479
2021-02-27,46344.7734,48253.2695,45269.0273,46188.4531,45910946382
2021-02-28,46194.0156,46716.4297,43241.6172,45137.7695,53443887451
2021-03-01,45159.5039,49784.0156,45115.0938,49631.2422,53891300112
2021-03-02,49612.1055,50127.5117,47228.8438,48378.9883,47530897720
2021-03-03,48415.8164,52535.1367,48274.3203,50538.2422,53220811975
2021-03-04,50522.3047,51735.0898,47656.9297,48561.1680,52343816680
2021-03-05,48527.0312,49396.4297,46542.5156,48927.3047,48625928883
2021-03-06,48899.2305,49147.2188,47257.5273,48912.3828,34363564661
2021-03-07,48918.6797,51384.3672,48918.6797,51206.6914,43137459378
2021-03-08,51174.1172,52314.0703,49506.0547,52246.5234,48597428048
2021-03-09,52272.9688,54824.1172,51981.8320,54824.1172,50912227385
2021-03-10,54824.0117,57258.2539,53290.8906,56008.5508,57295577614
2021-03-11,55963.1797,58091.0625,54484.5938,57805.1211,56772343595
2021-03-12,57821.2188,57996.6211,55376.6484,57332.0898,55689944702
2021-03-13,57343.3711,61683.8633,56217.9727,61243.0859,60669829814
2021-03-14,61221.1328,61597.9180,59302.3164,59302.3164,43901225564
2021-03-15,59267.4297,60540.9922,55393.1641,55907.1992,66419369890
2021-03-16,55840.7852,56833.1797,53555.0273,56804.9023,59749798599
2021-03-17,56825.8281,58969.8164,54528.6289,58870.8945,60258313191
2021-03-18,58893.0781,60116.2500,54253.5781,57858.9219,55746041000
2021-03-19,57850.4414,59498.3750,56643.7031,58346.6523,49063873786
2021-03-20,58332.2617,60031.2852,58213.2969,58313.6445,50361731222
2021-03-21,58309.9141,58767.8984,56005.6172,57523.4219,51943414539
2021-03-22,57517.8906,58471.4805,54288.1562,54529.1445,56521454974
2021-03-23,54511.6602,55985.4414,53470.6953,54738.9453,56435023914
2021-03-24,54710.4883,57262.3828,52514.3320,52774.2656,70567223787
2021-03-25,52726.7461,53392.3867,50856.5703,51704.1602,67999812841
2021-03-26,51683.0117,55137.3125,51579.8555,55137.3125,56652197978
2021-03-27,55137.5664,56568.2148,54242.9102,55973.5117,47266542233
2021-03-28,55974.9414,56610.3125,55071.1133,55950.7461,47686580918
2021-03-29,55947.8984,58342.0977,55139.3398,57750.1992,57625587027
2021-03-30,57750.1328,59447.2227,57251.5508,58917.6914,54414116432
2021-03-31,58930.2773,59930.0273,57726.4180,58918.8320,65520826225
2021-04-01,58926.5625,59586.0703,58505.2773,59095.8086,61669163792
2021-04-02,59098.8789,60267.1875,58869.2812,59384.3125,58727860620
2021-04-03,59397.4102,60110.2695,57603.8906,57603.8906,59641344484
2021-04-04,57604.8398,58913.7461,57168.6758,58758.5547,50749662970
2021-04-05,58760.8750,59891.2969,57694.8242,59057.8789,60706272115
2021-04-06,59171.9336,59479.5781,57646.8086,58192.3594,66058027988
2021-04-07,58186.5078,58731.1445,55604.0234,56048.9375,75645303584
2021-04-08,56099.9141,58338.7383,55879.0859,58323.9531,53053855641
2021-04-09,58326.5625,58937.0469,57807.8633,58245.0039,46655208546
2021-04-10,58253.7773,61276.6641,58038.7070,59793.2344,58238470525
2021-04-11,59846.2305,60790.5547,59289.7969,60204.9648,46280252580
2021-04-12,60175.9453,61253.0352,59589.8750,59893.4531,51828688519
2021-04-13,59890.0195,63742.2852,59869.9570,63503.4570,69983454362
2021-04-14,63523.7539,64863.0977,61554.7969,63109.6953,77451779687
2021-04-15,63075.1953,63821.6719,62208.9648,63314.0117,60954381579
2021-04-16,63258.5039,63594.7227,60222.5312,61572.7891,84293007468
2021-04-17,61529.9219,62572.1758,60361.3516,60683.8203,66138759198
2021-04-18,60701.8867,61057.4570,52829.5352,56216.1836,97468872758
2021-04-19,56191.5859,57520.0547,54368.5938,55724.2656,65344865159
2021-04-20,55681.7930,57062.1484,53448.0469,56473.0312,67849323955
2021-04-21,56471.1289,56757.9727,53695.4688,53906.0898,54926612466
2021-04-22,53857.1055,55410.2305,50583.8125,51762.2734,74798630778
2021-04-23,51739.8086,52120.7930,47714.6641,51093.6523,86668667320
2021-04-24,51143.2266,51167.5625,48805.2852,50050.8672,49014494781
2021-04-25,50052.8320,50506.0195,47159.4844,49004.2539,46117114240
2021-04-26,49077.7930,54288.0039,48852.7969,54021.7539,58284039825
2021-04-27,54030.3047,55416.9648,53319.1875,55033.1172,49448222757
2021-04-28,55036.6367,56227.2070,53887.9180,54824.7031,48000572955
2021-04-29,54858.0898,55115.8438,52418.0273,53555.1094,46088929780
2021-04-30,53568.6641,57900.7188,53129.6016,57750.1758,52395931985
2021-05-01,57714.6641,58448.3398,57052.2734,57828.0508,42836427360
2021-05-02,57825.8633,57902.5938,56141.9062,56631.0781,38177405335
2021-05-03,56620.2734,58973.3086,56590.8711,57200.2930,51713139031
2021-05-04,57214.1797,57214.1797,53191.4258,53333.5391,68564706967
2021-05-05,53252.1641,57911.3633,52969.0547,57424.0078,69241316747
2021-05-06,57441.3086,58363.3164,55382.5078,56396.5156,69523285106
2021-05-07,56413.9531,58606.6328,55321.8477,57356.4023,68434023376
2021-05-08,57352.7656,59464.6133,56975.2109,58803.7773,65382980634
2021-05-09,58877.3906,59210.8828,56482.0039,58232.3164,65906690347
2021-05-10,58250.8711,59519.3555,54071.4570,55859.7969,71776546298
2021-05-11,55847.2422,56872.5430,54608.6523,56704.5742,61308396325
2021-05-12,56714.5312,57939.3633,49150.5352,49150.5352,75215403907
2021-05-13,49735.4336,51330.8438,46980.0195,49716.1914,96721152926
2021-05-14,49682.9805,51438.1172,48868.5781,49880.5352,55737497453
2021-05-15,49855.4961,50639.6641,46664.1406,46760.1875,59161047474
2021-05-16,46716.6367,49720.0430,43963.3516,46456.0586,64047871555
2021-05-17,46415.8984,46623.5586,42207.2891,43537.5117,74903638450
2021-05-18,43488.0586,45812.4570,42367.8320,42909.4023,56187365084
2021-05-19,42944.9766,43546.1172,30681.4961,37002.4414,126358098747
2021-05-20,36753.6680,42462.9844,35050.6172,40782.7383,88281943359
2021-05-21,40596.9492,42172.1719,33616.4531,37304.6914,82051616861
2021-05-22,37371.0312,38831.0547,35383.6836,37536.6328,57377273240
2021-05-23,37531.4492,38289.2188,31227.3398,34770.5820,78469274361
2021-05-24,34700.3633,39835.1406,34551.0820,38705.9805,67359584098
2021-05-25,38795.7812,39776.3516,36581.4297,38402.2227,56211915803
2021-05-26,38392.6250,40782.0781,37905.8359,39294.1992,51346735160
2021-05-27,39316.8906,40379.6172,37247.9023,38436.9688,43210968721
2021-05-28,38507.0820,38856.9688,34779.0391,35697.6055,55200191952
2021-05-29,35684.1562,37234.5000,33693.9297,34616.0664,45231013335
2021-05-30,34607.4062,36400.6680,33520.7383,35678.1289,31646080921
2021-05-31,35658.5938,37468.2500,34241.9453,37332.8555,39009847639
2021-06-01,37293.7930,37896.7344,35787.0859,36684.9258,34639423297
2021-06-02,36699.9219,38231.3398,35966.3086,37575.1797,33070867190
2021-06-03,37599.4102,39478.9531,37243.9727,39208.7656,35460750427
2021-06-04,39242.4844,39242.4844,35717.7227,36894.4062,41831090187
2021-06-05,36880.1562,37917.7148,34900.4141,35551.9570,35959473399
2021-06-06,35538.6094,36436.4219,35304.5781,35862.3789,28913440585
2021-06-07,35835.2656,36790.5703,33480.6406,33560.7070,33683936663
2021-06-08,33589.5195,34017.3867,31114.4434,33472.6328,49902050442
2021-06-09,33416.9766,37537.3711,32475.8652,37345.1211,53972919008
2021-06-10,37389.5156,38334.3242,35847.5938,36702.5977,43576032854
2021-06-11,36697.0312,37608.6953,36044.4492,37334.3984,38699736985
2021-06-12,37340.1445,37408.9258,34728.1914,35552.5156,37924228550
2021-06-13,35555.7891,39322.7812,34864.1094,39097.8594,40669112838
2021-06-14,39016.9688,40978.3633,38757.2852,40218.4766,43148914673
2021-06-15,40427.1680,41295.2695,39609.4688,40406.2695,46420149185
2021-06-16,40168.6914,40516.7773,38176.0352,38347.0625,39211635100
2021-06-17,38341.4219,39513.6719,37439.6758,38053.5039,37096670047
2021-06-18,38099.4766,38187.2617,35255.8555,35787.2461,36200887275
2021-06-19,35854.5273,36457.7969,34933.0625,35615.8711,31207279719
2021-06-20,35563.1406,36059.4844,33432.0742,35698.2969,36664034054
2021-06-21,35641.1445,35721.6406,31295.9355,31676.6934,52809038594
2021-06-22,31622.3770,33292.4531,28893.6211,32505.6602,58964353058
2021-06-23,32515.7148,34753.4102,31772.6328,33723.0273,46317108925
2021-06-24,33682.8008,35228.8516,32385.2148,34662.4375,33123368116
2021-06-25,34659.1055,35487.2461,31350.8848,31637.7793,40230904226
2021-06-26,31594.6641,32637.5879,30184.5020,32186.2773,38585385521
2021-06-27,32287.5234,34656.1289,32071.7578,34649.6445,35511640894
2021-06-28,34679.1211,35219.8906,33902.0742,34434.3359,33892523752
2021-06-29,34475.5586,36542.1094,34252.4844,35867.7773,37901460044
2021-06-30,35908.3867,36074.7578,34086.1523,35040.8359,34059036099
2021-07-01,35035.9844,35035.9844,32883.7812,33572.1172,37838957079
2021-07-02,33549.6016,33939.5898,32770.6797,33897.0469,38728974942
2021-07-03,33854.4219,34909.2617,33402.6953,34668.5469,24383958643
2021-07-04,34665.5664,35937.5664,34396.4766,35287.7812,24924307911
2021-07-05,35284.3438,35284.3438,33213.6602,33746.0039,26721554282
2021-07-06,33723.5078,35038.5352,33599.9180,34235.1953,26501259870
2021-07-07,34225.6797,34997.6641,33839.2891,33855.3281,24796027477
2021-07-08,33889.6055,33907.9062,32133.1836,32877.3711,29910396946
2021-07-09,32861.6719,34042.2930,32318.8809,33798.0117,27436021028
2021-07-10,33811.2422,34209.0703,33116.0117,33520.5195,22971873468
2021-07-11,33509.0781,34584.7031,33346.7383,34240.1875,20108729370
2021-07-12,34254.0156,34592.1562,32697.3086,33155.8477,24321499537
2021-07-13,33125.4688,33327.1016,32261.4199,32702.0254,19120856669
2021-07-14,32723.8457,33061.3984,31639.1250,32822.3477,21376531210
2021-07-15,32827.8750,33159.6406,31175.7090,31780.7305,21300524237
2021-07-16,31841.5508,32218.4062,31100.6738,31421.5391,23699476918
2021-07-17,31397.3086,31935.9453,31223.9902,31533.0684,18895018942
2021-07-18,31533.8848,32398.9961,31215.4922,31796.8105,18787986667
2021-07-19,31800.0117,31885.8594,30563.7344,30817.8320,20434789545
2021-07-20,30838.2852,31006.1875,29360.9551,29807.3477,23148267245
2021-07-21,29796.2852,32752.3262,29526.1836,32110.6934,28203024559
2021-07-22,32138.8730,32576.4004,31745.2988,32313.1055,19555230518
2021-07-23,32305.9590,33581.5508,32057.8926,33581.5508,22552046192
2021-07-24,33593.7305,34490.3906,33424.8594,34292.4453,21664706865
2021-07-25,34290.2930,35364.9258,33881.8359,35350.1875,20856685287
2021-07-26,35384.0312,40499.6758,35287.3125,37337.5352,51022126212
2021-07-27,37276.0352,39406.9414,36441.7266,39406.9414,35097370560
2021-07-28,39503.1875,40816.0703,38862.4375,39995.9062,38702404695
2021-07-29,39995.4531,40593.0703,39352.0586,40008.4219,27167146027
2021-07-30,40027.4844,42235.5469,38397.3555,42235.5469,33072782960
2021-07-31,42196.3047,42231.4492,41110.8320,41626.1953,25802845343
2021-08-01,41460.8438,42541.6797,39540.9414,39974.8945,26688438115
2021-08-02,39907.2617,40419.1797,38746.3477,39201.9453,25595265436
2021-08-03,39178.4023,39750.0312,37782.0508,38152.9805,26189830450
2021-08-04,38213.3320,39952.2969,37589.1641,39747.5039,25372562724
2021-08-05,39744.5156,41341.9336,37458.0039,40869.5547,35185031017
2021-08-06,40865.8672,43271.6602,39932.1797,42816.5000,38226483046
2021-08-07,42832.7969,44689.8594,42618.5664,44555.8008,40030862141
2021-08-08,44574.4375,45282.3516,43331.9102,43798.1172,36302664750
2021-08-09,43791.9258,46456.8320,42848.6875,46365.4023,38734079049
2021-08-10,46280.8477,46637.9883,44705.5547,45585.0312,33546019517
2021-08-11,45599.7031,46735.6328,45351.7109,45593.6367,34319709073
2021-08-12,45576.8789,46228.9102,43861.4453,44428.2891,33723620826
2021-08-13,44439.6914,47831.9766,44282.4180,47793.3203,31744259539
2021-08-14,47810.6875,48098.6836,46177.6328,47096.9453,31211354442
2021-08-15,47096.6680,47357.1055,45579.5898,47047.0039,30988958446
2021-08-16,47019.9609,47998.0977,45700.3203,46004.4844,32776876610
2021-08-17,45936.4570,47139.5703,44512.4180,44695.3594,33451362600
2021-08-18,44686.7500,45952.0625,44364.0273,44801.1875,32194123075
2021-08-19,44741.8828,46970.7617,43998.3164,46717.5781,37204312299
2021-08-20,46723.1211,49342.1523,46650.7070,49339.1758,34706867452
2021-08-21,49327.0742,49717.0195,48312.1992,48905.4922,40585205312
2021-08-22,48869.1055,49471.6094,48199.9414,49321.6523,25370975378
2021-08-23,49291.6758,50482.0781,49074.6055,49546.1484,34305053719
2021-08-24,49562.3477,49878.7695,47687.1172,47706.1172,35361168834
2021-08-25,47727.2578,49202.8789,47163.6133,48960.7891,32646349931
2021-08-26,49002.6406,49347.5820,46405.7812,46942.2188,32666549568
2021-08-27,46894.5547,49112.7852,46394.2812,49058.6680,34511076995
2021-08-28,49072.5859,49283.5039,48499.2383,48902.4023,28568103401
2021-08-29,48911.2500,49644.1133,47925.8555,48829.8320,25889650240
2021-08-30,48834.8516,48925.6055,46950.2734,47054.9844,31847007016
2021-08-31,47024.3398,48189.5508,46750.0938,47166.6875,34730363427
2021-09-01,47099.7734,49111.0898,46562.4375,48847.0273,39139399125
2021-09-02,48807.8477,50343.4219,48652.3203,49327.7227,39508070319
2021-09-03,49288.2500,50982.2734,48386.0859,50025.3750,43206179619
2021-09-04,50009.3242,50545.5820,49548.7812,49944.6250,37471327794
2021-09-05,49937.8594,51868.6797,49538.5977,51753.4102,30322676319
2021-09-06,51769.0039,52700.9414,51053.6797,52633.5352,38884105426
2021-09-07,52660.4805,52853.7656,43285.2070,46811.1289,65210059683
2021-09-08,46827.7617,47334.0547,44561.3945,46091.3906,49007762488
2021-09-09,45774.7422,47261.9492,45669.7383,46391.4219,38672657013
2021-09-10,46396.6641,47031.7422,44344.4844,44883.9102,39154666597
2021-09-11,44869.8398,45969.2930,44818.2656,45201.4570,34499835245
2021-09-12,45206.6289,46364.8789,44790.4609,46063.2695,27881980161
2021-09-13,46057.2148,46598.6797,43591.3203,44963.0742,40969943253
2021-09-14,44960.0508,47218.1250,44752.3320,47092.4922,38652152880
2021-09-15,47098.0000,48450.4688,46773.3281,48176.3477,30484496466
2021-09-16,48158.9062,48486.8281,47079.5586,47783.3594,31764293754
2021-09-17,47771.0039,48160.9219,46832.5234,47267.5195,28727713711
2021-09-18,47273.5273,48791.7812,47087.2852,48278.3633,28575630451
2021-09-19,48268.8555,48328.3672,46919.8047,47260.2188,26967722648
2021-09-20,47261.4062,47328.1992,42598.9141,42843.8008,43909845642
2021-09-21,43012.2344,43607.6094,39787.6094,40693.6758,48701090088
2021-09-22,40677.9531,43978.6211,40625.6328,43574.5078,38139709246
2021-09-23,43560.2969,44942.1758,43109.3398,44895.0977,34244064430
2021-09-24,44894.3008,45080.4922,40936.5586,42839.7500,42839345714
2021-09-25,42840.8906,42996.2578,41759.9219,42716.5938,31604717236
2021-09-26,42721.6289,43919.3008,40848.4609,43208.5391,30661222077
2021-09-27,43234.1836,44313.2461,42190.6328,42235.7305,30980029059
2021-09-28,42200.8984,42775.1445,40931.6641,41034.5430,30214940550
2021-09-29,41064.9844,42545.2578,40829.6680,41564.3633,30602359905
2021-09-30,41551.2695,44092.6016,41444.5820,43790.8945,31141681925
2021-10-01,43816.7422,48436.0117,43320.0234,48116.9414,42850641582
2021-10-02,48137.4688,48282.0625,47465.4961,47711.4883,30614346492
2021-10-03,47680.0273,49130.6914,47157.2891,48199.9531,26638115879
2021-10-04,48208.9062,49456.7773,47045.0039,49112.9023,33383173002
2021-10-05,49174.9609,51839.9844,49072.8398,51514.8125,35873904236
2021-10-06,51486.6641,55568.4648,50488.1914,55361.4492,49034730168
2021-10-07,55338.6250,55338.6250,53525.4688,53805.9844,36807860413
2021-10-08,53802.1445,55922.9805,53688.0547,53967.8477,34800873924
2021-10-09,53929.7812,55397.9453,53735.1445,54968.2227,32491211414
2021-10-10,54952.8203,56401.3047,54264.2578,54771.5781,39527792364
2021-10-11,54734.1250,57793.0391,54519.7656,57484.7891,42637331698
2021-10-12,57526.8320,57627.8789,54477.9727,56041.0586,41083758949
2021-10-13,56038.2578,57688.6602,54370.9727,57401.0977,41684252783
2021-10-14,57372.8320,58478.7344,56957.0742,57321.5234,36615791366
2021-10-15,57345.9023,62757.1289,56868.1445,61593.9492,51780081801
2021-10-16,61609.5273,62274.4766,60206.1211,60892.1797,34250964237
2021-10-17,60887.6523,61645.5234,59164.4688,61553.6172,29032367511
2021-10-18,61548.8047,62614.6602,60012.7578,62026.0781,38055562075
2021-10-19,62043.1641,64434.5352,61622.9336,64261.9922,40471196346
2021-10-20,64284.5859,66930.3906,63610.6758,65992.8359,40788955582
2021-10-21,66002.2344,66600.5469,62117.4102,62210.1719,45908121370
2021-10-22,62237.8906,63715.0234,60122.7969,60692.2656,38434082775
2021-10-23,60694.6289,61743.8789,59826.5234,61393.6172,26882546034
2021-10-24,61368.3438,61505.8047,59643.3438,60930.8359,27316183882
2021-10-25,60893.9258,63729.3242,60691.8008,63039.8242,31064911614
2021-10-26,63032.7617,63229.0273,59991.1602,60363.7930,34878965587
2021-10-27,60352.0000,61435.1836,58208.1875,58482.3867,43657076893
2021-10-28,58470.7305,62128.6328,58206.9180,60622.1367,45257083247
2021-10-29,60624.8711,62927.6094,60329.9648,62227.9648,36856881767
2021-10-30,62239.3633,62330.1445,60918.3867,61888.8320,32157938616
2021-10-31,61850.4883,62406.1719,60074.3281,61318.9570,32241199927
2021-11-01,61320.4492,62419.0039,59695.1836,61004.4062,36150572843
2021-11-02,60963.2539,64242.7930,60673.0547,63226.4023,37746665647
2021-11-03,63254.3359,63516.9375,61184.2383,62970.0469,36124731509
2021-11-04,62941.8047,63123.2891,60799.6641,61452.2305,32615846901
2021-11-05,61460.0781,62541.4688,60844.6094,61125.6758,30605102446
2021-11-06,61068.8750,61590.6836,60163.7812,61527.4805,29094934221
2021-11-07,61554.9219,63326.9883,61432.4883,63326.9883,24726754302
2021-11-08,63344.0664,67673.7422,63344.0664,67566.8281,41125608330
2021-11-09,67549.7344,68530.3359,66382.0625,66971.8281,42357991721
2021-11-10,66953.3359,68789.6250,63208.1133,64995.2305,48730828378
2021-11-11,64978.8906,65579.0156,64180.4883,64949.9609,35880633236
2021-11-12,64863.9805,65460.8164,62333.9141,64155.9414,36084893887
2021-11-13,64158.1211,64915.6758,63303.7344,64469.5273,30474228777
2021-11-14,64455.3711,65495.1797,63647.8086,65466.8398,25122092191
2021-11-15,65521.2891,66281.5703,63548.1445,63557.8711,30558763548
2021-11-16,63721.1953,63721.1953,59016.3359,60161.2461,46844335592
2021-11-17,60139.6211,60823.6094,58515.4102,60368.0117,39178392930
2021-11-18,60360.1367,60948.5000,56550.7930,56942.1367,41388338699
2021-11-19,56896.1289,58351.1133,55705.1797,58119.5781,38702407772
2021-11-20,58115.0820,59859.8789,57469.7266,59697.1953,30624264863
2021-11-21,59730.5078,60004.4258,58618.9297,58730.4766,26123447605
2021-11-22,58706.8477,59266.3594,55679.8398,56289.2891,35036121783
2021-11-23,56304.5547,57875.5156,55632.7617,57569.0742,37485803899
2021-11-24,57565.8516,57803.0664,55964.2227,56280.4258,36635566789
2021-11-25,57165.4180,59367.9688,57146.6836,57274.6797,34284016248
2021-11-26,58960.2852,59183.4805,53569.7656,53569.7656,41810748221
2021-11-27,53736.4297,55329.2578,53668.3555,54815.0781,30560857714
2021-11-28,54813.0234,57393.8438,53576.7344,57248.4570,28116886357
2021-11-29,57291.9062,58872.8789,56792.5273,57806.5664,32370840356
2021-11-30,57830.1133,59113.4023,56057.2812,57005.4258,36708594618
2021-12-01,56907.9648,59041.6836,56553.0820,57229.8281,36858195307
2021-12-02,57217.3711,57349.2344,55895.1328,56477.8164,32379968686
2021-12-03,56509.1641,57482.1680,52496.5859,53598.2461,39789134215
2021-12-04,53727.8789,53904.6797,42874.6172,49200.7031,61385677469
2021-12-05,49201.5195,49768.1484,47857.4961,49368.8477,37198201161
2021-12-06,49413.4805,50929.5195,47281.0352,50582.6250,37707308001
2021-12-07,50581.8281,51934.7812,50175.8086,50700.0859,33676814852
2021-12-08,50667.6484,51171.3750,48765.9883,50504.7969,28479699446
2021-12-09,50450.0820,50797.1641,47358.3516,47672.1211,29603577251
2021-12-10,47642.1445,50015.2539,47023.6992,47243.3047,30966005122
2021-12-11,47264.6328,49458.2109,46942.3477,49362.5078,25775869261
2021-12-12,49354.8555,50724.8672,48725.8516,50098.3359,21939223599
2021-12-13,50114.7422,50205.0000,45894.8477,46737.4805,32166727776
2021-12-14,46709.8242,48431.3984,46424.4961,46612.6328,34638619079
2021-12-15,48379.7539,49473.9570,46671.9648,48896.7227,36541828520
2021-12-16,48900.4648,49425.5742,47529.8789,47665.4258,27268150947
2021-12-17,47653.7305,48004.8945,45618.2148,46202.1445,32902725329
2021-12-18,46219.2539,47313.8281,45598.4414,46848.7773,26098292690
2021-12-19,46853.8672,48089.6641,46502.9531,46707.0156,25154053861
2021-12-20,46707.0625,47401.7188,45579.8086,46880.2773,30961902129
2021-12-21,46886.0781,49300.9180,46698.7734,48936.6133,27055803928
2021-12-22,48937.0977,49544.7969,48450.9414,48628.5117,24447979559
2021-12-23,48626.3438,51332.3398,48065.8359,50784.5391,28223878108
2021-12-24,50806.0508,51814.0273,50514.4961,50822.1953,24367912228
2021-12-25,50854.9180,51176.5977,50236.7070,50429.8594,19030650914
2021-12-26,50428.6914,51196.3789,49623.1055,50809.5156,20964372926
2021-12-27,50802.6094,51956.3281,50499.4688,50640.4180,24324345758
2021-12-28,50679.8594,50679.8594,47414.2109,47588.8555,33430376883
2021-12-29,47623.8711,48119.7422,46201.4961,46444.7109,30049226299
2021-12-30,46490.6055,47879.9648,46060.3125,47178.1250,26686491018
2021-12-31,47169.3711,48472.5273,45819.9531,46306.4453,36974172400
2022-01-01,46311.7461,47827.3125,46288.4844,47686.8125,24582667004
2022-01-02,47680.9258,47881.4062,46856.9375,47345.2188,27951569547
2022-01-03,47343.5430,47510.7266,45835.9648,46458.1172,33071628362
2022-01-04,46458.8516,47406.5469,45752.4648,45897.5742,42494677905
2022-01-05,45899.3594,46929.0469,42798.2227,43569.0039,36851084859
2022-01-06,43565.5117,43748.7188,42645.5391,43160.9297,30208048289
2022-01-07,43153.5703,43153.5703,41077.4453,41557.9023,84196607520
2022-01-08,41561.4648,42228.9414,40672.2773,41733.9414,28066355845
2022-01-09,41734.7266,42663.9492,41338.1602,41911.6016,21294384372
2022-01-10,41910.2305,42199.4844,39796.5703,41821.2617,32104232331
2022-01-11,41819.5078,43001.1562,41407.7539,42735.8555,26327648900
2022-01-12,42742.1797,44135.3672,42528.9883,43949.1016,33499938689
2022-01-13,43946.7422,44278.4219,42447.0430,42591.5703,47691135082
2022-01-14,42598.8711,43346.6875,41982.6172,43099.6992,23577403399
2022-01-15,43101.8984,43724.6719,42669.0352,43177.3984,18371348298
2022-01-16,43172.0391,43436.8086,42691.0234,43113.8789,17902097845
2022-01-17,43118.1211,43179.3906,41680.3203,42250.5508,21690904261
2022-01-18,42250.0742,42534.4023,41392.2148,42375.6328,22417209227
2022-01-19,42374.0391,42478.3047,41242.9141,41744.3281,23091543258
2022-01-20,41744.0273,43413.0234,40672.8242,40680.4180,20382033940
2022-01-21,40699.6055,41060.5273,35791.4258,36457.3164,43011992031
2022-01-22,36471.5898,36688.8125,34349.2500,35030.2500,39714385405
2022-01-23,35047.3594,36433.3125,34784.9688,36276.8047,26017975951
2022-01-24,36275.7344,37247.5195,33184.0586,36654.3281,41856658597
2022-01-25,36654.8047,37444.5703,35779.4297,36954.0039,26428189594
2022-01-26,36950.5156,38825.4102,36374.9062,36852.1211,31324598034
2022-01-27,36841.8789,37148.3242,35629.2812,37138.2344,25041426629
2022-01-28,37128.4453,37952.8789,36211.1094,37784.3320,22238830523
2022-01-29,37780.7148,38576.2617,37406.4727,38138.1797,17194183075
2022-01-30,38151.9180,38266.3398,37437.7109,37917.6016,14643548444
2022-01-31,37920.2812,38647.2617,36733.5742,38483.1250,20734730465
2022-02-01,38481.7656,39115.1328,38113.6641,38743.2734,20288500328
2022-02-02,38743.7148,38834.6172,36832.7305,36952.9844,19155189416
2022-02-03,36944.8047,37154.6016,36375.5391,37154.6016,18591534769
2022-02-04,37149.2656,41527.7852,37093.6289,41500.8750,29412210792
2022-02-05,41501.4805,41847.1641,41038.0977,41441.1641,19652846215
2022-02-06,41441.1211,42500.7852,41244.9062,42412.4336,16142097334
2022-02-07,42406.7812,44401.8633,41748.1562,43840.2852,28641855926
2022-02-08,43854.6523,45293.8672,42807.8359,44118.4453,33079398868
2022-02-09,44096.7031,44727.8008,43232.9688,44338.7969,23245887300
2022-02-10,44347.8008,45661.1719,43402.8086,43565.1133,32142048537
2022-02-11,43571.1289,43810.8320,42114.5391,42407.9375,26954925781
2022-02-12,42412.3008,42992.5508,41852.5742,42244.4688,18152390304
2022-02-13,42236.5664,42693.0547,41950.9414,42197.5156,14741589015
2022-02-14,42157.3984,42775.7773,41681.9570,42586.9180,20827783012
2022-02-15,42586.4648,44667.2188,42491.0352,44575.2031,22721659051
2022-02-16,44578.2773,44578.2773,43456.6914,43961.8594,19792547657
2022-02-17,43937.0703,44132.9727,40249.3711,40538.0117,26246662813
2022-02-18,40552.1328,40929.1523,39637.6172,40030.9766,23310007704
2022-02-19,40026.0234,40418.8789,39713.0586,40122.1562,13736557863
2022-02-20,40118.1016,40119.8906,38112.8125,38431.3789,18340576452
2022-02-21,38423.2109,39394.4375,36950.4766,37075.2812,29280402798
2022-02-22,37068.7695,38359.8555,36488.9336,38286.0273,25493150450
2022-02-23,38285.2812,39122.3945,37201.8164,37296.5703,21849073843
2022-02-24,37278.5664,38968.8398,34459.2188,38332.6094,46383802093
2022-02-25,38333.7461,39630.3242,38111.3438,39214.2188,26545599159
2022-02-26,39213.0820,40005.3477,38702.5352,39105.1484,17467554129
2022-02-27,39098.6992,39778.9414,37268.9766,37709.7852,23450127612
2022-02-28,37706.0000,43760.4570,37518.2148,43193.2344,35690014104
2022-03-01,43194.5039,44793.6016,42952.5859,44354.6367,32479047645
2022-03-02,44357.6172,45077.5781,43432.8516,43924.1172,29183112630
2022-03-03,43925.1953,44021.5781,41914.7500,42451.7891,24967782593
2022-03-04,42458.1406,42479.6133,38805.8477,39137.6055,28516271427
2022-03-05,39148.4492,39566.3359,38777.0352,39400.5859,16975917450
2022-03-06,39404.1992,39640.1758,38211.6484,38419.9844,19745229902
2022-03-07,38429.3047,39430.2266,37260.2031,38062.0391,28546143503
2022-03-08,38059.9023,39304.4414,37957.3867,38737.2695,25776583476
2022-03-09,38742.8164,42465.6719,38706.0938,41982.9258,32284121034
2022-03-10,41974.0703,42004.7266,38832.9414,39437.4609,31078064711
2022-03-11,39439.9688,40081.6797,38347.4336,38794.9727,26364890465
2022-03-12,38794.4648,39308.5977,38772.5352,38904.0117,14616450657
2022-03-13,38884.7266,39209.3516,37728.1445,37849.6641,17300745310
2022-03-14,37846.3164,39742.5000,37680.7344,39666.7539,24322159070
2022-03-15,39664.2500,39794.6289,38310.2109,39338.7852,23934000868
2022-03-16,39335.5703,41465.4531,39022.3477,41143.9297,39616916192
2022-03-17,41140.8438,41287.5352,40662.8711,40951.3789,22009601093
2022-03-18,40944.8398,42195.7461,40302.3984,41801.1562,34421564942
2022-03-19,41794.6484,42316.5547,41602.6680,42190.6523,19664853187
2022-03-20,42191.4062,42241.1641,41004.7578,41247.8242,20127946682
2022-03-21,41246.1328,41454.4102,40668.0430,41077.9961,24615543271
2022-03-22,41074.1055,43124.7070,40948.2812,42358.8086,32004652376
2022-03-23,42364.3789,42893.5078,41877.5078,42892.9570,25242943069
2022-03-24,42886.6523,44131.8555,42726.1641,43960.9336,31042992291
2022-03-25,43964.5469,44999.4922,43706.2852,44348.7305,30574413034
2022-03-26,44349.8594,44735.9961,44166.2734,44500.8281,16950455995
2022-03-27,44505.3555,46827.5469,44437.2930,46820.4922,28160889722
2022-03-28,46821.8516,48086.8359,46690.2031,47128.0039,36362175703
2022-03-29,47100.4375,48022.2891,47100.4375,47465.7305,31397059069
2022-03-30,47456.8984,47655.1484,46746.2109,47062.6641,29333883962
2022-03-31,47062.1484,47512.0273,45390.5391,45538.6758,33327427106
2022-04-01,45554.1641,46616.2422,44403.1406,46281.6445,38162644287
2022-04-02,46285.5000,47028.2812,45782.5117,45868.9492,29336594194
2022-04-03,45859.1289,47313.4766,45634.1055,46453.5664,25414397610
2022-04-04,46445.2734,46791.0898,45235.8164,46622.6758,32499785455
2022-04-05,46624.5078,47106.1406,45544.8086,45555.9922,29640604055
2022-04-06,45544.3555,45544.3555,43193.9531,43206.7383,39393395788
2022-04-07,43207.5000,43860.6992,42899.9062,43503.8477,26101973106
2022-04-08,43505.1367,43903.0195,42183.2891,42287.6641,27215995394
2022-04-09,42282.0781,42786.8164,42183.2539,42782.1367,16050772496
2022-04-10,42781.0898,43376.3789,42021.2070,42207.6719,17654475582
2022-04-11,42201.0391,42424.5898,39373.0586,39521.9023,33949912166
2022-04-12,39533.7148,40617.5859,39388.3281,40127.1836,30991500854
2022-04-13,40123.5703,41430.0547,39712.7461,41166.7305,27691105228
2022-04-14,41160.2188,41451.4805,39695.7461,39935.5156,24342001973
2022-04-15,39939.4023,40617.7227,39866.8320,40553.4648,21756855753
2022-04-16,40552.3164,40633.6797,40078.4258,40424.4844,16833150693
2022-04-17,40417.7773,40570.7266,39620.8945,39716.9531,19087633042
2022-04-18,39721.2031,40986.3203,38696.1914,40826.2148,33705182072
2022-04-19,40828.1758,41672.9609,40618.6328,41502.7500,25303206547
2022-04-20,41501.7461,42126.3008,40961.0977,41374.3789,27819532341
2022-04-21,41371.5156,42893.5820,40063.8281,40527.3633,35372786395
2022-04-22,40525.8633,40777.7578,39315.4180,39740.3203,28011716745
2022-04-23,39738.7227,39935.8594,39352.2031,39486.7305,16138021249
2022-04-24,39478.3750,39845.9258,39233.5391,39469.2930,17964398167
2022-04-25,39472.6055,40491.7539,38338.3789,40458.3086,35445730570
2022-04-26,40448.4219,40713.8906,37884.9844,38117.4609,34569088416
2022-04-27,38120.3008,39397.9180,37997.3125,39241.1211,30981015184
2022-04-28,39241.4297,40269.4648,38941.4219,39773.8281,33903704907
2022-04-29,39768.6172,39887.2695,38235.5352,38609.8242,30882994649
2022-04-30,38605.8594,38771.2109,37697.9414,37714.8750,23895713731
2022-05-01,37713.2656,38627.8594,37585.7891,38469.0938,27002760110
2022-05-02,38472.1875,39074.9727,38156.5625,38529.3281,32922642426
2022-05-03,38528.1094,38629.9961,37585.6211,37750.4531,27326943244
2022-05-04,37748.0117,39902.9492,37732.0586,39698.3711,36754404490
2022-05-05,39695.7461,39789.2812,35856.5156,36575.1406,43106256317
2022-05-06,36573.1836,36624.3594,35482.1328,36040.9219,37795577489
2022-05-07,36042.5039,36129.9258,34940.8242,35501.9531,24375896406
2022-05-08,35502.9414,35502.9414,33878.9648,34059.2656,36763041910
2022-05-09,34060.0156,34222.0742,30296.9531,30296.9531,63355494961
2022-05-10,30273.6543,32596.3086,29944.8027,31022.9062,59811038817
2022-05-11,31016.1836,32013.4023,28170.4141,28936.3555,70388855818
2022-05-12,28936.7344,30032.4395,26350.4902,29047.7520,66989173272
2022-05-13,29030.9102,30924.8027,28782.3301,29283.1035,42841124537
2022-05-14,29285.6426,30192.8027,28702.9102,30101.2656,28579868620
2022-05-15,30098.5859,31308.1914,29527.7402,31305.1133,25835372065
2022-05-16,31304.3750,31305.3418,29251.8848,29862.9180,32613897286
2022-05-17,29862.4082,30694.4902,29570.3027,30425.8574,29101473475
2022-05-18,30424.4785,30618.7168,28720.2715,28720.2715,31285268319
2022-05-19,28720.3594,30430.7520,28708.9551,30314.3340,33773447707
2022-05-20,30311.1191,30664.9766,28793.6055,29200.7402,30749382605
2022-05-21,29199.8594,29588.8691,29027.3945,29432.2266,17274840442
2022-05-22,29432.4727,30425.8613,29275.1836,30323.7227,21631532270
2022-05-23,30309.3965,30590.5859,28975.5605,29098.9102,31483454557
2022-05-24,29101.1250,29774.3555,28786.5898,29655.5859,26616506245
2022-05-25,29653.1348,30157.7852,29384.9492,29562.3613,27525063551
2022-05-26,29564.7773,29834.1602,28261.9062,29267.2246,36774325352
2022-05-27,29251.1406,29346.9434,28326.6133,28627.5742,36582005748
2022-05-28,28622.6250,28814.9004,28554.5664,28814.9004,35519577634
2022-05-29,29019.8672,29498.0098,28841.1074,29445.9570,18093886409
2022-05-30,29443.3652,31949.6309,29303.5723,31726.3906,39277993274
2022-05-31,31723.8652,32249.8633,31286.1543,31792.3105,33538210634
2022-06-01,31792.5547,31957.2852,29501.5879,29799.0801,41135817341
2022-06-02,29794.8906,30604.7344,29652.7051,30467.4883,29083562061
2022-06-03,30467.8066,30633.0352,29375.6895,29704.3906,26175547452
2022-06-04,29706.1387,29930.5645,29500.0059,29832.9141,16588370958
2022-06-05,29835.1172,30117.7441,29574.4492,29906.6621,17264085441
2022-06-06,29910.2832,31693.2910,29894.1875,31370.6719,31947336829
2022-06-07,31371.7422,31489.6836,29311.6836,31155.4785,40770974039
2022-06-08,31151.4805,31253.6914,29944.4043,30214.3555,30242059107
2022-06-09,30215.2793,30609.3105,30020.2656,30111.9980,21692004719
2022-06-10,30110.3301,30245.8086,28978.1465,29083.8047,29867476527
2022-06-11,29084.6660,29401.9160,28236.2129,28360.8105,27246574439
2022-06-12,28373.5137,28502.6855,26762.6484,26762.6484,34163220274
2022-06-13,26737.5781,26795.5898,22141.2578,22487.3887,68204556440
2022-06-14,22487.9863,23018.9512,20950.8184,22206.7930,50913575242
2022-06-15,22196.7305,22642.6719,20178.3770,22572.8398,54912007015
2022-06-16,22576.3047,22868.9219,20265.2266,20381.6504,31183975654
2022-06-17,20385.7188,21243.3125,20326.5195,20471.4824,27132421514
2022-06-18,20473.4258,20736.0410,17708.6230,19017.6426,42009436760
2022-06-19,19010.9023,20683.8223,18067.1523,20553.2715,35329942625
2022-06-20,20553.3711,20913.3223,19689.1699,20599.5371,30818458597
2022-06-21,20594.2949,21620.6289,20415.0625,20710.5977,28970212744
2022-06-22,20719.4141,20835.7500,19848.0781,19987.0293,28574793478
2022-06-23,19986.6074,21135.7617,19950.1172,21085.8770,26188097173
2022-06-24,21084.6484,21472.9180,20777.5117,21231.6562,24957784918
2022-06-25,21233.6094,21520.9141,20964.5859,21502.3379,18372538715
2022-06-26,21496.4941,21783.7246,21016.2695,21027.2949,18027170497
2022-06-27,21028.2383,21478.0898,20620.1992,20735.4785,20965695707
2022-06-28,20731.5449,21164.4238,20228.8125,20280.6348,21381535161
2022-06-29,20281.1699,20364.1562,19937.7910,20104.0234,23552740328
2022-06-30,20108.3125,20141.1602,18729.6562,19784.7266,26267239923
2022-07-01,19820.4707,20632.6719,19073.7090,19269.3672,30767551159
2022-07-02,19274.8359,19371.7480,19027.0820,19242.2559,18100418740
2022-07-03,19242.0957,19558.2695,18966.9512,19297.0762,16390821947
2022-07-04,19297.3145,20258.7480,19063.0664,20231.2617,21594638208
2022-07-05,20225.3535,20635.4668,19341.2324,20190.1152,26715546990
2022-07-06,20194.6191,20595.5293,19823.5117,20548.2461,24598943708
2022-07-07,20547.8145,21771.8164,20296.1035,21637.5879,25814972520
2022-07-08,21637.1543,22314.9414,21257.4531,21731.1172,49899834488
2022-07-09,21716.8281,21877.1387,21445.9570,21592.2070,29641127858
2022-07-10,21591.0801,21591.0801,20727.1230,20860.4492,28688807249
2022-07-11,20856.3535,20856.3535,19924.5391,19970.5566,24150249025
2022-07-12,19970.4746,20043.4453,19308.5312,19323.9141,25810220018
2022-07-13,19325.9727,20223.0527,18999.9531,20212.0742,33042430345
2022-07-14,20211.4668,20789.8945,19689.2578,20569.9199,31158743333
2022-07-15,20573.1562,21138.2441,20397.0000,20836.3281,25905575359
2022-07-16,20834.1035,21514.4043,20518.8984,21190.3164,24302954056
2022-07-17,21195.0410,21600.6406,20778.1797,20779.3438,22927802083
2022-07-18,20781.9121,22633.0332,20781.9121,22485.6895,39974475562
2022-07-19,22467.8496,23666.9629,21683.4062,23389.4336,48765202697
2022-07-20,23393.1914,24196.8184,23009.9492,23231.7324,42932549127
2022-07-21,23233.2012,23388.3223,22431.1484,23164.6289,33631012204
2022-07-22,23163.7520,23671.9277,22603.4160,22714.9785,31421555646
2022-07-23,22706.9844,22977.2109,22002.9102,22465.4785,24021799169
2022-07-24,22465.5098,22974.0020,22306.8398,22609.1641,23565495303
2022-07-25,22607.1562,22649.1211,21361.6426,21361.7012,35574561406
2022-07-26,21361.1211,21361.1211,20776.8164,21239.7539,28624673855
2022-07-27,21244.1699,22986.5293,21070.8066,22930.5488,31758955233
2022-07-28,22933.6406,24110.4707,22722.2656,23843.8867,40212386158
2022-07-29,23845.2129,24294.7871,23481.1738,23804.6328,35887249746
2022-07-30,23796.8184,24572.5801,23580.5078,23656.2070,28148218301
2022-07-31,23652.0703,24121.6426,23275.7031,23336.8965,23553591896
2022-08-01,23336.7188,23464.7871,22890.7969,23314.1992,25849159141
2022-08-02,23308.4336,23415.0410,22710.0840,22978.1172,28389250717
2022-08-03,22981.3027,23578.6504,22747.8359,22846.5078,26288169966
2022-08-04,22848.2148,23198.0098,22485.7012,22630.9570,25120229769
2022-08-05,22626.8340,23422.8281,22612.1777,23289.3145,28881249043
2022-08-06,23291.4238,23326.5625,22961.2793,22961.2793,15978259885
2022-08-07,22963.5059,23359.0098,22894.5566,23175.8906,15886817043
2022-08-08,23179.5273,24203.6895,23176.5469,23809.4863,28575544847
2022-08-09,23811.4844,23898.6152,22982.0000,23164.3184,23555719219
2022-08-10,23162.8984,24127.4141,22771.5195,23947.6426,32837431722
2022-08-11,23948.3457,24822.6289,23900.9961,23957.5293,37127036580
2022-08-12,23957.2031,24412.5664,23657.2656,24402.8184,27265804688
2022-08-13,24402.1875,24860.0508,24346.1152,24424.0684,22987346289
2022-08-14,24429.0566,24974.9141,24206.2598,24319.3340,22994133555
2022-08-15,24318.3164,25135.5898,23839.7754,24136.9727,35123501685
2022-08-16,24126.1367,24228.4160,23733.5000,23883.2910,27753685646
2022-08-17,23881.3164,24407.0586,23243.3535,23335.9980,30931623076
2022-08-18,23341.0391,23563.8320,23177.6016,23212.7383,23747613147
2022-08-19,23213.3125,23213.3125,20868.8477,20877.5527,40509610260
2022-08-20,20872.8418,21350.8066,20856.7305,21166.0605,27595671000
2022-08-21,21160.3926,21668.8457,21103.1973,21534.1211,23102307723
2022-08-22,21531.4629,21531.4629,20939.1836,21398.9082,31666498758
2022-08-23,21401.0449,21646.2031,20955.1387,21528.0879,31878280659
2022-08-24,21526.4551,21783.0762,21195.0059,21395.0195,31962253368
2022-08-25,21395.4590,21789.6367,21362.4414,21600.9043,31028679593
2022-08-26,21596.0859,21804.9082,20199.4824,20260.0195,42326789564
2022-08-27,20262.4805,20340.7754,19890.5234,20041.7383,30116729776
2022-08-28,20041.0352,20139.0547,19616.8145,19616.8145,24366810591
2022-08-29,19615.1543,20357.4629,19600.7852,20297.9941,32637854078
2022-08-30,20298.6113,20542.6445,19617.6406,19796.8086,34483360283
2022-08-31,19799.5820,20420.9902,19799.5820,20049.7637,33225232872
2022-09-01,20050.4980,20198.3906,19653.9688,20127.1406,30182031010
2022-09-02,20126.0723,20401.5684,19814.7656,19969.7715,29123998928
2022-09-03,19969.7188,20037.0098,19698.3555,19832.0879,23613051457
2022-09-04,19832.4707,19999.6895,19636.8164,19986.7129,25245861652
2022-09-05,19988.7891,20031.1602,19673.0469,19812.3711,28813460025
2022-09-06,19817.7246,20155.2695,18800.1719,18837.6680,43403978910
2022-09-07,18837.6836,19427.1719,18644.4668,19290.3242,35239757134
2022-09-08,19289.9414,19417.3516,19076.7148,19329.8340,32194477850
2022-09-09,19328.1406,21439.4102,19310.9629,21381.1523,48469528171
2022-09-10,21376.9121,21760.2754,21168.7227,21680.5391,36913738894
2022-09-11,21678.5430,21770.5527,21406.9453,21769.2559,34493951963
2022-09-12,21770.1484,22439.1816,21603.8965,22370.4492,50212088965
2022-09-13,22371.4805,22673.8203,20062.6699,20296.7070,51091116622
2022-09-14,20184.5547,20467.2012,19793.3965,20241.0898,37872380889
2022-09-15,20242.2891,20318.1660,19636.7344,19701.2109,36389011503
2022-09-16,19704.0059,19870.6289,19400.0762,19772.5840,30123362273
2022-09-17,19777.0332,20162.5312,19777.0332,20127.5762,24957448100
2022-09-18,20127.2344,20127.2344,19387.4922,19419.5059,31254779144
2022-09-19,19418.5723,19639.4805,18390.3184,19544.1289,40177002624
2022-09-20,19545.5918,19602.4570,18813.4551,18890.7891,36791346508
2022-09-21,18891.2832,19674.6309,18290.3145,18547.4004,46363793975
2022-09-22,18534.6504,19456.9102,18415.5918,19413.5508,41135767926
2022-09-23,19412.4004,19464.6719,18617.5527,19297.6387,38896078052
2022-09-24,19296.9902,19310.1973,18861.9746,18937.0117,26149643168
2022-09-25,18936.3105,19134.7324,18696.4688,18802.0977,23359966112
2022-09-26,18803.9004,19274.8730,18721.2852,19222.6719,44148798321
2022-09-27,19221.8398,20338.4551,18915.6680,19110.5469,58571439619
2022-09-28,19104.6211,19688.3438,18553.2969,19426.7207,53071298734
2022-09-29,19427.7793,19589.2656,18924.3535,19573.0508,41037843771
2022-09-30,19573.4316,20109.8496,19265.6621,19431.7891,43975248085
2022-10-01,19431.1055,19471.1543,19231.0820,19312.0957,18719537670
2022-10-02,19311.8496,19370.3086,18970.6211,19044.1074,20765955327
2022-10-03,19044.0684,19653.5430,19025.2266,19623.5801,30484729489
2022-10-04,19623.5840,20380.3438,19523.8398,20336.8438,35887278685
2022-10-05,20335.9004,20343.7480,19801.8008,20160.7168,33223790572
2022-10-06,20161.0391,20408.3926,19900.0879,19955.4434,34711412966
2022-10-07,19957.5586,20041.0859,19395.7930,19546.8496,29227315390
2022-10-08,19546.3281,19601.6953,19299.4141,19416.5684,16437423167
2022-10-09,19417.4785,19542.5391,19349.2598,19446.4258,16837262532
2022-10-10,19446.4160,19515.4668,19102.9785,19141.4844,27425022774
2022-10-11,19139.0000,19241.9609,18925.6035,19051.4180,28711532910
2022-10-12,19052.6465,19203.1992,19029.7578,19157.4453,24950173846
2022-10-13,19156.9668,19453.3281,18319.8223,19382.9043,44219840004
2022-10-14,19382.5332,19889.1465,19115.4082,19185.6562,38452356727
2022-10-15,19185.4375,19212.5410,19019.2500,19067.6348,16192235532
2022-10-16,19068.9141,19389.6035,19068.9141,19268.0938,17988916650
2022-10-17,19268.5625,19635.8027,19173.3340,19550.7578,27472552998
2022-10-18,19550.4668,19666.9941,19144.7695,19334.4160,30580012344
2022-10-19,19335.0273,19348.4160,19127.6875,19139.5352,22425387184
2022-10-20,19138.0859,19315.1992,18971.4590,19053.7402,24493974420
2022-10-21,19053.2031,19237.3848,18770.9707,19172.4688,32459287866
2022-10-22,19172.3809,19248.0684,19132.2441,19208.1895,16104440957
2022-10-23,19207.7344,19646.6523,19124.1973,19567.0078,22128794335
2022-10-24,19567.7695,19589.1250,19206.3242,19345.5723,30202235805
2022-10-25,19344.9648,20348.4121,19261.4473,20095.8574,47761524910
2022-10-26,20092.2363,20938.1348,20076.1172,20770.4414,58895950537
2022-10-27,20772.8027,20854.0449,20255.3730,20285.8359,49625110402
2022-10-28,20287.9570,20724.9805,20086.0684,20595.3516,43994715910
2022-10-29,20595.1035,20988.3945,20566.4844,20818.4766,40369840645
2022-10-30,20817.9824,20917.0059,20547.4629,20635.6035,31486345556
2022-10-31,20633.6953,20795.3203,20287.4590,20495.7734,45668466815
2022-11-01,20494.8984,20647.2891,20359.8457,20485.2734,39819303159
2022-11-02,20482.9590,20742.8105,20087.1348,20159.5039,55552169483
2022-11-03,20162.6895,20382.0957,20086.2402,20209.9883,43228750179
2022-11-04,20208.7695,21209.5605,20188.0195,21147.2305,64072727950
2022-11-05,21144.8320,21446.8867,21097.6348,21282.6914,37846047609
2022-11-06,21285.0566,21345.3770,20920.1914,20926.4863,35082693210
2022-11-07,20924.6211,21053.2461,20489.9727,20602.8164,53510852236
2022-11-08,20600.6719,20664.6074,17603.5449,18541.2715,118992465607
2022-11-09,18543.7617,18590.4590,15682.6924,15880.7803,102905151606
2022-11-10,15883.1582,18054.3125,15834.0186,17586.7715,83202283721
2022-11-11,17583.2520,17650.9434,16543.4824,17034.2930,55871616488
2022-11-12,17036.8750,17066.6758,16651.7754,16799.1855,29717699419
2022-11-13,16799.7227,16920.7656,16320.6348,16353.3652,27209183682
2022-11-14,16352.0283,17109.3242,15872.9414,16618.1992,49630243054
2022-11-15,16617.4844,17051.9629,16542.5508,16884.6133,36599436183
2022-11-16,16884.3418,16960.2949,16430.1113,16669.4395,33925512989
2022-11-17,16670.4258,16726.4395,16460.6836,16687.5176,27868914022
2022-11-18,16687.9121,16947.0586,16564.6113,16697.7773,26862218609
2022-11-19,16696.2207,16797.8770,16570.4102,16711.5469,16106223492
2022-11-20,16712.9199,16746.7793,16248.6924,16291.8320,21313378652
2022-11-21,16291.2236,16291.2236,15599.0469,15787.2842,37429485518
2022-11-22,15782.3008,16253.0479,15656.6064,16189.7695,30726828760
2022-11-23,16195.5889,16638.1934,16170.5029,16610.7070,32958875628
2022-11-24,16611.6367,16771.4746,16501.7676,16604.4648,26129037414
2022-11-25,16602.2695,16603.3164,16388.4043,16521.8418,18678255976
2022-11-26,16521.5762,16666.8633,16416.2285,16464.2812,18000008764
2022-11-27,16463.8828,16594.4062,16437.0254,16444.6270,20443898509
2022-11-28,16440.2227,16482.9336,16054.5303,16217.3223,27743025156
2022-11-29,16217.6396,16522.2578,16139.3965,16444.9824,23581685468
2022-11-30,16445.4766,17190.9375,16445.4766,17168.5664,29523576583
2022-12-01,17168.0020,17197.4980,16888.3887,16967.1328,22895392882
2022-12-02,16968.6836,17088.6602,16877.8809,17088.6602,19539705127
2022-12-03,17090.0977,17116.0410,16888.1406,16908.2363,16217776704
2022-12-04,16908.1699,17157.7676,16903.4395,17130.4863,16824520830
2022-12-05,17128.8945,17378.1523,16922.4316,16974.8262,22209086834
2022-12-06,16975.2383,17091.8633,16939.9219,17089.5039,19889922369
2022-12-07,17089.5059,17109.3770,16750.5586,16848.1270,19675404389
2022-12-08,16847.3496,17267.9160,16788.7832,17233.4746,20496603770
2022-12-09,17232.1484,17280.5469,17100.8359,17133.1523,20328426366
2022-12-10,17134.2207,17216.8262,17120.6836,17128.7246,12706781969
2022-12-11,17129.7109,17245.6348,17091.8203,17104.1934,14122486832
2022-12-12,17102.5000,17212.5645,16899.3945,17206.4375,19617581341
2022-12-13,17206.4414,17930.0859,17111.7637,17781.3184,26634741631
2022-12-14,17782.0664,18318.5312,17739.5137,17815.6504,25534481470
2022-12-15,17813.6445,17846.7441,17322.5898,17364.8652,20964448341
2022-12-16,17364.5469,17505.5254,16584.7012,16647.4844,24031608960
2022-12-17,16646.9824,16800.5898,16614.0293,16795.0918,14463581825
2022-12-18,16795.6094,16815.3867,16697.8203,16757.9766,10924354698
2022-12-19,16759.0410,16807.5273,16398.1367,16439.6797,17221074814
2022-12-20,16441.7871,17012.9844,16427.8672,16906.3047,22722096615
2022-12-21,16904.5273,16916.8008,16755.9121,16817.5352,14882945045
2022-12-22,16818.3809,16866.6738,16592.4082,16830.3418,16441573050
2022-12-23,16829.6445,16905.2188,16794.4590,16796.9531,15329265213
2022-12-24,16796.9766,16864.7031,16793.5273,16847.7559,9744636213
2022-12-25,16847.5059,16860.5547,16755.2539,16841.9863,11656379938
2022-12-26,16842.2500,16920.1230,16812.3691,16919.8047,11886957804
2022-12-27,16919.2910,16959.8457,16642.0723,16717.1738,15748580239
2022-12-28,16716.4004,16768.1699,16497.5566,16552.5723,17005713920
2022-12-29,16552.3223,16651.7559,16508.6836,16642.3418,14472237479
2022-12-30,16641.3301,16643.4277,16408.4746,16602.5859,15929162910
2022-12-31,16603.6738,16628.9863,16517.5195,16547.4961,11239186456
2023-01-01,16547.9141,16630.4395,16521.2344,16625.0801,9244361700
2023-01-02,16625.5098,16759.3438,16572.2285,16688.4707,12097775227
2023-01-03,16688.8477,16760.4473,16622.3711,16679.8574,13903079207
2023-01-04,16680.2051,16964.5859,16667.7637,16863.2383,18421743322
2023-01-05,16863.4727,16884.0215,16790.2832,16836.7363,13692758566
2023-01-06,16836.4727,16991.9941,16716.4219,16951.9688,14413662913
2023-01-07,16952.1172,16975.0176,16914.1914,16955.0781,7714767174
2023-01-08,16954.1465,17091.1445,16924.0508,17091.1445,9768827914
2023-01-09,17093.9922,17389.9570,17093.9922,17196.5547,18624736866
2023-01-10,17192.9492,17484.7207,17162.9902,17446.2930,15808338949
2023-01-11,17446.3594,17934.8965,17337.9941,17934.8965,18372283782
2023-01-12,18117.5938,19030.0879,17995.2031,18869.5879,34971338710
2023-01-13,18868.9062,19964.3223,18753.1641,19909.5742,29225029694
2023-01-14,19910.5371,21075.1426,19907.8281,20976.2988,38967784639
2023-01-15,20977.4844,20993.7480,20606.9863,20880.7988,19298407543
2023-01-16,20882.2246,21360.8750,20715.7461,21169.6328,26792494050
2023-01-17,21175.8340,21438.6602,20978.5332,21161.5195,24999983362
2023-01-18,21161.0508,21564.5020,20541.5449,20688.7812,30005625418
2023-01-19,20686.7461,21163.0117,20685.3809,21086.7930,21152848261
2023-01-20,21085.3730,22692.3574,20919.1270,22676.5527,28799154319
2023-01-21,22677.4277,23282.3477,22511.8340,22777.6250,32442278429
2023-01-22,22777.9863,23056.7305,22387.9004,22720.4160,24746386230
2023-01-23,22721.0879,23126.4863,22654.3047,22934.4316,26518700512
2023-01-24,22929.6270,23134.0117,22549.7441,22636.4688,26405069715
2023-01-25,22639.2676,23722.0996,22406.0762,23117.8594,30685366709
2023-01-26,23108.9551,23237.0781,22911.3730,23032.7773,26357839322
2023-01-27,23030.7168,23417.7207,22654.5938,23078.7285,25383335641
2023-01-28,23079.9648,23165.8965,22908.8457,23031.0898,14712928379
2023-01-29,23031.4492,23919.8906,22985.0703,23774.5664,27423687259
2023-01-30,23774.6484,23789.3477,22657.5820,22840.1387,27205595568
2023-01-31,22840.7969,23225.0215,22765.5684,23139.2832,22837828665
2023-02-01,23137.8359,23764.5391,22877.7500,23723.7695,26683255504
2023-02-02,23720.8242,24167.2109,23468.5957,23471.8711,32066936882
2023-02-03,23469.4121,23678.1035,23279.9551,23449.3223,27083066007
2023-02-04,23446.3203,23556.9492,23291.7949,23331.8477,15639298538
2023-02-05,23332.2480,23423.4355,22841.7598,22955.6660,19564262605
2023-02-06,22954.0215,23119.2793,22692.0254,22760.1094,23825006542
2023-02-07,22757.2676,23310.9746,22756.2578,23264.2910,27187964471
2023-02-08,23263.4160,23367.9590,22731.0977,22939.3984,25371367758
2023-02-09,22946.5664,22996.4375,21773.9746,21819.0391,32572572185
2023-02-10,21819.0059,21941.1855,21539.3926,21651.1836,27078406594
2023-02-11,21651.8418,21891.4102,21618.4492,21870.8750,16356226232
2023-02-12,21870.9023,22060.9941,21682.8281,21788.2031,17821046406
2023-02-13,21787.0000,21898.4141,21460.0879,21808.1016,23918742607
2023-02-14,21801.8223,22293.1406,21632.3945,22220.8047,26792596581
2023-02-15,22220.5859,24307.8418,22082.7695,24307.8418,32483312909
2023-02-16,24307.3496,25134.1172,23602.5234,23623.4746,39316664596
2023-02-17,23621.2832,24924.0410,23460.7559,24565.6016,41358451255
2023-02-18,24565.2969,24798.8359,24468.3730,24641.2773,19625427158
2023-02-19,24640.0273,25093.0547,24327.6426,24327.6426,25555105670
2023-02-20,24336.6230,25020.4590,23927.9102,24829.1484,28987376573
2023-02-21,24833.0488,25126.8516,24200.3633,24436.3535,31252098714
2023-02-22,24437.4180,24472.3398,23644.3184,24188.8438,30199996781
2023-02-23,24190.7188,24572.0898,23693.9199,23947.4922,30476264066
2023-02-24,23946.0078,24103.7051,23007.0723,23198.1270,26811744928
2023-02-25,23200.1250,23210.2109,22861.5586,23175.3750,16100721565
2023-02-26,23174.1504,23654.3672,23084.2207,23561.2129,16644534842
2023-02-27,23561.4512,23857.8906,23205.8789,23522.8711,22660763494
2023-02-28,23521.8379,23585.3848,23077.6504,23147.3535,20535363434
2023-03-01,23150.9297,23880.6328,23088.6270,23646.5508,24662841200
2023-03-02,23647.0195,23739.1387,23245.0215,23475.4668,20386398516
2023-03-03,23476.6328,23479.3477,22213.2383,22362.6797,26062404610
2023-03-04,22362.9238,22405.1777,22198.9805,22353.3496,11166012913
2023-03-05,22354.1445,22613.6855,22307.1426,22435.5137,13317001733
2023-03-06,22436.8164,22584.2930,22331.3145,22429.7578,17353192895
2023-03-07,22428.3223,22527.4180,22011.2617,22219.7695,22765452204
2023-03-08,22216.4414,22268.8965,21708.0508,21718.0801,22536575684
2023-03-09,21720.0801,21802.7168,20210.3066,20363.0215,30364664171
2023-03-10,20367.0020,20370.5957,19628.2539,20187.2441,39578257695
2023-03-11,20187.8770,20792.5254,20068.6602,20632.4102,30180288176
2023-03-12,20628.0293,22185.0312,20448.8066,22163.9492,29279035521
2023-03-13,22156.4062,24550.8379,21918.1992,24197.5332,49466362688
2023-03-14,24201.7656,26514.7168,24081.1836,24746.0742,54622230164
2023-03-15,24770.9258,25240.6152,23964.9102,24375.9609,43655701450
2023-03-16,24373.4570,25190.3262,24225.1113,25052.7891,33866061747
2023-03-17,25055.1230,27787.8125,24955.1699,27423.9297,50730261335
2023-03-18,27448.1172,27725.9531,26636.2617,26965.8789,35723036817
2023-03-19,26969.5039,28440.5605,26907.7168,28038.6758,37769448859
2023-03-20,28041.6016,28527.7246,27242.8809,27767.2363,44774027664
2023-03-21,27768.3926,28439.5625,27439.6465,28175.8164,36102192830
2023-03-22,28158.7207,28803.3359,26759.9961,27307.4375,33382021890
2023-03-23,27301.9570,28729.8438,27183.3633,28333.9727,24220433689
2023-03-24,28324.1113,28388.4375,27039.2656,27493.2852,25980310960
2023-03-25,27487.3379,27791.8262,27196.2344,27494.7070,13383005987
2023-03-26,27495.5234,28178.1445,27445.0469,27994.3301,13878363192
2023-03-27,27994.0684,28037.9258,26606.6895,27139.8887,18188895178
2023-03-28,27132.8887,27460.7188,26677.8184,27268.1309,17783600385
2023-03-29,27267.0312,28619.5430,27259.6621,28348.4414,20684945906
2023-03-30,28350.1406,29159.9023,27720.1602,28033.5625,22435349951
2023-03-31,28032.2617,28639.8965,27583.7148,28478.4844,19001327598
2023-04-01,28473.3320,28802.4570,28297.1719,28411.0352,10876469901
2023-04-02,28462.8457,28518.9590,27884.0879,28199.3086,12284641999
2023-04-03,28183.0801,28475.6230,27276.7207,27790.2207,19556501327
2023-04-04,27795.2734,28433.7422,27681.3047,28168.0898,15284538859
2023-04-05,28169.7266,28739.2383,27843.7637,28177.9844,17052315986
2023-04-06,28175.2266,28178.3848,27738.7598,28044.1406,13837809380
2023-04-07,28038.9668,28111.5938,27794.0312,27925.8594,10861680497
2023-04-08,27920.5137,28159.8633,27883.3867,27947.7949,9373255556
2023-04-09,27952.3672,28532.8301,27828.4805,28333.0508,12175322951
2023-04-10,28336.0273,29771.4648,28189.2715,29652.9805,19282400094
2023-04-11,29653.6797,30509.0840,29609.3008,30235.0586,20121259843
2023-04-12,30231.5820,30462.4805,29725.5742,30139.0527,18651929926
2023-04-13,29892.7402,30539.8457,29878.6230,30399.0664,17487721001
2023-04-14,30409.5625,31005.6074,30044.4980,30485.6992,22659995079
2023-04-15,30490.7500,30601.7402,30245.8828,30318.4961,11940685378
2023-04-16,30315.9766,30555.5371,30157.8320,30315.3555,12854816417
2023-04-17,30317.1465,30319.1973,29275.3711,29445.0449,17872186762
2023-04-18,29449.0918,30470.3027,29154.8496,30397.5527,19480529496
2023-04-19,30394.1875,30411.0547,28669.8984,28822.6797,24571565421
2023-04-20,28823.6836,29076.4004,28037.2578,28245.9883,21340360360
2023-04-21,28249.2305,28349.9688,27177.3652,27276.9102,20759504330
2023-04-22,27265.8945,27872.1426,27169.5703,27817.5000,13125734602
2023-04-23,27816.1445,27820.2441,27400.3145,27591.3848,12785446832
2023-04-24,27591.7305,27979.9824,27070.8496,27525.3398,17703288330
2023-04-25,27514.8730,28371.0781,27207.9316,28307.5977,17733373139
2023-04-26,28300.0586,29995.8379,27324.5488,28422.7012,31854242019
2023-04-27,28428.4648,29871.5469,28402.8867,29473.7871,27153445027
2023-04-28,29481.0137,29572.7910,28929.6094,29340.2617,17544464887
2023-04-29,29336.5664,29452.4551,29088.0430,29248.4883,10662634333
2023-04-30,29245.5156,29952.0293,29114.0215,29268.8066,14652199272
2023-05-01,29227.1035,29329.9355,27680.7930,28091.5684,18655599976
2023-05-02,28087.1758,28881.2988,27924.1230,28680.5371,16432924527
2023-05-03,28680.4941,29259.5332,28178.3887,29006.3086,19122972518
2023-05-04,29031.3047,29353.1855,28694.0391,28847.7109,15548678514
2023-05-05,28851.4805,29668.9082,28845.5098,29534.3848,17936566518
2023-05-06,29538.8594,29820.1270,28468.9668,28904.6230,15913866714
2023-05-07,28901.6230,29157.5176,28441.3672,28454.9785,11301355486
2023-05-08,28450.4570,28663.2715,27310.1348,27694.2734,19122903752
2023-05-09,27695.0684,27821.4004,27375.6016,27658.7754,14128593256
2023-05-10,27654.6367,28322.6875,26883.6699,27621.7559,20656025026
2023-05-11,27621.0859,27621.9414,26781.8262,27000.7891,16724343943
2023-05-12,26987.6621,27055.6465,25878.4297,26804.9902,19313599897
2023-05-13,26807.7695,27030.4824,26710.8730,26784.0781,9999171605
2023-05-14,26788.9746,27150.9766,26661.3555,26930.6387,10014858959
2023-05-15,26931.3848,27646.3477,26766.0977,27192.6934,14413231792
2023-05-16,27171.5137,27299.3047,26878.9473,27036.6504,12732238816
2023-05-17,27035.4707,27465.9277,26600.1445,27398.8027,15140006925
2023-05-18,27401.6504,27466.5273,26415.1016,26832.2090,15222938600
2023-05-19,26826.7539,27128.6191,26700.2109,26890.1289,11258983301
2023-05-20,26888.8418,27155.1582,26843.2773,27129.5859,7044911360
2023-05-21,27118.4238,27265.9180,26706.9219,26753.8262,8647416921
2023-05-22,26749.8926,27045.7344,26549.7344,26851.2773,11056770492
2023-05-23,26855.9609,27434.6836,26816.1797,27225.7266,13697203143
2023-05-24,27224.6035,27224.6035,26106.5762,26334.8184,16299104428
2023-05-25,26329.4609,26591.5195,25890.5938,26476.2070,13851122697
2023-05-26,26474.1816,26916.6699,26343.9492,26719.2910,12711619225
2023-05-27,26720.1816,26888.8828,26621.1406,26868.3535,7892015141
2023-05-28,26871.1582,28193.4492,26802.7520,28085.6465,14545229578
2023-05-29,28075.5918,28432.0391,27563.8770,27745.8848,15181308984
2023-05-30,27745.1230,28044.7598,27588.5020,27702.3496,13251081851
2023-05-31,27700.5293,27831.6777,26866.4531,27219.6582,15656371534
2023-06-01,27218.4121,27346.1055,26671.7207,26819.9727,14678970415
2023-06-02,26824.5566,27303.8613,26574.6445,27249.5898,14837415000
2023-06-03,27252.3242,27317.0527,26958.0039,27075.1289,8385597470
2023-06-04,27075.1230,27407.0195,26968.2246,27119.0664,9360912318
2023-06-05,27123.1094,27129.9824,25445.1680,25760.0977,21513292646
2023-06-06,25732.1094,27313.8203,25434.8672,27238.7832,21929670693
2023-06-07,27235.6504,27332.1816,26146.9883,26345.9980,19530045082
2023-06-08,26347.6543,26797.5137,26246.6641,26508.2168,11904824295
2023-06-09,26505.9238,26770.2891,26339.3145,26480.3750,11015551640
2023-06-10,26481.7617,26531.0449,25501.8359,25851.2402,19872933189
2023-06-11,25854.0312,26203.4395,25668.9863,25940.1680,10732609603
2023-06-12,25934.2852,26087.9199,25675.1973,25902.5000,11677889997
2023-06-13,25902.9414,26376.3516,25728.3652,25918.7285,14143474486
2023-06-14,25920.2578,26041.8008,24902.1523,25124.6758,14265717766
2023-06-15,25121.6738,25735.3086,24797.1680,25576.3945,15837384409
2023-06-16,25575.2832,26463.1738,25245.3574,26327.4629,16324646965
2023-06-17,26328.6797,26769.3945,26174.4922,26510.6758,11090276850
2023-06-18,26510.4570,26675.9258,26325.8906,26336.2129,9565695129
2023-06-19,26335.4414,26984.6113,26312.8320,26851.0293,12826986222
2023-06-20,26841.6641,28388.9688,26668.7910,28327.4883,22211859147
2023-06-21,28311.3105,30737.3301,28283.4102,30027.2969,33346760979
2023-06-22,29995.9355,30495.9980,29679.1582,29912.2812,20653160491
2023-06-23,29896.3828,31389.5391,29845.2148,30695.4688,24115570085
2023-06-24,30708.7383,30804.1484,30290.1465,30548.6953,12147822496
2023-06-25,30545.1504,31041.2715,30327.9434,30480.2617,12703464114
2023-06-26,30480.5234,30636.0293,29955.7441,30271.1309,16493186997
2023-06-27,30274.3203,31006.7871,30236.6504,30688.1641,16428827944
2023-06-28,30696.5605,30703.2793,29921.8223,30086.2461,14571500779
2023-06-29,30086.1875,30796.2500,30057.2031,30445.3516,13180860821
2023-06-30,30441.3535,31256.8633,29600.2754,30477.2520,26387306197
2023-07-01,30471.8477,30641.2891,30328.8652,30590.0781,9086606733
2023-07-02,30587.2695,30766.1406,30264.0195,30620.7695,10533418042
2023-07-03,30624.5156,31375.6133,30586.5137,31156.4395,15271884873
2023-07-04,31156.8652,31325.1973,30659.3555,30777.5820,12810828427
2023-07-05,30778.7246,30877.3301,30225.6133,30514.1660,12481622280
2023-07-06,30507.1504,31460.0527,29892.2266,29909.3379,21129219509
2023-07-07,29907.9980,30434.6445,29777.2852,30342.2656,13384770155
2023-07-08,30346.9219,30374.4375,30080.1602,30292.5410,7509378699
2023-07-09,30291.6113,30427.5898,30085.5918,30171.2344,7903327692
2023-07-10,30172.4238,31026.0840,29985.3945,30414.4707,14828209155
2023-07-11,30417.6328,30788.3145,30358.0977,30620.9512,12151839152
2023-07-12,30622.2461,30959.9648,30228.8359,30391.6465,14805659717
2023-07-13,30387.4883,31814.5156,30268.3516,31476.0488,23686079548
2023-07-14,31474.7207,31582.2539,29966.3867,30334.0684,20917902660
2023-07-15,30331.7832,30407.7812,30263.4629,30295.8066,8011667756
2023-07-16,30297.4727,30437.5605,30089.6699,30249.1328,8516564470
2023-07-17,30249.6270,30336.4004,29685.7832,30145.8887,13240156074
2023-07-18,30147.0703,30233.6562,29556.4277,29856.5625,13138897269
2023-07-19,29862.0469,30184.1816,29794.2695,29913.9238,12128602812
2023-07-20,29915.2500,30195.5312,29638.0957,29792.0156,14655207121
2023-07-21,29805.1113,30045.9980,29733.8516,29908.7441,10972789818
2023-07-22,29908.6973,29991.6152,29664.1211,29771.8027,7873300598
2023-07-23,29790.1113,30330.6406,29741.5273,30084.5391,9220145050
2023-07-24,30081.6621,30093.3945,28934.2949,29176.9160,15395817395
2023-07-25,29178.9707,29353.1602,29062.4336,29227.3906,10266772793
2023-07-26,29225.7598,29675.5527,29113.9121,29354.9727,13497554655
2023-07-27,29353.7988,29560.9668,29099.3516,29210.6895,10770779217
2023-07-28,29212.1641,29521.5137,29125.8457,29319.2461,11218474952
2023-07-29,29319.4453,29396.8438,29264.1660,29356.9180,6481775959
2023-07-30,29357.0938,29443.1699,29059.5020,29275.3086,8678454527
2023-07-31,29278.3145,29489.8730,29131.5781,29230.1113,11656781982
2023-08-01,29230.8730,29675.7324,28657.0234,29675.7324,18272392391
2023-08-02,29704.1465,29987.9980,28946.5098,29151.9590,19212655598
2023-08-03,29161.8125,29375.7070,28959.4883,29178.6797,12780357746
2023-08-04,29174.3828,29302.0781,28885.3359,29074.0918,12036639988
2023-08-05,29075.3887,29102.4648,28957.7969,29042.1270,6598366353
2023-08-06,29043.7012,29160.8223,28963.8340,29041.8555,7269806994
2023-08-07,29038.5137,29244.2812,28724.1406,29180.5781,13618163710
2023-08-08,29180.0195,30176.7969,29113.8145,29765.4922,17570561357
2023-08-09,29766.6953,30093.4355,29376.8008,29561.4941,18379521213
2023-08-10,29563.9727,29688.5645,29354.4473,29429.5918,11865344789
2023-08-11,29424.9023,29517.7734,29253.5176,29397.7148,10195168197
2023-08-12,29399.7871,29465.1133,29357.5879,29415.9648,6194358008
2023-08-13,29416.5938,29441.4336,29265.8066,29282.9141,7329897180
2023-08-14,29283.2637,29660.2539,29124.1055,29408.4434,14013695304
2023-08-15,29408.0488,29439.1211,29088.8535,29170.3477,12640195779
2023-08-16,29169.0742,29221.9766,28701.7793,28701.7793,14949271904
2023-08-17,28699.8027,28745.9473,25409.1113,26664.5508,31120851211
2023-08-18,26636.0781,26808.1953,25668.9219,26049.5566,24026236529
2023-08-19,26047.8320,26249.4492,25802.4082,26096.2051,10631443812
2023-08-20,26096.8613,26260.6816,26004.3145,26189.5840,9036580420
2023-08-21,26188.6914,26220.2012,25846.0879,26124.1406,13371557893
2023-08-22,26130.7480,26135.5078,25520.7285,26031.6562,14503820706
2023-08-23,26040.4746,26786.8984,25804.9980,26431.6406,16985265785
2023-08-24,26431.5195,26554.9102,25914.9258,26162.3730,12871532023
2023-08-25,26163.6797,26248.1035,25786.8125,26047.6680,12406045118
2023-08-26,26047.2344,26107.3848,25983.8789,26008.4629,6034817316
2023-08-27,26008.2422,26165.3730,25965.0977,26089.6934,6913768611
2023-08-28,26089.6152,26198.5781,25880.5996,26106.1504,11002805166
2023-08-29,26102.4863,28089.3379,25912.6289,27727.3926,29368391712
2023-08-30,27726.0840,27760.1602,27069.2070,27297.2656,16343655235
2023-08-31,27301.9297,27456.0781,25752.9297,25931.4727,20181001451
2023-09-01,25934.0215,26125.8691,25362.6094,25800.7246,17202862221
2023-09-02,25800.9102,25970.2852,25753.0938,25868.7988,10100387473
2023-09-03,25869.4727,26087.1484,25817.0312,25969.5664,8962524523
2023-09-04,25968.1699,26081.5254,25657.0254,25812.4160,10680635106
2023-09-05,25814.9570,25858.3750,25589.9883,25779.9824,11094740040
2023-09-06,25783.9316,25953.0156,25404.3594,25753.2363,12752705327
2023-09-07,25748.3125,26409.3027,25608.2012,26240.1953,11088307100
2023-09-08,26245.2090,26414.0059,25677.4805,25905.6543,10817356400
2023-09-09,25905.4258,25921.9766,25810.4941,25895.6777,5481314132
2023-09-10,25895.2109,25978.1309,25640.2617,25832.2266,7899553047
2023-09-11,25831.7148,25883.9473,24930.2969,25162.6543,14600006467
2023-09-12,25160.6582,26451.9395,25133.0781,25833.3438,18657279324
2023-09-13,25837.5547,26376.1133,25781.1230,26228.3242,13072077070
2023-09-14,26228.2773,26774.6230,26171.4512,26539.6738,13811359124
2023-09-15,26533.8184,26840.4980,26240.7012,26608.6934,11479735788
2023-09-16,26606.1992,26754.7695,26473.8906,26568.2812,7402031417
2023-09-17,26567.9277,26617.9980,26445.0742,26534.1875,6774210670
2023-09-18,26532.9941,27414.7344,26415.5156,26754.2812,15615339655
2023-09-19,26760.8516,27488.7637,26681.6055,27211.1172,13807690550
2023-09-20,27210.2285,27379.5059,26864.0820,27132.0078,13281116604
2023-09-21,27129.8398,27152.9395,26389.3008,26567.6328,13371443708
2023-09-22,26564.0566,26726.0781,26495.5332,26579.5684,10578746709
2023-09-23,26578.5566,26634.1855,26520.5195,26579.3906,7404700301
2023-09-24,26579.3730,26716.0586,26221.0508,26256.8262,8192867686
2023-09-25,26253.7754,26421.5078,26011.4688,26298.4805,11997833257
2023-09-26,26294.7578,26389.8848,26090.7129,26217.2500,9985498161
2023-09-27,26209.4980,26817.8418,26111.4648,26352.7168,11718380997
2023-09-28,26355.8125,27259.5000,26327.3223,27021.5469,14079002707
2023-09-29,27024.8418,27225.9375,26721.7637,26911.7207,10396435377
2023-09-30,26911.6895,27091.7949,26888.9688,26967.9160,5331172801
2023-10-01,26967.3965,28047.2383,26965.0938,27983.7500,9503917434
2023-10-02,27976.7988,28494.4590,27347.7871,27530.7852,19793041322
2023-10-03,27508.2520,27667.1914,27216.0020,27429.9785,11407814187
2023-10-04,27429.0742,27826.6582,27248.1055,27799.3945,11143355314
2023-10-05,27798.6465,28091.8613,27375.6016,27415.9121,11877253670
2023-10-06,27412.1230,28252.5371,27215.5527,27946.5977,13492391599
2023-10-07,27946.7812,28028.0918,27870.4238,27968.8398,6553044316
2023-10-08,27971.6777,28102.1699,27740.6621,27935.0898,7916875290
2023-10-09,27934.4727,27989.4707,27302.5625,27583.6777,12007668568
2023-10-10,27589.2012,27715.8477,27301.6543,27391.0195,9973350678
2023-10-11,27392.0762,27474.1152,26561.0996,26873.3203,13648094333
2023-10-12,26873.2930,26921.4395,26558.3203,26756.7988,9392909295
2023-10-13,26752.8789,27092.6973,26686.3223,26862.3750,15165312851
2023-10-14,26866.2031,26969.0000,26814.5859,26861.7070,5388116782
2023-10-15,26858.0117,27289.1699,26817.8945,27159.6523,7098201980
2023-10-16,27162.6289,29448.1387,27130.4727,28519.4668,27833876539
2023-10-17,28522.0977,28618.7520,28110.1855,28415.7480,14872527508
2023-10-18,28413.5312,28889.0098,28174.2520,28328.3418,12724128586
2023-10-19,28332.4160,28892.4746,28177.9883,28719.8066,14448058195
2023-10-20,28732.8125,30104.0859,28601.6699,29682.9492,21536125230
2023-10-21,29683.3809,30287.4824,29481.7520,29918.4121,11541146996
2023-10-22,29918.6543,30199.4336,29720.3125,29993.8965,10446520040
2023-10-23,30140.6855,34370.4375,30097.8281,33086.2344,38363572311
2023-10-24,33077.3047,35150.4336,32880.7617,33901.5273,44934999645
2023-10-25,33916.0430,35133.7578,33709.1094,34502.8203,25254318008
2023-10-26,34504.2891,34832.9102,33762.3242,34156.6484,19427195376
2023-10-27,34156.5000,34238.2109,33416.8867,33909.8008,16418032871
2023-10-28,33907.7227,34399.3906,33874.8047,34089.5742,10160330825
2023-10-29,34089.3711,34743.2617,33947.5664,34538.4805,11160323986
2023-10-30,34531.7422,34843.9336,34110.9727,34502.3633,17184860315
2023-10-31,34500.0781,34719.2539,34083.3086,34667.7812,15758270810
2023-11-01,34657.2734,35527.9297,34170.6914,35437.2539,22446272005
2023-11-02,35441.5781,35919.8438,34401.5742,34938.2422,20998158544
2023-11-03,34942.4727,34942.4727,34133.4414,34732.3242,17158456701
2023-11-04,34736.3242,35256.0312,34616.6914,35082.1953,9561294264
2023-11-05,35090.0117,35340.3398,34594.2422,35049.3555,12412743996
2023-11-06,35044.7891,35286.0273,34765.3633,35037.3711,12693436420
2023-11-07,35047.7930,35892.4180,34545.8164,35443.5625,18834737789
2023-11-08,35419.4766,35994.4180,35147.8008,35655.2773,17295394918
2023-11-09,35633.6328,37926.2578,35592.1016,36693.1250,37762672382
2023-11-10,36702.2500,37493.8008,36362.7539,37313.9688,22711265155
2023-11-11,37310.0703,37407.0938,36773.6680,37138.0508,13924272142
2023-11-12,37133.9922,37227.6914,36779.1172,37054.5195,11545715999
2023-11-13,37070.3047,37405.1172,36399.6055,36502.3555,19057712790
2023-11-14,36491.7891,36753.3516,34948.5000,35537.6406,23857403554
2023-11-15,35548.1133,37964.8945,35383.7812,37880.5820,27365821679
2023-11-16,37879.9805,37934.6250,35545.4727,36154.7695,26007385366
2023-11-17,36164.8242,36704.4844,35901.2344,36596.6836,22445028430
2023-11-18,36625.3711,36839.2812,36233.3125,36585.7031,11886022717
2023-11-19,36585.7656,37509.3555,36414.5977,37386.5469,12915986553
2023-11-20,37374.0742,37756.8203,36882.5312,37476.9570,20888209068
2023-11-21,37469.1602,37631.1406,35813.8125,35813.8125,25172163756
2023-11-22,35756.5547,37856.9805,35670.9727,37432.3398,24397247860
2023-11-23,37420.4336,37643.9180,36923.8633,37289.6211,14214948217
2023-11-24,37296.3164,38415.3398,37261.6055,37720.2812,22922957823
2023-11-25,37721.4141,37892.4297,37617.4180,37796.7930,9099571165
2023-11-26,37796.8281,37820.3008,37162.7500,37479.1211,13744796068
2023-11-27,37454.1914,37559.3555,36750.1289,37254.1680,19002925720
2023-11-28,37247.9922,38368.4805,36891.0898,37831.0859,21696137014
2023-11-29,37826.1055,38366.1133,37612.6328,37858.4922,20728546658
2023-11-30,37861.1172,38141.7539,37531.1406,37712.7461,18115982627
2023-12-01,37718.0078,38954.1094,37629.3594,38688.7500,23512784002
2023-12-02,38689.2773,39678.9375,38652.5938,39476.3320,15534035612
2023-12-03,39472.2070,40135.6055,39298.1641,39978.3906,15769696322
2023-12-04,39978.6289,42371.7500,39978.6289,41980.0977,39856129827
2023-12-05,41986.2656,44408.6641,41421.1484,44080.6484,36312154535
2023-12-06,44080.0234,44265.7695,43478.0820,43746.4453,29909761586
2023-12-07,43769.1328,44042.5898,42880.6484,43292.6641,27635760671
2023-12-08,43293.1367,44705.5156,43125.2969,44166.6016,24421116687
2023-12-09,44180.0195,44361.2578,43627.5977,43725.9844,17368210171
2023-12-10,43728.3828,44034.6250,43593.2852,43779.6992,13000481418
2023-12-11,43792.0195,43808.3750,40234.5781,41243.8320,40632672038
2023-12-12,41238.7344,42048.3047,40667.5625,41450.2227,24779520132
2023-12-13,41468.4648,43429.7812,40676.8672,42890.7422,26797884674
2023-12-14,42884.2617,43390.8594,41767.0898,43023.9727,25578530178
2023-12-15,43028.2500,43087.8242,41692.9688,41929.7578,19639442462
2023-12-16,41937.7422,42664.9453,41723.1133,42240.1172,14386729590
2023-12-17,42236.1094,42359.4961,41274.5430,41364.6641,16678702876
2023-12-18,41348.2031,42720.2969,40530.2578,42623.5391,25224642008
2023-12-19,42641.5117,43354.2969,41826.3359,42270.5273,23171001281
2023-12-20,42261.3008,44275.5859,42223.8164,43652.2500,27868908174
2023-12-21,43648.1250,44240.6680,43330.0508,43869.1523,22452766169
2023-12-22,43868.9883,44367.9570,43441.9688,43997.9023,21028503216
2023-12-23,44012.1992,44015.6992,43351.3555,43739.5430,13507796558
2023-12-24,43728.3672,43945.5234,42786.9180,43016.1172,18830554085
2023-12-25,43010.5742,43765.0938,42765.7695,43613.1406,21115795370
2023-12-26,43599.8477,43603.1758,41676.4883,42520.4023,30026850982
2023-12-27,42518.4688,43683.1602,42167.5820,43442.8555,25260941032
2023-12-28,43468.1992,43804.7812,42318.5508,42627.8555,22992093014
2023-12-29,42614.6445,43124.3242,41424.0625,42099.4023,26000021055
2023-12-30,42091.7539,42584.1250,41556.2266,42156.9023,16013925945
2023-12-31,42152.0977,42860.9375,41998.2539,42265.1875,16397498810
2024-01-01,42280.2344,44175.4375,42214.9766,44167.3320,18426978443
2024-01-02,44187.1406,45899.7070,44176.9492,44957.9688,39335274536
2024-01-03,44961.6016,45503.2422,40813.5352,42848.1758,46342323118
2024-01-04,42855.8164,44770.0234,42675.1758,44179.9219,30448091210
2024-01-05,44192.9805,44353.2852,42784.7188,44162.6914,32336029347
2024-01-06,44178.9531,44227.6328,43475.1562,43989.1953,16092503468
2024-01-07,43998.4648,44495.5703,43662.2305,43943.0977,19330573863
2024-01-08,43948.7070,47218.0000,43244.0820,46970.5039,42746192015
2024-01-09,46987.6406,47893.6992,45244.7148,46139.7305,39821290992
2024-01-10,46121.5391,47647.2227,44483.1523,46627.7773,50114613298
2024-01-11,46656.0742,48969.3711,45678.6445,46368.5859,45833734549
2024-01-12,46354.7930,46498.1367,41903.7695,42853.1680,43332698900
2024-01-13,42799.4453,43234.6602,42464.1445,42842.3828,20601860469
2024-01-14,42842.2617,43065.5977,41724.6133,41796.2695,17521429522
2024-01-15,41715.0664,43319.7227,41705.4180,42511.9688,22320220558
2024-01-16,42499.3359,43566.2734,42085.9961,43154.9453,24062872740
2024-01-17,43132.1016,43189.8906,42189.3086,42742.6523,20851232595
2024-01-18,42742.3125,42876.3477,40631.1719,41262.0586,25218357242
2024-01-19,41278.4609,42134.1602,40297.4570,41618.4062,25752407154
2024-01-20,41624.5898,41877.8945,41446.8242,41665.5859,11586690904
2024-01-21,41671.4883,41855.3672,41497.0078,41545.7852,9344043642
2024-01-22,41553.6523,41651.2070,39450.1172,39507.3672,31338708143
2024-01-23,39518.7148,40127.3516,38521.8945,39845.5508,29244553045
2024-01-24,39877.5938,40483.7852,39508.7969,40077.0742,22359526178
2024-01-25,40075.5508,40254.4805,39545.6641,39933.8086,18491782013
2024-01-26,39936.8164,42209.3867,39825.6914,41816.8711,25598119893
2024-01-27,41815.6250,42195.6328,41431.2812,42120.0547,11422941934
2024-01-28,42126.1250,42797.1758,41696.9102,42035.5938,16858971687
2024-01-29,42030.9141,43305.8672,41818.3320,43288.2461,20668476578
2024-01-30,43300.2266,43838.9453,42711.3711,42952.6094,23842814518
2024-01-31,42946.2500,43717.4062,42298.9453,42582.6055,24673628793
2024-02-01,42569.7617,43243.1680,41879.1914,43075.7734,21423953779
2024-02-02,43077.6406,43422.4883,42584.3359,43185.8594,18603843039
2024-02-03,43184.9648,43359.9414,42890.8086,42992.2500,11169245236
2024-02-04,42994.9414,43097.6445,42374.8320,42583.5820,14802225490
2024-02-05,42577.6211,43494.2500,42264.8164,42658.6680,18715487317
2024-02-06,42657.3906,43344.1484,42529.0195,43084.6719,16798476726
2024-02-07,43090.0195,44341.9492,42775.9570,44318.2227,21126587775
2024-02-08,44332.1250,45575.8398,44332.1250,45301.5664,26154524080
2024-02-09,45297.3828,48152.4961,45260.8242,47147.1992,39316770844
2024-02-10,47153.5273,48146.1719,46905.3203,47771.2773,16398681570
2024-02-11,47768.9688,48535.9375,47617.4062,48293.9180,19315867136
2024-02-12,48296.3867,50280.4766,47745.7617,49958.2227,34511985805
2024-02-13,49941.3594,50358.3906,48406.4961,49742.4414,35593051468
2024-02-14,49733.4453,52021.3711,49296.8320,51826.6953,39105608050
2024-02-15,51836.7852,52820.0664,51371.6289,51938.5547,38564360533
2024-02-16,51937.7266,52537.9688,51641.3672,52160.2031,28180567298
2024-02-17,52161.6758,52191.9141,50669.6680,51662.9961,20009091006
2024-02-18,51661.9688,52356.9648,51233.7070,52122.5469,17595377311
2024-02-19,52134.8125,52483.3242,51711.8203,51779.1445,21362184346
2024-02-20,51777.7266,52945.0508,50792.3125,52284.8750,33353758256
2024-02-21,52273.5352,52368.8164,50671.7578,51839.1797,28624907020
2024-02-22,51854.6445,52009.6133,50926.2930,51304.9727,25413900611
2024-02-23,51283.9062,51497.9336,50561.7773,50731.9492,21427078270
2024-02-24,50736.3711,51684.1953,50585.4453,51571.1016,15174077879
2024-02-25,51565.2148,51950.0273,51306.1719,51733.2383,15413239245
2024-02-26,51730.5391,54938.1758,50931.0312,54522.4023,34074411896
2024-02-27,54519.3633,57537.8398,54484.1992,57085.3711,49756832031
2024-02-28,57071.0977,63913.1328,56738.4258,62504.7891,83239156760
2024-02-29,62499.1836,63585.6445,60498.7305,61198.3828,65496611844
2024-03-01,61168.0625,63155.1016,60802.5273,62440.6328,40186368423
2024-03-02,62431.6523,62458.6992,61657.2891,62029.8477,23888473685
2024-03-03,62031.5781,63230.2109,61435.0234,63167.3711,26253811450
2024-03-04,63137.0039,68537.0312,62386.5195,68330.4141,70670471105
2024-03-05,68341.0547,69170.6250,59323.9102,63801.1992,102802940877
2024-03-06,63776.0508,67637.9297,62848.6719,66106.8047,68750229073
2024-03-07,66099.7422,68029.9219,65655.5312,66925.4844,46989543159
2024-03-08,66938.0938,70083.0547,66230.4531,68300.0938,59202881172
2024-03-09,68299.2578,68673.0547,68053.1250,68498.8828,21609650379
2024-03-10,68500.2578,70005.2031,68239.9766,69019.7891,35683977532
2024-03-11,69020.5469,72850.7109,67194.8828,72123.9062,65716656765
2024-03-12,72125.1250,72825.6562,68728.8516,71481.2891,62554434520
2024-03-13,71482.1172,73637.4766,71334.0938,73083.5000,48212536929
2024-03-14,73079.3750,73750.0703,68563.0234,71396.5938,59594605698
2024-03-15,71387.8750,72357.1328,65630.6953,69403.7734,78320453976
2024-03-16,69392.4844,70046.2734,64801.3945,65315.1172,46842198371
2024-03-17,65316.3438,68845.7188,64545.3164,68390.6250,44716864318
2024-03-18,68371.3047,68897.1328,66594.2266,67548.5938,49261579492
2024-03-19,67556.1328,68106.9297,61536.1797,61912.7734,74215844794
2024-03-20,61930.1562,68115.2578,60807.7852,67913.6719,66792634382
2024-03-21,67911.5859,68199.9922,64580.9180,65491.3906,44480350565
2024-03-22,65489.9297,66623.7500,62355.3711,63778.7617,41401116964
2024-03-23,63802.7227,65976.3984,63038.4922,64062.2031,24738964812
2024-03-24,64070.7539,67622.7578,63825.8516,67234.1719,27206630673
2024-03-25,67234.0938,71162.5938,66414.8359,69958.8125,42700139523
2024-03-26,69931.3281,71535.7422,69335.6094,69987.8359,36010437368
2024-03-27,69991.8984,71727.6875,68381.9297,69455.3438,40827113309
2024-03-28,69452.7734,71546.0234,68895.5078,70744.9531,34374900617
2024-03-29,70744.7969,70913.0938,69076.6562,69892.8281,25230851763
2024-03-30,69893.4453,70355.4922,69601.0625,69645.3047,17130241883
2024-03-31,69647.7812,71377.7812,69624.8672,71333.6484,20050941373
2024-04-01,71333.4844,71342.0938,68110.6953,69702.1484,34873527352
2024-04-02,69705.0234,69708.3828,64586.5938,65446.9727,50705240709
2024-04-03,65446.6719,66914.3203,64559.8984,65980.8125,34488018367
2024-04-04,65975.6953,69291.2578,65113.7969,68508.8438,34439527442
2024-04-05,68515.7578,68725.7578,66011.4766,67837.6406,33748230056
2024-04-06,67840.5703,69629.6016,67491.7188,68896.1094,19967785809
2024-04-07,68897.1094,70284.4297,68851.6328,69362.5547,21204930369
2024-04-08,69362.5547,72715.3594,69064.2422,71631.3594,37261432669
2024-04-09,71632.5000,71742.5078,68212.9219,69139.0156,36426900409
2024-04-10,69140.2422,71093.4297,67503.5625,70587.8828,38318601774
2024-04-11,70575.7344,71256.2344,69571.8125,70060.6094,30153382941
2024-04-12,70061.3828,71222.7422,65254.8359,67195.8672,44129299406
2024-04-13,67188.3750,67931.4297,60919.1055,63821.4727,52869738185
2024-04-14,63836.2305,65824.4297,62205.8516,65738.7266,49084320047
2024-04-15,65739.6484,66878.6484,62332.0703,63426.2109,43595917654
2024-04-16,63419.2969,64355.6680,61716.4023,63811.8633,42847528078
2024-04-17,63831.8477,64486.3633,59768.5859,61276.6914,41915247049
2024-04-18,61275.3164,64125.6875,60833.4805,63512.7539,36006307335
2024-04-19,63510.7500,65481.5977,59651.3906,63843.5703,49920425401
2024-04-20,63851.1016,65442.4570,63172.4023,64994.4414,23097485495
2024-04-21,64992.8164,65723.2422,64277.7227,64926.6445,20506644853
2024-04-22,64935.6328,67233.9609,64548.1797,66837.6797,28282686673
2024-04-23,66839.8906,67199.2422,65864.8672,66407.2734,24310975583
2024-04-24,66408.7188,67075.3672,63589.8711,64276.8984,30276655120
2024-04-25,64275.0195,65275.2070,62783.6328,64481.7070,32155786816
2024-04-26,64485.3711,64789.6562,63322.3984,63755.3203,24139372950
2024-04-27,63750.9883,63898.3633,62424.7188,63419.1406,19530783039
2024-04-28,63423.5156,64321.4844,62793.5977,63113.2305,17334827993
2024-04-29,63106.3633,64174.8789,61795.4570,63841.1211,26635912073
2024-04-30,63839.4180,64703.3320,59120.0664,60636.8555,37840840057
2024-05-01,60609.4961,60780.5000,56555.2930,58254.0117,48439780271
2024-05-02,58253.7031,59602.2969,56937.2031,59123.4336,32711813559
2024-05-03,59122.3008,63320.5039,58848.3125,62889.8359,33172023048
2024-05-04,62891.0312,64494.9570,62599.3516,63891.4727,20620477992
2024-05-05,63892.4531,64610.8906,62955.3047,64031.1328,18296164805
2024-05-06,64038.3125,65494.9023,62746.2383,63161.9492,28697928697
2024-05-07,63162.7617,64390.4570,62285.9805,62334.8164,25930730982
2024-05-08,62332.6406,62986.0859,60877.1289,61187.9414,26088172222
2024-05-09,61191.1992,63404.9141,60648.0742,63049.9609,25453338161
2024-05-10,63055.1914,63446.7422,60208.7812,60792.7773,27804954694
2024-05-11,60793.3555,61451.1523,60492.6250,60793.7109,13842272968
2024-05-12,60793.5039,61818.1562,60632.6016,61448.3945,13800459405
2024-05-13,61451.2188,63422.6602,60769.8398,62901.4492,27889181179
2024-05-14,62900.7734,63092.1250,61123.7656,61552.7891,28186271527
2024-05-15,61553.9883,66454.4531,61330.4102,66267.4922,39815167074
2024-05-16,66256.1094,66712.4297,64613.0547,65231.5820,31573077994
2024-05-17,65231.2969,67459.4609,65119.3164,67051.8750,28031279310
2024-05-18,67066.2109,67387.3281,66663.5000,66940.8047,16712277406
2024-05-19,66937.9297,67694.2969,65937.1797,66278.3672,19249094538
2024-05-20,66278.7422,71483.5625,66086.1719,71448.1953,43850655717
2024-05-21,71443.0625,71946.4609,69191.1250,70136.5312,46932005990
2024-05-22,70135.3203,70623.6953,68977.6953,69122.3359,32802561717
2024-05-23,69121.3047,70041.2734,66356.9531,67929.5625,41895680979
2024-05-24,67928.1328,69220.2969,66622.6719,68526.1016,29197308153
2024-05-25,68526.9219,69579.3203,68515.8203,69265.9453,15473071741
2024-05-26,69264.2891,69506.2266,68183.8906,68518.0938,15628433737
2024-05-27,68512.1797,70597.8828,68232.5000,69394.5547,25870990717
2024-05-28,69392.1953,69514.6406,67227.1562,68296.2188,32722265965
2024-05-29,68296.3516,68852.4609,67101.4922,67578.0938,26707072906
2024-05-30,67576.0859,69500.5391,67118.0781,68364.9922,29509712534
2024-05-31,68362.5156,68999.5625,66633.4219,67491.4141,27387283769
2024-06-01,67489.6094,67839.7656,67386.1953,67706.9375,11641495604
2024-06-02,67710.2734,68409.1641,67315.5234,67751.6016,17110588415
2024-06-03,67753.8984,70230.8203,67589.8359,68804.7812,32401285324
2024-06-04,68804.5703,71047.4062,68564.6406,70567.7656,33149696545
2024-06-05,70568.3516,71735.4141,70390.7109,71082.8203,32810771409
2024-06-06,71082.8438,71625.7344,70119.1250,70757.1641,25223152007
2024-06-07,70759.1875,71907.8516,68507.2578,69342.5859,36188381096
2024-06-08,69324.1797,69533.3203,69210.7422,69305.7734,14262185861
2024-06-09,69297.4922,69817.5234,69160.8438,69647.9922,13534028500
2024-06-10,69644.3125,70146.0703,69232.4219,69512.2812,20597699541
2024-06-11,69508.0781,69549.4141,66123.6016,67332.0312,37116136345
2024-06-12,67321.3750,69977.8906,66902.4531,68241.1875,34497940694
2024-06-13,68243.1016,68365.7812,66304.5625,66756.3984,28955204146
2024-06-14,66747.5703,67294.6484,65056.8945,66011.0938,27403884779
2024-06-15,66006.7422,66402.1875,65871.7734,66191.0000,14121265576
2024-06-16,66189.3594,66894.8438,66018.2500,66639.0469,13281140541
2024-06-17,66636.5156,67188.3203,65094.9648,66490.2969,30006354476
2024-06-18,66490.9766,66556.7031,64066.9570,65140.7461,39481285950
2024-06-19,65146.6602,65695.3516,64693.3008,64960.2969,21103423504
2024-06-20,64960.2969,66438.9609,64547.8477,64828.6562,25641109124
2024-06-21,64837.9883,65007.5469,63378.8945,64096.1992,26188171739
2024-06-22,64113.8633,64475.4688,63929.7578,64252.5781,9858198793
2024-06-23,64248.9648,64491.7031,63180.7969,63180.7969,11170471802
2024-06-24,63173.3516,63292.5273,58601.6992,60277.4141,43152133651
2024-06-25,60266.2812,62258.2617,60239.7500,61804.6406,29201215431
2024-06-26,61789.6758,62434.1367,60695.1875,60811.2773,22506003064
2024-06-27,60811.2266,62293.8633,60585.3320,61604.8008,21231745045
2024-06-28,61612.8047,62126.0977,59985.4023,60320.1367,24952866877
2024-06-29,60319.8750,61097.6211,60300.9648,60887.3789,12652903396
2024-06-30,60888.4453,62892.8281,60632.9492,62678.2930,17333226409
2024-07-01,62673.6055,63777.2266,62495.5117,62851.9805,25468379421
2024-07-02,62844.4102,63203.3594,61752.7461,62029.0156,20151616992
2024-07-03,62034.3320,62187.7031,59419.3867,60173.9219,29756701685
2024-07-04,60147.1367,60399.6758,56777.8047,56977.7031,41149609230
2024-07-05,57022.8086,57497.1523,53717.3750,56662.3750,55417544033
2024-07-06,56659.0742,58472.5469,56038.9609,58303.5391,20610320577
2024-07-07,58239.4297,58371.1211,55793.3242,55849.1094,20553359505
2024-07-08,55849.5742,58131.3359,54321.0195,56705.0977,39766159899
2024-07-09,56704.5977,58239.1953,56316.8750,58009.2266,27849512607
2024-07-10,58033.8828,59359.4336,57178.4141,57742.4961,26175260526
2024-07-11,57729.8906,59299.4336,57120.3789,57344.9141,28707803842
2024-07-12,57341.1953,58532.5547,56590.1758,57899.4648,25604805221
2024-07-13,57908.7383,59787.0781,57796.4414,59231.9531,17080061806
2024-07-14,59225.2500,61329.5273,59225.2500,60787.7930,22223416061
2024-07-15,60815.4570,64870.1523,60704.9297,64870.1523,38094526099
2024-07-16,64784.4180,65354.3398,62487.9688,65097.1484,41617346768
2024-07-17,65091.8320,66066.7344,63896.0859,64118.7930,32525071311
2024-07-18,64104.7383,65104.6602,63246.1641,63974.0664,27239305337
2024-07-19,63972.3242,67442.6406,63329.3438,66710.1562,37003855410
2024-07-20,66709.9219,67610.7344,66299.6172,67163.6484,19029581250
2024-07-21,67164.9141,68372.9062,65842.2969,68154.5234,26652190004
2024-07-22,68152.9766,68480.0625,66611.2969,67585.2500,42649109453
2024-07-23,67584.8047,67779.0156,65484.4609,65927.6719,35605668666
2024-07-24,65927.8594,67113.9844,65146.9961,65372.1328,27470942309
2024-07-25,65375.8750,66112.4219,63473.4727,65777.2266,38315761670
2024-07-26,65771.8125,68207.6016,65743.7656,67912.0625,30488630457
2024-07-27,67911.8125,69398.5078,66705.2188,67813.3359,34691905492
2024-07-28,67808.6562,68301.8516,67085.8281,68255.8672,18043166945
2024-07-29,68259.0547,69987.5391,66532.5938,66819.9141,40780682628
2024-07-30,66819.0547,66987.6719,65323.1914,66201.0156,31380492109
2024-07-31,66201.2734,66810.2109,64532.0469,64619.2500,31292785994
2024-08-01,64625.8398,65593.2422,62248.9414,65357.5000,40975554494
2024-08-02,65353.5000,65523.2227,61184.8945,61415.0664,43060875727
2024-08-03,61414.8086,62148.3711,59836.5273,60680.0938,31753030589
2024-08-04,60676.0938,61062.9883,57210.8047,58116.9766,31758917219
2024-08-05,58110.2969,58268.8281,49121.2383,53991.4570,108991085584
2024-08-06,53991.3477,57059.9180,53973.2734,56034.3164,49300484106
2024-08-07,56040.6328,57726.8828,54620.5078,55027.4609,41637562185
2024-08-08,55030.0273,62673.7656,54766.7266,61710.1367,45298472567
2024-08-09,61728.2070,61751.8633,59587.8594,60880.1133,33425553115
2024-08-10,60881.2305,61464.5117,60287.5664,60945.8125,15745822278
2024-08-11,60944.8906,61778.6602,58348.8242,58719.4844,22759754812
2024-08-12,58719.3945,60680.3320,57688.8984,59354.5156,37078637820
2024-08-13,59356.2070,61572.3984,58506.2539,60609.5664,30327698167
2024-08-14,60611.0508,61687.7578,58472.8750,58737.2695,29961696180
2024-08-15,58733.2617,59838.6484,56161.5938,57560.0977,35682112440
2024-08-16,57560.2734,59847.3594,57110.0195,58894.1055,29350938673
2024-08-17,58893.5312,59694.6680,58814.8320,59478.9727,13589684021
2024-08-18,59468.1328,60262.7188,58445.4023,58483.9648,17740625837
2024-08-19,58480.7109,59612.6602,57864.7109,59493.4531,25911207712
2024-08-20,59493.4531,61396.3281,58610.8828,59012.7930,31613400008
2024-08-21,59014.9883,61834.3516,58823.4453,61175.1914,32731154072
2024-08-22,61168.3164,61408.1094,59815.2539,60381.9141,27625734377
2024-08-23,60380.9531,64947.0625,60372.0508,64094.3555,42530509233
2024-08-24,64103.8711,64513.7891,63619.9180,64178.9922,21430585163
2024-08-25,64176.3672,64996.4219,63833.5195,64333.5430,18827683555
2024-08-26,64342.2266,64489.7070,62849.5586,62880.6602,27682040631
2024-08-27,62879.7070,63210.7969,58116.7500,59504.1328,39103882198
2024-08-28,59507.9258,60236.4492,57890.6758,59027.6250,40289564698
2024-08-29,59027.4688,61184.0820,58786.2266,59388.1797,32224990582
2024-08-30,59388.6016,59896.8867,57768.5312,59119.4766,32292756405
2024-08-31,59117.4805,59432.5938,58768.7852,58969.8984,12403470760
2024-09-01,58969.8008,59062.0703,57217.8242,57325.4883,24592449997
2024-09-02,57326.9688,59403.0703,57136.0273,59112.4805,27036454524
2024-09-03,59106.1914,59815.0586,57425.1680,57431.0234,26666961053
2024-09-04,57430.3477,58511.5703,55673.1641,57971.5391,35627680312
2024-09-05,57971.7031,58300.5820,55712.4531,56160.4883,31030280656
2024-09-06,56160.1914,56976.1094,52598.6992,53948.7539,49361693566
2024-09-07,53949.0859,54838.1445,53740.0703,54139.6875,19061486526
2024-09-08,54147.9336,55300.8594,53653.7578,54841.5664,18268287531
2024-09-09,54851.8867,58041.1250,54598.4336,57019.5352,34618096173
2024-09-10,57020.0977,58029.9766,56419.4141,57648.7109,28857630507
2024-09-11,57650.2891,57991.3203,55567.3398,57343.1719,37049062672
2024-09-12,57343.1719,58534.3594,57330.1016,58127.0117,33835707949
2024-09-13,58130.3242,60648.0234,57650.1133,60571.3008,32490528356
2024-09-14,60569.1172,60656.7227,59517.8828,60005.1211,16428405496
2024-09-15,60000.7266,60381.9180,58696.3086,59182.8359,18120960867
2024-09-16,59185.2266,59205.5117,57501.3398,58192.5078,32032822113
2024-09-17,58192.5078,61316.0898,57628.0703,60308.5391,38075570118
2024-09-18,60309.0000,61664.0664,59218.2539,61649.6797,40990702891
2024-09-19,61651.1562,63872.4414,61609.8672,62940.4570,42710252573
2024-09-20,62941.4258,64119.5312,62364.6055,63192.9766,35177164222
2024-09-21,63184.3398,63543.3594,62783.1055,63394.8398,14408616220
2024-09-22,63396.8047,63993.4219,62440.7266,63648.7109,20183348802
2024-09-23,63643.1016,64733.5586,62628.0781,63329.8008,31400285425
2024-09-24,63326.8398,64695.2148,62737.4180,64301.9688,29938335243
2024-09-25,64302.5898,64804.5039,62945.3750,63143.1445,25078377700
2024-09-26,63138.5469,65790.7969,62669.2695,65181.0195,36873129847
2024-09-27,65180.6641,66480.6953,64852.9922,65790.6641,32058813449
2024-09-28,65792.1797,66255.5312,65458.0352,65887.6484,15243637984
2024-09-29,65888.8984,66069.3438,65450.0156,65635.3047,14788214575
2024-09-30,65634.6562,65635.0547,62873.6172,63329.5000,37112957475
2024-10-01,63335.6055,64110.9805,60189.2773,60837.0078,50220923500
2024-10-02,60836.3242,62357.6875,59996.9492,60632.7852,40762722398
2024-10-03,60632.4844,61469.0391,59878.8047,60759.4023,36106447279
2024-10-04,60754.6250,62465.9922,60459.9414,62067.4766,29585472513
2024-10-05,62067.6094,62371.0234,61689.5820,62089.9492,13305410749
2024-10-06,62084.9883,62959.5703,61833.1484,62818.9531,14776233667
2024-10-07,62819.1094,64443.7070,62152.5508,62236.6602,34253562610
2024-10-08,62221.6445,63174.3047,61843.5625,62131.9688,28134475157
2024-10-09,62131.7266,62508.8359,60314.6133,60582.1016,27670982363
2024-10-10,60581.9297,61236.7227,58895.2070,60274.5000,30452813570
2024-10-11,60275.4609,63400.8711,60046.1250,62445.0898,30327141594
2024-10-12,62444.6172,63448.7852,62443.2695,63193.0234,16744110886
2024-10-13,63192.9453,63272.6523,62035.6367,62851.3750,18177529690
2024-10-14,62848.3984,66482.4922,62442.1523,66046.1250,43706958056
2024-10-15,66050.3672,67881.6797,64809.1953,67041.1094,48863870879
2024-10-16,67042.4609,68375.2891,66758.7266,67612.7188,38195189534
2024-10-17,67617.0781,67912.2109,66647.3906,67399.8359,32790898511
2024-10-18,67419.1094,68969.7500,67177.8203,68418.7891,36857165014
2024-10-19,68418.9766,68668.0078,68024.6406,68362.7344,14443497908
2024-10-20,68364.1797,69359.0078,68105.7188,69001.7031,18975847518
2024-10-21,69002.0000,69462.7344,66829.8516,67367.8516,37498611780
2024-10-22,67360.7031,67801.5781,66581.3672,67361.4062,31808472566
2024-10-23,67362.3750,67402.7422,65188.0352,66432.1953,32263980353
2024-10-24,66653.7031,68798.9609,66454.1016,68161.0547,31414428647
2024-10-25,68165.2969,68722.1562,65521.7930,66642.4141,41469984306
2024-10-26,66628.7344,67317.9219,66360.5938,67014.6953,19588098156
2024-10-27,67023.4766,68221.3125,66847.2266,67929.2969,16721307878
2024-10-28,67922.6719,70212.2656,67535.1328,69907.7578,38799856657
2024-10-29,69910.0469,73577.2109,69729.9141,72720.4922,58541874402
2024-10-30,72715.3672,72905.2969,71411.7344,72339.5391,40646637831
2024-10-31,72335.0469,72662.3125,69590.5000,70215.1875,40627912076
2024-11-01,70216.8984,71559.0156,68779.7031,69482.4688,49989795365
2024-11-02,69486.0234,69867.3516,69033.7188,69289.2734,18184612091
2024-11-03,69296.3828,69361.6562,67482.5234,68741.1172,34868307655
2024-11-04,68742.1328,69433.1797,66803.6484,67811.5078,41184819348
2024-11-05,67811.1719,70522.7891,67458.8672,69359.5625,46046889204
2024-11-06,69358.5000,76460.1562,69322.0312,75639.0781,118592653963
2024-11-07,75637.0859,76943.1172,74480.4219,75904.8594,63467654989
2024-11-08,75902.8359,77252.7500,75648.7422,76545.4766,55176858003
2024-11-09,76556.1875,76932.7656,75773.7891,76778.8672,29009480361
2024-11-10,76775.5469,81474.4219,76565.4297,80474.1875,82570594495
2024-11-11,80471.4141,89604.5000,80283.2500,88701.4844,117966845037
2024-11-12,88705.5625,89956.8828,85155.1094,87955.8125,133673285375
2024-11-13,87929.9688,93434.3516,86256.9297,90584.1641,123559027869
2024-11-14,90574.8828,91765.2188,86682.8125,87250.4297,87616705248
2024-11-15,87284.1797,91868.7422,87124.8984,91066.0078,78243109518
2024-11-16,91064.3672,91763.9453,90094.2266,90558.4766,44333192814
2024-11-17,90558.4609,91433.0391,88741.6641,89845.8516,46350159305
2024-11-18,89843.7188,92596.7891,89393.5938,90542.6406,75535775084
2024-11-19,90536.8125,94002.8672,90426.9844,92343.7891,74521048295
2024-11-20,92341.8906,94902.0234,91619.5000,94339.4922,71730956426
2024-11-21,94334.6406,99014.2188,94132.6016,98504.7266,106024505582
2024-11-22,98496.4297,99655.5000,97222.6641,98997.6641,78473580551
2024-11-23,99006.7422,99014.6797,97232.8906,97777.2812,44414644677
2024-11-24,97778.0938,98647.1797,95788.0781,98013.8203,51712020623
2024-11-25,98033.4453,98935.0312,92642.9141,93102.2969,80909462490
2024-11-26,93087.2812,94991.7500,90770.8125,91985.3203,91656519855
2024-11-27,91978.1406,97361.1797,91778.6641,95962.5312,71133452438
2024-11-28,95954.9453,96650.2031,94677.3516,95652.4688,52260008261
2024-11-29,95653.9531,98693.1719,95407.8828,97461.5234,54968682476
2024-11-30,97468.8125,97499.3438,96144.2188,96449.0547,31634227866
2024-12-01,96461.3359,97888.1250,95770.1875,97279.7891,36590695296
2024-12-02,97276.0078,98152.6016,94482.8672,95865.3047,72680784305
2024-12-03,95854.5938,96297.2031,93629.5625,96002.1641,67067810961
2024-12-04,95988.5312,99207.3281,94660.5234,98768.5312,77199817112
2024-12-05,98741.5391,103900.4688,91998.7812,96593.5703,149218945580
2024-12-06,97074.2266,102039.8828,96514.8750,99920.7109,94534772658
2024-12-07,99916.7109,100563.3828,99030.8828,99923.3359,44177510897
2024-12-08,99921.9141,101399.9922,98771.5156,101236.0156,44125751925
2024-12-09,101237.0625,101272.5078,94355.9141,97432.7188,110676473908
2024-12-10,97441.2344,98270.1562,94321.2578,96675.4297,104823780634
2024-12-11,96656.0625,101913.3594,95747.2266,101173.0312,85391409936
2024-12-12,101167.8047,102524.9141,99339.9531,100043.0000,72073983533
2024-12-13,100046.6484,101888.8047,99233.2812,101459.2578,56894751583
2024-12-14,101451.4375,102618.8828,100634.0547,101372.9688,40422968793
2024-12-15,101373.5312,105047.5391,101227.0312,104298.6953,51145914137
2024-12-16,104293.5781,107780.5781,103322.9844,106029.7188,91020417816
2024-12-17,106030.6875,108268.4453,105291.7344,106140.6016,68589364868
2024-12-18,106147.2969,106470.6094,100041.5391,100041.5391,93865656139
2024-12-19,100070.6875,102748.1484,95587.6797,97490.9531,97221662392
2024-12-20,97484.6953,98098.9141,92175.1797,97755.9297,105634083408
2024-12-21,97756.1953,99507.1016,96426.5234,97224.7266,51765334294
2024-12-22,97218.3203,97360.2656,94202.1875,95104.9375,43147981314
2024-12-23,95099.3906,96416.2109,92403.1328,94686.2422,65239002919
2024-12-24,94684.3438,99404.0625,93448.0156,98676.0938,47114953674
2024-12-25,98675.9141,99478.7500,97593.4688,99299.1953,33700394629
2024-12-26,99297.6953,99884.5703,95137.8828,95795.5156,47054980873
2024-12-27,95704.9766,97294.8438,93310.7422,94164.8594,52419934565
2024-12-28,94160.1875,95525.8984,94014.2891,95163.9297,24107436185
2024-12-29,95174.0547,95174.8750,92881.7891,93530.2266,29635885267
2024-12-30,93527.1953,94903.3203,91317.1328,92643.2109,56188003691
2024-12-31,92643.2500,96090.6016,91914.0312,93429.2031,43625106843
2025-01-01,93425.1016,94929.8672,92788.1250,94419.7578,24519888919
2025-01-02,94416.2891,97739.8203,94201.5703,96886.8750,46009564411
2025-01-03,96881.7266,98956.9141,96034.6172,98107.4297,35611391163
2025-01-04,98106.9922,98734.4297,97562.9766,98236.2266,22342608078
2025-01-05,98233.9062,98813.3047,97291.7656,98314.9609,20525254825
2025-01-06,98314.9531,102482.8750,97926.1484,102078.0859,51823432705
2025-01-07,102248.8516,102712.4844,96132.8750,96922.7031,58685738547
2025-01-08,96924.1641,97258.3203,92525.8438,95043.5234,63875859171
2025-01-09,95043.4844,95349.7188,91220.8438,92484.0391,62777261693
2025-01-10,92494.4922,95770.6094,92250.0938,94701.4531,62058693684
2025-01-11,94700.8359,94977.6875,93840.0469,94566.5938,18860894100
2025-01-12,94565.7266,95367.5391,93712.5078,94488.4375,20885130965
2025-01-13,94488.8906,95837.0000,89260.1016,94516.5234,72978998252
2025-01-14,94519.0078,97352.6641,94322.1562,96534.0469,53769675818
2025-01-15,96534.0469,100697.2344,96501.6406,100504.4922,57805923627
2025-01-16,100505.2969,100781.5859,97364.4453,99756.9062,54103781805
2025-01-17,100025.7656,105884.2266,99948.9062,104462.0391,71888972663
2025-01-18,104124.9531,104913.2031,102226.6172,104408.0703,50445655726
2025-01-19,104411.2891,106299.7969,99570.5312,101089.6094,76789928525
2025-01-20,101083.7500,109114.8828,99471.3594,102016.6641,126279678351
2025-01-21,102052.5781,107180.9219,100103.9531,106146.2656,88733878242
2025-01-22,106136.3828,106294.3438,103360.2656,103653.0703,53878181052
2025-01-23,103657.6719,106820.3281,101257.8047,103960.1719,104104515428
2025-01-24,103965.6719,107098.5469,102772.1250,104819.4844,52388229265
2025-01-25,104824.0312,105243.7891,104120.3750,104714.6484,23888996502
2025-01-26,104713.2109,105438.6484,102507.7109,102682.5000,22543395879
2025-01-27,102680.3047,103214.1094,97795.9375,102087.6875,89006608428
2025-01-28,102095.4141,103730.8203,100238.1875,101332.4766,47180685494
2025-01-29,101317.5234,104750.8047,101283.8203,103703.2109,47432049818
2025-01-30,103709.3359,106418.7656,103321.6484,104735.3047,41915744521
2025-01-31,104737.5625,106026.3516,101543.8828,102405.0234,45732764360
2025-02-01,102402.7969,102755.7266,100297.7109,100655.9062,27757944848
2025-02-02,100661.5391,101430.6641,96216.0781,97688.9766,63091816853
2025-02-03,97681.1016,102514.1719,91242.8906,101405.4219,115400897748
2025-02-04,101398.7188,101745.6172,96208.1094,97871.8203,73002130211
2025-02-05,97878.0078,99113.2109,96174.8281,96615.4453,49125911241
2025-02-06,96610.6406,99168.6094,95707.3516,96593.2969,45302471947
2025-02-07,96581.3203,100154.1406,95653.8828,96529.0859,55741290456
2025-02-08,96533.2578,96877.8047,95702.4922,96482.4531,22447526395
2025-02-09,96481.3125,97325.2812,94745.2578,96500.0938,27732901800
2025-02-10,96499.4609,98333.2188,95320.8438,97437.5547,40078962391
2025-02-11,97438.1328,98492.8984,94875.0391,95747.4297,37488783272
2025-02-12,95745.6953,98151.0234,94101.2031,97885.8594,49340445530
2025-02-13,97888.7500,98111.0859,95269.7109,96623.8672,37147280860
2025-02-14,96623.3672,98819.4688,96342.8047,97508.9688,32697987277
2025-02-15,97508.3828,97975.0391,97240.1953,97580.3516,17047266288
2025-02-16,97580.4922,97725.5938,96060.9766,96175.0312,16536755396
2025-02-17,96179.0078,97032.2344,95243.5469,95773.3828,27336550690
2025-02-18,95773.8125,96695.3750,93388.8359,95539.5469,37325720482
2025-02-19,95532.5312,96855.5938,95011.9688,96635.6094,28990872862
2025-02-20,96632.6797,98767.1953,96442.6719,98333.9375,31668022771
2025-02-21,98340.6719,99497.9688,94852.9609,96125.5469,49608706470
2025-02-22,96134.2031,96950.1562,95765.3438,96577.7578,18353824477
2025-02-23,96577.8047,96671.8750,95270.4531,96273.9219,16999478976
2025-02-24,96277.9609,96503.4531,91371.7422,91418.1719,44046480529
2025-02-25,91437.1172,92511.0781,86008.2344,88736.1719,92139104128
2025-02-26,88638.8906,89286.2500,82131.8984,84347.0234,64597492134
2025-02-27,84076.8594,87000.7812,83144.9609,84704.2266,52659591954
2025-02-28,84705.6250,85036.3203,78248.9141,84373.0078,83610570576
2025-03-01,84373.8672,86522.3047,83794.2344,86031.9141,29190628396
2025-03-02,86036.2578,95043.4375,85040.2109,94248.3516,58398341092
2025-03-03,94248.4219,94429.7500,85081.3047,86065.6719,70072228536
2025-03-04,86064.0703,88911.2734,81529.2422,87222.1953,68095241474
2025-03-05,87222.9531,90998.2422,86379.7734,90623.5625,50498988027
2025-03-06,90622.3594,92804.9375,87852.1406,89961.7266,47749810486
2025-03-07,89963.2812,91191.0469,84717.6797,86742.6719,65945677657
2025-03-08,86742.6562,86847.2656,85247.4844,86154.5938,18206118081
2025-03-09,86154.3047,86471.1328,80052.4844,80601.0391,30899345977
2025-03-10,80597.1484,83955.9297,77420.5938,78532.0000,54061099422
2025-03-11,78523.8750,83577.7578,76624.2500,82862.2109,54702837196
2025-03-12,82857.3750,84358.5781,80635.2500,83722.3594,40353484454
2025-03-13,83724.9219,84301.6953,79931.8516,81066.7031,31412940153
2025-03-14,81066.9922,85263.2891,80797.5625,83969.1016,29588112414
2025-03-15,83968.4062,84672.6719,83639.5938,84343.1094,13650491277
2025-03-16,84333.3203,85051.6016,82017.9062,82579.6875,21330270174
2025-03-17,82576.3359,84725.3281,82492.1562,84075.6875,25092785558
2025-03-18,84075.7188,84075.7188,81179.9922,82718.5000,24095774594
2025-03-19,82718.8047,87021.1875,82569.7266,86854.2266,34931960257
2025-03-20,86872.9531,87443.2656,83647.1953,84167.1953,29028988961
2025-03-21,84164.5391,84782.2734,83171.0703,84043.2422,19030452299
2025-03-22,84046.2578,84513.8750,83674.7812,83832.4844,9863214091
2025-03-23,83831.8984,86094.7812,83794.9141,86054.3750,12594615537
2025-03-24,86070.9297,88758.7266,85541.1953,87498.9141,34582604933
2025-03-25,87512.8203,88542.3984,86346.0781,87471.7031,30005840049
2025-03-26,87460.2344,88292.1562,85861.4531,86900.8828,26704046038
2025-03-27,86896.2578,87786.7266,85837.9375,87177.1016,24413471941
2025-03-28,87185.2344,87489.8594,83557.6406,84353.1484,34198619509
2025-03-29,84352.0703,84567.3359,81634.1406,82597.5859,16969396135
2025-03-30,82596.9844,83505.0000,81573.2500,82334.5234,14763760943
2025-03-31,82336.0625,83870.1250,81293.8906,82548.9141,29004228247
2025-04-01,82551.9219,85487.3672,82429.3594,85169.1719,28175650319
2025-04-02,85180.6094,88466.9531,82343.5391,82485.7109,47584398470
2025-04-03,82487.4766,83909.2969,81282.1016,83102.8281,36852112080
2025-04-04,83100.2500,84696.1484,81670.7500,83843.8047,45157640207
2025-04-05,83844.7031,84207.0156,82377.7344,83504.7969,14380803631
2025-04-06,83504.5078,83704.7188,77097.7422,78214.4844,36294853736
2025-04-07,78221.3359,81119.0625,74436.6797,79235.3359,91262424987
2025-04-08,79218.4766,80823.8906,76198.0234,76271.9531,48314590749
2025-04-09,76273.5625,83541.0000,74589.6719,82573.9531,84213627038
2025-04-10,82565.9766,82700.9297,78456.1328,79626.1406,44718000633
2025-04-11,79625.0469,84247.4766,78936.3203,83404.8359,41656778779
2025-04-12,83404.5156,85856.1875,82769.3750,85287.1094,24258059104
2025-04-13,85279.4688,86015.1875,83027.0078,83684.9766,28796984817
2025-04-14,83694.5234,85785.0000,83690.6406,84542.3906,34090769777
2025-04-15,84539.6953,86429.3516,83598.8203,83668.9922,28040322885
2025-04-16,83674.5078,85428.2812,83100.6172,84033.8672,29617804112
2025-04-17,84030.6719,85449.0703,83749.7500,84895.7500,21276866029
2025-04-18,84900.1875,85095.0469,84298.8828,84450.8047,12728372364
2025-04-19,84450.8672,85597.7031,84353.4609,85063.4141,15259300427
2025-04-20,85066.0703,85306.3828,83976.8438,85174.3047,14664050812
2025-04-21,85171.5391,88460.0938,85143.8359,87518.9062,41396190190
2025-04-22,87521.8750,93817.3828,87084.5312,93441.8906,55899038456
2025-04-23,93427.5859,94535.7344,91962.9609,93699.1094,41719568821
2025-04-24,93692.3984,94016.1953,91696.7109,93943.7969,31483175315
2025-04-25,93954.2500,95768.3906,92898.5938,94720.5000,40915232364
2025-04-26,94714.6484,95251.3594,93927.2500,94646.9297,17612825123
2025-04-27,94660.9062,95301.2031,93665.3984,93754.8438,18090367764
2025-04-28,93755.3047,95598.4922,92860.8047,94978.7500,32363449569
2025-04-29,94981.8594,95485.4141,93796.6328,94284.7891,25806129921
2025-04-30,94286.4688,95249.3203,92979.6406,94207.3125,28344679831
2025-05-01,94212.8594,97437.9609,94153.6328,96492.3359,32875889623
2025-05-02,96494.9688,97905.8984,96375.9453,96910.0703,26421924677
2025-05-03,96904.6328,96943.8828,95821.2891,95891.7969,15775154889
2025-05-04,95877.1875,96318.9219,94173.4297,94315.9766,18198688416
2025-05-05,94319.5625,95193.1875,93566.2656,94748.0547,25816260327
2025-05-06,94748.3828,96889.1797,93399.8594,96802.4766,26551275827
2025-05-07,96800.1953,97625.8047,95829.3359,97032.3203,76983822462
2025-05-08,97034.2500,103969.5391,96913.8750,103241.4609,69895404397
2025-05-09,103239.1250,104297.4922,102343.0938,102970.8516,58198593958
2025-05-10,102973.7109,104961.7656,102830.4844,104696.3281,42276713994
2025-05-11,104701.0703,104937.9922,103364.7422,104106.3594,46285517406
2025-05-12,104106.9609,105747.4531,100814.4062,102812.9531,63250475404
2025-05-13,102812.4922,104997.4219,101515.0938,104169.8125,52608876410
2025-05-14,104167.3281,104303.5625,102618.2969,103539.4141,45956071155
2025-05-15,103538.8281,104153.6172,101440.8125,103744.6406,50408241840
2025-05-16,103735.6562,104533.4844,103137.4766,103489.2891,44386499364
2025-05-17,103489.2891,103716.9453,102659.1797,103191.0859,37898552742
2025-05-18,103186.9531,106597.1719,103142.6016,106446.0078,49887082058
2025-05-19,106430.5312,107068.7188,102112.6875,105606.1797,61761126647
2025-05-20,105605.4062,107307.1172,104206.5156,106791.0859,36515726122
2025-05-21,106791.3125,110724.4609,106127.2344,109678.0781,78086364051
2025-05-22,109673.4922,111970.1719,109285.0703,111673.2812,70157575642
2025-05-23,111679.3594,111798.9062,106841.3047,107287.7969,67548133399
2025-05-24,107278.5078,109454.5234,106895.2891,107791.1562,45903627163
2025-05-25,107802.2734,109313.3047,106683.3750,109035.3906,47518041841
2025-05-26,109023.7812,110376.8828,108735.6406,109440.3672,45950461571
2025-05-27,109440.4062,110744.2109,107609.5547,108994.6406,57450176272
2025-05-28,108992.1719,109298.2891,106812.9297,107802.3281,49155377493
2025-05-29,107795.5703,108910.0469,105374.3984,105641.7578,56022752042
2025-05-30,105646.2109,106308.9453,103685.7891,103998.5703,57655287183
2025-05-31,103994.7188,104927.1016,103136.1172,104638.0938,38997843858
2025-06-01,104637.2969,105884.5469,103826.9531,105652.1016,37397056873
2025-06-02,105649.8125,105958.3125,103727.5469,105881.5312,45819706290
2025-06-03,105888.4766,106813.5781,104920.8438,105432.4688,46196508367
2025-06-04,105434.3672,105997.6953,104232.7031,104731.9844,44544857105
2025-06-05,104750.7812,105936.6875,100436.8828,101575.9531,57479298400
2025-06-06,101574.3672,105376.7734,101169.5703,104390.3438,48856653697
2025-06-07,104390.6484,105972.7578,103987.3125,105615.6250,38365033776
2025-06-08,105617.5078,106497.0625,105075.3281,105793.6484,36626232328
2025-06-09,105793.0234,110561.4219,105400.2344,110294.1016,55903193732
2025-06-10,110295.6875,110380.1250,108367.7109,110257.2344,54700101509
2025-06-11,110261.7969,110384.2188,108086.3281,108686.6250,50842662052
2025-06-12,108685.9141,108780.6953,105785.6875,105929.0547,54843867968
2025-06-13,105924.5938,106182.5469,102822.0234,106090.9688,69550440846
2025-06-14,106108.0859,106203.7578,104379.3672,105472.4062,38007870453
2025-06-15,105464.8438,106157.1016,104519.8828,105552.0234,36744307742
2025-06-16,105555.5938,108915.3750,104997.6250,106796.7578,50366626945
2025-06-17,106794.1172,107750.1953,103396.5312,104601.1172,55964092176
2025-06-18,104602.0703,105581.8516,103602.2656,104883.3281,47318089133
2025-06-19,104886.7734,105250.8906,103940.7734,104684.2891,37333806920
2025-06-20,104681.0312,106539.3828,102372.2109,103309.6016,50951862476
2025-06-21,103315.0781,104015.7812,100973.0625,102257.4062,38360555118
2025-06-22,102212.0312,103351.6328,98286.2031,100987.1406,65536997201
2025-06-23,100987.4766,106116.8594,99705.7500,105577.7734,65237759656
2025-06-24,105571.5156,106316.8281,104740.2422,106045.6328,48822986421
2025-06-25,106047.4062,108168.3984,105881.3906,107361.2578,51624120283
2025-06-26,107375.0703,108305.5469,106666.3516,106960.0000,43891990613
2025-06-27,106954.9219,107772.4688,106449.9922,107088.4297,45353692675
2025-06-28,107090.5469,107567.8828,106883.9766,107327.7031,30037708335
2025-06-29,107327.8203,108526.3047,107230.1094,108385.5703,35534874438
2025-06-30,108383.4375,108798.7891,106759.6484,107135.3359,42064804590
2025-07-01,107144.3828,107550.6797,105270.2266,105698.2812,44110692247
2025-07-02,105703.1016,109763.6562,105157.3984,108859.3203,56248657737
2025-07-03,108845.0156,110541.4609,108605.7969,109647.9766,50494742270
2025-07-04,109635.6562,109751.9844,107296.3828,108034.3359,42616442656
2025-07-05,108015.8359,108381.3438,107842.2734,108231.1797,30615537520
2025-07-06,108231.1875,109731.6250,107847.0156,109232.0703,36746020463
2025-07-07,109235.3281,109710.2500,107527.0547,108299.8516,45415696597
2025-07-08,108298.2266,109198.9688,107499.5547,108950.2734,44282204127
2025-07-09,108950.2734,111925.3750,108357.6797,111326.5547,57927418065
2025-07-10,111329.1953,116608.7812,110660.7500,115987.2031,95911605728
2025-07-11,115986.2344,118856.4766,115245.6875,117516.9922,86928361085
2025-07-12,117530.7109,118219.8984,116977.0234,117435.2266,45524560304
2025-07-13,117432.2031,119449.5703,117265.4375,119116.1172,49021091807
2025-07-14,119115.7891,123091.6094,118959.1953,119849.7031,181746419401
2025-07-15,119853.8516,119935.5625,115765.6875,117777.1875,98321661181
2025-07-16,117777.1875,120065.5156,117064.8203,118738.5078,72162029070
2025-07-17,118738.5078,120999.6094,117508.2188,119289.8438,72363841798
2025-07-18,119284.1094,120851.9141,116925.9844,118003.2266,77945799785
2025-07-19,117998.1250,118541.3984,117388.4141,117939.9766,47564562765
2025-07-20,117944.1094,118865.0312,116550.1328,117300.7891,57515447231
2025-07-21,117306.4688,119671.5625,116584.3984,117439.5391,69820091744
2025-07-22,117426.5000,120269.9688,116233.2266,119995.4141,79217583118
2025-07-23,119997.4453,120113.3516,117391.3906,118754.9609,66608604537
2025-07-24,118770.9844,119535.4531,117247.9688,118368.0000,72627318560
2025-07-25,118368.0000,118486.9766,114759.8203,117635.8828,104857024569
2025-07-26,117644.8438,118335.6875,117181.2266,117947.3672,48508954046
2025-07-27,117944.7266,119815.5938,117859.6875,119448.4922,54683390892
2025-07-28,119457.5234,119819.7891,117441.4375,117924.4766,64822943193
2025-07-29,117938.5859,119273.8672,116987.3672,117922.1484,68463107433
2025-07-30,117921.9922,118780.7266,115800.8281,117831.1875,68896148592
2025-07-31,117833.6328,118919.9844,115505.2188,115758.2031,69370346018
2025-08-01,115738.9531,116060.7734,112724.4453,113320.0859,91294530181
2025-08-02,113320.3906,114021.6016,112005.7656,112526.9141,56870866000
2025-08-03,112525.8047,114747.4219,111943.8047,114217.6719,48099615826
2025-08-04,114223.9219,115729.4688,114130.4062,115071.8828,35783028986
2025-08-05,115072.1875,115117.4375,112701.1094,114141.4453,61039182286
2025-08-06,114140.9141,115737.8359,113372.2500,115028.0000,56379133510
2025-08-07,115030.0547,117676.9062,114279.7109,117496.8984,64051649681
2025-08-08,117505.5000,117689.2031,115917.4609,116688.7266,59713005166
2025-08-09,116678.2734,117906.6094,116363.8359,116500.3594,54004312429
2025-08-10,116497.7188,119320.7109,116485.1641,119306.7578,64755458694
2025-08-11,119306.8125,122321.0938,118159.0312,118731.4453,90528784177
2025-08-12,118717.6641,120302.4688,118228.7188,120172.9062,72803657984
2025-08-13,120168.9766,123682.4531,118939.6328,123344.0625,90904808795
2025-08-14,123339.3984,124457.1172,117254.8828,118359.5781,104055627395
2025-08-15,118365.7812,119332.3125,116864.5703,117398.3516,68665353159
2025-08-16,117398.4219,117996.0625,117271.9531,117491.3516,48036922378
2025-08-17,117492.7891,118595.7734,117279.5234,117453.0625,45852169525
2025-08-18,117453.9062,117614.1719,114723.6797,116252.3125,72787808090
2025-08-19,116241.8594,116764.5000,112730.3984,112831.1797,71657600353
2025-08-20,112828.0234,114625.7969,112387.9609,114274.7422,67993811526
2025-08-21,114275.6875,114802.6484,111986.2344,112419.0312,57817883700
2025-08-22,112433.7344,117377.3984,111678.9453,116874.0859,82528088240
2025-08-23,116866.3672,116996.2500,114536.1094,115374.3281,55377142586
2025-08-24,115387.3906,115615.0859,111060.5469,113458.4297,73961489632
2025-08-25,113456.8984,113637.8438,109324.2812,110124.3516,85706860190
2025-08-26,110124.1016,112397.0156,108762.0391,111802.6562,69396320317
2025-08-27,111795.7109,112619.4141,110398.2656,111222.0625,62137056409
2025-08-28,111219.0547,113450.0781,110900.9219,112544.8047,58860155962
2025-08-29,112550.5234,112619.0547,107559.6250,108410.8359,77843379644
2025-08-30,108409.4062,108929.3516,107444.4453,108808.0703,51486264208
2025-08-31,108818.4609,109491.0000,108104.6562,108236.7109,47986191770
2025-09-01,108228.7500,109890.5859,107271.1797,109250.5938,66870372995
2025-09-02,109243.0703,111748.0156,108454.0312,111200.5859,74776999491
2025-09-03,111190.6953,112600.2266,110582.9609,111723.2109,61119643565
2025-09-04,111718.1484,112208.3281,109347.2266,110723.6016,60131132901
2025-09-05,110723.0156,113357.4922,110233.3984,110650.9844,60241647677
2025-09-06,110650.5703,111275.0156,110024.0859,110224.6953,21500719036
2025-09-07,110221.3281,111591.0781,110211.6250,111167.6172,24618007520
2025-09-08,111163.0156,112869.2344,110630.6094,112071.4297,40212813407
2025-09-09,112077.5781,113225.4375,110776.7031,111530.5469,45984480722
2025-09-10,111531.2500,114275.2500,110940.0781,113955.3594,56377473784
2025-09-11,113961.4297,115522.5469,113453.8359,115507.5391,45685065332
2025-09-12,115507.7891,116769.3828,114794.4844,116101.5781,54785725894
2025-09-13,116093.5625,116334.6328,115248.2734,115950.5078,34549454947
2025-09-14,115950.2891,116181.5000,115222.3984,115407.6562,32798036057
2025-09-15,115399.6328,116747.8828,114461.0625,115444.8750,52937859416
2025-09-16,115423.7578,117005.2734,114813.0938,116843.1875,45781744593
2025-09-17,116840.5078,117328.6094,114794.9766,116468.5078,60528025996
2025-09-18,116461.2656,117911.7891,116188.7969,117137.2031,49457272032
2025-09-19,117137.6719,117479.7578,115141.8203,115688.8594,38828473971
2025-09-20,115691.1250,116191.1484,115473.5234,115721.9609,22864449614
2025-09-21,115730.2266,115901.0859,115252.5781,115306.0938,22495852193
2025-09-22,115309.2188,115431.3125,112037.6484,112748.5078,70684158591
2025-09-23,112757.4766,113351.9141,111535.5703,112014.5000,47211853279
2025-09-24,112007.6641,113986.2734,111229.6406,113328.6328,48044595085
2025-09-25,113330.1641,113541.0859,108713.3984,109049.2891,75528654284
2025-09-26,109041.2969,110359.1953,108728.9766,109712.8281,57738288949
2025-09-27,109707.1406,109778.5000,109144.2969,109681.9453,26308042910
2025-09-28,109681.9453,112375.4844,109236.9453,112122.6406,33371048505
2025-09-29,112117.8750,114473.5703,111589.9531,114400.3828,60000147466
2025-09-30,114396.5234,114836.6172,112740.5625,114056.0859,58986330258
2025-10-01,114057.5938,118648.9297,113981.3984,118648.9297,71328680132
2025-10-02,118652.3828,121086.4062,118383.1562,120681.2578,71415163912
2025-10-03,120656.9844,123944.7031,119344.3125,122266.5312,83941392228
2025-10-04,122267.4688,122857.6406,121577.5703,122425.4297,36769171735
2025-10-05,122419.6719,125559.2109,122191.9609,123513.4766,73689317763
2025-10-06,123510.4531,126198.0703,123196.0469,124752.5312,72568881188
2025-10-07,124752.1406,125184.0234,120681.9688,121451.3828,76149412513
2025-10-08,121448.3516,124167.0938,121119.1797,123354.8672,65354305286
2025-10-09,123337.0703,123739.3438,119812.0312,121705.5859,74653009425
2025-10-10,121704.7422,122509.6641,104582.4141,113214.3672,153125018868
2025-10-11,113236.4297,113429.7266,109760.5625,110807.8828,110236934340
2025-10-12,110811.5156,115805.0625,109715.5391,115169.7656,93710414091
2025-10-13,115161.6797,116020.4844,113821.1875,115271.0781,71582026739
2025-10-14,115264.8828,115502.8828,110029.4844,113118.6641,92212917403
2025-10-15,113113.9688,113622.3828,110235.8359,110783.1641,72574132855
2025-10-16,110782.1719,111990.8125,107537.0312,108186.0391,87306423067
2025-10-17,108179.1328,109235.8047,103598.4297,106467.7891,99703051669
2025-10-18,106483.7344,107490.9844,106387.4531,107198.2656,37779905278
2025-10-19,107204.3125,109488.9922,106157.7891,108666.7109,47657008953
2025-10-20,108667.4453,111711.0312,107485.0156,110588.9297,63507793085
2025-10-21,110587.6328,113996.3438,107534.7500,108476.8906,101194375480
2025-10-22,108491.5312,109115.1328,106778.0000,107688.5859,80807013218
2025-10-23,107679.4375,111288.5938,107548.4297,110069.7266,54944076060
2025-10-24,110069.3516,111842.5312,109770.1484,111033.9219,48160816980
2025-10-25,111032.6172,111947.7031,110704.4062,111641.7266,24707667305
2025-10-26,111639.0547,115260.9062,111268.4844,114472.4453,41708524143
2025-10-27,114479.8516,116273.3125,113882.2891,114119.3281,61761358733
2025-10-28,114129.0859,116078.9844,112291.6797,112956.1641,64528066504
2025-10-29,112921.3281,113642.7266,109368.7188,110055.3047,62192043469
2025-10-30,110059.1953,111612.3516,106376.6875,108305.5469,69673964814
2025-10-31,108304.4141,111031.8203,108288.2734,109556.1641,60090359560
2025-11-01,109558.6250,110574.8984,109372.9531,110064.0156,25871668762
2025-11-02,110064.4297,111167.3125,109523.4531,110639.6250,34284209459
2025-11-03,110646.9062,110764.9141,105336.3594,106547.5234,72852006359
2025-11-04,106541.4219,107264.8828,98962.0625,101590.5234,110967184773
2025-11-05,101579.2344,104534.7031,98989.9141,103891.8359,77584934804
2025-11-06,103893.6641,104147.3047,100336.8672,101301.2891,63932752861
2025-11-07,101286.2422,104052.9141,99257.0547,103372.4062,92168030081
2025-11-08,103371.7031,103373.5625,101458.0391,102282.1172,51446691095
2025-11-09,102278.9844,105418.3672,101468.8750,104719.6406,59679243013
2025-11-10,104723.7734,106564.6953,104350.6484,105996.5938,69585887229
2025-11-11,105996.8594,107428.2578,102457.3281,102997.4688,71130078574
2025-11-12,103011.4375,105297.2344,100836.6172,101663.1875,64347179408
2025-11-13,101674.1484,104005.4922,97988.7188,99697.4922,101546815416
2025-11-14,99694.7031,99804.4297,94000.7344,94397.7891,114346441890
2025-11-15,94420.4688,96728.4688,94420.4688,95549.1484,38500716654
2025-11-16,95556.8672,96564.1875,92971.1641,94177.0781,71086235862
2025-11-17,94180.8750,95928.3672,91214.7578,92093.8750,94186165724
2025-11-18,92094.5312,93745.0781,89300.4609,92948.8750,101333569062
2025-11-19,92946.1641,92946.1641,88526.8281,91465.9922,80350354656
2025-11-20,91459.3516,93025.0703,86040.7969,86631.8984,97970645638
2025-11-21,86528.7734,87380.8047,80659.8125,85090.6875,129157506112
2025-11-22,85098.5625,85503.0078,83490.8984,84648.3594,40793099246
2025-11-23,84648.6094,88038.4688,84641.7734,86805.0078,58083435576
2025-11-24,86798.7734,89206.3359,85272.1953,88270.5625,74433896110
2025-11-25,88269.9609,88457.3359,86131.4297,87341.8906,64837343545
2025-11-26,87345.5859,90581.1562,86316.8984,90518.3672,66496301869
2025-11-27,90517.7656,91897.5781,90089.5156,91285.3750,57040622845
2025-11-28,91285.3828,92969.0859,90257.1172,90919.2656,60895830289
2025-11-29,90918.7422,91187.6172,90260.1875,90851.7578,37921773455
2025-11-30,90838.2109,91965.0469,90394.3125,90394.3125,38497902869
2025-12-01,90389.1094,90398.1562,83862.2500,86321.5703,87962894424
2025-12-02,86322.5391,92316.6328,86202.1953,91350.2031,78546798211
2025-12-03,91345.0938,94060.7734,91056.3906,93527.8047,77650204986
2025-12-04,93454.2578,94038.2422,90976.1016,92141.6250,64538402681
2025-12-05,92133.6484,92702.6406,88152.1406,89387.7578,63256398633
2025-12-06,89389.3594,90267.4609,88951.6641,89272.3750,37994042405
2025-12-07,89277.8125,91740.8438,87799.5625,90405.6406,47394898960
2025-12-08,90424.5859,92267.1172,89644.8906,90640.2031,57394099056
2025-12-09,90639.7031,94601.5703,89586.9766,92691.7109,66861721440
2025-12-10,92695.2344,94477.1562,91640.1328,92020.9453,65420694513
2025-12-11,92011.3047,93554.2656,89335.2969,92511.3359,64532834621
2025-12-12,92513.6641,92747.9297,89532.6016,90270.4141,80275884583
2025-12-13,90257.7969,90647.5703,89800.9922,90298.7109,64237748110
2025-12-14,90296.4375,90498.1094,87634.9375,88175.1797,50465972205
2025-12-15,88171.0781,89983.9219,85304.0781,86419.7812,45559514323
2025-12-16,86424.4062,88170.0938,85381.6875,87843.9844,41262178223
2025-12-17,87847.6172,90264.5703,85316.2656,86143.7578,44243392914
2025-12-18,86144.3672,89412.6641,84436.3125,85462.5078,52667115348
2025-12-19,85476.1328,89339.1172,85107.6641,88103.3828,46733310561
2025-12-20,88101.6719,88497.2031,87924.8750,88344.0000,14688196659
2025-12-21,88344.7031,89027.9531,87613.2031,88621.7500,19845522660
2025-12-22,88621.3984,90501.9297,87908.0703,88490.0156,38047472118
2025-12-23,88490.0312,88898.3828,86606.9766,87414.0000,43683011533
2025-12-24,87404.3203,87956.8828,86411.7969,87611.9609,25550297986
2025-12-25,87608.3203,88501.7891,86949.2578,87234.7422,19953216347
2025-12-26,87235.5078,89459.4297,86628.1406,87301.4297,42455674908
2025-12-27,87301.4297,87874.7812,87182.9766,87802.1562,13741199310
2025-12-28,87799.3438,87986.8906,87394.9531,87835.8359,15156557929
2025-12-29,87835.7891,90299.1562,86717.9141,87138.1406,48411625849
2025-12-30,87134.3516,89297.9375,86735.5469,88430.1328,35586356225
2025-12-31,88429.5859,89080.2891,87130.5625,87508.8281,33830210616
2026-01-01,87508.0469,88803.2266,87399.4062,88731.9844,18849043990
2026-01-02,88733.0625,90884.4609,88298.6172,89944.6953,46398906171
2026-01-03,89945.0547,90679.5703,89328.0703,90603.1875,20774828592
2026-01-04,90603.0000,91712.5859,90595.1016,91413.4922,26770491368
2026-01-05,91414.6250,94762.0703,91414.6250,93882.5547,53376407252
2026-01-06,93876.9453,94395.2969,91286.5469,93729.0312,52430605257
2026-01-07,93727.4688,93738.7891,90601.8047,91308.0547,43461295053
2026-01-08,91309.6406,91485.8516,89233.8750,91027.1250,42386697030
2026-01-09,91026.2734,91910.6719,89625.3828,90513.1016,38305906684
2026-01-10,90510.1016,90713.0312,90283.3984,90386.6484,12385895282
2026-01-11,90385.3594,91155.2266,90212.0234,90827.4609,17165568977
2026-01-12,90825.8594,92395.5234,90055.0234,91192.9922,41346275358
2026-01-13,91185.3359,96011.6250,90941.9297,95321.7812,54980674354
2026-01-14,95322.9062,97860.6016,94583.0469,96929.3281,60592490863
2026-01-15,96931.2891,97150.1719,95103.2422,95551.1875,53086363027
2026-01-16,95554.1016,95801.8906,94259.2734,95525.1172,33248170537
2026-01-17,95525.1562,95598.4766,95005.6172,95099.9219,16021715122
2026-01-18,95101.1797,95491.5078,93588.8672,93634.4297,20809781232
2026-01-19,93655.6719,93660.8281,92089.2500,92553.5938,39195241508
2026-01-20,92553.6016,92798.4297,87814.9297,88310.9062,53072968031
2026-01-21,88326.5078,90430.4062,87231.5703,89376.9609,56330422434
2026-01-22,89378.5234,90258.9609,88438.4453,89462.4531,35549685694
2026-01-23,89462.0469,91100.2500,88486.3594,89503.8750,38997586037
2026-01-24,89506.1484,89811.6094,89044.2891,89110.7344,14558687712
2026-01-25,89104.7656,89193.1484,86003.7109,86572.2188,36124986722
2026-01-26,86566.5234,88743.0703,86429.2891,88267.1406,45329286974
2026-01-27,88257.4766,89427.1250,87228.9219,89102.5703,38744942267
2026-01-28,89104.0469,90439.2891,88721.4609,89184.5703,39807419296
2026-01-29,89169.8516,89200.7812,83250.6016,84561.5859,64653083162
2026-01-30,84562.7266,84602.1641,81071.4766,84128.6562,72083816087
2026-01-31,84126.5000,84136.9219,75815.8828,78621.1172,70479259159
2026-02-01,78626.1250,79322.6094,75698.8984,76974.4453,53372509744
2026-02-02,76968.8750,79258.6094,74551.3359,78688.7656,75140589684
2026-02-03,78693.5078,79118.8516,72897.1406,75633.5469,68249110822
2026-02-04,75640.0938,76864.6562,71779.9297,73019.7031,67215363944
2026-02-05,73016.3750,73161.5547,62353.5352,62702.0977,125509410908
2026-02-06,62704.4531,71681.3047,60074.2031,70555.3906,114674259489
2026-02-07,70553.7969,71611.1484,67364.4453,69281.9688,62347107663
2026-02-08,69283.7266,72206.9062,68852.8984,70264.7266,39721722619
2026-02-09,70243.3281,71369.9688,68291.0312,70120.7812,52081598792
2026-02-10,70137.3906,70464.2656,67913.0938,68793.9609,40593063077
2026-02-11,68791.8594,69242.6797,65757.3047,66991.9688,49671946030
2026-02-12,66992.1953,68339.4922,65092.1094,66221.8438,44651071271
2026-02-13,66213.3750,69382.8359,65835.7812,68857.8438,40820775886
2026-02-14,68856.9844,70481.1641,68706.6172,69767.6250,36012397645
2026-02-15,69764.9531,70939.2891,68052.5469,68788.1875,40191152750
2026-02-16,68782.3984,70067.2344,67301.5859,68843.1562,33618145426
2026-02-17,68843.0938,69201.8672,66615.2812,67494.2188,34866936040
2026-02-18,67488.0234,68434.4297,65845.8984,66425.3203,33094301643
2026-02-19,66425.6250,67277.1250,65637.4297,66957.5234,31492987019
2026-02-20,66958.5781,68269.0312,66452.4844,68005.4219,47507867304
2026-02-21,68000.2500,68657.7031,67533.0703,68003.7656,18357635642
2026-02-22,67998.8281,68235.2266,67185.6016,67659.3906,17893536012
2026-02-23,67668.4297,67668.4297,63924.4375,64616.7383,50953457309
2026-02-24,64616.0156,64992.1562,62553.1875,64080.0430,40849331086
2026-02-25,64077.7695,69953.5312,63942.4844,67960.1250,53629234355
2026-02-26,67954.8672,68843.3516,66523.7344,67453.7734,42988597523
2026-02-27,67456.5156,68220.4062,64946.0352,65881.7969,40283655942
2026-02-28,65878.9297,67714.5234,63062.2188,66995.8594,42041497112
2026-03-01,67005.8828,68162.8203,65076.7305,65738.1016,40733141929
2026-03-02,65734.0781,70044.0000,65303.1367,68775.8516,56698092052
2026-03-03,68785.0781,69232.8906,66237.6172,68293.6484,47947999049
2026-03-04,68290.5625,74051.8047,67437.4062,72710.5781,75073101274
2026-03-05,72712.6562,73555.7891,70654.8828,70841.1250,51172841727
2026-03-06,70842.1562,71378.5703,67757.8203,68136.4922,43776962871
2026-03-07,68136.6875,68515.1641,66969.2578,67272.5938,23258701211
2026-03-08,67272.5000,68177.7891,65639.1953,65969.7812,33195080116
2026-03-09,65969.5859,69474.9453,65858.0078,68402.3828,49499875378
2026-03-10,68402.7188,71770.8984,68402.7188,69926.9219,54003996096
2026-03-11,69931.2500,71337.6641,68998.8672,70204.8828,45236859848
2026-03-12,70209.7656,70775.8281,69230.1562,70493.4609,40871848129
2026-03-13,70497.0469,73927.3281,70410.7266,70968.2656,61167226505
2026-03-14,70965.3828,71291.2031,70339.5859,71214.6250,22283546496
2026-03-15,71213.6797,73173.0078,70882.4219,72789.9141,27991268669
2026-03-16,72798.1719,74901.8594,72300.6328,74861.0859,55572438409
2026-03-17,74855.2969,75988.3984,73444.2266,73922.4766,49500721728
2026-03-18,73936.8516,74658.9766,70503.8594,71245.5781,46229011155
2026-03-19,71250.3516,71598.8438,68805.5234,69912.7891,44631433398
2026-03-20,69911.5312,71346.7969,69398.8828,70522.5859,38299078407
2026-03-21,70522.4688,71051.2734,68602.9141,68711.5234,21109354718
2026-03-22,68737.4453,69561.7734,67372.8750,67845.2109,30108051508
2026-03-23,67843.0000,71782.2578,67458.8438,70914.8594,51508669357
2026-03-24,70912.6719,71371.3047,68920.6953,70517.8594,40181522399
2026-03-25,70520.0469,71985.7422,70383.5938,71309.8828,35409791747
2026-03-26,71310.1172,71410.3906,68118.3516,68791.6250,38962070215
2026-03-27,68790.8359,69117.5312,65532.5703,66338.3750,46483453594
2026-03-28,66338.5000,67232.8594,65906.7422,66319.6953,20924883455
2026-03-29,66319.6953,67052.9531,64971.7070,65954.9219,21645889785
2026-03-30,65958.3516,68087.2891,65759.8047,66691.4453,37694994180
2026-03-31,66694.5859,68495.2734,65950.4375,68233.3125,42997691338
2026-04-01,68232.8906,69230.3594,67555.3594,68078.5547,36465393617
2026-04-02,68077.8984,68633.1484,65725.2578,66888.5703,39323384518
2026-04-03,66889.0156,67296.2344,66281.5391,66931.1016,22815543346
2026-04-04,66938.6484,67515.0156,66769.6406,67290.5156,15878814963
2026-04-05,67291.1953,69087.6562,66610.6328,68981.8984,22972648674
2026-04-06,68982.9141,70305.4219,68347.0781,68859.8281,39542143229
2026-04-07,68859.3750,72732.4297,67740.5078,71940.7031,44650511480
2026-04-08,71950.1484,72825.1875,70707.4688,71123.3594,42444631703
2026-04-09,71120.5703,73107.2656,70486.3594,71767.8281,38799581473
2026-04-10,71774.3672,73440.1172,71434.8281,72979.0469,37722595732
2026-04-11,72976.1250,73784.2344,72556.3359,73054.2734,23287073965
2026-04-12,73056.0469,73154.0312,70540.5703,70753.4062,29882740487
2026-04-13,70757.6172,74896.3125,70588.5234,74484.6406,52278211554
2026-04-14,74478.3984,76061.7578,73877.2031,74181.6094,53540826530
2026-04-15,74182.0234,75409.2734,73549.2031,74805.0781,38090174312
2026-04-16,74810.8750,75506.5703,73346.2656,75152.1328,41312783855
2026-04-17,75164.0391,78320.6797,74558.6016,77126.8750,54137194839
2026-04-18,77136.0469,77416.7031,75504.9453,75726.2109,26014416776
2026-04-19,75723.6953,76243.0938,73802.3828,73856.3516,30931515195
2026-04-20,73854.2500,76575.3594,73775.5703,75872.5234,39674447916
2026-04-21,75872.8281,76881.4766,74852.6719,76352.7734,36453522626
2026-04-22,76354.2188,79468.0000,76159.5781,78203.1016,48336654537
2026-04-23,78203.8750,78676.9375,77014.4531,78268.9531,40354900916
2026-04-24,78263.8203,78554.0938,77318.4453,77455.3125,32784213526
2026-04-25,77457.2109,77882.6406,77184.6641,77612.0156,16702933134
2026-04-26,77613.1172,78923.5625,77334.8906,78657.5391,21482934750
2026-04-27,78661.0156,79488.1719,76481.3438,77366.6250,38135631927
2026-04-28,77368.1172,77483.8672,75673.6016,76350.6719,32056900880
2026-04-29,76350.6875,77884.9688,74958.5703,75776.1328,41460907886
2026-04-30,75778.6328,76611.4844,75318.9844,76304.3203,29497862305
2026-05-01,76305.0547,78894.9766,76294.6953,78179.0000,39164328894
2026-05-02,78177.7500,79119.7891,78031.9609,78657.2500,16761531851
2026-05-03,78656.7266,79402.3594,78073.0781,78538.2266,20544392639
2026-05-04,78540.2891,80742.3594,78217.9609,79827.9062,54325085296
2026-05-05,79823.5312,81751.4531,79787.5781,80927.0547,39700107376
2026-05-06,80930.7344,82792.2109,80751.0234,81427.5312,41751540000
2026-05-07,81428.8516,81684.9531,79522.6562,80009.9922,36931193154
2026-05-08,80009.6250,80447.2656,79205.5156,80186.7656,33789351540
2026-05-09,80187.7422,81030.0625,80119.9297,80664.3672,18102086996
2026-05-10,80665.6094,82430.1719,80274.1328,82138.9297,26965971077
2026-05-11,82139.0469,82326.2344,80451.4219,81728.2969,32409774919
2026-05-12,81725.3516,81753.0312,79832.1016,80477.4922,32186688600
2026-05-13,80476.7891,81276.6719,78725.5078,79277.1172,34075428359
2026-05-14,79276.9453,82005.9609,78909.6797,81051.2500,43731663431
2026-05-15,81046.8672,81634.8438,78635.3672,79065.6797,38183347368
2026-05-16,79066.0000,79173.5000,77630.7344,78131.4375,25895799905
2026-05-17,78133.5859,78539.3984,76783.4141,77429.3516,20900166465
2026-05-18,77426.3438,77749.3203,76029.2266,76954.1719,41520471808
2026-05-19,76954.7500,77346.8672,76082.3672,76750.9062,26031898332
2026-05-20,76749.4531,77775.5703,76463.6484,77457.7734,26668360936
2026-05-21,77462.5078,78100.5625,76655.4375,77539.1719,27141485404
2026-05-22,77538.1172,77819.4531,75323.8750,75488.2422,27859040109
2026-05-23,75488.3125,77288.1172,74255.2344,76673.3672,29973220002
2026-05-24,76670.6562,77372.5391,76019.8906,76981.1250,20572738918
2026-05-25,76981.1250,77804.9219,76833.0391,77279.9297,19808387601
2026-05-26,77280.1250,77990.8672,75569.4688,75825.7344,35999475458
2026-05-27,75825.3047,76014.2969,74136.5000,74344.7031,33802172927
2026-05-28,74339.5703,74460.1250,72493.4141,73536.5547,40148145327
2026-05-29,73537.0312,74218.5625,72435.6250,73372.5234,34457929250
2026-05-30,73370.8516,74020.7578,73125.2344,73754.8359,19563589191
2026-05-31,73753.7500,74153.5000,73315.0156,73579.6875,17445435650
2026-06-01,73580.2109,73969.5703,70599.5078,71319.7734,43378836121
2026-06-02,71321.0312,71334.9531,66127.2656,66703.6562,54990073882
2026-06-03,66694.0078,67402.9297,64009.6758,64014.3672,47411556213
2026-06-04,64020.0703,64664.4453,61335.7500,63801.5742,63800151780
2026-06-05,63807.6914,63901.5156,59108.9180,60922.6680,71465606706
2026-06-06,60924.4766,61491.7031,59496.6250,60867.4141,30898464957
2026-06-07,60866.9414,64128.0430,60724.0664,63239.5195,36006496194
2026-06-08,63244.0859,64185.7656,62384.6680,63090.5898,34133252457
2026-06-09,63092.8906,63486.0898,60756.6875,61643.7812,40144449754
2026-06-10,61643.2070,62788.2773,60788.0234,61449.2891,27493506779
2026-06-11,61448.8789,63851.9492,61447.9688,63561.0547,29316677897
2026-06-12,63547.4414,64334.0156,62778.7930,63543.1992,26881868307
2026-06-13,63541.5156,64700.8789,63431.3203,64421.3242,16956245530
2026-06-14,64420.1680,65749.7812,63634.0234,65710.3984,21572226975
2026-06-15,65711.1094,67248.1328,65315.8359,66289.5000,32927321950
2026-06-16,66289.4609,66928.6094,65315.0703,65600.6406,25063963967
2026-06-17,65600.4297,66354.6250,63870.9297,64418.4453,31288885189
2026-06-18,64419.6445,64736.9219,62201.1445,62896.4727,30432454936
2026-06-19,62897.5156,63568.2227,62275.5820,63540.8359,22361931660
2026-06-20,63535.8086,64307.1367,63149.6602,64239.6758,17486384117
2026-06-21,64242.3242,64506.5781,63221.0000,63237.5391,15739619591
2026-06-22,63240.7891,65544.0000,63233.5312,63952.1055,26561496819
2026-06-23,63952.7930,64196.5625,61893.2070,62668.0195,29608942370
2026-06-24,62663.0312,63097.7578,59029.8555,60995.1328,42644106535
2026-06-25,60992.0703,61868.9062,58075.9219,59721.6758,40625024718
2026-06-26,59712.0547,60647.1875,58269.1250,60016.4297,41502864671
2026-06-27,60016.3125,60835.0469,59794.6211,59940.0977,15099836554
2026-06-28,59940.3516,60432.7070,58879.6328,59532.3398,16282230874
2026-06-29,59522.7891,60682.3398,58856.1875,60138.3789,30829983083
2026-06-30,60136.4531,60173.2188,58111.6719,58558.8594,32747419391
2026-07-01,58562.4453,61223.7695,57747.7656,60003.7578,37904450118
2026-07-02,60004.7695,62117.8750,59532.3242,61485.3008,40109297349
2026-07-03,61492.0664,62879.0078,61176.7227,62544.1992,26131813598
2026-07-04,62545.1289,63398.4102,62287.5859,63088.3047,18608397613
2026-07-05,63089.0586,63935.8477,62413.9922,63547.8828,18267466154
2026-07-06,63551.0156,64597.5703,61275.8281,63995.0156,36552222303
2026-07-07,63994.5977,64257.6328,62623.9336,63297.3945,31026493556
2026-07-08,63293.5195,63706.8867,61492.6484,62257.5742,27349235354
2026-07-09,62257.3164,63422.9414,61645.7539,63193.1484,26546256117
2026-07-10,63194.3594,64658.9688,62902.0625,64127.1406,27450201269
2026-07-11,64127.9688,64445.4609,63785.6211,63802.0273,13954689047
2026-07-12,63791.4023,64243.1328,63606.8242,63758.2188,19043437787
2026-07-13,63757.1719,64340.8828,61769.0000,62239.1211,37650044790
2026-07-14,62238.5859,65046.1328,62207.5234,64956.1133,29841287318
2026-07-15,64959.8086,65507.5938,64442.8203,64712.3750,27029791676
2026-07-16,64713.2969,64931.8555,63701.8047,63789.2812,27232426674
2026-07-17,63789.9102,64332.0195,62489.4531,63899.4609,27280236800
2026-07-18,63899.1797,64816.5039,63845.0156,64796.6016,14162542470
2026-07-19,64799.2773,64909.8867,64250.9141,64690.8047,15000653941
2026-07-20,64680.2305,65703.0781,63765.3477,65273.7305,31343677440
