Date,Open,High,Low,Close,Volume
2016-07-21,90.4511,91.3357,89.9444,90.3037,6726600
2016-07-22,90.6538,90.6815,89.8062,90.0273,5381700
2016-07-25,90.2024,90.3498,89.6035,89.7325,4825500
2016-07-26,89.3916,89.5206,88.7650,89.0875,6274800
2016-07-27,89.0967,89.3086,88.3228,88.7558,6911400
2016-07-28,88.8203,88.9032,88.2859,88.3688,7713500
2016-07-29,88.3136,88.8019,88.3136,88.4057,8264000
2016-08-01,88.5900,88.6360,87.6041,88.0279,7131600
2016-08-02,87.8529,88.2214,87.1250,87.5396,7644100
2016-08-03,87.5857,88.8480,87.5304,88.5347,9068700
2016-08-04,88.0187,88.4333,87.2632,87.6778,10038300
2016-08-05,87.8990,88.4518,87.8529,88.2951,6528500
2016-08-08,88.5531,88.7190,88.0648,88.2214,7792000
2016-08-09,88.0924,89.2349,87.8068,89.0691,15548700
2016-08-10,89.0967,91.4646,88.3136,90.1655,27181300
2016-08-11,90.4788,90.6538,89.5113,90.0826,9233900
2016-08-12,90.1287,90.1287,89.0599,89.2257,9360300
2016-08-15,89.6956,89.9352,89.2994,89.4653,5299600
2016-08-16,89.2441,89.6035,88.7005,89.2626,5777800
2016-08-17,89.2257,89.3455,88.9309,89.2534,5697300
2016-08-18,89.2534,89.4837,88.9585,89.0507,5250700
2016-08-19,88.8203,89.1796,88.4978,88.8111,6362400
2016-08-22,88.8848,88.8848,88.1293,88.3320,5495300
2016-08-23,88.5715,88.8480,88.2675,88.4241,4996300
2016-08-24,88.4610,88.6545,88.0003,88.2859,5912500
2016-08-25,88.1016,88.2859,87.9082,88.0371,4518700
2016-08-26,88.1385,88.5715,87.3001,87.7239,6019600
2016-08-29,87.5949,87.8252,87.0328,87.4106,7903000
2016-08-30,87.3185,87.7976,87.3185,87.4014,6845000
2016-08-31,87.2448,87.4383,86.7564,87.0328,7375200
2016-09-01,87.2816,87.4106,86.5261,86.8486,6274200
2016-09-02,87.3000,87.4935,86.7288,86.9960,5382000
2016-09-06,87.0974,87.0974,86.0101,86.4248,8463500
2016-09-07,86.5906,86.6367,85.9917,86.3418,6281500
2016-09-08,86.1391,86.8025,85.6232,86.6919,7438100
2016-09-09,86.1576,86.3695,85.1256,85.1533,10248400
2016-09-12,84.7294,86.4800,84.7202,86.2773,9367300
2016-09-13,85.7245,85.9641,85.1809,85.4112,7795200
2016-09-14,85.3099,85.5863,84.8308,85.0058,6386500
2016-09-15,84.8768,85.4573,84.0200,85.2270,7559400
2016-09-16,85.0150,85.4481,84.5820,85.2822,10568600
2016-09-19,85.5034,85.9825,85.0795,85.3467,5421500
2016-09-20,85.4112,85.9641,85.3928,85.6416,6200100
2016-09-21,85.6876,85.7614,84.4899,85.1256,12049500
2016-09-22,85.4389,86.3418,85.3560,86.0654,6470700
2016-09-23,85.7521,86.1668,85.6876,85.9364,4407700
2016-09-26,85.1993,85.3928,84.2135,84.7294,10449300
2016-09-27,84.7018,84.9321,84.3056,84.5083,9167400
2016-09-28,84.5359,85.0427,84.2871,84.9505,8272300
2016-09-29,84.8953,85.7798,84.3332,84.5820,7476600
2016-09-30,85.0243,86.1391,84.9598,85.5587,8923700
2016-10-03,85.1993,85.4297,84.8123,85.2177,5834700
2016-10-04,85.1809,85.6784,84.8676,85.3099,5903400
2016-10-05,85.6324,85.9456,85.1164,85.1809,5365000
2016-10-06,85.4573,86.2220,85.1256,85.5310,7484800
2016-10-07,85.7429,85.9548,84.7847,85.2177,6144100
2016-10-10,85.4112,85.8811,85.1348,85.2177,4241000
2016-10-11,85.0703,85.1164,84.3701,84.6373,6651100
2016-10-12,84.6557,84.8400,84.2042,84.2227,6836600
2016-10-13,83.7988,84.1766,83.2184,83.9555,5725200
2016-10-14,84.5544,84.5544,84.1121,84.1213,4345700
2016-10-17,84.1674,84.2779,83.4395,83.6883,5134600
2016-10-18,84.2134,84.5267,83.8265,84.0015,4890800
2016-10-19,84.0937,84.8953,83.8449,84.7018,6140500
2016-10-20,84.4530,85.0611,84.2503,84.7939,6153200
2016-10-21,84.1490,86.7841,83.4764,85.7153,13814500
2016-10-24,86.1391,86.7472,85.5034,86.0286,7281000
2016-10-25,85.8166,86.0193,85.3559,85.4573,6380700
2016-10-26,85.1256,86.3510,84.6741,86.1391,7152800
2016-10-27,86.4248,86.9223,85.9733,86.6274,6647000
2016-10-28,86.5077,86.9776,86.1760,86.4708,7309100
2016-10-31,86.3510,86.4432,85.0519,85.4020,9957600
2016-11-01,85.4849,85.6784,84.4530,85.1256,6449800
2016-11-02,84.6833,85.2822,84.4806,84.6833,6716200
2016-11-03,85.0058,86.7288,84.9874,86.0286,7751400
2016-11-04,86.1483,86.4155,85.0980,85.1809,7456500
2016-11-07,86.3971,87.0513,85.6416,87.0052,6996100
2016-11-08,87.0973,87.3922,86.5169,86.9591,6226900
2016-11-09,85.0335,87.4567,84.8676,87.1987,8635700
2016-11-10,87.4290,88.5070,86.8209,87.4935,13777900
2016-11-11,89.5390,90.5893,88.2491,89.9997,23008100
2016-11-14,89.8891,90.5801,89.7877,90.2208,13208400
2016-11-15,90.2024,90.4235,89.7601,90.0181,7184600
2016-11-16,90.5986,91.3725,90.3867,91.3265,9702400
2016-11-17,91.2619,91.6766,90.5433,91.5568,8662600
2016-11-18,91.2619,91.5568,90.4235,90.5156,8586100
2016-11-21,90.3959,90.5433,89.3731,89.9536,10771100
2016-11-22,89.7417,90.2300,89.6219,90.0273,5323700
2016-11-23,89.9905,90.5525,89.9167,90.5341,5897400
2016-11-25,90.9487,91.2804,90.7552,91.0500,4396800
2016-11-28,90.7736,91.4002,90.5894,91.1882,7106700
2016-11-29,91.4370,91.8424,91.1882,91.8332,8396800
2016-11-30,91.5844,92.4045,91.2159,91.3265,11369200
2016-12-01,91.3357,91.9069,90.8658,91.1606,9958100
2016-12-02,91.0224,91.2896,90.5248,90.7552,7737200
2016-12-05,91.1975,92.3860,90.9210,92.1004,11331500
2016-12-06,92.0912,92.8006,91.9714,92.7454,8427500
2016-12-07,92.6072,94.0445,92.5427,93.9708,12255700
2016-12-08,94.2122,96.5241,94.2122,95.9856,16524800
2016-12-09,96.0877,97.9725,95.7999,97.3597,12173900
2016-12-12,97.1276,97.2112,96.3105,96.6169,7880200
2016-12-13,96.7469,96.8491,96.2920,96.4220,7393200
2016-12-14,96.2084,96.9419,96.0970,96.6077,7961900
2016-12-15,96.4220,98.0839,96.3941,96.9233,8745400
2016-12-16,97.2204,97.2390,96.3291,96.4777,12635500
2016-12-19,98.1396,98.6596,97.5547,97.7682,11475600
2016-12-20,98.0839,98.6039,97.5454,97.9168,8947300
2016-12-21,97.1276,98.3346,97.0347,98.0096,5202400
2016-12-22,97.4525,97.9446,97.2111,97.8796,5230800
2016-12-23,97.7125,97.8054,97.2576,97.6290,3238800
2016-12-27,97.3504,98.0096,97.2854,97.6475,3639500
2016-12-28,97.4804,97.7868,96.6169,96.8398,5178600
2016-12-29,96.7748,97.2761,96.4405,97.0812,5896800
2016-12-30,97.0905,97.4897,96.5241,96.7655,6983300
2017-01-03,97.7682,99.2538,97.6847,98.4924,8884300
2017-01-04,99.0124,99.8109,98.6503,99.7552,8322000
2017-01-05,99.5045,99.9223,99.1517,99.6995,6303000
2017-01-06,100.2937,101.5286,100.0430,101.1850,9551300
2017-01-09,100.8136,101.0457,100.3772,100.6094,6195200
2017-01-10,100.1823,101.0365,99.6716,100.6279,7901900
2017-01-11,100.7765,101.6585,100.6279,101.6121,7616800
2017-01-12,100.3865,101.2036,99.7459,99.8387,8218900
2017-01-13,99.4952,100.6001,99.2538,100.3308,6489000
2017-01-17,100.1916,101.1386,99.9502,100.2473,7586500
2017-01-18,99.2817,100.6465,99.1702,100.4237,7162900
2017-01-19,100.2008,100.2844,99.4209,99.6066,5350200
2017-01-20,99.6716,100.1080,99.5138,99.9594,5649000
2017-01-23,99.6623,99.9780,98.9474,99.4581,5716600
2017-01-24,99.5323,100.3308,99.4209,100.1823,5456100
2017-01-25,100.4887,100.6651,100.2751,100.3123,6180200
2017-01-26,100.4701,100.8508,100.2566,100.3308,6088100
2017-01-27,100.7301,101.5750,100.4144,101.4821,5578300
2017-01-30,102.0021,103.1070,101.1664,103.0048,13793600
2017-01-31,102.6799,102.8748,102.1135,102.7356,8485800
2017-02-01,102.7913,103.9797,102.7634,103.3391,10501300
2017-02-02,103.2555,103.5619,102.6427,102.6984,6515900
2017-02-03,102.9677,103.1998,102.3270,102.4106,7923400
2017-02-06,102.0578,102.2713,101.4821,101.7328,6896300
2017-02-07,101.8071,101.8814,100.9900,101.2036,10184800
2017-02-08,101.7235,103.4505,101.1850,101.2036,13615500
2017-02-09,101.2036,101.9928,101.2036,101.6585,6369700
2017-02-10,101.5286,101.9464,100.8136,101.4450,7671800
2017-02-13,101.1572,102.0392,101.1107,101.8071,5653200
2017-02-14,101.9464,102.4385,101.6957,102.4385,4768700
2017-02-15,102.0485,102.7634,101.9464,102.2992,7087100
2017-02-16,102.4477,102.9398,102.2156,102.7913,7179600
2017-02-17,102.3549,102.5963,101.6864,102.1878,6349200
2017-02-21,102.0763,102.3270,101.9464,102.1413,5432700
2017-02-22,101.8442,102.3920,101.6957,102.2435,5478400
2017-02-23,102.4106,102.5870,101.7514,101.8814,5470400
2017-02-24,101.7793,102.4292,101.2964,102.4292,4786800
2017-02-27,102.0671,102.5685,101.9742,102.3456,3547700
2017-02-28,102.1321,102.5035,101.9742,102.2156,4766000
2017-03-01,102.7449,103.8033,102.7449,103.0977,7418100
2017-03-02,103.0605,103.2555,102.5499,102.6799,4715600
2017-03-03,102.6799,103.5248,102.1692,103.2834,5837900
2017-03-06,102.8470,103.0420,102.2156,102.7541,4983200
2017-03-07,102.7820,102.9955,102.2806,102.9305,5114400
2017-03-08,102.9398,103.3576,102.7449,102.9120,4929900
2017-03-09,102.9677,103.3577,102.7727,103.0884,4005700
2017-03-10,103.4319,103.5248,102.7727,102.9863,4027400
2017-03-13,102.9863,103.6919,102.8934,103.5433,5213600
2017-03-14,103.7383,104.8154,103.7290,104.2768,7273500
2017-03-15,104.3883,104.4068,103.1998,103.8683,5319500
2017-03-16,104.1561,104.2861,103.4319,103.7198,4409400
2017-03-17,103.8683,104.0726,103.2277,103.7662,9061200
2017-03-20,104.0540,105.0660,104.0354,104.6482,8156300
2017-03-21,104.8896,105.0103,103.5619,103.7569,7109800
2017-03-22,103.8498,104.1562,103.3855,104.0633,5044700
2017-03-23,103.7197,104.8989,103.6733,104.2118,8307900
2017-03-24,104.3604,104.5275,103.6919,104.1190,4707300
2017-03-27,103.8126,104.4997,103.4783,104.3418,4469800
2017-03-28,104.5461,105.1403,104.0076,104.9639,6280900
2017-03-29,104.6018,104.8618,104.2768,104.4811,3781200
2017-03-30,104.4811,105.1960,104.2490,105.0846,4192800
2017-03-31,104.9175,105.5767,104.8711,105.2796,4617400
2017-04-03,105.0846,105.5210,104.3883,105.1032,4643300
2017-04-04,105.0568,105.4281,104.7596,104.9546,3386100
2017-04-05,105.4560,105.6974,104.7225,104.9175,4795100
2017-04-06,104.7782,105.3075,104.3511,104.9639,4744000
2017-04-07,104.7504,105.1775,104.4811,104.5275,4300700
2017-04-10,104.7318,104.8153,104.0261,104.3883,4053600
2017-04-11,105.5488,105.6881,104.5368,104.9825,5230800
2017-04-12,104.9453,105.1775,104.6946,104.9546,4086300
2017-04-13,104.9546,106.0781,104.9082,105.1032,6530800
2017-04-17,105.2239,105.7903,105.1218,105.6417,5120200
2017-04-18,105.3632,106.5423,104.9175,106.0224,6191100
2017-04-19,106.3659,106.7744,105.4189,105.5953,5303400
2017-04-20,106.0038,106.8208,105.7253,106.5794,5279300
2017-04-21,106.1988,106.8859,106.0966,106.2545,6654500
2017-04-24,107.0158,107.1272,105.5303,105.5674,7294600
2017-04-25,105.5953,107.2573,105.5489,106.9416,6918300
2017-04-26,107.1458,107.6658,106.6444,107.3130,4809800
2017-04-27,107.5172,107.7957,107.1365,107.5543,3910800
2017-04-28,107.5822,107.6101,106.9973,107.3315,3987600
2017-05-01,107.3222,107.3408,106.5145,106.5237,4963300
2017-05-02,106.6537,106.7651,105.5488,106.1895,6604600
2017-05-03,105.8738,105.9295,103.2277,103.6362,11521200
2017-05-04,102.6706,103.3391,101.2593,103.2184,10691200
2017-05-05,103.5155,104.1283,102.9863,103.9797,5871400
2017-05-08,104.3511,104.3511,103.0605,103.4505,5980100
2017-05-09,103.5712,104.1283,102.4570,104.0540,9337400
2017-05-10,101.2036,101.8164,100.3958,101.8164,17061100
2017-05-11,101.8907,102.1413,100.7394,101.7421,8021300
2017-05-12,101.9464,102.0299,101.4543,101.8442,5067700
2017-05-15,101.8814,102.2064,101.3150,101.3243,6241300
2017-05-16,101.3243,101.4171,100.1080,100.2565,10047100
2017-05-17,100.2565,100.2565,97.7032,98.7060,12763200
2017-05-18,98.3996,99.6345,98.3996,99.0495,6532200
2017-05-19,99.1238,100.1451,99.0681,99.8294,6336700
2017-05-22,99.9502,100.4608,99.7273,99.9316,5487200
2017-05-23,99.9780,100.0894,99.2631,99.3652,7542600
2017-05-24,99.4859,100.1173,99.2817,100.0059,4366700
2017-05-25,100.3958,100.3958,99.1424,99.5973,8030400
2017-05-26,100.0058,100.7301,99.7923,100.6558,6236800
2017-05-30,100.7301,100.8322,100.2287,100.5908,4813400
2017-05-31,100.6465,100.8786,99.9409,100.2194,9963600
2017-06-01,100.0244,100.4701,99.5045,100.4701,5907400
2017-06-02,100.7022,100.8693,99.3002,99.5138,10876900
2017-06-05,99.3838,99.5509,98.5203,98.9010,6372800
2017-06-06,98.5760,98.5946,97.1276,97.9539,9589500
2017-06-07,98.2232,98.6503,97.9911,98.3439,5777700
2017-06-08,98.3439,98.3439,96.7098,96.8584,11002400
2017-06-09,96.8212,98.3439,96.6355,98.0654,9392500
2017-06-12,98.0654,99.5323,98.0654,99.3838,8049500
2017-06-13,99.4766,99.5881,98.5667,98.9381,4918900
2017-06-14,99.3002,99.3559,98.1953,98.5482,4781100
2017-06-15,98.3625,98.5667,97.7032,98.3996,5309900
2017-06-16,98.6781,98.7431,97.2762,97.9632,8683400
2017-06-19,98.0468,98.4182,97.6661,97.8333,5956200
2017-06-20,97.5547,97.7682,96.3848,96.5055,7895700
2017-06-21,96.9233,97.5640,96.1341,97.3040,7765700
2017-06-22,97.2204,97.2762,96.6448,96.7655,6156000
2017-06-23,96.4034,97.0997,95.7906,96.8955,18147900
2017-06-26,97.1183,98.2789,97.0812,98.0189,5867000
2017-06-27,97.7961,98.5575,97.6197,97.8704,5694500
2017-06-28,98.4367,99.8480,97.0440,99.2167,7874400
2017-06-29,99.1610,99.7273,97.7961,98.1489,7268700
2017-06-30,98.6503,98.9381,97.9539,98.6503,5113800
2017-07-03,99.1238,100.8508,99.1238,99.7738,5399400
2017-07-05,100.1173,100.1358,97.7589,98.0746,8049700
2017-07-06,97.8502,97.9250,96.2881,96.6716,8690800
2017-07-07,96.8212,97.0270,96.0823,96.6435,6030900
2017-07-10,96.6248,97.1954,96.2226,96.8960,4421300
2017-07-11,96.9054,97.4573,96.5219,97.1299,4557300
2017-07-12,97.5976,97.8876,96.9522,97.6350,5203300
2017-07-13,97.7005,98.5330,97.3170,97.5508,5339500
2017-07-14,97.6818,98.4488,97.6631,98.2991,4370300
2017-07-17,98.3740,98.6078,97.9437,98.0185,3973800
2017-07-18,97.8408,98.9632,97.5695,98.9165,5740500
2017-07-19,99.2719,99.9641,99.1971,99.9173,5789400
2017-07-20,100.0763,100.7498,99.8519,100.4224,6185500
2017-07-21,100.1792,100.3944,99.9080,100.1699,4328500
2017-07-24,100.3757,100.5908,99.9922,100.0857,4615500
2017-07-25,100.6469,100.7779,99.3374,99.5432,5394700
2017-07-26,99.6648,100.1138,99.4403,100.0296,4149000
2017-07-27,100.7311,102.8919,100.4973,102.8919,10468700
2017-07-28,102.8731,103.0696,102.5832,102.8544,4864500
2017-07-31,102.9106,103.0228,102.2745,102.8264,6815300
2017-08-01,102.8731,103.6682,102.8451,103.4624,5987200
2017-08-02,102.7796,102.7796,100.5721,101.6478,8812700
2017-08-03,101.5075,102.1155,101.0679,102.0687,6895800
2017-08-04,101.2362,101.4888,100.3850,100.7311,8503800
2017-08-07,100.6376,100.6937,99.2532,99.4777,8093100
2017-08-08,99.6648,100.2167,99.3187,100.0670,9787100
2017-08-09,94.2022,96.3442,94.0057,96.1852,27877600
2017-08-10,95.8765,96.1758,94.6792,94.8008,12259900
2017-08-11,94.7073,95.8858,94.5015,95.3994,9410400
2017-08-14,96.1571,96.1664,94.7166,94.8476,9707300
2017-08-15,95.0627,95.5023,94.8102,94.9505,8868500
2017-08-16,95.2591,96.0168,95.1469,95.5959,6698800
2017-08-17,95.6333,95.9607,94.7914,94.8289,6612400
2017-08-18,94.7727,95.1656,94.1554,94.1928,6893900
2017-08-21,94.1367,94.8663,94.0338,94.6324,6492700
2017-08-22,94.8569,96.2600,94.6324,96.1290,6888700
2017-08-23,95.8578,96.3255,94.9224,94.9411,5954400
2017-08-24,95.2404,95.4369,94.8756,94.9598,6976600
2017-08-25,95.1188,96.0542,94.9972,95.7923,6186900
2017-08-28,95.8671,96.2039,95.4836,95.9326,5630400
2017-08-29,95.4088,96.3348,95.2404,95.9420,6011700
2017-08-30,95.8578,96.7651,95.8578,96.2226,6573200
2017-08-31,96.3442,96.5219,94.4734,94.6605,9823800
2017-09-01,95.0814,95.3340,94.8102,94.9411,7827400
2017-09-05,95.4088,95.9233,94.3799,95.0347,9346100
2017-09-06,95.1843,95.4462,94.3705,94.9411,7531000
2017-09-07,94.9879,95.2778,89.9836,90.7880,26419400
2017-09-08,90.2549,91.1902,90.0397,90.7974,13147700
2017-09-11,91.5737,91.6860,90.6945,90.8161,9610300
2017-09-12,91.2838,92.0040,90.8535,91.5644,9151700
2017-09-13,91.8918,92.5559,91.6860,92.4343,7615300
2017-09-14,92.4062,92.4530,91.2370,91.5738,9710000
2017-09-15,91.7140,92.5372,91.6673,92.1537,23870300
2017-09-18,92.0321,92.3407,91.4054,91.7608,7013600
2017-09-19,91.8824,92.2940,91.7421,92.0695,6970300
2017-09-20,92.3782,92.8646,92.2472,92.7991,6459100
2017-09-21,92.7804,92.9675,92.3688,92.4998,4958000
2017-09-22,92.1817,92.5933,92.1630,92.2285,6359100
2017-09-25,92.2285,93.2106,92.0601,93.1358,7492500
2017-09-26,93.2013,93.2948,92.2379,92.2566,6220500
2017-09-27,92.5746,93.0984,91.6860,92.8271,7596600
2017-09-28,92.3875,92.6494,91.6673,91.7140,7149600
2017-09-29,91.5644,92.2191,91.3492,92.2004,8185900
2017-10-02,92.8926,93.9496,92.7055,93.4071,6923300
2017-10-03,93.5848,94.3331,93.4539,94.2770,5447700
2017-10-04,94.2302,94.4080,93.7251,94.0525,5126100
2017-10-05,94.1367,94.3518,93.5567,93.6409,4736700
2017-10-06,93.4913,93.7906,92.9207,93.6035,4360200
2017-10-09,94.2957,94.4547,93.0236,93.1358,5429600
2017-10-10,93.5287,93.6035,92.2846,93.1452,7704400
2017-10-11,93.1452,93.1452,91.7140,92.1817,7984000
2017-10-12,91.2557,91.4989,90.5542,90.6664,11018200
2017-10-13,90.5448,91.3680,90.5448,91.0873,6858000
2017-10-16,91.3305,91.9198,91.2370,91.7889,4911600
2017-10-17,92.0414,92.1069,91.5363,92.0040,5942500
2017-10-18,92.0040,92.1256,91.2464,91.9011,5404300
2017-10-19,91.8450,92.8833,91.7702,92.6120,5634300
2017-10-20,93.0236,93.2200,92.5465,92.9768,5938700
2017-10-23,92.7149,92.7710,92.2566,92.3221,5888200
2017-10-24,92.1537,92.4717,91.7234,91.9385,4966200
2017-10-25,91.7140,91.8731,91.1528,91.4802,5144400
2017-10-26,91.2744,93.0516,90.9657,92.1911,6167500
2017-10-27,91.5737,92.0040,90.6290,91.9572,7868700
2017-10-30,91.7795,91.9760,91.3867,91.7047,7093200
2017-10-31,91.6112,91.7515,91.0873,91.4895,5701700
2017-11-01,91.7889,93.0329,91.6673,92.6307,6920400
2017-11-02,92.4811,92.7149,91.6860,91.9947,6799200
2017-11-03,92.0040,92.9581,91.5737,92.2659,5416900
2017-11-06,92.0134,94.5950,91.9947,94.1367,14728700
2017-11-07,94.7447,96.2506,94.2302,95.0440,12177500
2017-11-08,95.2966,95.4088,93.9309,94.6418,8023200
2017-11-09,94.3144,97.1954,94.2864,96.0449,13172500
2017-11-10,98.2056,99.3748,97.3544,98.0092,16701500
2017-11-13,97.4105,98.3459,97.2609,97.9717,7856000
2017-11-14,97.8127,97.8127,96.3442,96.5032,6929300
2017-11-15,96.1103,97.2421,95.8297,96.9896,5691500
2017-11-16,96.9335,97.2609,96.1197,96.9054,6410900
2017-11-17,96.5500,97.2702,96.3161,96.7558,7500800
2017-11-20,96.7370,96.7370,96.0636,96.1103,5112600
2017-11-21,96.3161,96.5032,96.1478,96.3442,5725900
2017-11-22,96.5500,96.6435,96.0542,96.1010,4140700
2017-11-24,96.2600,96.2694,95.8297,96.0075,2217600
2017-11-27,95.9981,96.3161,95.7642,96.1477,4007500
2017-11-28,95.9326,97.1673,95.5678,96.7277,8401100
2017-11-29,96.8119,99.3935,96.7464,98.4394,14503100
2017-11-30,98.5517,98.8791,97.7192,98.0466,9949000
2017-12-01,97.8221,99.0100,97.1580,98.4488,9258400
2017-12-04,99.6180,105.3893,99.6180,103.0976,17824000
2017-12-05,102.4522,102.9293,99.6367,100.2915,13055600
2017-12-06,100.2447,101.0117,98.5517,98.6452,8121700
2017-12-07,98.9071,99.1503,97.7379,98.4581,9948600
2017-12-08,98.9202,98.9862,98.1375,98.2790,6536600
2017-12-11,98.8824,100.7400,98.7881,100.7305,7434000
2017-12-12,101.0228,101.6734,100.5042,101.2963,8147000
2017-12-13,101.9752,102.0129,100.6551,101.4660,10368300
2017-12-14,101.1643,105.1716,101.0794,104.2570,27571300
2017-12-15,105.5865,105.6054,104.2853,104.9170,19978600
2017-12-18,105.4545,105.5959,104.0119,104.6908,12270000
2017-12-19,104.9736,105.9731,104.4456,105.4262,10546600
2017-12-20,105.2471,105.8882,103.4272,103.4272,8661100
2017-12-21,103.4555,104.7473,102.9558,103.3141,9372800
2017-12-22,103.2387,103.4273,102.2581,102.4655,7378400
2017-12-26,102.2957,103.1255,101.7300,101.9469,3982400
2017-12-27,102.2298,102.3523,101.3246,101.4943,5624000
2017-12-28,101.8337,101.8809,100.9474,101.6169,3477700
2017-12-29,101.8809,102.1543,101.3717,101.3717,4538400
2018-01-02,102.7295,105.4262,102.3618,105.4168,11014300
2018-01-03,105.7845,106.7274,105.0868,105.8694,9237900
2018-01-04,106.5011,106.5483,105.2565,105.8222,7417400
2018-01-05,106.2465,106.2465,104.8887,105.2470,6008300
2018-01-08,104.5587,104.9265,103.2858,103.7384,8052600
2018-01-09,103.8421,104.5305,103.5876,103.6630,5838000
2018-01-10,103.6818,104.1910,102.7861,103.2198,6060000
2018-01-11,103.9553,104.7379,103.2575,104.6530,6427000
2018-01-12,104.9642,106.2843,104.6625,106.0485,5899900
2018-01-16,106.6143,106.6991,104.3042,104.3702,8069200
2018-01-17,104.8510,105.8034,104.2570,105.5771,7030700
2018-01-18,105.3602,105.5959,103.9081,104.1156,8070900
2018-01-19,104.6342,104.7473,103.5687,104.2759,10514300
2018-01-22,103.9741,105.1905,103.7761,104.7567,8073600
2018-01-23,103.9741,104.7945,103.6158,104.1061,7477300
2018-01-24,104.6247,105.0679,103.9930,104.1910,7211800
2018-01-25,104.2853,105.4356,103.8327,104.2382,6291000
2018-01-26,104.4833,106.1051,104.3513,105.7845,7743800
2018-01-29,105.6996,106.0297,104.8887,105.1716,6847800
2018-01-30,105.0585,106.0014,103.8138,103.8233,8393900
2018-01-31,103.7950,103.8327,102.2769,102.4655,9841400
2018-02-01,102.4183,104.3324,101.2303,104.1816,9518900
2018-02-02,103.6724,104.2664,102.2580,102.4938,9947700
2018-02-05,100.9851,102.4278,98.0715,98.7221,15107900
2018-02-06,97.0061,100.1365,95.9500,100.1082,17765100
2018-02-07,101.6734,101.8620,98.4487,98.7787,12445000
2018-02-08,99.4482,99.7782,95.4126,95.5634,12667500
2018-02-09,96.6949,97.8264,94.5356,97.2041,12479700
2018-02-12,97.9961,98.6656,96.2706,97.4869,9584700
2018-02-13,96.7798,98.3544,96.5535,98.1753,8447900
2018-02-14,97.5812,98.7787,96.8269,98.6279,7425700
2018-02-15,99.3445,99.5425,97.9961,99.1748,6494700
2018-02-16,99.1842,101.2209,99.1842,100.4477,8746400
2018-02-20,100.2968,101.4283,99.4953,99.9291,6734500
2018-02-21,99.9479,100.8060,99.0239,99.0522,6743300
2018-02-22,99.2973,99.9574,98.9390,99.2313,4462200
2018-02-23,99.7122,101.2303,99.4105,101.1266,6101100
2018-02-26,101.8337,103.5404,101.5226,103.5404,8138200
2018-02-27,101.8337,101.9846,98.8636,98.8824,14179600
2018-02-28,99.4293,99.5425,97.2512,97.2701,10760800
2018-03-01,97.3078,98.0904,95.5446,96.7138,10487300
2018-03-02,96.1763,97.2795,95.6483,97.1098,7835400
2018-03-05,96.8458,98.0338,96.5723,97.5058,5736700
2018-03-06,98.0621,98.9579,97.6001,98.9485,6216200
2018-03-07,97.7981,98.2884,96.9023,97.6755,6214800
2018-03-08,98.0527,98.6184,97.5624,98.0904,6627000
2018-03-09,98.4676,98.7693,97.7227,98.7504,5618400
2018-03-12,98.7410,99.8914,98.7410,99.1653,6485300
2018-03-13,99.7876,99.7876,97.5152,97.8075,6716700
2018-03-14,98.5619,98.6750,97.5624,97.9678,6235900
2018-03-15,98.0621,98.3356,97.3455,97.3455,5174600
2018-03-16,97.6472,98.3167,96.9683,96.9966,10468000
2018-03-19,96.9306,97.0721,95.2334,95.6860,6528300
2018-03-20,95.7426,96.3177,94.9977,95.5634,8330300
2018-03-21,95.7048,97.0626,95.6294,96.0066,6136400
2018-03-22,95.5068,95.8369,94.6771,94.8562,8911600
2018-03-23,95.0920,95.3371,92.8290,92.9139,7505100
2018-03-26,94.1585,95.0260,93.4230,94.9034,7340100
2018-03-27,95.1203,95.4031,93.2439,93.6870,7193500
2018-03-28,93.8191,94.3659,92.5461,92.9139,9099700
2018-03-29,93.3570,95.4974,93.2156,94.7054,9343600
2018-04-02,94.4602,95.2240,92.1972,93.0270,8203700
2018-04-03,93.1590,93.8096,92.1218,93.7436,8484700
2018-04-04,92.8101,95.3748,92.1784,95.1863,8759200
2018-04-05,95.5729,96.5346,95.2146,96.2800,6612800
2018-04-06,95.8274,96.3555,93.7719,94.6205,7162400
2018-04-09,94.9505,95.7143,93.8945,94.0076,7094300
2018-04-10,95.1580,95.7332,94.5922,95.5823,8116800
2018-04-11,95.0260,95.8463,94.6771,95.0448,6305000
2018-04-12,95.6294,95.7143,93.9888,94.6582,7337800
2018-04-13,95.2334,95.7237,94.4414,94.6205,6324600
2018-04-16,94.9411,95.2334,94.0359,94.5168,10328000
2018-04-17,95.4220,96.7326,94.9977,96.3366,9577400
2018-04-18,96.8081,96.8458,95.4220,95.4314,5822100
2018-04-19,95.2334,95.7803,94.4979,95.1297,6803400
2018-04-20,95.4031,95.6106,94.2056,94.5168,6396900
2018-04-23,94.8091,94.9694,93.8473,94.4319,5889800
2018-04-24,94.8374,95.0920,93.2156,93.7813,6567700
2018-04-25,93.8190,95.6954,93.3947,95.3748,8977700
2018-04-26,95.4503,95.5917,94.0453,94.1396,8038400
2018-04-27,94.0831,94.2811,93.2910,93.5645,8038000
2018-04-30,94.6771,95.5823,94.4036,94.6017,8558900
2018-05-01,94.4602,94.9505,93.2816,94.3471,6716200
2018-05-02,94.4508,94.9694,93.5833,93.9322,9286400
2018-05-03,93.4513,93.5833,92.1030,93.1213,10450800
2018-05-04,93.0741,95.5634,92.9516,95.3748,9980100
2018-05-07,96.5063,96.8175,95.9123,96.6289,10181100
2018-05-08,95.4220,96.7798,95.0825,95.9783,14229500
2018-05-09,96.4120,96.4309,93.6305,94.2622,18345700
2018-05-10,94.6865,96.2423,94.5734,95.8746,8927300
2018-05-11,96.0726,96.3743,95.4786,96.2423,7036000
2018-05-14,96.5912,97.5812,96.1574,96.5912,9891900
2018-05-15,96.5912,97.4209,96.2706,97.0438,5762400
2018-05-16,97.3549,99.0427,97.2607,99.0427,8111600
2018-05-17,99.2219,99.4576,98.1470,98.3827,7320600
2018-05-18,98.3827,98.8070,97.6472,97.9961,5427300
2018-05-21,98.2696,98.7033,97.6944,98.1187,5848700
2018-05-22,98.4393,99.4671,98.0527,98.1281,6971600
2018-05-23,97.3078,97.4398,96.2423,97.0155,8046600
2018-05-24,96.9401,96.9872,95.4314,96.2800,7474100
2018-05-25,96.4121,97.1192,96.1480,96.3649,6982700
2018-05-29,94.8091,95.8463,93.7059,93.9982,11270400
2018-05-30,94.7620,94.8091,93.7436,94.2716,7216400
2018-05-31,94.0642,94.4225,93.1685,93.7908,9620000
2018-06-01,93.9982,94.3376,93.5362,93.6870,6847700
2018-06-04,94.0642,94.7619,94.0076,94.5168,6598000
2018-06-05,94.6299,94.7714,94.0831,94.2339,5974400
2018-06-06,94.3471,96.1197,94.0642,96.0914,7833000
2018-06-07,96.0915,97.0815,95.9972,96.6195,7559200
2018-06-08,96.2612,98.0527,96.0160,98.0433,7090300
2018-06-11,97.9961,98.8070,97.8264,98.3921,8175000
2018-06-12,98.7504,99.2125,98.0244,98.3733,9215300
2018-06-13,97.3078,101.7206,96.8080,100.2402,22009400
2018-06-14,100.3722,103.2386,100.3722,102.5409,18068700
2018-06-15,101.9940,103.1727,101.6923,102.6352,16169200
2018-06-18,100.8908,101.3434,100.4194,100.9474,9288600
2018-06-19,99.8254,100.8814,99.7216,100.0422,8869500
2018-06-20,100.8908,101.7395,99.7688,101.0323,18625900
2018-06-21,100.9003,101.1266,99.7499,99.8442,7707800
2018-06-22,100.0139,100.7023,99.7688,100.2685,8959100
2018-06-25,99.9479,100.0234,97.8170,98.4864,7995800
2018-06-26,98.4959,98.7316,97.9773,98.3073,6550000
2018-06-27,98.5336,99.8348,97.5718,98.0244,8803300
2018-06-28,97.9773,99.1182,97.7604,98.7881,6303600
2018-06-29,98.9390,99.6462,98.6750,98.8259,6774000
2018-07-02,98.2036,99.3539,97.9678,99.3162,5488900
2018-07-03,99.8348,99.9008,97.5907,98.0999,2406300
2018-07-05,98.7221,99.5708,98.4676,99.3256,6202800
2018-07-06,99.3256,99.8389,98.8884,99.5918,4134500
2018-07-09,99.8104,100.8179,99.5633,100.7704,4725200
2018-07-10,100.9890,101.2931,99.6393,100.7799,4213600
2018-07-11,100.1050,103.9259,100.1050,102.6903,11753800
2018-07-12,102.6998,103.7929,102.4812,102.8899,5931400
2018-07-13,102.6523,104.7814,102.3292,104.5533,8188800
2018-07-16,104.3822,104.9810,103.3842,104.7434,8245900
2018-07-17,104.8004,107.0436,104.6388,104.8384,9075900
2018-07-18,104.8479,105.5608,104.2206,105.2091,6414100
2018-07-19,106.0170,109.0016,105.7889,106.5778,17796800
2018-07-20,106.5968,106.6443,105.3422,105.9600,11787900
2018-07-23,105.5513,105.7034,104.8764,105.5893,5447800
2018-07-24,106.3022,106.3497,105.0665,105.2186,5648800
2018-07-25,105.1616,105.9030,104.2016,105.6749,6756800
2018-07-26,106.5968,108.8875,106.1501,107.8895,9466400
2018-07-27,108.3552,108.4027,106.3782,107.0436,5717000
2018-07-30,106.6443,107.7279,106.5018,107.0531,5199300
2018-07-31,106.9770,108.4027,106.7964,107.9370,8421200
2018-08-01,108.0511,108.1936,107.0150,107.3762,6466600
2018-08-02,106.9295,107.7089,106.1501,107.1671,4027300
2018-08-03,107.5948,108.4503,106.8344,108.4408,4747500
2018-08-06,108.9825,111.0546,108.5073,110.1992,12715600
2018-08-07,110.7980,112.0621,110.4843,110.7885,15466900
2018-08-08,110.1611,110.6459,108.2602,108.3362,11722900
2018-08-09,108.4027,109.1156,107.2241,108.5073,7042000
2018-08-10,107.9560,108.1651,106.8344,107.1006,5740200
2018-08-13,107.0816,107.2527,106.1881,106.5683,6080900
2018-08-14,106.8154,107.5853,106.4067,107.1671,4326400
2018-08-15,106.6253,107.5188,105.9505,107.2621,5183200
2018-08-16,107.6899,107.7184,106.8344,106.9105,5082500
2018-08-17,106.9390,107.2717,106.3497,106.9105,4764500
2018-08-20,107.3382,107.4047,106.3687,106.4447,5167600
2018-08-21,106.6919,107.4047,106.4543,106.8249,4770400
2018-08-22,106.8725,107.1671,106.3972,106.3972,3213000
2018-08-23,106.3972,106.5873,106.0075,106.4542,4257400
2018-08-24,106.1026,107.1196,105.9220,106.3877,5049000
2018-08-27,106.9200,107.3002,106.5208,106.7679,4767700
2018-08-28,106.9960,107.2051,106.6443,107.0055,3131600
2018-08-29,107.0055,107.1386,106.4733,106.8820,4001500
2018-08-30,106.5208,106.8534,106.0645,106.3782,3481600
2018-08-31,106.3592,106.7204,106.0360,106.4733,4642800
2018-09-04,106.2641,106.4542,105.1711,105.3612,6391200
2018-09-05,105.1046,105.3327,104.2681,104.4297,6388300
2018-09-06,104.5533,104.9430,103.9450,104.8004,5267200
2018-09-07,104.6293,105.8364,104.5628,105.4753,4754800
2018-09-10,105.9220,106.3687,104.9050,105.1996,4636500
2018-09-11,105.0285,105.1331,104.0876,104.1731,5488600
2018-09-12,103.8404,104.7909,103.7739,104.0400,5236700
2018-09-13,104.1256,105.2376,103.9545,105.1901,5119400
2018-09-14,105.4277,105.7414,103.4887,103.8499,6012400
2018-09-17,104.1541,104.4392,103.2321,103.9450,5592900
2018-09-18,103.4982,104.3157,102.8709,104.1066,4937800
2018-09-19,104.2016,104.7244,104.0590,104.3537,5964600
2018-09-20,105.1046,106.4067,104.4962,106.0931,7121800
2018-09-21,106.4067,106.4352,104.9335,104.9335,25753600
2018-09-24,106.7109,107.5378,106.1691,107.1861,9232300
2018-09-25,107.6994,109.0301,107.0721,108.0035,12169400
2018-09-26,108.3647,110.5603,108.3647,109.5053,11141500
2018-09-27,109.4863,110.8265,109.4007,110.2942,5195300
2018-09-28,109.9235,111.6439,109.6384,111.1496,7366800
2018-10-01,111.4728,111.5869,109.9520,110.4843,8643900
2018-10-02,109.8285,111.8720,109.5909,111.8340,6441700
2018-10-03,112.1096,112.2522,110.9595,111.1211,6111700
2018-10-04,111.2067,111.3682,109.4198,110.3797,6442800
2018-10-05,110.2562,110.8075,109.0491,109.0966,5835700
2018-10-08,109.1441,110.4083,108.4693,110.2752,5652300
2018-10-09,110.8455,111.9385,110.2942,111.1021,6761400
2018-10-10,111.0546,111.4253,107.1481,107.2717,9006500
2018-10-11,106.9295,107.6424,104.8574,105.6463,10045400
2018-10-12,106.4257,107.6614,105.7224,107.0340,5963900
2018-10-15,106.3877,108.9445,106.3497,107.8229,6628800
2018-10-16,108.6784,110.6079,108.2031,110.4368,7619000
2018-10-17,110.3512,111.4158,109.7144,111.3302,7120600
2018-10-18,110.9691,111.3302,109.8570,110.4273,6056300
2018-10-19,111.6059,113.2692,111.4158,113.0126,10431000
2018-10-22,113.1552,113.7635,111.8910,112.4138,8406400
2018-10-23,111.1591,112.6229,109.6954,112.0146,8607400
2018-10-24,111.2637,111.2637,105.7414,106.0836,11630500
2018-10-25,107.0435,109.0110,106.5683,108.5073,7406900
2018-10-26,107.2527,108.4883,106.5493,107.5853,7984700
2018-10-29,108.7829,109.2487,106.4162,107.4427,9234100
2018-10-30,107.7754,109.2012,106.8440,109.0776,7365400
2018-10-31,110.4748,110.7504,109.0015,109.1441,9196700
2018-11-01,109.4958,110.5223,109.2107,110.3512,6779900
2018-11-02,111.0451,111.1592,108.7069,109.4768,6377900
2018-11-05,110.0091,110.4653,109.4198,109.7334,7920800
2018-11-06,110.0091,111.0546,109.7334,110.9310,5036600
2018-11-07,110.7980,111.4823,109.4578,111.2542,8249800
2018-11-08,111.6344,111.9956,109.5053,110.2562,11074800
2018-11-09,112.3473,114.2482,111.3778,112.1572,16878200
2018-11-12,112.1572,112.5944,110.8265,110.9215,9170600
2018-11-13,111.3112,111.9480,110.4273,111.0641,4650600
2018-11-14,111.6249,112.3663,110.6744,111.3207,7109100
2018-11-15,110.7219,111.6154,109.9710,111.3112,7088700
2018-11-16,110.7599,111.5298,110.2467,110.4368,7141900
2018-11-19,110.2562,111.9956,109.1061,109.7049,9714600
2018-11-20,107.8990,108.9160,105.9980,106.3307,11194600
2018-11-21,106.9295,108.3457,106.7394,107.4332,7242500
2018-11-23,106.6824,107.2051,106.2071,106.5303,3242300
2018-11-26,107.5758,107.5758,106.3782,106.9770,7002400
2018-11-27,107.9845,108.4503,106.8440,108.2602,7357500
2018-11-28,108.6594,110.5413,108.4028,110.3512,9039800
2018-11-29,110.0186,111.3397,109.5053,110.8360,10834700
2018-11-30,111.0546,111.2732,109.3627,109.7714,16857800
2018-12-03,110.8740,111.1306,109.2202,110.0091,9273300
2018-12-04,109.8950,110.5318,107.0816,107.2812,10806700
2018-12-06,106.5113,108.6784,105.6559,108.6689,10546200
2018-12-07,109.0616,109.1861,106.9064,107.2608,8305500
2018-12-10,107.2704,107.5578,104.9141,107.1459,7337500
2018-12-11,108.2091,108.9275,106.7340,107.2513,6861800
2018-12-12,108.2378,109.1765,107.4237,107.4811,7723900
2018-12-13,108.1133,108.8126,107.6057,108.6114,6661500
2018-12-14,107.6344,109.1191,107.3279,107.4716,7601900
2018-12-17,107.5578,108.1325,105.3930,105.9582,7731800
2018-12-18,106.1976,106.3988,104.3106,104.8374,6682300
2018-12-19,105.3643,107.4045,104.3585,104.6171,9416900
2018-12-20,104.1670,104.6076,101.6574,102.4907,9387300
2018-12-21,101.9830,104.1669,99.4830,99.8279,15530600
2018-12-24,98.8796,99.5214,96.1210,96.1210,7133000
2018-12-26,96.2551,101.3892,96.1497,101.3700,9422800
2018-12-27,100.0099,102.0597,98.4677,102.0309,8201400
2018-12-28,102.7589,103.9466,101.7148,102.7781,7620500
2018-12-31,104.5118,105.0482,103.0175,105.0290,7241700
2019-01-02,103.5444,104.5405,103.1900,104.3777,9723500
2019-01-03,103.9083,104.0712,101.4754,101.8489,10594700
2019-01-04,103.3911,106.0827,102.7302,104.9907,10122800
2019-01-07,105.2781,106.7053,104.6938,105.9007,6714700
2019-01-08,107.0884,107.8164,106.4850,106.7244,8730700
2019-01-09,107.0884,108.0463,106.8585,107.9217,5931900
2019-01-10,107.2704,108.1516,106.8011,108.0463,6160100
2019-01-11,107.4524,108.1612,107.0214,107.9026,4819100
2019-01-14,106.9447,107.9505,106.7340,107.6823,6980600
2019-01-15,107.5674,108.4103,105.9486,107.0501,9800900
2019-01-16,106.7532,107.2896,106.1401,106.2359,5899900
2019-01-17,106.0539,106.5712,105.5175,106.3317,6392000
2019-01-18,107.1459,107.2129,106.1593,106.3604,8554700
2019-01-22,105.9581,106.6382,105.1248,105.9390,6986700
2019-01-23,106.5041,107.1267,105.3643,106.4371,6845600
2019-01-24,106.3221,106.4275,105.2972,105.8911,6716800
2019-01-25,106.7723,106.8011,105.9965,106.4083,5706900
2019-01-28,106.0922,106.3126,105.3164,106.1401,6178800
2019-01-29,105.9869,106.2551,105.3643,106.2263,5253700
2019-01-30,105.6516,105.9198,104.3681,105.4888,7853800
2019-01-31,105.4601,106.8394,105.3739,106.8202,8351600
2019-02-01,107.2513,107.3279,106.2551,106.6095,6557700
2019-02-04,106.7149,107.2608,106.0156,107.0884,7037000
2019-02-05,107.2992,107.9888,106.7532,107.9122,13619800
2019-02-06,109.0520,109.1191,106.3892,106.7149,14229000
2019-02-07,106.3700,106.4275,105.1823,106.2742,8658100
2019-02-08,105.8049,106.8394,105.4217,106.8106,6395500
2019-02-11,107.0597,107.0980,104.6459,104.8279,11086400
2019-02-12,105.5654,106.1593,104.5501,104.5980,7610200
2019-02-13,104.6363,105.8240,104.6267,105.5558,6919700
2019-02-14,105.2206,106.8011,104.9237,105.9965,6324300
2019-02-15,106.7053,107.8834,106.3509,107.8451,8197300
2019-02-19,108.1516,108.9754,108.0750,108.7264,8169600
2019-02-20,108.8125,109.2819,108.5156,108.8892,7081500
2019-02-21,108.6210,109.7129,108.1133,109.4735,9480100
2019-02-22,109.7991,110.8911,109.1478,110.3930,8734700
2019-02-25,110.7474,110.9198,108.6785,108.8030,9327700
2019-02-26,108.8605,109.2053,108.0942,108.7168,8956000
2019-02-27,108.3336,108.7263,107.7206,108.0271,7249500
2019-02-28,108.1421,108.6497,107.9984,108.0846,6716700
2019-03-01,108.6689,109.6172,108.6689,109.2053,6996900
2019-03-04,109.5980,109.5980,108.3241,109.5118,6015000
2019-03-05,109.4160,109.7129,108.9658,109.1957,5225100
2019-03-06,109.1957,110.2015,109.1957,110.0099,7352800
2019-03-07,110.0099,110.0578,108.6880,109.2053,6324000
2019-03-08,108.6785,109.0424,108.1421,109.0137,6549100
2019-03-11,109.2340,110.1536,109.2244,109.9141,6952700
2019-03-12,109.8854,110.4409,109.2340,109.8949,9920300
2019-03-13,110.0003,110.0099,108.9275,109.2819,17994500
2019-03-14,109.3106,109.9332,109.1286,109.6555,17409600
2019-03-15,109.6746,110.6133,108.8892,110.1152,14932700
2019-03-18,108.2666,109.1957,107.7206,108.3528,21769800
2019-03-19,108.1900,108.9179,105.1727,105.3643,45384400
2019-03-20,105.6612,106.2072,103.4965,105.3547,35588700
2019-03-21,105.4601,105.5080,103.8030,104.0807,27438900
2019-03-22,103.7647,104.4064,102.9792,103.6689,24133800
2019-03-25,103.9179,104.4735,102.7972,103.2474,18187500
2019-03-26,103.8317,105.6900,103.7072,105.4984,16693100
2019-03-27,105.7953,106.4083,105.1057,105.6325,10794800
2019-03-28,105.9390,106.5808,105.5942,106.0444,11748900
2019-03-29,106.8585,106.8968,105.7378,106.3509,16358800
2019-04-01,106.8873,108.1133,106.6861,107.7685,10785100
2019-04-02,108.3815,108.5348,107.2033,107.2417,9231800
2019-04-03,107.9505,108.3432,107.4811,107.7781,10534900
2019-04-04,108.4677,110.0195,108.2666,109.9141,14378400
2019-04-05,110.1248,110.2781,109.4926,110.1536,10907900
2019-04-08,110.1535,110.9486,109.8087,110.1152,11054200
2019-04-09,110.7379,112.2225,110.4218,111.9352,17340300
2019-04-10,112.6248,113.0559,111.3796,112.2225,14091100
2019-04-11,112.7685,112.8930,111.4179,111.6861,12784500
2019-04-12,122.5195,125.3835,121.0348,124.5789,65253500
2019-04-15,125.5272,127.1076,124.3203,126.4754,32773700
2019-04-16,126.1977,126.5617,124.1000,124.4256,14564300
2019-04-17,124.3394,126.7820,123.8318,126.1977,14253700
2019-04-18,126.2168,127.2704,125.5846,126.8681,11890600
2019-04-22,126.3413,126.6287,125.5080,126.1306,10197500
2019-04-23,127.7686,128.5827,127.0597,127.7398,12159300
2019-04-24,127.5003,130.0291,127.1268,129.4065,11449500
2019-04-25,129.6555,133.0272,129.1574,131.4563,16382500
2019-04-26,132.8548,134.1383,131.7149,134.0234,14167600
2019-04-29,136.1977,136.3701,131.8107,133.4295,25746100
2019-04-30,133.2571,133.5157,130.2973,131.1977,15253100
2019-05-01,131.6958,132.3471,130.4984,130.6325,8906700
2019-05-02,129.6747,129.9716,126.8011,128.4869,16580400
2019-05-03,129.5214,129.6076,128.1421,128.6689,8874400
2019-05-06,126.9544,129.6268,126.7245,129.3107,9955600
2019-05-07,129.6459,130.2398,127.1651,127.8164,10972700
2019-05-08,127.8739,129.9812,127.6919,129.3011,15423500
2019-05-09,129.3394,130.7283,127.2417,127.9601,15297100
2019-05-10,127.4046,128.6594,125.6996,128.3911,9858500
2019-05-13,125.9582,127.0693,125.0482,125.8049,11389900
2019-05-14,127.8931,128.9850,126.4850,127.5865,12001700
2019-05-15,126.9639,129.5118,126.4754,129.0042,9734100
2019-05-16,129.5885,130.6517,129.1287,129.7896,9689400
2019-05-17,128.6019,130.2494,128.3816,129.3490,8964200
2019-05-20,128.5923,128.7360,127.6344,128.2666,8009000
2019-05-21,128.8989,128.8989,127.5004,128.4391,7050300
2019-05-22,128.1804,128.5157,127.7685,128.2092,5093700
2019-05-23,127.1172,127.9218,126.3892,127.1364,6743300
2019-05-24,127.4908,127.6727,126.6478,127.1938,4570100
2019-05-28,127.5961,128.3912,127.0023,127.0310,8938400
2019-05-29,126.3988,126.5808,125.2685,126.0252,7749600
2019-05-30,126.3222,127.0884,125.8049,126.6287,5274000
2019-05-31,125.4410,127.3279,125.2685,126.4754,7420700
2019-06-03,126.4563,127.3471,125.9486,126.8873,7901400
2019-06-04,127.8260,129.1958,127.3184,129.1383,8247500
2019-06-05,129.7034,130.2685,129.2532,130.2111,6842800
2019-06-06,130.7571,131.6479,130.0099,131.4276,6027300
2019-06-07,131.8011,132.9122,131.5425,132.2226,7026300
2019-06-10,133.0272,133.0272,130.3356,131.2935,8479500
2019-06-11,131.7916,131.9448,129.2532,129.3873,6352200
2019-06-12,129.3969,130.5368,129.1383,130.0004,5537000
2019-06-13,132.1364,135.8720,131.8107,135.7666,17939500
2019-06-14,136.0636,136.9257,134.6076,135.6804,11125200
2019-06-17,134.8758,135.5176,133.2475,135.0291,8542700
2019-06-18,136.0061,137.4621,133.1134,133.3720,11231400
2019-06-19,133.6306,135.1249,132.7398,134.9812,6877100
2019-06-20,135.9965,136.2360,134.0138,136.0349,8485800
2019-06-21,135.9678,136.0157,134.1000,134.3203,14150000
2019-06-24,134.2149,134.5502,131.9927,133.3528,10497400
2019-06-25,133.1613,134.4927,132.8260,134.0425,14675400
2019-06-26,134.4448,134.8088,133.6306,134.4831,8842100
2019-06-27,135.0578,135.7667,133.0655,133.4295,6466300
2019-06-28,133.5348,134.3011,132.7685,133.7551,20078800
2019-07-01,134.5310,135.9678,133.3528,135.6804,8972400
2019-07-02,135.4410,136.8394,135.3165,136.5233,7554100
2019-07-03,136.6862,136.9736,136.0157,136.9544,4150900
2019-07-05,136.2990,137.7158,135.6051,137.2917,5596000
2019-07-08,137.0315,137.0797,135.8653,135.9135,4993900
2019-07-09,134.9883,136.5881,134.6895,136.4821,7396300
2019-07-10,137.2435,139.0266,136.8677,138.3423,9533700
2019-07-11,138.7952,140.0771,138.3423,138.3615,10471100
2019-07-12,138.9302,140.1638,138.7856,139.6337,8510000
2019-07-15,139.8747,140.0964,138.7567,139.8072,5289200
2019-07-16,139.5084,139.7398,138.6025,139.0747,5854700
2019-07-17,139.3639,139.4410,137.2146,137.4074,5296400
2019-07-18,137.3014,137.3014,135.0943,136.5014,8031700
2019-07-19,137.0893,137.0893,134.6799,134.7859,6109900
2019-07-22,136.1352,136.3183,134.9401,135.7400,7706400
2019-07-23,136.5207,137.3785,135.1907,136.1448,7514500
2019-07-24,136.2797,136.4629,135.3159,136.1737,5896600
2019-07-25,136.2797,138.0435,135.9328,138.0242,7294400
2019-07-26,138.5350,139.9325,137.8700,139.4121,8139400
2019-07-29,140.3180,141.8215,139.9132,141.0891,11674100
2019-07-30,140.4818,141.4842,139.3735,139.6819,6563100
2019-07-31,139.7398,139.7494,137.1857,137.8315,9710700
2019-08-01,138.1495,139.2964,136.1448,136.7135,8911700
2019-08-02,135.8846,137.0701,134.8726,136.5786,6539100
2019-08-05,134.1016,135.1521,132.0680,133.2920,10669700
2019-08-06,135.3256,136.8098,133.3595,136.7327,18818900
2019-08-07,130.0440,130.9500,127.4707,129.9766,29084500
2019-08-08,132.9065,133.0029,131.0849,132.8969,14054800
2019-08-09,132.1354,134.1979,131.8077,133.5040,8811900
2019-08-12,132.3378,132.5884,130.3332,130.8343,7918900
2019-08-13,130.1115,132.9258,130.1115,132.0487,8145400
2019-08-14,130.1693,130.2561,127.8755,128.0394,11797700
2019-08-15,128.6658,129.4176,127.6731,128.5791,7590100
2019-08-16,129.1670,130.5934,128.9839,130.3042,6353800
2019-08-19,131.8367,132.6366,129.4176,130.3910,11741800
2019-08-20,128.5020,131.1138,128.4345,130.2368,8628000
2019-08-21,129.7356,131.1331,129.1959,130.8440,6325000
2019-08-22,131.2680,131.7210,129.8127,131.1524,6967100
2019-08-23,130.6030,131.4994,126.2756,126.9021,10190900
2019-08-26,129.3308,129.7645,127.7502,129.7356,8093800
2019-08-27,130.8536,131.0656,129.3308,129.6200,6013600
2019-08-28,129.2055,131.7789,128.6851,131.6054,5950500
2019-08-29,133.1185,133.6582,132.4439,132.8486,6532700
2019-08-30,133.2824,133.4848,131.8078,132.2897,5622200
2019-09-03,131.4319,131.4801,130.1693,131.3741,5997400
2019-09-04,131.7885,133.1956,131.4512,132.8969,4285400
2019-09-05,133.8896,134.2269,133.3113,133.8125,5143500
2019-09-06,134.0920,134.7473,133.2438,134.4967,4090000
2019-09-09,134.5257,135.0076,133.4655,133.8028,5458700
2019-09-10,133.1185,133.4269,129.7067,130.8729,10974600
2019-09-11,130.6512,131.3066,130.0440,131.2584,7896400
2019-09-12,131.8849,133.6486,131.5957,132.5210,7333900
2019-09-13,132.8583,133.2149,132.1451,133.0221,5209100
2019-09-16,131.3548,132.2704,130.4006,130.8825,6329300
2019-09-17,130.8825,131.7788,130.7572,131.3741,4726500
2019-09-18,131.4705,132.1066,130.8054,131.8463,6857900
2019-09-19,132.0391,132.3860,128.1839,128.4731,12216100
2019-09-20,128.2128,128.4056,126.8443,127.4804,25231600
2019-09-23,127.2105,128.0779,127.1141,127.6635,6096100
2019-09-24,129.1573,129.2923,126.7382,127.1912,11904000
2019-09-25,127.0177,128.5887,126.4684,128.2707,6523000
2019-09-26,128.3188,128.4730,124.3866,126.5166,11615100
2019-09-27,125.3889,126.2563,124.2516,125.2540,8401300
2019-09-30,125.6299,126.1214,125.1191,125.6010,5532500
2019-10-01,126.0636,127.0081,124.8203,124.8589,5978500
2019-10-02,123.8565,124.5408,122.9506,124.4637,8296100
2019-10-03,123.9432,124.7432,122.9216,123.5095,8498700
2019-10-04,124.0300,125.7166,123.9529,125.5528,6732900
2019-10-07,125.5528,126.8057,124.3673,126.1600,5784100
2019-10-08,125.1962,125.3311,123.7216,123.8180,6526000
2019-10-09,124.4251,125.1480,123.4228,124.6468,5004600
2019-10-10,124.5408,125.4275,124.2131,124.6564,4512000
2019-10-11,125.5817,126.2467,125.1383,125.3118,6559000
2019-10-14,125.4179,125.5817,124.7914,125.0034,3710300
2019-10-15,125.3022,126.1503,124.7143,125.0612,5914700
2019-10-16,125.0612,127.0563,125.0034,126.1214,7610800
2019-10-17,127.7309,128.6080,125.7841,127.5767,8005100
2019-10-18,127.5767,128.3381,126.1503,126.1503,8694000
2019-10-21,126.6804,126.9599,125.3118,125.5431,6257100
2019-10-22,128.3285,128.8393,127.3165,127.6057,9291600
2019-10-23,127.6538,127.8755,126.0250,126.3817,5970800
2019-10-24,126.7575,126.9310,124.9359,125.5431,5746300
2019-10-25,125.7744,126.9888,125.3215,126.1600,6696000
2019-10-28,126.6901,127.2972,125.4275,125.8034,8940300
2019-10-29,125.7744,126.0347,124.7528,124.7914,9305100
2019-10-30,124.9938,125.5913,124.4733,124.9070,10880000
2019-10-31,124.8396,125.4371,124.0878,125.2154,9628300
2019-11-01,126.2467,127.9912,125.7841,127.9430,8507600
2019-11-04,129.2634,129.2826,127.6731,128.1068,7631800
2019-11-05,127.9622,127.9622,126.1503,126.6900,7404500
2019-11-06,126.8346,126.8924,125.9286,126.5166,9132500
2019-11-07,127.5575,128.8586,126.9792,128.1454,18047600
2019-11-08,135.1425,135.1714,131.7885,132.9643,24175900
2019-11-11,132.5210,133.5426,131.2777,131.7885,10138400
2019-11-12,133.0318,134.2943,131.7885,133.5619,17284000
2019-11-13,133.5618,144.4912,131.8848,143.3347,45725400
2019-11-14,142.6408,145.1755,140.9830,141.8215,28393600
2019-11-15,141.8119,141.8697,138.9880,139.4313,13733400
2019-11-18,139.5084,143.6431,138.4868,142.3034,15353100
2019-11-19,142.8142,144.0672,141.4842,143.0070,11504300
2019-11-20,142.7275,143.5949,140.7421,141.6095,9448400
2019-11-21,141.8312,142.1300,140.9638,141.5806,6241400
2019-11-22,141.8794,144.0286,141.3685,142.9202,9639400
2019-11-25,143.4118,144.7708,142.3516,144.2696,11316800
2019-11-26,146.2550,147.8549,145.1562,146.1489,24949900
2019-11-27,146.7851,147.0453,145.6767,145.9948,6155400
2019-11-29,145.9947,146.9489,145.5418,146.0911,6284900
2019-12-02,147.4019,147.4308,143.7009,145.1659,10351000
2019-12-03,142.3902,143.7106,141.5517,143.1998,9273800
2019-12-04,143.8937,143.9226,142.8142,142.9106,7684800
2019-12-05,143.3058,143.4407,141.7734,142.1010,7363300
2019-12-06,143.0263,143.2287,141.8504,142.3131,7084900
2019-12-09,142.6022,143.1323,140.1349,140.9156,11515000
2019-12-10,140.0000,141.5324,139.7976,140.8096,7084100
2019-12-11,142.0529,142.5348,141.4457,142.2456,8253700
2019-12-12,142.5636,143.5371,141.9179,142.4094,7748300
2019-12-13,142.9427,143.3014,141.8568,141.9247,9350100
2019-12-16,143.0978,144.1256,142.0895,143.9414,9134400
2019-12-17,143.5923,143.9414,143.1269,143.2336,8776100
2019-12-18,143.2724,143.4469,141.7404,141.8083,9467800
2019-12-19,141.7307,142.3319,140.8969,141.7017,10243900
2019-12-20,142.6712,143.3790,141.3332,142.4094,12629900
2019-12-23,141.4690,141.8762,139.9371,140.2764,9314000
2019-12-24,140.1795,141.0036,140.0534,140.8678,3508500
2019-12-26,140.9745,141.4205,140.7515,141.2654,4422000
2019-12-27,141.6047,142.0507,141.0230,141.3138,5495300
2019-12-30,141.3138,141.4302,139.0354,139.3941,6602800
2019-12-31,139.2971,140.3637,138.8996,140.2279,5662900
2020-01-02,140.8678,143.6893,140.6836,143.6893,9502100
2020-01-03,141.9441,143.3984,141.6047,142.0410,7320200
2020-01-06,141.1102,141.5853,139.9176,141.2169,8262500
2020-01-07,141.5465,142.3997,140.9939,141.2654,6906500
2020-01-08,141.0618,141.6823,140.4122,140.9745,6984200
2020-01-09,142.0119,142.1670,140.2085,140.4218,6664200
2020-01-10,140.8775,141.0714,139.8692,140.2182,5152500
2020-01-13,140.3443,140.3443,138.9966,139.5008,9921300
2020-01-14,139.0451,142.2543,137.9591,140.7806,14839100
2020-01-15,141.2751,141.2751,139.5492,139.9274,6818200
2020-01-16,140.6739,141.0036,140.0437,140.7030,6948400
2020-01-17,141.1102,141.2072,139.6268,139.9371,10355300
2020-01-21,139.8498,140.1891,138.6572,139.1905,9250200
2020-01-22,140.0534,140.3830,139.1711,139.6268,7550000
2020-01-23,139.2293,139.2390,136.3690,137.8719,11082000
2020-01-24,137.0962,137.9204,134.9632,135.8164,13076300
2020-01-27,131.7249,133.5380,130.8911,131.7637,12831800
2020-01-28,132.3454,134.7014,131.7249,134.1585,10390000
2020-01-29,134.3815,134.4590,131.6570,131.9188,9382700
2020-01-30,130.9783,133.6543,130.7262,133.6155,11847300
2020-01-31,134.1875,134.4493,132.8883,134.1003,12379100
2020-02-03,135.5352,137.5035,135.4965,137.0187,12639900
2020-02-04,141.0618,141.1587,138.8899,140.3249,23519700
2020-02-05,142.1379,142.8166,134.3524,137.0671,27824100
2020-02-06,137.6004,139.5686,136.9217,138.3567,9504600
2020-02-07,137.5713,137.6683,135.8552,136.7278,10948900
2020-02-10,136.7375,138.2500,136.1848,138.2500,8162100
2020-02-11,138.5021,138.6378,136.1848,136.7181,10790100
2020-02-12,137.0381,137.8913,136.5824,137.5325,8168200
2020-02-13,136.8732,137.5810,136.5339,136.6115,7543100
2020-02-14,136.8054,136.9799,134.8953,135.2928,9110500
2020-02-18,134.7887,135.4092,133.8967,134.9050,8214900
2020-02-19,135.3801,137.5519,134.9923,136.9993,7080900
2020-02-20,137.3192,137.3192,134.6239,136.0976,5981700
2020-02-21,135.6031,135.6225,134.3621,134.7402,7725800
2020-02-24,128.8549,130.3481,127.2164,128.9616,19336500
2020-02-25,129.6791,129.8633,124.0847,124.2883,21032500
2020-02-26,122.2813,124.4628,118.4128,119.6053,31195900
2020-02-27,116.1634,119.1593,114.3309,114.4472,30827500
2020-02-28,111.0247,114.7090,109.7643,114.0691,35389900
2020-03-02,115.5041,116.3282,112.4984,116.3282,21775900
2020-03-03,117.4626,118.0734,111.6452,112.9056,19529700
2020-03-04,115.3392,115.6107,111.9652,115.5525,13842100
2020-03-05,113.3032,113.4001,108.6977,110.5108,22397200
2020-03-06,107.3888,112.3433,106.9622,111.7615,22899600
2020-03-09,105.3818,107.0689,101.1061,101.1739,26233600
2020-03-10,104.8098,108.1839,99.3124,108.0675,24083700
2020-03-11,105.1200,105.5854,99.7293,102.2986,24771300
2020-03-12,94.6488,96.9563,88.8508,89.0156,40392900
2020-03-13,97.7126,99.7390,89.4422,99.3996,40960100
2020-03-16,89.0059,95.2887,87.2607,92.1182,35379500
2020-03-17,92.8842,94.4936,88.3757,90.6832,27526200
2020-03-18,84.9240,86.6208,76.6634,86.0972,43592500
2020-03-19,85.3216,94.4355,82.5195,92.0406,30866800
2020-03-20,93.0684,94.0379,83.2273,83.3631,31957800
2020-03-23,81.9184,84.6235,78.6219,83.1497,32246600
2020-03-24,89.5198,96.1516,89.0059,95.1336,32538100
2020-03-25,97.5962,102.6961,92.6030,97.6641,28533000
2020-03-26,97.7611,104.4510,97.7320,102.1532,24520300
2020-03-27,97.3926,98.4010,92.6321,93.4659,30591500
2020-03-30,93.0781,97.4023,89.2968,96.7624,23119200
2020-03-31,97.1696,100.0201,93.2332,93.6598,21563200
2020-04-01,90.6541,94.4354,89.7428,92.0309,18303900
2020-04-02,91.3328,94.2997,91.3328,94.0185,13936500
2020-04-03,93.3786,93.9701,89.8882,91.0226,14814600
2020-04-06,94.2997,97.1405,91.6431,96.5491,20407400
2020-04-07,101.6684,102.6670,97.1987,98.1586,22899600
2020-04-08,97.4702,99.2348,95.6474,97.9937,22562500
2020-04-09,104.6353,104.7031,100.3789,101.3194,31453600
2020-04-13,101.5230,101.6781,96.5782,100.3498,17306000
2020-04-14,102.2889,104.3638,100.7376,102.8028,19866900
2020-04-15,101.2127,101.6878,99.5741,100.2237,14157600
2020-04-16,100.3789,100.5631,97.8192,98.9148,18029300
2020-04-17,102.9773,103.5397,101.1739,103.3845,17926900
2020-04-20,100.4274,101.6684,98.8954,99.1475,17021000
2020-04-21,96.9660,98.4204,96.1128,97.4799,16101400
2020-04-22,98.7015,99.5063,97.8192,97.9162,11463800
2020-04-23,97.5865,99.4093,96.4328,97.9259,17132200
2020-04-24,98.6821,98.8179,96.4909,98.1101,13614100
2020-04-27,98.8954,103.2779,98.5173,102.8319,15518300
2020-04-28,105.4788,106.7101,102.7543,102.9773,16503700
2020-04-29,106.5938,109.2698,105.2558,108.8335,20139800
2020-04-30,106.1090,106.9525,103.6075,104.8583,18638700
2020-05-01,103.1227,103.6560,101.2903,102.2889,13209100
2020-05-04,98.9051,100.6697,97.4896,100.0395,19514800
2020-05-05,98.4204,101.9787,97.8289,97.9841,30169800
2020-05-06,98.3913,102.0659,95.8510,97.8095,51992400
2020-05-07,98.7500,102.3956,98.7306,102.3568,20868800
2020-05-08,105.7309,105.8569,103.3845,105.8375,24079700
2020-05-11,105.1006,105.4982,103.1712,104.4898,20555900
2020-05-12,105.7405,106.1090,101.3096,101.3775,17049700
2020-05-13,101.3193,101.3581,98.5076,99.7874,21085800
2020-05-14,98.8761,102.6961,96.6267,102.6864,22002200
2020-05-15,101.7847,106.0508,101.0963,105.7309,29766000
2020-05-18,110.9859,116.1343,110.9859,113.2934,40044600
2020-05-19,111.5967,112.9250,109.9678,110.8889,20332600
2020-05-20,112.8765,117.1911,112.5081,116.2700,25749900
2020-05-21,115.7077,116.6385,112.9541,114.2436,17578300
2020-05-22,113.9237,114.9611,113.2741,114.4278,9288200
2020-05-26,117.3656,118.7812,116.7645,117.2687,16466400
2020-05-27,119.9156,120.0125,116.0664,117.8310,19345400
2020-05-28,117.8989,118.2673,112.4693,113.1965,18606000
2020-05-29,112.6535,114.1661,110.6465,113.7298,17745100
2020-06-01,113.6910,116.0082,113.3710,115.1550,10538300
2020-06-02,115.3780,116.2022,114.2436,115.1356,10753100
2020-06-03,116.3379,118.7230,115.6883,118.4612,12584300
2020-06-04,118.2382,120.7106,118.1413,119.9253,14195100
2020-06-05,122.4655,123.9296,120.4973,121.0209,16581600
2020-06-08,121.2924,123.5611,120.1677,123.4060,13858100
2020-06-09,121.8062,121.9614,119.7507,120.1192,10882800
2020-06-10,120.2452,120.3228,117.2493,118.4612,11497100
2020-06-11,114.0206,114.4085,108.8335,109.2116,26078800
2020-06-12,111.6646,113.4389,109.4540,111.9749,18361900
2020-06-15,108.6686,114.5248,108.3099,113.5165,14156400
2020-06-16,117.5498,117.8019,112.5178,114.8351,12951200
2020-06-17,115.0290,115.6010,113.5746,114.0691,8921600
2020-06-18,113.3225,114.9223,112.4015,114.7672,9577300
2020-06-19,116.3282,116.4639,110.8695,110.8695,23496300
2020-06-22,110.7144,112.6535,109.6673,112.3918,12868000
2020-06-23,113.4001,113.8752,112.4402,113.0414,10187600
2020-06-24,112.3239,112.4693,106.6810,108.6590,22252500
2020-06-25,105.6727,108.1160,105.1976,107.9706,17240400
2020-06-26,107.5730,107.8154,104.7322,105.7793,15270900
2020-06-29,105.6824,108.1742,104.8098,108.1257,12584300
2020-06-30,108.1063,108.6396,106.5841,108.1160,10565900
2020-07-01,109.3861,112.0815,108.8722,109.5703,11930900
2020-07-02,111.4998,111.5967,108.5911,108.7656,10312000
2020-07-06,110.3654,111.0441,109.4637,110.9471,11933400
2020-07-07,110.1715,111.5773,109.1825,110.1715,10836500
2020-07-08,110.0260,113.5649,109.3764,113.1092,13629500
2020-07-09,112.9638,114.2630,111.8682,113.2547,13582900
2020-07-10,113.2741,115.8046,112.6729,115.7077,14207900
2020-07-13,116.2894,116.4736,112.3627,112.6826,15620200
2020-07-14,111.7228,115.4556,111.0538,115.0484,12425100
2020-07-15,117.9280,118.3740,116.0567,117.2202,15314200
2020-07-16,114.1370,116.3379,114.0206,115.7949,10210100
2020-07-17,115.2811,115.9210,113.4971,115.0387,9843500
2020-07-20,114.4569,114.8835,113.2644,114.2048,8947900
2020-07-21,114.4569,116.7257,114.0788,115.0096,8946300
2020-07-22,114.5927,115.6689,114.3406,115.4071,7063300
2020-07-23,115.2423,115.7174,113.4486,114.5248,7255800
2020-07-24,112.1785,114.6121,112.0136,114.0303,8233300
2020-07-27,113.6328,113.8461,112.1591,112.7699,9413000
2020-07-28,111.9458,113.2838,111.1895,112.6439,6821100
2020-07-29,112.6826,113.1577,111.6064,112.0912,9496500
2020-07-30,111.4125,112.7505,109.9194,112.1397,9713500
2020-07-31,111.7131,113.4874,110.6465,113.3807,9601000
2020-08-03,112.6341,113.5552,111.8391,112.8087,10229200
2020-08-04,112.4305,114.7478,112.2366,113.7201,17293900
2020-08-05,119.6150,126.3438,119.5277,123.7260,53000200
2020-08-06,123.0957,127.6236,121.7868,126.8383,27238000
2020-08-07,126.2565,127.9242,124.7440,125.9753,16088600
2020-08-10,125.8008,127.3230,124.5792,124.8700,8529200
2020-08-11,126.5571,128.7192,126.0432,126.5183,13885700
2020-08-12,126.6928,128.9519,126.5183,127.7787,12204200
2020-08-13,126.6637,128.3217,126.4795,126.9740,6468600
2020-08-14,126.0529,127.0903,125.7911,126.5571,6507600
2020-08-17,126.1402,126.1789,124.6276,125.4324,7492200
2020-08-18,125.5003,125.6457,124.4531,124.9961,6714600
2020-08-19,125.3160,126.2565,123.5514,123.8811,7624200
2020-08-20,122.9406,124.5404,122.6788,124.2204,4918100
2020-08-21,123.8326,124.4046,123.3575,123.5611,6064700
2020-08-24,124.2495,126.8965,124.0362,126.7122,7613600
2020-08-25,126.8480,127.1000,125.3742,125.8396,5494400
2020-08-26,126.0432,128.5641,125.5778,128.1569,8447800
2020-08-27,128.9519,132.2096,128.7774,129.6597,13667600
2020-08-28,130.4062,132.6362,129.5142,131.4146,11020100
2020-08-31,131.1334,131.4146,127.2552,127.8563,11617500
2020-09-01,127.9048,129.5433,126.9061,129.4852,7351200
2020-09-02,129.5627,131.7830,129.2040,131.2691,8187800
2020-09-03,131.1237,133.0629,128.0017,129.1846,12079200
2020-09-04,129.6791,130.7747,125.4809,127.9726,11248300
2020-09-08,127.9727,132.9659,126.8770,130.1154,17257300
2020-09-09,130.1929,131.4243,128.2344,129.3009,8891800
2020-09-10,129.5143,132.5878,128.6998,129.1652,9853400
2020-09-11,129.6694,129.6694,127.1000,127.7399,7165300
2020-09-14,128.4962,128.8840,126.9158,127.2552,8391900
2020-09-15,127.4588,128.5059,127.0225,127.2455,7289100
2020-09-16,128.1472,129.5530,127.4006,128.0696,6601000
2020-09-17,126.5765,127.7593,124.6858,126.2565,6723500
2020-09-18,125.5584,126.8092,124.2204,124.7149,9916300
2020-09-21,122.1456,123.0279,119.8283,121.5929,10352700
2020-09-22,121.4475,123.5902,120.9045,123.3381,6978800
2020-09-23,123.2024,123.4254,119.1593,119.5278,8323600
2020-09-24,118.2188,120.0319,117.1038,118.7618,8480000
2020-09-25,117.6662,120.4100,117.2978,120.2258,6851800
2020-09-28,121.9226,122.9988,121.5541,122.1553,6283700
2020-09-29,122.0874,122.4461,119.9156,121.5832,7405800
2020-09-30,119.4890,121.7287,119.4890,120.3034,13642500
2020-10-01,121.1372,121.6511,118.6939,119.5568,8908300
2020-10-02,118.2770,119.9156,117.9862,118.8200,6490200
2020-10-05,119.5084,119.8380,118.6067,119.6150,5919200
2020-10-06,119.3823,120.4101,116.9390,117.2493,9052000
2020-10-07,118.2382,119.5568,117.2493,119.1690,10187800
2020-10-08,119.8186,119.9834,118.6939,119.3435,7404600
2020-10-09,120.0804,121.7287,119.5762,121.1760,11502200
2020-10-12,121.0984,122.1068,119.9641,121.1663,10958200
2020-10-13,125.8493,127.3618,124.0071,125.0349,22389000
2020-10-14,125.2094,125.5584,121.4766,122.7370,11531500
2020-10-15,121.1954,123.5224,120.6428,123.4836,7744000
2020-10-16,123.9199,124.2204,122.4849,122.9503,6291700
2020-10-19,123.4933,123.5224,119.9447,120.4488,6576900
2020-10-20,120.7882,121.9032,119.8768,121.1469,6161200
2020-10-21,120.5749,123.6775,120.0707,122.7758,6591500
2020-10-22,122.8146,124.2011,122.1359,123.6775,5177700
2020-10-23,124.2011,124.5889,122.5043,124.4435,5439900
2020-10-26,123.2412,123.2412,119.2078,120.2840,8578900
2020-10-27,120.2549,120.8173,119.2854,119.5568,6813800
2020-10-28,117.3268,117.8310,114.7187,114.8642,11654700
2020-10-29,114.5636,118.8975,113.6619,117.8407,9583700
2020-10-30,116.9681,118.0443,115.4653,117.5595,8090200
2020-11-02,118.5194,119.1884,116.1634,116.4736,9186000
2020-11-03,117.9086,121.2633,117.6759,120.2452,8144900
2020-11-04,119.8186,122.9988,119.6538,121.2633,7483000
2020-11-05,122.9212,124.7052,121.9711,123.0957,7654800
2020-11-06,122.4171,124.1429,120.8173,123.5805,6259700
2020-11-09,135.9909,143.1851,133.8676,138.2500,35634700
2020-11-10,135.7098,138.0367,133.4798,137.7846,18115400
2020-11-11,137.1641,137.6780,132.4617,133.6252,9600900
2020-11-12,132.1903,134.2748,130.0184,131.3952,13768200
2020-11-13,136.6114,136.8926,132.3648,134.1488,21062300
2020-11-16,137.2611,140.3346,137.2611,140.2667,16382500
2020-11-17,140.0049,140.4218,138.2209,140.1019,9354900
2020-11-18,140.1019,141.0520,138.9869,139.5201,9456200
2020-11-19,138.2306,138.9384,137.3871,137.4065,8892500
2020-11-20,137.3968,138.2694,136.5727,136.7763,8481600
2020-11-23,138.1143,143.2530,137.3871,141.5368,12887000
2020-11-24,143.6505,147.2379,143.3499,146.8791,16711700
2020-11-25,145.6963,145.6963,142.7585,144.5522,9552000
2020-11-27,144.4649,145.7738,142.0701,142.6518,5306400
2020-11-30,142.5840,144.1643,141.8374,143.5050,9710100
2020-12-01,145.0176,146.7918,144.4649,144.8915,8825500
2020-12-02,144.9400,149.3224,143.8250,148.9346,10601900
2020-12-03,148.7795,149.7393,147.4996,148.5759,9063200
2020-12-04,149.0122,149.9720,148.1589,149.4485,6033300
2020-12-07,148.5177,149.1964,147.6257,149.0025,6815500
2020-12-08,147.7808,150.1660,147.6160,149.0413,7900600
2020-12-09,151.5330,152.6674,149.2061,149.7296,10804300
2020-12-10,148.6534,150.6119,147.8584,149.9817,8993200
2020-12-11,164.5155,173.9881,160.2979,170.3716,87410700
2020-12-14,168.5101,171.9036,163.6720,164.1470,30939400
2020-12-15,165.3008,169.1597,162.7121,168.6458,18802600
2020-12-16,168.6943,169.5281,166.3964,167.8508,11105800
2020-12-17,168.5295,169.5184,166.7261,168.2677,9004600
2020-12-18,168.3162,170.4880,167.0363,167.6278,21172100
2020-12-21,164.9130,166.7067,163.0708,165.4947,11424200
2020-12-22,164.8258,166.2316,164.0113,165.2621,6419200
2020-12-23,167.6957,170.5946,167.0557,168.2677,9994000
2020-12-24,168.6943,169.2663,167.1333,168.4422,2721000
2020-12-28,170.4007,174.4438,169.7220,173.4161,13145400
2020-12-29,174.5311,174.7153,170.8564,171.9035,6875400
2020-12-30,173.0670,177.8179,172.9410,175.6558,11680400
2020-12-31,175.7042,177.8179,174.7832,175.6655,7073500
2021-01-04,176.7126,177.0325,169.4118,172.2720,13426600
2021-01-05,170.8370,174.8510,170.8370,173.0089,7771800
2021-01-06,172.8925,176.0824,171.8842,173.6682,7517800
2021-01-07,174.0366,174.4729,172.1750,173.1446,7300800
2021-01-08,173.3676,174.5408,171.2249,173.2513,7894500
2021-01-11,172.3399,175.7430,171.9521,173.6391,6461300
2021-01-12,171.9036,172.8925,169.5378,170.6334,8349800
2021-01-13,169.0918,172.3204,168.4519,170.7594,6839500
2021-01-14,171.6224,172.9216,168.1223,168.1513,8951200
2021-01-15,167.6859,168.8882,164.9905,166.2219,12232500
2021-01-19,166.8618,168.4228,166.2219,167.0170,7834700
2021-01-20,169.8869,172.4659,167.7344,168.3549,9809200
2021-01-21,167.9671,169.6735,165.8147,166.0668,8416400
2021-01-22,168.7040,169.9160,166.6582,167.5211,9517200
2021-01-25,166.6582,167.8411,163.6332,166.6582,7833700
2021-01-26,167.7344,168.0738,163.9047,164.3991,7523200
2021-01-27,159.9876,161.2771,155.6343,158.0679,18239200
2021-01-28,161.1123,167.6181,160.8990,166.6485,14449100
2021-01-29,163.6623,164.6415,160.7439,163.0515,12848800
2021-02-01,165.6402,166.5031,162.9157,165.7662,8140400
2021-02-02,168.4810,174.2887,167.5405,171.5739,12215200
2021-02-03,171.6127,172.9992,170.4104,171.0600,5508600
2021-02-04,172.1847,175.8594,171.1182,174.7444,9035400
2021-02-05,176.1793,176.7708,173.8718,175.6461,6640500
2021-02-08,178.2542,184.8375,177.7209,184.2170,16085700
2021-02-09,182.4427,183.4898,180.3775,182.4815,11270800
2021-02-10,184.1976,184.8957,180.1545,183.8583,11464600
2021-02-11,183.4219,185.4290,182.3457,185.0993,17507900
2021-02-12,187.1257,187.9498,180.8817,181.9579,27233800
2021-02-16,181.5992,182.7045,179.2334,180.6781,11630700
2021-02-17,179.7182,181.9191,176.6156,180.7654,11391800
2021-02-18,179.1656,180.7266,177.2749,177.4301,12380900
2021-02-19,178.6614,179.1559,177.2264,178.0603,8834500
2021-02-22,176.2084,188.1146,176.0048,185.9234,18799600
2021-02-23,187.6977,192.8849,182.9178,191.0912,23191400
2021-02-24,191.5663,194.4944,189.3848,191.4984,16205900
2021-02-25,191.7117,191.9347,184.5854,185.1672,12712000
2021-02-26,184.2849,185.7780,179.8055,183.2862,15844000
2021-03-01,187.3487,190.9070,185.5647,189.0454,10709900
2021-03-02,190.1313,191.9347,187.6008,188.0371,8371400
2021-03-03,188.7061,190.8197,186.3598,186.4082,8750300
2021-03-04,184.1200,186.6215,178.5160,182.3070,12542600
2021-03-05,183.3928,184.7696,177.7597,184.2073,10266400
2021-03-08,191.3045,196.8407,187.8916,195.7645,25093200
2021-03-09,194.0968,195.5609,188.4540,188.5897,23331000
2021-03-10,191.3045,192.7492,188.7545,189.1230,13662100
2021-03-11,191.3724,192.9916,189.4526,190.7616,11933900
2021-03-12,190.5482,192.3710,189.2393,191.1591,13249100
2021-03-15,192.4971,192.4971,188.8806,190.7713,10311400
2021-03-16,190.1313,190.6064,187.0094,188.3280,9680700
2021-03-17,187.5523,190.2186,185.9428,189.2975,14418700
2021-03-18,189.0163,189.1424,185.9041,186.4276,9644500
2021-03-19,185.1090,188.0952,183.9843,185.3223,28354600
2021-03-22,187.3778,190.3543,186.1561,186.9899,8838500
2021-03-23,185.7586,186.4858,182.2488,182.9856,10701200
2021-03-24,184.2752,184.7018,179.0201,179.0977,13549100
2021-03-25,176.3151,181.9967,175.5006,181.2210,9609200
2021-03-26,183.0826,183.2280,177.0132,180.2612,10196100
2021-03-29,179.6019,180.2806,177.5755,179.2238,7544700
2021-03-30,178.2348,180.6490,177.9730,179.8831,5929700
2021-03-31,180.1739,181.2114,178.8068,178.9038,8478000
2021-04-01,180.7557,183.3444,179.9412,183.2184,7749400
2021-04-05,185.6423,185.8362,182.3651,182.7627,7405300
2021-04-06,182.7627,185.4581,182.1518,183.9552,7926200
2021-04-07,184.0231,184.5370,181.2598,181.8513,6238700
2021-04-08,181.5022,182.3264,179.9800,181.6186,7763000
2021-04-09,182.4427,182.4912,180.4842,182.1712,6089300
2021-04-12,182.0355,182.1325,179.8346,180.8139,6662500
2021-04-13,179.9412,180.7654,178.9814,179.8443,6826500
2021-04-14,180.3097,184.6048,180.0576,181.7543,9089900
2021-04-15,182.3651,183.1505,180.0479,180.2709,7262500
2021-04-16,181.8610,183.7032,180.5327,181.5604,9453500
2021-04-19,181.8028,184.5370,179.9994,181.7252,7625800
2021-04-20,181.5895,182.3554,176.2860,177.2264,10765800
2021-04-21,175.7721,177.7985,173.4161,177.5367,8400200
2021-04-22,178.6129,179.2528,175.7430,177.1974,7378300
2021-04-23,176.7999,178.3027,176.4217,177.4495,6075500
2021-04-26,178.3609,179.9509,177.6822,178.6614,6178300
2021-04-27,179.3595,180.1545,178.5451,179.0202,4870000
2021-04-28,179.1656,179.1656,177.2556,177.8082,5199300
2021-04-29,179.1753,179.9024,177.1877,179.6891,5958300
2021-04-30,178.6808,180.6490,177.9536,180.3582,7866300
2021-05-03,181.9773,183.4607,179.6116,179.8637,7542800
2021-05-04,179.2431,179.9800,176.7610,178.6420,7069300
2021-05-05,179.3789,179.3789,175.8400,175.9854,5901700
2021-05-06,177.2168,177.4204,174.3372,176.2569,6944900
2021-05-07,176.4605,179.4855,175.9854,179.2141,6888400
2021-05-10,180.0479,181.2792,178.4287,178.6905,8260300
2021-05-11,176.2666,176.7029,172.9991,176.1405,10865600
2021-05-12,175.2001,176.9065,172.1750,172.4368,8988100
2021-05-13,172.9410,175.2485,170.4492,172.9119,12332200
2021-05-14,167.6665,169.5863,163.6429,168.4131,33149400
2021-05-17,167.4436,167.7247,163.4393,164.9033,17771600
2021-05-18,165.0778,166.0474,164.2925,164.5155,10401000
2021-05-19,162.6054,164.2440,162.0140,164.1180,9251000
2021-05-20,164.0598,166.6679,163.8368,166.1443,7400700
2021-05-21,166.9782,167.8508,166.2995,167.1527,8105700
2021-05-24,167.2011,169.7802,166.5225,169.0045,7346700
2021-05-25,170.2553,172.0490,170.0614,170.8079,8089700
2021-05-26,171.2442,172.4853,170.8370,171.0988,8086200
2021-05-27,171.8066,174.1238,171.4091,173.5906,13567800
2021-05-28,174.0463,174.6571,172.6598,173.2124,7124800
2021-06-01,174.6959,175.5006,173.2997,173.3967,7475600
2021-06-02,173.5906,173.6488,171.5448,171.6127,7851700
2021-06-03,170.9049,171.5836,170.0808,170.8758,5583900
2021-06-04,170.5752,172.1168,170.2650,171.7872,6343400
2021-06-07,172.5532,172.6501,171.0309,171.6030,5178100
2021-06-08,170.6140,171.7290,169.8578,170.9631,5356200
2021-06-09,170.9437,171.9326,170.5268,170.6819,5082400
2021-06-10,171.0697,172.2041,170.2068,171.1958,5253000
2021-06-11,172.0490,173.0573,171.4285,171.9811,5476300
2021-06-14,172.2429,173.4258,171.5157,172.7568,10170000
2021-06-15,172.7568,173.2609,170.2747,170.5074,7895000
2021-06-16,170.6528,170.8952,168.2677,169.3439,8336000
2021-06-17,169.2760,170.8952,168.5489,169.3342,8906000
2021-06-18,167.8702,168.5683,166.8812,167.1721,12357500
2021-06-21,166.8909,168.9561,166.0959,168.6749,9196900
2021-06-22,169.0627,169.3827,167.1042,168.2192,8097100
2021-06-23,168.3356,170.1099,167.6763,169.9935,9174200
2021-06-24,170.7692,172.8150,170.4298,172.5144,7549400
2021-06-25,173.3870,173.6391,172.0878,172.9216,7431800
2021-06-28,173.0670,173.2222,169.6639,171.1958,9881400
2021-06-29,171.2636,171.6321,168.5101,168.6361,13498300
2021-06-30,168.5973,170.6237,168.0641,170.4201,7481900
2021-07-01,170.0129,172.1944,169.2857,171.8648,5887100
2021-07-02,172.4465,172.9313,169.3051,171.7193,11099300
2021-07-06,171.3800,171.6127,166.9782,168.4034,11557900
2021-07-07,167.5987,169.0143,166.7552,167.5599,6757300
2021-07-08,165.0002,168.4616,164.6415,167.5405,6960100
2021-07-09,169.3827,172.1168,168.6361,171.6514,7873300
2021-07-12,172.3011,179.3595,171.9714,178.7681,21835500
2021-07-13,178.4869,180.0188,176.3054,178.0603,12534600
2021-07-14,179.5631,180.6199,176.5381,177.8373,8787300
2021-07-15,177.8664,179.7764,177.4785,178.5451,7867000
2021-07-16,179.3110,179.6504,173.4742,173.8524,8348800
2021-07-19,170.3620,171.1085,166.9200,167.6860,14651800
2021-07-20,168.4131,172.1072,167.6084,171.3703,8372400
2021-07-21,171.1279,172.4853,169.9838,171.5060,6302200
2021-07-22,171.3218,171.3412,168.6070,169.7996,5713700
2021-07-23,170.3135,171.1279,168.7331,170.7789,5126300
2021-07-26,170.2747,173.3385,170.0032,173.2997,5641000
2021-07-27,172.8246,174.0948,171.1958,174.0366,6684100
2021-07-28,174.2208,174.8607,172.1459,173.6488,5926900
2021-07-29,174.3372,175.8982,172.8440,172.9216,6209100
2021-07-30,172.1266,173.7457,169.8093,170.6625,6813400
2021-08-02,171.8260,173.3773,169.9741,170.2068,5847200
2021-08-03,170.6625,170.7692,165.7177,167.7247,9931300
2021-08-04,167.2497,167.9768,166.1250,167.3272,5665800
2021-08-05,167.2399,171.7290,167.2399,171.3315,8864200
2021-08-06,172.0296,173.3676,171.2539,171.7387,5505200
2021-08-09,171.6127,171.9132,169.7317,171.3412,5339000
2021-08-10,170.8855,172.0005,170.2359,171.6806,5185000
2021-08-11,171.9617,173.0574,171.1376,172.6695,5359900
2021-08-12,172.6695,174.2499,171.0794,173.8330,11081300
2021-08-13,180.6199,181.8707,175.3746,175.5685,32504600
2021-08-16,175.0159,175.0934,171.1376,173.6391,8746700
2021-08-17,171.7581,173.0186,169.5960,170.4783,8534500
2021-08-18,170.5462,171.4091,169.1888,169.4215,7063500
2021-08-19,168.7040,169.3633,167.3078,167.9768,8478600
2021-08-20,167.7344,169.8772,167.3951,169.7899,6239600
2021-08-23,171.6902,172.8828,170.5559,172.2526,7395900
2021-08-24,172.5047,174.5989,172.3496,173.0379,5886900
2021-08-25,172.7374,173.1543,171.4963,172.8828,4842100
2021-08-26,172.9119,173.4936,170.9728,171.1861,4563000
2021-08-27,170.9146,175.0449,170.9146,174.6571,8697000
2021-08-30,175.0062,175.8691,173.4258,174.5020,6421300
2021-08-31,173.7942,177.4107,173.0961,175.7818,8620000
2021-09-01,176.4217,178.6032,176.2472,177.8954,7302800
2021-09-02,178.5548,179.6601,176.0242,176.3248,6492600
2021-09-03,176.2860,176.2860,173.6778,175.4909,6847400
2021-09-07,175.5103,179.9024,174.5698,178.7293,10702900
2021-09-08,178.7293,181.7543,178.3221,179.5146,8634000
2021-09-09,179.5146,181.8707,178.9523,180.2515,7190700
2021-09-10,180.6878,181.4053,178.4093,178.5160,5572200
2021-09-13,179.4855,180.1448,177.9148,179.3498,6818200
2021-09-14,179.3304,179.4952,176.6059,176.8483,6185900
2021-09-15,176.5187,179.0395,175.5879,178.7971,5933400
2021-09-16,178.3705,179.0202,176.5769,177.7597,5678200
2021-09-17,177.3428,180.2418,177.1683,177.8858,10035100
2021-09-20,174.2693,175.3746,171.1764,173.1737,8056600
2021-09-21,174.8317,176.6835,163.8853,165.9601,23216000
2021-09-22,167.6763,170.0032,166.4352,168.3646,14214500
2021-09-23,169.6154,171.7969,169.0627,170.8855,8052900
2021-09-24,169.9644,171.3218,169.7511,170.6431,5712800
2021-09-27,171.2539,173.9881,170.6043,172.8343,7755000
2021-09-28,172.3399,172.5823,168.5683,169.2082,9133100
2021-09-29,168.9464,169.6348,167.3369,167.4242,6240800
2021-09-30,167.8314,168.3937,163.9531,164.0210,13978000
2021-10-01,167.0363,171.9229,166.7358,170.6528,12165000
2021-10-04,170.2165,170.6043,167.4144,168.1804,7200600
2021-10-05,168.5392,170.8758,168.3259,169.2954,6798200
2021-10-06,167.7344,170.3620,166.3286,170.1389,6005200
2021-10-07,172.2914,174.1626,171.9326,172.3011,7780000
2021-10-08,172.5144,173.1640,171.0309,171.3606,4132200
2021-10-11,170.6625,171.1473,168.1998,168.2386,8046300
2021-10-12,168.3356,169.1791,167.2981,167.8605,5188400
2021-10-13,168.3453,168.4131,165.7371,167.6957,8914700
2021-10-14,168.7719,170.6625,168.7040,169.1015,7450200
2021-10-15,170.3426,173.4452,168.8010,171.0891,13943900
2021-10-18,167.1139,168.0641,164.6318,165.9311,20494800
2021-10-19,166.2219,166.3577,165.0003,165.9698,9669500
2021-10-20,165.7662,165.8147,164.7094,165.3590,9737600
2021-10-21,165.0197,167.2497,164.9227,166.1250,7509000
2021-10-22,165.3784,165.6014,163.4683,164.2634,7854300
2021-10-25,164.7288,167.3175,163.8853,166.7746,9798700
2021-10-26,167.6860,167.8508,165.5141,166.8036,5850200
2021-10-27,166.5419,166.8037,164.2731,164.3895,7054700
2021-10-28,164.3216,165.1651,163.4684,164.5155,7884500
2021-10-29,163.8756,165.2717,163.0320,163.9241,7598800
2021-11-01,164.0598,166.0377,163.9434,165.0099,8182900
2021-11-02,164.8548,165.6499,163.8368,164.6609,6777200
2021-11-03,164.5349,165.0100,163.2453,164.9033,6829300
2021-11-04,164.8548,165.2330,163.5362,165.0972,7505500
2021-11-05,168.2192,171.6030,167.0848,170.2844,16859200
2021-11-08,173.2512,173.7942,170.7401,171.4866,10584600
2021-11-09,171.5642,171.7290,167.9380,169.7802,7293300
2021-11-10,169.3730,171.4867,168.5780,169.1403,11045800
2021-11-11,157.9321,158.9696,153.5109,157.1759,62366500
2021-11-12,158.5430,158.6302,154.0927,154.7714,25638400
2021-11-15,155.2174,155.8282,152.8613,153.6079,21285300
2021-11-16,154.2187,155.3628,153.7243,153.9957,15516200
2021-11-17,153.8988,154.0539,151.9790,152.5414,14695500
2021-11-18,152.3087,152.5123,149.0316,150.8447,14487700
2021-11-19,150.3017,150.4859,148.1202,149.3127,16776500
2021-11-22,148.5661,151.0773,147.9262,149.4678,12790400
2021-11-23,149.1576,149.5551,145.6187,146.4332,17382900
2021-11-24,146.1035,146.8016,144.2710,146.7337,14123700
2021-11-26,142.3319,144.3195,141.4108,143.6020,12027700
2021-11-29,144.2807,144.7558,139.8595,143.3111,21231300
2021-11-30,142.2543,142.7973,138.7542,140.4897,26011100
2021-12-01,142.2349,143.8541,137.7168,137.8234,16469000
2021-12-02,138.4924,143.1560,138.4246,142.7197,18177700
2021-12-03,143.3111,143.8056,139.9274,141.7695,14975600
2021-12-06,142.7973,146.1519,142.2058,145.7932,14333900
2021-12-07,147.2185,148.1105,145.1630,146.2198,14661100
2021-12-08,146.3168,148.9831,145.9774,148.6728,12886300
2021-12-09,147.6354,149.5939,147.0827,148.2850,11862300
2021-12-10,148.9055,149.9527,146.8404,148.0620,10247900
2021-12-13,147.4900,147.8584,144.7461,145.8514,10195800
2021-12-14,144.7170,147.0052,143.9995,144.5619,10872000
2021-12-15,144.2322,146.3265,142.8651,145.8223,12231500
2021-12-16,146.7434,147.4318,144.0577,144.2225,11145600
2021-12-17,143.9898,145.2794,142.1089,144.2322,13785000
2021-12-20,142.5064,143.2336,140.6642,142.0119,11201900
2021-12-21,143.0687,146.8209,142.9039,146.4525,10781400
2021-12-22,145.8417,147.5675,145.3084,147.2573,7820400
2021-12-23,147.6839,149.4970,147.3057,148.9540,6572400
2021-12-27,148.2268,149.3321,146.7919,148.1493,7762000
2021-12-28,147.9748,151.7367,147.7712,150.4762,12198700
2021-12-29,149.8557,151.1743,149.4872,150.1562,8737000
2021-12-30,150.9707,152.2893,150.7768,151.1840,7228400
2021-12-31,151.1258,151.8045,150.0302,150.1756,6410200
2022-01-03,151.0870,152.7644,150.6313,151.9887,10222800
2022-01-04,153.7630,155.4404,150.8156,150.9901,16582000
2022-01-05,151.7560,154.5290,150.3793,150.4665,12272100
2022-01-06,151.4846,152.9680,149.0025,152.1245,11095300
2022-01-07,152.1245,154.4514,151.5330,153.0262,9554600
2022-01-10,153.1716,153.4528,149.9429,151.8336,8672900
2022-01-11,151.8530,153.4043,151.2034,153.0843,8042600
2022-01-12,153.6758,154.1509,151.5718,152.9971,6995600
2022-01-13,152.9001,153.7048,150.4471,150.7089,9680600
2022-01-14,147.7130,147.9747,143.9026,147.3154,16832000
2022-01-18,146.5107,148.4692,145.2697,147.6354,10419500
2022-01-19,146.2489,148.2074,145.3957,145.5411,10413200
2022-01-20,146.3168,148.0135,142.6712,143.1269,11760400
2022-01-21,136.9314,137.5519,132.4714,133.1986,34491800
2022-01-24,130.7165,133.4894,125.3257,133.2762,31419500
2022-01-25,131.1722,133.5573,128.3508,132.3551,14694400
2022-01-26,133.5186,133.9936,128.2344,129.5336,14569900
2022-01-27,130.9589,133.7125,129.9409,131.2982,11913900
2022-01-28,131.0946,134.4687,129.4948,134.4105,10011700
2022-01-31,134.6335,138.7930,134.2554,138.6184,10185500
2022-02-01,138.6669,140.2861,137.9204,140.0922,8573300
2022-02-02,139.8013,140.1892,137.0769,138.2791,9529900
2022-02-03,135.7388,137.7167,135.0117,135.7679,9820600
2022-02-04,135.7776,138.8318,135.2832,137.6974,8061100
2022-02-07,139.0257,139.7044,137.2999,138.1725,10937500
2022-02-08,137.4744,138.5409,136.4563,138.1434,9231700
2022-02-09,139.9759,142.8652,138.8900,142.7488,22877400
2022-02-10,151.2712,152.7062,146.5107,147.5287,42500300
2022-02-11,148.8667,149.9817,144.0383,144.9206,17975200
2022-02-14,144.8236,149.0509,144.6685,146.2586,14694700
2022-02-15,148.8667,150.1369,147.8681,150.0108,12726000
2022-02-16,150.2629,151.9596,149.0703,151.5912,10656400
2022-02-17,149.9817,150.6313,147.9650,148.2947,8110300
2022-02-18,148.2559,149.0025,145.4830,146.7531,10785500
2022-02-22,145.6187,146.2004,143.1172,143.5826,12227200
2022-02-23,144.9497,145.1824,141.0714,141.4302,9300700
2022-02-24,135.7389,145.0176,135.7389,144.8528,12475500
2022-02-25,145.0079,145.7060,142.7391,144.9788,10149500
2022-02-28,143.3305,144.9303,142.0022,143.9414,10834700
2022-03-01,143.3596,143.6408,139.4038,141.2654,8944000
2022-03-02,141.8568,143.9510,141.4786,142.8554,7851000
2022-03-03,142.8264,144.1256,140.0534,141.1393,8048400
2022-03-04,139.6268,139.8692,135.3025,136.4369,12913000
2022-03-07,136.0103,136.6017,129.3785,129.4367,14549700
2022-03-08,128.9713,131.3661,125.3548,127.7399,16552000
2022-03-09,131.3661,131.3758,129.3009,129.5821,14673100
2022-03-10,128.3314,130.1154,127.6139,129.5724,8447200
2022-03-11,130.9686,132.0157,127.5654,127.7399,7058400
2022-03-14,126.9934,129.0198,124.4725,125.1027,9971500
2022-03-15,125.7911,130.4644,125.5681,130.1154,9834800
2022-03-16,131.5212,134.7499,130.8329,133.9355,10638700
2022-03-17,133.2568,135.2250,132.4035,135.2250,6816000
2022-03-18,135.3025,136.4466,134.0906,136.0297,11308800
2022-03-21,134.6723,135.0602,132.7138,134.4008,9090300
2022-03-22,134.8274,137.8622,134.6723,135.8455,8511600
2022-03-23,134.8372,135.5061,133.3537,133.4507,8761300
2022-03-24,134.3621,135.0311,133.2277,134.7305,5858800
2022-03-25,135.0408,136.1073,133.9161,134.9050,5949400
2022-03-28,134.6529,135.3801,132.1321,134.4978,8456100
2022-03-29,136.6696,140.0631,136.6696,138.0464,11280700
2022-03-30,137.0090,138.9093,135.8164,136.6696,7922400
2022-03-31,135.8746,136.5921,132.9368,132.9853,12306500
2022-04-01,133.1598,133.8967,131.4049,132.8302,10341000
2022-04-04,132.8011,135.0214,132.7235,134.3621,8174600
2022-04-05,133.5476,134.9632,131.0171,131.4922,8694100
2022-04-06,129.6791,129.8536,126.8286,128.5350,11679700
2022-04-07,128.9616,129.1555,126.0626,127.8563,9858700
2022-04-08,127.9823,129.0682,126.6540,127.8563,6702000
2022-04-11,126.0820,128.3992,126.0820,126.6734,9915300
2022-04-12,127.7981,129.1555,126.1886,126.8576,7885600
2022-04-13,127.0613,128.8452,126.7704,128.3217,7694500
2022-04-14,128.7677,129.5239,126.3826,126.4989,7283500
2022-04-18,126.1111,126.2565,122.9600,123.8811,10571000
2022-04-19,124.1913,129.1361,123.9005,127.8854,12767200
2022-04-20,122.2134,123.4739,120.3325,120.7785,36465700
2022-04-21,121.7190,122.6013,117.5886,117.9571,18688600
2022-04-22,116.3573,118.1801,114.5539,114.6702,19472800
2022-04-25,114.0788,116.6675,113.1965,116.2991,16491000
2022-04-26,115.5235,115.5235,112.1203,112.2463,16116000
2022-04-27,111.9167,113.3419,109.9388,111.7034,15553000
2022-04-28,111.7131,112.4693,109.2601,111.7809,23192100
2022-04-29,111.6937,112.4596,107.9706,108.2323,16907000
2022-05-02,108.3099,110.2006,107.6312,110.0454,14300700
2022-05-03,110.5787,111.3349,109.2601,110.0939,11149500
2022-05-04,109.9194,112.8959,108.4263,112.6535,11488300
2022-05-05,111.2477,111.7615,108.0869,109.1825,12720200
2022-05-06,108.3681,108.6783,105.0037,106.9331,12525200
2022-05-09,104.8195,107.3694,103.2391,103.7239,17941600
2022-05-10,106.4968,107.3306,102.9094,104.4026,15657700
2022-05-11,104.6159,106.7198,101.6005,102.0077,26933300
2022-05-12,99.7681,101.8041,96.4424,101.1351,36298800
2022-05-13,102.1532,104.4123,102.1047,104.0632,16782600
2022-05-16,104.1893,104.3444,101.6587,101.9787,11993600
2022-05-17,104.4511,105.4788,103.0646,105.3334,11847600
2022-05-18,104.1117,104.3832,100.7182,101.1254,11794000
2022-05-19,100.2819,102.0950,99.8262,100.0008,11285000
2022-05-20,101.3097,101.6102,97.0048,99.3027,15650400
2022-05-23,100.6019,102.8028,98.4688,102.6089,14402400
2022-05-24,100.5534,100.6794,97.0824,98.4979,13970200
2022-05-25,98.3428,100.6504,98.0810,100.1171,11026600
2022-05-26,101.0479,102.8997,100.7958,102.3956,11297800
2022-05-27,103.6366,106.0411,103.2876,105.9927,13671300
2022-05-31,106.6520,107.8542,104.6256,107.0786,20274600
2022-06-01,108.6008,109.4152,104.9746,105.8666,11829700
2022-06-02,106.0993,107.5730,104.6256,107.4955,8829900
2022-06-03,105.8472,106.5065,104.6353,105.3624,6767600
2022-06-06,106.4096,106.8362,104.3735,104.5480,7575900
2022-06-07,103.5396,104.6352,102.7737,104.5092,7279100
2022-06-08,104.1602,106.0314,103.7045,104.0729,7019500
2022-06-09,103.2876,103.8014,100.1074,100.1559,8261200
2022-06-10,98.3428,99.0118,96.3552,96.3746,15369700
2022-06-13,94.6391,94.6391,91.9437,92.7969,15239700
2022-06-14,93.3398,93.3398,90.2663,91.3522,12443700
2022-06-15,91.7304,94.3385,91.2262,92.9617,11751600
2022-06-16,91.1486,92.4769,90.5669,91.4104,15298500
2022-06-17,91.1486,93.0490,90.6251,91.4686,15403800
2022-06-21,92.0115,92.5448,90.4312,90.4505,16649800
2022-06-22,89.3646,91.7304,89.2095,90.6542,11403500
2022-06-23,91.1002,91.7692,89.2677,91.4298,11348800
2022-06-24,92.5448,95.5698,92.4963,94.8039,11681200
2022-06-27,95.2305,95.2402,92.8842,93.6695,10793700
2022-06-28,96.7042,97.3442,92.8648,93.0005,16812400
2022-06-29,93.0296,93.2720,91.6528,92.7387,8653200
2022-06-30,91.5462,92.5351,89.7234,91.5268,10983500
2022-07-01,91.3716,93.3786,91.1196,93.2138,10543400
2022-07-05,91.3910,94.2706,89.5004,94.2222,10660600
2022-07-06,94.5615,95.2014,92.4963,93.1556,8640200
2022-07-07,93.9507,94.5615,93.0102,94.4645,7813100
2022-07-08,93.6307,94.1640,92.4479,92.9423,7717300
2022-07-11,92.1085,92.4381,90.5863,90.7899,7643700
2022-07-12,90.7317,92.3509,90.4699,90.7511,8665300
2022-07-13,89.3161,90.4118,88.2399,90.1112,12006400
2022-07-14,88.6956,89.2386,87.4837,89.0447,11146400
2022-07-15,90.0821,92.4188,89.8785,92.3024,14946700
2022-07-18,93.4271,94.3094,92.4091,92.7872,10430400
2022-07-19,93.7374,96.8109,93.7374,96.5782,13683400
2022-07-20,97.1987,101.0867,96.9078,100.2043,15112700
2022-07-21,99.5838,101.0770,98.5173,101.0091,8611300
2022-07-22,100.1365,101.3872,99.0021,99.5935,7803500
2022-07-25,99.6517,100.2431,98.7112,99.5645,6726700
2022-07-26,99.0312,99.2445,96.5297,96.7430,6346600
2022-07-27,97.8968,100.4952,97.7417,100.3498,9684800
2022-07-28,100.1074,101.7750,99.5838,101.7072,7970300
2022-07-29,101.9399,103.1033,100.2237,102.8707,10320000
2022-08-01,101.6781,103.4039,100.6988,102.9870,7769700
2022-08-02,102.5216,103.1227,101.4357,101.5230,9093000
2022-08-03,102.5119,106.3611,102.5119,105.7018,11243000
2022-08-04,105.6048,106.1187,104.3832,104.8292,7322400
2022-08-05,103.5590,104.4220,102.1629,103.3845,10100000
2022-08-08,104.9164,107.8445,104.6159,105.7890,13025900
2022-08-09,105.8957,105.8957,103.7723,104.8389,8776500
2022-08-10,109.0565,109.2407,106.5647,109.0080,26398700
2022-08-11,118.4903,119.5181,113.7589,114.1079,50375000
2022-08-12,115.3780,117.9086,115.3004,117.8698,21964800
2022-08-15,117.3171,122.1262,117.3074,120.4779,24628300
2022-08-16,120.9336,122.6304,119.6926,121.1566,14607300
2022-08-17,119.6926,120.6912,118.8394,119.0720,9140900
2022-08-18,119.2660,119.3823,118.0055,118.9363,7343900
2022-08-19,117.5595,117.6953,115.8434,116.4833,8702500
2022-08-22,114.1176,114.6121,112.1688,112.4112,11575800
2022-08-23,112.4499,112.8281,111.1313,111.3640,7180700
2022-08-24,111.1798,113.5940,110.6272,112.8669,7840500
2022-08-25,113.4583,114.1854,112.5760,113.8849,6920900
2022-08-26,113.8946,114.7672,110.4235,110.5981,7807400
2022-08-29,109.1146,110.9859,108.9886,110.0745,6882700
2022-08-30,110.8017,111.2574,108.0578,109.0080,8060000
2022-08-31,109.4346,110.2878,108.4456,108.6686,7353000
2022-09-01,108.3875,109.1631,106.6810,109.1049,7718700
2022-09-02,109.6091,110.4235,107.4664,107.8154,8465100
2022-09-06,108.3681,108.3778,105.2170,106.7392,9537300
2022-09-07,106.5259,109.5219,106.5259,109.2601,8193900
2022-09-08,107.6894,109.5509,107.0010,108.9110,8443300
2022-09-09,109.8224,112.0136,109.7449,111.6743,9563100
2022-09-12,112.6051,113.9140,111.7615,112.8475,7923400
2022-09-13,109.6091,110.3557,107.7863,108.3584,10504600
2022-09-14,108.4456,109.3086,106.5356,109.0759,8610400
2022-09-15,108.9692,110.9277,107.3403,107.3985,9739800
2022-09-16,105.8860,106.2447,103.7045,104.9552,15978800
2022-09-19,104.2571,105.8957,103.7820,105.8472,7979500
2022-09-20,104.9843,105.1104,103.6075,104.2959,6957400
2022-09-21,104.1214,104.7516,101.3097,101.3097,9776400
2022-09-22,101.0382,101.4745,98.9148,99.0506,10953400
2022-09-23,97.5574,98.1004,95.0366,96.4715,11976900
2022-09-26,95.9383,97.5962,95.0754,95.1336,9760500
2022-09-27,96.5006,96.6073,92.5254,92.9326,13360200
2022-09-28,92.8745,96.8303,92.5448,96.3746,12895500
2022-09-29,95.5311,95.5989,93.3011,94.4839,9435100
2022-09-30,93.5628,94.5130,91.4104,91.4589,12094900
2022-10-03,92.8163,94.8039,91.6237,94.1737,9468400
2022-10-04,95.6765,98.4301,95.2402,98.3525,10229000
2022-10-05,96.9951,98.1392,95.6959,97.7320,7562800
2022-10-06,97.3732,98.3719,96.8303,96.9951,6728200
2022-10-07,95.5117,95.7928,93.5144,94.2028,7051000
2022-10-10,94.6197,94.7651,91.5462,92.2636,9532300
2022-10-11,91.9243,92.1667,89.8300,90.2663,8900900
2022-10-12,90.3245,91.2068,89.3937,90.5669,6156200
2022-10-13,88.7829,94.0185,87.9491,93.6986,11025400
2022-10-14,94.5033,95.1044,91.4589,91.5752,8202100
2022-10-17,93.4465,94.9881,93.3302,94.3676,7083800
2022-10-18,96.8303,97.3151,94.6681,95.4826,8533500
2022-10-19,97.3829,98.7694,95.5020,95.9771,11731000
2022-10-20,95.2402,97.6835,95.1238,95.5892,8212400
2022-10-21,95.3565,99.1863,94.9105,98.9342,10193400
2022-10-24,99.0118,100.0492,97.0727,98.6240,8221500
2022-10-25,99.0506,101.5424,98.9245,101.1836,7687500
2022-10-26,100.3789,104.1602,100.3789,101.4454,9203700
2022-10-27,102.5895,103.6172,101.1351,101.2612,8673500
2022-10-28,100.9121,102.8610,100.3789,102.7252,7250900
2022-10-31,102.4440,103.6463,101.6296,103.2973,8814800
2022-11-01,104.4219,105.5272,102.4246,102.7737,7955800
2022-11-02,102.2404,102.8513,98.6918,98.7209,9583200
2022-11-03,97.1502,97.6350,95.5601,96.2291,8978400
2022-11-04,98.0713,98.0810,95.1238,96.5491,11035800
2022-11-07,97.8095,98.4688,95.9771,97.3732,11355200
2022-11-08,97.6738,98.8664,95.0657,96.8594,27130300
2022-11-09,87.7940,88.3272,83.6539,84.1096,62029800
2022-11-10,87.0183,87.7455,84.9434,87.7067,36968100
2022-11-11,88.7926,92.6709,88.3272,92.1182,22373300
2022-11-14,92.9326,93.6792,91.3426,91.4104,20598000
2022-11-15,93.0781,94.2222,90.8481,92.6030,15801900
2022-11-16,92.3218,92.3218,90.8675,91.0905,11137700
2022-11-17,89.3162,89.4616,88.0848,88.6665,12306400
2022-11-18,90.0336,90.3245,88.1430,89.0059,10011700
2022-11-21,97.0727,97.8192,93.3883,94.6100,70273500
2022-11-22,94.0476,94.6972,91.7982,93.2817,25753700
2022-11-23,93.0781,96.3164,92.8648,95.8704,15503200
2022-11-25,95.8025,96.7721,95.0948,95.8607,6664300
2022-11-28,95.2208,96.1128,92.5254,92.7775,13660000
2022-11-29,93.0781,93.4950,91.0614,91.8079,13205300
2022-11-30,92.0600,94.9590,91.0129,94.8911,15368100
2022-12-01,94.8911,95.8316,93.6404,95.5892,13855700
2022-12-02,94.4936,96.6558,94.0573,96.4037,12608100
2022-12-05,95.2499,96.1419,92.7581,93.0102,10764500
2022-12-06,92.8163,93.0781,89.1804,89.4810,11492400
2022-12-07,89.8397,89.9658,88.4823,89.3453,10353400
2022-12-08,89.6846,90.5863,88.8799,89.7331,9351200
2022-12-09,89.5586,92.0212,89.1029,90.5378,10111900
2022-12-12,90.8772,91.7789,89.7913,91.7789,14140700
2022-12-13,93.5532,94.4258,90.7220,91.8176,22882100
2022-12-14,91.6625,92.5642,89.8009,91.2844,11505400
2022-12-15,89.6555,90.2857,87.3770,87.7358,15957700
2022-12-16,87.4449,88.3078,86.1069,87.3383,26383900
2022-12-19,86.7177,86.7371,82.8104,83.1691,19225300
2022-12-20,83.4600,85.1664,83.1497,84.3714,14918400
2022-12-21,84.5362,85.4185,83.8478,84.2744,11004800
2022-12-22,83.4115,84.0902,82.1123,84.0320,15487400
2022-12-23,83.4406,85.3894,83.1594,85.3313,11171600
2022-12-27,84.7592,85.2634,83.3437,83.7412,11561400
2022-12-28,83.4600,84.0514,81.5112,81.6081,12399500
2022-12-29,82.6553,85.5543,82.3838,84.5265,13045100
2022-12-30,83.1206,84.4683,82.6359,84.2356,23231000
2023-01-03,86.2717,87.2316,85.1567,86.2620,14997100
2023-01-04,87.2607,89.9270,86.6402,89.1804,14957200
2023-01-05,88.8702,89.6652,87.7552,89.1222,11622600
2023-01-06,89.8397,91.8079,88.5405,91.0614,9828100
2023-01-09,91.5559,92.7872,90.6057,91.8855,11675800
2023-01-10,91.4104,92.7290,90.9644,92.6515,6914600
2023-01-11,93.0005,93.6113,92.1570,93.3980,8757300
2023-01-12,95.5020,97.5671,94.6003,96.7721,19764300
2023-01-13,96.3552,96.5685,95.0269,96.3746,12230200
2023-01-17,97.2666,97.9162,95.9868,96.8691,14914200
2023-01-18,97.2278,98.0519,95.7153,96.0255,11384500
2023-01-19,95.1335,96.4231,94.1640,96.0643,10973600
2023-01-20,97.2860,100.4370,96.2776,100.3304,14549900
2023-01-23,100.1462,102.7252,99.7874,102.4731,11479100
2023-01-24,101.5133,105.1394,98.8954,102.7737,8606700
2023-01-25,101.7653,104.8680,101.0091,104.8292,10008000
2023-01-26,104.8777,106.4193,104.2959,106.3611,9204400
2023-01-27,105.9345,107.2143,105.8375,106.2060,10249700
2023-01-30,104.9649,105.6533,104.2087,104.3153,8548500
2023-01-31,104.3056,105.4109,104.1796,105.1879,8251700
2023-02-01,105.1976,106.5938,103.6463,106.0605,9975500
2023-02-02,107.3016,110.0745,106.3514,109.7643,13093200
2023-02-03,108.0772,109.6964,107.0107,107.3403,12472500
2023-02-06,106.8168,107.0689,105.2267,106.5259,11956500
2023-02-07,105.9733,108.7074,105.5466,108.2323,10844000
2023-02-08,108.7850,109.8806,106.9331,108.3778,27719900
2023-02-09,114.4472,114.5830,106.4677,107.0010,46137200
2023-02-10,105.6436,106.3999,103.9469,104.7710,15566000
2023-02-13,104.8098,104.9940,103.3070,104.3832,12341500
2023-02-14,103.5687,105.1394,102.5992,104.3832,10768100
2023-02-15,103.8305,105.9442,103.4524,105.9151,8156000
2023-02-16,104.2765,104.7322,102.4828,102.6089,9479900
2023-02-17,101.8332,102.5798,100.7182,102.0174,9492200
2023-02-21,100.3983,100.5728,98.7306,98.9827,10648200
2023-02-22,98.2458,99.4384,98.0131,98.5852,9885100
2023-02-23,98.3622,98.9439,96.5782,98.6337,10974800
2023-02-24,96.5006,97.3732,95.9480,97.2472,8523000
2023-02-27,97.6641,98.3816,97.0145,97.3926,6641200
2023-02-28,97.3926,97.6835,96.5394,96.5782,8233700
2023-03-01,96.1710,96.5976,95.1142,95.5408,7898300
2023-03-02,94.7651,96.2679,94.4548,95.9092,7776600
2023-03-03,96.6364,98.1004,95.8704,98.0616,7434300
2023-03-06,98.5173,99.5741,97.4314,97.5962,6773300
2023-03-07,97.3441,97.8677,95.8801,96.0449,6951300
2023-03-08,95.9868,96.5879,95.3081,96.2776,5668700
2023-03-09,96.4231,97.0048,93.0005,93.2138,8275600
2023-03-10,92.6902,92.9811,90.0046,90.7220,13978800
2023-03-13,89.0932,91.1583,87.7067,89.7816,11915300
2023-03-14,91.1389,91.4298,89.5295,90.5184,10323600
2023-03-15,88.8411,90.5184,88.6278,90.2663,9543800
2023-03-16,89.8494,91.6819,89.0932,91.4201,9931700
2023-03-17,91.1874,91.4007,90.0821,90.3633,12943200
2023-03-20,90.5863,92.0309,90.1694,91.3522,6657200
2023-03-21,92.2733,93.9022,92.2733,93.6016,7285800
2023-03-22,94.4839,94.9493,91.9340,92.0116,8811100
2023-03-23,92.3800,94.0670,91.8758,92.9132,9527000
2023-03-24,91.9243,92.1085,90.1888,91.2165,9534600
2023-03-27,91.8952,93.0975,91.5074,92.7096,7487900
2023-03-28,92.6030,93.0781,91.7110,91.9340,5426100
2023-03-29,93.1556,93.9604,92.4478,93.9216,5889100
2023-03-30,95.7250,95.9092,94.6972,95.1142,7669500
2023-03-31,95.8801,97.1502,95.5020,97.0824,8920000
2023-04-03,97.1599,97.3732,96.2485,96.7236,7313200
2023-04-04,97.2472,97.3635,95.7541,96.5394,6794200
2023-04-05,96.6654,97.1308,95.6280,96.8691,7747200
2023-04-06,96.4134,97.2666,95.5505,96.9272,7042500
2023-04-10,96.2776,97.7417,95.8898,97.7417,8016600
2023-04-11,98.0810,98.8082,97.2375,97.3635,7504600
2023-04-12,98.1683,99.1088,94.7263,94.9590,9289200
2023-04-13,95.5117,97.9937,95.5117,97.7707,8745000
2023-04-14,97.4411,97.7902,95.9189,96.8594,7337300
2023-04-17,96.5394,97.5090,96.1322,97.2472,6705300
2023-04-18,97.5477,98.0713,96.5685,97.8580,8180100
2023-04-19,96.7430,96.7915,95.3662,95.7444,11523300
2023-04-20,94.7748,95.5795,94.4258,95.0851,7762700
2023-04-21,95.1723,96.6848,94.7457,96.5394,9468000
2023-04-24,97.1017,97.6738,95.6668,96.6460,8540600
2023-04-25,96.3552,96.6751,95.0269,95.0269,6511400
2023-04-26,94.8621,95.4826,93.5241,93.6695,8634500
2023-04-27,94.1737,97.0242,93.7665,96.8885,8166500
2023-04-28,96.3455,99.4384,96.0643,99.3802,11329700
2023-05-01,99.2930,99.4869,98.5173,99.0990,6909500
2023-05-02,98.2458,98.6046,96.5879,97.5381,6955900
2023-05-03,97.9841,99.4578,97.5768,97.7901,7772100
2023-05-04,96.5103,96.5103,93.6695,94.4839,13260700
2023-05-05,95.5892,97.7805,95.1239,97.4605,9300100
2023-05-08,98.6046,100.7473,98.5949,99.8359,10810100
2023-05-09,99.7777,99.8456,98.9827,99.0700,6829900
2023-05-10,99.8650,100.1074,96.9951,98.0616,19525200
2023-05-11,91.9146,92.2151,89.0835,89.5004,57127200
2023-05-12,89.5295,90.0530,88.4629,89.1901,21837500
2023-05-15,88.7538,90.0433,87.9394,90.0336,16792000
2023-05-16,89.2386,89.6070,88.0170,88.2109,17013300
2023-05-17,88.2496,90.2179,88.0848,89.9464,12461600
2023-05-18,90.0239,91.3716,89.6458,90.9062,15014800
2023-05-19,90.1694,90.1694,88.5405,88.5696,16429000
2023-05-22,88.5502,89.1416,87.1540,89.0253,14150600
2023-05-23,88.3272,89.2289,87.0765,87.0862,14778700
2023-05-24,86.7177,86.7662,85.7191,86.3590,15350800
2023-05-25,86.8341,86.8341,85.1180,85.4573,13605800
2023-05-26,85.7966,86.5238,85.4185,85.6027,12892700
2023-05-30,86.2620,86.2620,84.3617,85.1470,14800700
2023-05-31,84.9143,85.4864,84.4974,85.2828,11440600
2023-06-01,85.7094,86.3493,84.4586,85.8936,11993200
2023-06-02,86.9019,88.5599,86.8729,88.0072,14350200
2023-06-05,88.4242,88.9671,86.7177,88.2302,18506700
2023-06-06,88.3272,89.6943,88.2496,89.3549,12109100
2023-06-07,89.9561,90.2469,89.0641,89.7040,11082400
2023-06-08,89.7040,89.8591,88.5211,89.7137,9030200
2023-06-09,89.9561,90.0918,88.7635,89.1319,9625400
2023-06-12,89.4422,90.3924,88.9768,90.3051,12341600
2023-06-13,91.2553,91.5656,90.5960,90.9935,12964400
2023-06-14,91.3910,91.6431,89.1222,89.6361,15877400
2023-06-15,89.2580,90.6735,88.8217,90.1112,13354600
2023-06-16,90.0530,90.1403,88.0945,88.5405,22683400
2023-06-20,87.5419,88.0169,87.0086,87.0183,14939200
2023-06-21,86.8244,86.9407,85.4282,85.9421,17873000
2023-06-22,85.7482,86.4753,85.4379,85.7966,10915300
2023-06-23,85.3410,85.7094,84.9434,85.4185,13538000
2023-06-26,85.3603,86.7662,85.0986,86.0003,13132700
2023-06-27,86.1942,86.9310,85.7966,86.3493,10032700
2023-06-28,86.6692,86.6789,85.8354,86.1263,12118300
2023-06-29,85.1276,86.4075,84.6816,86.2426,13402600
2023-06-30,86.4656,86.8729,85.9130,86.5626,12837500
2023-07-03,86.4075,88.1818,86.2039,87.7455,7979500
2023-07-05,87.3673,87.6388,86.5335,87.0571,11028800
2023-07-06,85.9712,86.1263,85.1083,86.0390,12084600
2023-07-07,85.6221,86.9989,85.3991,85.9421,9705100
2023-07-10,85.5640,85.9809,85.1858,85.4185,13642600
2023-07-11,85.5155,86.8632,85.4670,86.7662,13735500
2023-07-12,87.3673,87.9491,86.8438,87.4061,14912100
2023-07-13,87.7939,88.0460,86.3687,87.7164,15325500
2023-07-14,87.6582,87.7358,85.7288,85.9227,17770000
2023-07-17,85.7288,85.7966,82.7037,82.9558,34503400
2023-07-18,82.9074,84.6429,82.7134,83.3340,21885100
2023-07-19,83.5763,85.2149,83.5667,84.3908,17177000
2023-07-20,84.1969,84.5265,83.4115,83.5860,15277500
2023-07-21,83.6733,85.2246,83.2661,84.5265,19901000
2023-07-24,84.8271,85.2828,83.9157,83.9642,13911900
2023-07-25,83.1207,83.6830,82.5680,83.0237,15335400
2023-07-26,83.0625,83.6442,82.8492,83.2467,14983700
2023-07-27,83.9642,84.2356,82.5971,82.7619,16691400
2023-07-28,83.2467,83.9448,82.8492,83.5085,13638300
2023-07-31,84.3520,86.6402,84.2356,86.1845,20837800
2023-08-01,86.4075,86.9989,85.7676,86.3202,13717500
2023-08-02,85.5736,85.6415,83.6345,83.6733,15162700
2023-08-03,83.2079,83.8284,82.8492,82.8880,14145400
2023-08-04,83.3243,84.4586,82.8492,83.6733,11533900
2023-08-07,84.0223,84.5750,83.3727,84.1872,10818400
2023-08-08,83.8672,85.6415,83.4794,85.4476,16767900
2023-08-09,86.4850,86.8341,84.3908,84.8271,32517900
2023-08-10,87.2316,89.7137,85.0792,88.9671,56716800
2023-08-11,88.5405,88.5696,86.1554,86.3105,21998900
2023-08-14,86.2814,86.5820,85.3119,86.1069,13676400
2023-08-15,85.3119,85.5446,84.2454,84.4102,13677900
2023-08-16,83.9060,84.4102,83.4600,83.7218,12182700
2023-08-17,84.2744,84.3132,83.1885,83.3049,14206000
2023-08-18,82.7716,84.0805,82.7716,83.3436,12364400
2023-08-21,83.1982,83.6248,82.8104,83.2661,11215000
2023-08-22,83.1013,83.4697,82.7716,83.1788,9835300
2023-08-23,83.1982,83.7024,83.0334,83.2176,7576000
2023-08-24,82.9073,83.3340,79.9502,79.9599,27531000
2023-08-25,80.5416,81.1040,79.9502,80.8228,16050900
2023-08-28,81.2785,82.1123,80.9876,81.5984,12166400
2023-08-29,81.2397,81.9766,81.1815,81.8311,11210700
2023-08-30,81.8311,82.1026,81.2785,81.7148,11816600
2023-08-31,81.8893,82.0347,81.0943,81.1330,10448000
2023-09-01,79.6108,79.7272,78.0789,79.1551,27701900
2023-09-05,78.9418,79.8823,78.7091,78.7188,12741700
2023-09-06,78.3310,79.5914,78.0789,78.5152,15518500
2023-09-07,78.3601,78.3892,77.3227,78.1177,14768000
2023-09-08,78.0886,79.1842,77.7299,79.0970,16220900
2023-09-11,79.4460,81.2979,78.6994,80.0084,26579100
2023-09-12,80.5028,82.0929,80.0568,81.1330,16594600
2023-09-13,80.8131,81.4918,80.5901,80.9391,9772700
2023-09-14,81.4433,82.1608,80.5125,81.9087,22371900
2023-09-15,82.6262,83.5667,82.0347,82.9752,21631200
2023-09-18,82.6456,83.3049,82.3935,82.4323,11894200
2023-09-19,81.3657,82.2093,79.2230,79.4460,21478900
2023-09-20,79.5333,80.6677,79.1551,80.0471,12715200
2023-09-21,79.5624,81.1234,79.4266,80.2120,14378000
2023-09-22,80.3865,80.8131,78.7285,78.7770,11495300
2023-09-25,79.0776,79.2812,78.1080,78.5443,11034400
2023-09-26,78.0498,78.2825,77.3615,77.6135,14867900
2023-09-27,77.6814,78.1080,76.8088,77.4681,14662500
2023-09-28,77.8365,78.4570,77.2257,77.6911,12229800
2023-09-29,78.2050,78.8546,77.9626,78.5831,11261400
2023-10-02,78.4570,79.2812,78.3310,79.1842,9128100
2023-10-03,78.7770,79.3975,77.0415,77.1191,12586200
2023-10-04,77.1869,77.3614,76.3337,76.9057,12010500
2023-10-05,76.6925,78.4765,76.4791,78.3504,15466600
2023-10-06,78.5831,80.9876,78.0401,80.4156,15391100
2023-10-09,81.7342,82.2965,80.5998,82.1220,13604400
2023-10-10,82.2093,82.6940,81.3754,82.4032,9450600
2023-10-11,82.7716,83.1110,81.6954,82.2674,9499200
2023-10-12,82.2481,82.4807,80.9682,81.7827,9554900
2023-10-13,81.3851,82.0057,80.8422,81.7827,10808000
2023-10-16,81.7439,83.3146,81.7439,83.1013,10275100
2023-10-17,82.7522,83.6636,82.7134,83.5763,9985700
2023-10-18,83.0819,83.6345,82.0250,82.1026,10047000
2023-10-19,82.6650,82.6747,80.6386,80.7161,14316800
2023-10-20,80.3768,80.9004,80.0956,80.1344,10437000
2023-10-23,79.5818,81.4724,78.4474,80.5707,10772500
2023-10-24,80.8713,81.6372,79.2521,80.0471,11499500
2023-10-25,79.6302,80.0374,78.0692,78.1371,9372500
2023-10-26,77.6426,78.1565,77.0027,77.3518,11651000
2023-10-27,77.3227,78.5637,76.8185,76.9154,10300600
2023-10-30,77.2936,78.4667,77.1094,78.2243,10291200
2023-10-31,78.2341,79.1842,77.8850,79.1067,8672200
2023-11-01,79.0485,79.0970,77.7396,78.6025,9093000
2023-11-02,79.3587,80.7646,79.3297,80.7549,11518500
2023-11-03,81.6081,83.3146,81.5984,82.4807,11331800
2023-11-06,82.4904,83.1885,81.0458,81.4627,14160900
2023-11-07,81.5984,82.1026,81.3948,82.0154,10540200
2023-11-08,81.5790,82.3353,81.3948,81.9281,26942600
2023-11-09,85.1664,88.4339,84.9337,87.5903,51062700
2023-11-10,87.3867,87.4158,84.2938,85.5833,25175700
2023-11-13,85.7288,87.1637,84.7495,86.7177,12834400
2023-11-14,87.2898,88.7538,87.2510,88.2981,13152000
2023-11-15,90.1597,91.6916,89.9173,91.0711,20593100
2023-11-16,91.0323,91.7304,90.7802,91.6334,12923900
2023-11-17,91.8661,92.4769,91.0614,91.2844,12189300
2023-11-20,91.1196,92.6805,91.0129,92.1376,14105300
2023-11-21,91.8467,92.0697,91.1001,91.5752,7654800
2023-11-22,92.0212,92.7969,91.8758,92.1764,7328200
2023-11-24,92.0115,93.5725,92.0115,93.1362,5440500
2023-11-27,92.8260,92.8260,91.6431,92.2733,11049500
2023-11-28,92.1085,92.2442,89.6361,89.6846,18660300
2023-11-29,89.7816,90.4021,88.6569,89.6846,13857000
2023-11-30,90.7026,91.0032,89.3937,89.8688,13396700
2023-12-01,89.9173,90.0142,88.9768,89.7622,11898200
2023-12-04,89.1029,89.5973,88.8217,89.2095,12602800
2023-12-05,88.8217,88.9865,87.1928,88.0266,12357000
2023-12-06,88.3369,89.7331,87.8618,88.7150,10462000
2023-12-07,89.0059,90.5475,88.8605,89.5392,10264700
2023-12-08,89.5489,90.9885,89.5489,90.2882,9498200
2023-12-11,90.2006,90.5411,89.4613,89.6851,10811000
2023-12-12,89.6073,89.6851,88.3816,88.5859,13218400
2023-12-13,88.6832,90.3368,88.3038,90.2979,10173200
2023-12-14,90.6675,92.2433,90.6675,91.3776,12439300
2023-12-15,90.5119,91.3873,90.3952,90.9107,17551600
2023-12-18,90.1714,91.1539,90.1714,90.3271,9083600
2023-12-19,90.1131,91.4262,90.0839,91.3679,8804000
2023-12-20,90.6967,91.6986,88.7610,88.7804,13060600
2023-12-21,89.4224,89.5683,88.5762,89.5100,13037200
2023-12-22,89.1209,89.7240,88.2746,88.5373,9419800
2023-12-26,88.3622,88.7804,88.1287,88.4692,8086900
2023-12-27,88.4303,88.4594,87.5840,87.9147,11123500
2023-12-28,87.6326,88.4984,87.5159,87.9342,8479600
2023-12-29,87.6618,88.1287,87.4089,87.8272,9211000
2024-01-02,87.6424,88.9847,87.2825,88.2357,10587600
2024-01-03,87.7688,89.5683,87.5451,89.1501,11929800
2024-01-04,89.4322,89.4322,87.5451,88.0898,12087400
2024-01-05,87.9439,88.8291,87.8952,88.4205,9092100
2024-01-08,89.0528,89.4322,88.5178,89.0528,11103700
2024-01-09,88.5664,88.6151,87.1560,87.2241,11255100
2024-01-10,87.3700,87.3700,86.4556,86.8544,15091600
2024-01-11,86.9517,87.3311,86.2708,87.0101,9642200
2024-01-12,87.2046,88.3524,87.2046,87.8855,11919400
2024-01-16,87.8272,90.5508,87.0198,90.5119,16780900
2024-01-17,90.0547,91.2025,87.6424,87.8758,15735200
2024-01-18,88.1871,89.9866,87.9439,89.6948,12203200
2024-01-19,89.8018,91.0274,89.1306,90.5216,19790100
2024-01-22,90.3368,92.6324,90.3368,92.4865,15119400
2024-01-23,92.8270,93.2744,90.6383,91.2122,11559400
2024-01-24,91.8445,92.6519,90.7161,90.9496,10454900
2024-01-25,91.3581,92.3503,91.1928,92.2725,8661600
2024-01-26,92.4087,92.9242,92.1169,92.7589,7812800
2024-01-29,92.8172,94.8405,92.4087,94.8308,13422200
2024-01-30,93.8872,94.8794,93.3911,94.2958,9139600
2024-01-31,93.7900,94.9086,93.1966,93.4301,9592300
2024-02-01,93.7413,95.2588,93.2841,94.4125,8484800
2024-02-02,93.6538,94.7530,93.2063,94.4806,9321300
2024-02-05,94.0623,94.7140,93.8580,94.0137,11679300
2024-02-06,94.2763,96.6108,94.1499,96.5817,16455500
2024-02-07,94.7335,96.5719,94.0040,96.4358,28886300
2024-02-08,104.1592,109.6940,103.8868,107.5248,60558400
2024-02-09,106.6104,107.1454,104.7525,105.4334,21509100
2024-02-12,104.9374,108.0306,104.8887,106.3089,13424000
2024-02-13,105.3265,107.6318,105.2584,107.4470,14594500
2024-02-14,107.5637,108.6337,106.6785,108.5170,11405500
2024-02-15,108.0501,109.8399,108.0501,109.3827,9961900
2024-02-16,108.9644,109.4897,108.1279,108.5559,8782200
2024-02-20,107.8264,108.0987,106.3673,106.4548,9770900
2024-02-21,105.5210,106.2408,104.3148,104.7331,10427500
2024-02-22,105.0444,105.5307,104.4802,104.7039,9266200
2024-02-23,104.6358,105.0541,102.9433,104.8012,11724000
2024-02-26,104.5872,105.7934,104.4510,104.7428,8694200
2024-02-27,104.8401,106.5910,104.8401,106.4354,7595000
2024-02-28,105.8128,108.0112,105.6961,107.7777,10773000
2024-02-29,108.1084,109.6745,107.9431,108.5364,11658300
2024-03-01,108.4003,109.0909,108.0014,108.8963,7242400
2024-03-04,109.5967,111.0169,108.7505,110.5889,11558900
2024-03-05,110.5111,112.0480,109.2076,109.7913,14929600
2024-03-06,109.9955,110.2095,106.2700,107.0579,14743900
2024-03-07,107.6804,108.0501,106.2213,107.1746,8609300
2024-03-08,107.1746,108.2738,106.3575,107.3108,10009200
2024-03-11,107.0871,109.8302,107.0287,109.2465,8794300
2024-03-12,109.4508,109.8691,108.5948,109.3924,8085000
2024-03-13,109.6648,111.0169,109.3730,109.4314,7267900
2024-03-14,108.6921,109.2854,106.5229,109.0033,10520500
2024-03-15,108.5559,109.8788,108.3614,108.8963,15364200
2024-03-18,109.2271,111.3087,109.2271,110.7445,11820800
2024-03-19,110.3165,112.0285,110.1512,111.3865,10999700
2024-03-20,111.4838,113.3320,111.2406,113.2833,11699600
2024-03-21,113.7989,114.1588,112.6997,113.5168,10353500
2024-03-22,113.7308,114.4506,112.6802,112.7094,7144800
2024-03-25,113.7794,116.1529,113.6821,116.1042,12103600
2024-03-26,116.3669,117.1159,114.9661,116.6587,11870000
2024-03-27,117.6606,118.7014,116.7462,117.6800,10782800
2024-03-28,117.9427,120.3647,117.8940,119.0224,15367400
2024-04-01,118.7306,119.0613,117.4855,118.2150,8419700
2024-04-02,116.9408,120.1605,116.8824,119.4698,15517100
2024-04-03,118.9348,120.3161,115.1510,115.7346,22480400
2024-04-04,115.9680,116.9116,113.7697,113.8961,13815400
2024-04-05,113.4195,115.6179,113.1277,115.1510,9653900
2024-04-08,114.8008,115.2871,113.6335,114.1491,6266000
2024-04-09,114.1782,115.2774,113.7016,114.7521,7451100
2024-04-10,113.4195,114.3533,113.1958,113.9934,6746300
2024-04-11,114.3825,115.0537,113.1958,113.9545,6559400
2024-04-12,113.2152,113.5168,110.6278,110.9002,12155200
2024-04-15,111.7464,112.3982,109.6940,109.8691,9637100
2024-04-16,109.7426,111.3768,109.4508,110.7737,9291400
2024-04-17,110.8904,111.0947,109.8107,109.8593,7379000
2024-04-18,110.0928,111.1336,109.1298,109.3633,8235600
2024-04-19,108.6726,109.6453,108.0501,109.5383,9436000
2024-04-22,110.0150,110.5403,108.7018,108.9353,6901700
2024-04-23,109.7524,111.1239,109.7232,110.6083,6839300
2024-04-24,110.0539,111.0655,110.0539,110.8126,6157200
2024-04-25,108.1863,109.8107,107.3789,109.6940,8045900
2024-04-26,108.7991,109.9372,108.2835,109.6551,6304800
2024-04-29,109.9566,110.7737,107.3303,109.0228,7151200
2024-04-30,108.9450,108.9839,107.7777,108.0695,8156600
2024-05-01,108.2544,108.9353,107.2038,107.4665,6338400
2024-05-02,108.3905,109.7913,107.5443,109.5481,6799800
2024-05-03,110.4430,110.9974,109.7232,110.5597,7411100
2024-05-06,111.6686,113.7502,111.0363,113.2931,16303200
2024-05-07,104.3245,104.9374,101.3675,102.5153,55084600
2024-05-08,102.0386,103.5756,101.5912,102.5639,15238100
2024-05-09,101.7663,103.2351,101.5426,102.9141,15096000
2024-05-10,104.0035,104.1008,102.5445,102.9044,15884600
2024-05-13,102.7098,103.7312,102.7098,102.9433,9666400
2024-05-14,102.4277,103.0989,102.0873,102.4764,11278400
2024-05-15,102.7390,102.9919,98.6244,99.9667,20745600
2024-05-16,100.2294,101.1924,100.0348,100.5504,9476700
2024-05-17,100.8033,100.9881,100.2294,100.4337,7356000
2024-05-20,100.5115,100.8422,99.7236,100.0932,7667400
2024-05-21,100.1808,100.8714,99.9181,100.2002,7333300
2024-05-22,100.1710,100.9978,99.9473,100.2099,7190300
2024-05-23,100.1710,100.2002,97.5349,97.9143,10504000
2024-05-24,98.0991,99.3053,97.9435,98.9843,6451600
2024-05-28,98.5952,100.0543,98.1964,99.6458,7813100
2024-05-29,98.9843,99.2956,98.0213,98.1283,7376300
2024-05-30,98.3812,99.2858,98.2159,98.9259,7300600
2024-05-31,98.7508,101.2410,98.6439,101.0757,14735800
2024-06-03,101.3286,101.3772,99.6847,99.9667,6908600
2024-06-04,99.3248,100.6671,98.8578,100.5115,7269100
2024-06-05,100.1905,100.2683,98.2742,98.7314,10796900
2024-06-06,98.2937,99.1497,98.0602,98.4493,10294700
2024-06-07,98.1089,99.4804,97.8073,98.7703,6047800
2024-06-10,98.4882,100.0446,97.8949,99.9376,7621900
2024-06-11,99.8403,100.0738,97.9921,98.1186,9134200
2024-06-12,98.4396,98.9162,97.5155,98.0505,9041800
2024-06-13,97.8657,98.3131,96.8929,97.3598,10164600
2024-06-14,97.0875,97.6419,96.5428,97.2431,7087600
2024-06-17,98.2256,99.1399,97.8754,98.7508,10389000
2024-06-18,98.3618,98.9843,97.8657,98.7314,7044700
2024-06-20,97.8268,99.1594,97.6419,99.0621,7886900
2024-06-21,99.0232,99.7430,98.8189,99.4804,14137300
2024-06-24,99.4609,100.2683,99.1302,99.1983,7393600
2024-06-25,99.8598,100.8519,98.9940,99.4123,10296100
2024-06-26,99.1205,99.5777,98.6633,99.3928,10122300
2024-06-27,99.2567,99.4901,99.0329,99.3831,8365200
2024-06-28,99.2372,99.7819,95.6965,96.5817,21439400
2024-07-01,96.6887,97.0194,95.2101,95.3658,15299000
2024-07-02,95.2685,95.3171,94.3055,95.3171,13340300
2024-07-03,95.1712,96.3774,95.1615,95.9202,5030000
2024-07-05,95.6284,95.6284,94.9183,95.3171,8550800
2024-07-08,95.4637,96.0500,94.6819,95.1510,8167600
2024-07-09,95.2487,95.3074,93.9588,94.8383,9044400
2024-07-10,94.7406,95.0631,94.0565,94.7601,7761100
2024-07-11,94.7992,95.3562,94.1054,94.3986,7422600
2024-07-12,94.8872,95.6005,94.7699,94.9165,6465700
2024-07-15,95.1119,95.2683,94.3986,94.6624,7417700
2024-07-16,94.8090,96.4702,94.3399,96.2259,10755500
2024-07-17,96.0598,96.3628,94.3302,95.0924,9456100
2024-07-18,95.1412,95.8253,94.4767,94.5842,7529400
2024-07-19,94.6135,94.6135,93.2650,93.5581,9301000
2024-07-22,92.9425,92.9914,91.3594,91.9848,13377000
2024-07-23,88.6330,89.6005,87.7828,88.8675,22534700
2024-07-24,88.1640,88.6819,87.5385,87.7535,11768500
2024-07-25,88.0271,88.4376,87.1770,87.1770,10765300
2024-07-26,87.9490,88.4864,87.3040,87.8806,11301900
2024-07-29,88.3301,90.4409,88.1346,90.0402,13024800
2024-07-30,89.5809,91.8969,89.5809,91.6526,9896100
2024-07-31,91.6526,92.6787,91.5060,91.5549,10241800
2024-08-01,91.7210,91.8089,90.4897,90.9295,9263600
2024-08-02,90.0597,90.0988,86.9718,87.5288,15433600
2024-08-05,84.9098,87.5190,84.4505,85.7796,19103200
2024-08-06,86.2193,89.8154,85.9555,87.9196,21717500
2024-08-07,85.9945,87.2063,83.7958,84.0010,30581900
2024-08-08,83.2095,84.3626,81.9978,84.0010,21890500
2024-08-09,84.1672,84.2844,82.7795,84.2453,16008400
2024-08-12,83.9033,84.4115,83.5320,83.9913,11754600
2024-08-13,84.4896,84.4896,83.3658,83.6492,14615200
2024-08-14,84.0499,84.5678,83.6101,84.3333,9475100
2024-08-15,85.2616,86.9033,85.2225,86.7665,12401000
2024-08-16,86.9327,87.6265,86.3268,87.2649,10277700
2024-08-19,87.3724,88.8773,87.3724,88.7503,9723600
2024-08-20,88.3301,88.6037,87.2747,87.6949,8863400
2024-08-21,88.1640,88.7112,87.3920,88.6526,7637600
2024-08-22,88.9164,89.2975,87.6558,87.8708,7613000
2024-08-23,88.0955,88.6819,87.6363,88.4962,7369200
2024-08-26,88.8480,89.7079,88.8480,89.6884,8043800
2024-08-27,89.3464,89.6298,88.6819,88.8284,7237400
2024-08-28,88.2715,88.5548,86.7372,87.4506,8569700
2024-08-29,88.3887,88.6330,87.5874,87.7633,6181800
2024-08-30,87.9294,88.3887,87.3627,88.3203,8403600
2024-09-03,87.5679,88.4278,86.5222,87.0988,8465500
2024-09-04,86.9229,87.9685,86.7959,87.2161,6317200
2024-09-05,87.6265,87.6265,86.3268,86.6297,6234100
2024-09-06,86.4343,87.0597,85.7209,85.9359,7791500
2024-09-09,86.2095,86.8643,85.8089,86.3268,8750200
2024-09-10,86.3170,86.8643,85.9750,86.3854,6858300
2024-09-11,86.0434,86.4148,84.6167,86.3073,10779000
2024-09-12,86.2095,87.2942,86.1704,87.2649,7173300
2024-09-13,87.4115,88.6526,87.3529,88.4864,7084200
2024-09-16,89.0239,90.2650,88.8773,89.7568,9028600
2024-09-17,90.2650,91.1249,90.0695,90.7438,8193100
2024-09-18,91.3887,91.9262,90.5777,91.4474,10289800
2024-09-19,92.6591,93.1184,91.1933,91.3203,10912400
2024-09-20,91.0760,91.8676,90.7047,91.6135,19251500
2024-09-23,91.5646,91.5646,90.0597,90.8513,7338700
2024-09-24,91.2128,91.6526,90.3529,91.5549,7860300
2024-09-25,91.5060,92.2878,91.2226,91.7796,8408200
2024-09-26,92.3073,93.6070,92.0337,93.0305,10061600
2024-09-27,93.3138,94.6917,93.1086,93.8220,10155400
2024-09-30,94.6429,95.3465,93.2650,93.9979,7982300
2024-10-01,93.0207,93.6657,91.1933,91.9067,10099200
2024-10-02,91.4571,92.4246,91.4571,92.0044,6144200
2024-10-03,91.4767,91.9458,91.0076,91.4962,6180300
2024-10-04,92.1510,93.1673,91.7503,92.9816,6308900
2024-10-07,92.9230,92.9718,89.6689,90.2845,11043600
2024-10-08,90.4115,91.6037,89.6005,90.4018,10209100
2024-10-09,89.7666,91.8676,89.3757,91.4669,8654500
2024-10-10,91.5842,91.7405,90.5777,90.8708,6698000
2024-10-11,90.7340,92.4539,90.6852,91.9848,8089100
2024-10-14,92.0337,93.0207,91.6624,92.8057,6262000
2024-10-15,93.0793,93.4702,91.5451,92.0728,6535800
2024-10-16,91.5940,94.5842,91.4962,94.5451,9936300
2024-10-17,94.7210,95.1119,93.4311,94.3399,9542500
2024-10-18,94.7992,95.3171,93.8611,95.0631,8609700
2024-10-21,94.9849,95.2292,93.7634,94.4181,8189900
2024-10-22,94.0077,95.0435,94.0077,94.5354,5344300
2024-10-23,94.7210,94.9263,93.8025,94.0468,5388500
2024-10-24,94.3985,94.5940,93.0793,93.2259,5015300
2024-10-25,93.6265,94.6428,92.8448,92.8643,6638100
2024-10-28,93.0500,94.4865,93.0402,94.0077,8146400
2024-10-29,94.0663,94.4181,93.4995,93.9393,6834400
2024-10-30,93.5191,94.5061,92.7764,92.9132,7718200
2024-10-31,93.0989,94.4279,92.8350,94.0077,8147700
2024-11-01,93.5191,94.1933,92.6689,93.6266,7944900
2024-11-04,93.6461,93.8318,92.8643,93.6070,6088000
2024-11-05,93.4213,94.4670,93.0793,94.4279,6561700
2024-11-06,95.9719,97.2813,95.9719,96.6364,11325100
2024-11-07,96.5289,97.2520,95.8937,96.6755,7805100
2024-11-08,96.4800,96.9979,95.3855,96.7634,7982100
2024-11-11,96.7439,98.6006,96.7439,98.5615,9137900
2024-11-12,98.2585,98.9817,97.2325,98.6885,9366200
2024-11-13,98.4931,100.8481,98.0631,100.3791,17701300
2024-11-14,107.8157,112.1936,105.9297,106.6332,47436100
2024-11-15,107.7375,112.5649,107.7375,112.4574,32048000
2024-11-18,110.7473,112.8092,110.3173,110.9525,14226200
2024-11-19,109.4965,109.9362,108.2945,109.8580,12166800
2024-11-20,109.7017,111.7636,108.9297,111.6561,9319300
2024-11-21,111.5486,113.6007,111.2359,112.1056,10261000
2024-11-22,111.2554,113.6887,111.0111,113.0144,10098000
2024-11-25,113.0437,113.9232,112.3108,113.3564,10397800
2024-11-26,113.3565,113.7669,112.8092,112.8190,6808100
2024-11-27,112.8190,115.5063,112.8190,114.9200,8142400
2024-11-29,114.5877,115.0568,114.0698,114.7929,5095200
2024-12-02,115.0959,115.9265,113.8939,114.4900,8390500
2024-12-03,114.3336,114.5584,112.8190,113.7962,9194000
2024-12-04,113.3271,114.6170,113.2001,114.3239,7996200
2024-12-05,113.8939,114.5975,113.4151,113.8451,9823600
2024-12-06,113.8939,114.5877,113.5714,114.0698,6677900
2024-12-09,113.7376,114.5096,111.3141,111.9981,8666100
2024-12-10,112.0372,112.3304,111.1284,112.1154,7526400
2024-12-11,112.0274,112.4281,111.3825,111.9981,6426800
2024-12-12,112.0861,112.3890,111.5584,112.2815,5285100
2024-12-13,111.7147,112.3401,110.7180,110.7571,6864500
2024-12-16,110.9141,110.9828,109.6676,110.0405,10528500
2024-12-17,108.9805,111.9349,108.7547,110.9337,12238600
2024-12-18,111.2478,113.9765,109.1866,109.2946,12292800
2024-12-19,109.5988,110.8258,109.1964,109.3142,9468500
2024-12-20,108.5682,110.8847,108.3916,109.9620,17955300
2024-12-23,109.5498,109.7853,108.2738,109.3437,6037200
2024-12-24,109.1964,110.6589,109.1375,110.4822,2475000
2024-12-26,110.0504,111.2282,109.7952,110.4724,4781400
2024-12-27,109.7559,110.0504,108.8136,109.4909,4523800
2024-12-30,108.3915,109.4811,107.8026,108.7547,5716300
2024-12-31,108.7351,109.5301,108.6271,109.2946,4757500
2025-01-02,109.6381,110.1289,108.1363,108.7744,5688100
2025-01-03,109.3142,109.4811,108.1462,109.1081,5393100
2025-01-06,109.4124,110.7669,108.8234,109.0001,6274400
2025-01-07,110.0798,111.6405,109.2357,109.3338,7878800
2025-01-08,108.9510,109.0590,106.6346,107.7339,7805300
2025-01-10,107.9695,108.4995,105.6334,106.6444,8835500
2025-01-13,105.9377,106.6051,104.7500,106.0849,6690200
2025-01-14,106.6739,106.9487,105.6236,106.1242,5501600
2025-01-15,107.1548,107.5769,105.9966,106.1831,6296900
2025-01-16,106.2911,106.5953,104.2004,104.4948,7872800
2025-01-17,104.8580,105.7512,104.5734,105.0445,7144300
2025-01-21,105.1230,107.4296,104.8286,106.6935,8643700
2025-01-22,107.5278,107.5278,106.2322,106.8015,8781700
2025-01-23,106.4972,109.0197,106.4874,108.9903,7608300
2025-01-24,109.1081,111.2969,108.5879,110.0896,8304500
2025-01-27,109.6185,111.9742,109.4025,111.2478,10176900
2025-01-28,110.7669,110.8749,109.5007,110.0700,6516800
2025-01-29,111.4049,112.2686,110.6785,111.1006,7607100
2025-01-30,111.9840,113.0539,111.0319,111.3362,6236200
2025-01-31,111.2086,111.9055,110.6785,110.9730,7793400
2025-02-03,109.2946,112.4846,108.8136,111.8957,8870700
2025-02-04,111.6993,112.5435,110.4332,111.2086,13521100
2025-02-05,113.5643,116.4009,108.1953,108.4995,23310000
2025-02-06,109.8148,110.6000,107.1352,110.0209,12470800
2025-02-07,109.5498,110.4724,108.7645,108.8136,8669300
2025-02-10,109.0884,109.3240,106.6837,107.2628,8239500
2025-02-11,106.3794,107.0370,105.7021,107.0076,7456700
2025-02-12,106.2518,107.5082,105.7610,107.2137,6521200
2025-02-13,106.9094,107.7339,106.5561,107.5670,6553200
2025-02-14,107.8321,108.4701,107.5671,108.3425,5964500
2025-02-18,107.7536,107.8910,106.7033,107.5376,8362900
2025-02-19,107.1254,109.6970,107.1254,109.2946,8452100
2025-02-20,109.1866,109.4614,107.3609,108.5093,5970100
2025-02-21,108.9510,109.6970,105.9279,106.6542,9082100
2025-02-24,106.8309,109.5007,106.6444,109.1473,7093300
2025-02-25,109.3731,109.8344,107.0567,108.4897,7289000
2025-02-26,108.0284,111.1595,108.0284,109.7657,7831600
2025-02-27,110.2467,111.0319,109.0099,109.2553,7854700
2025-02-28,109.4025,111.8858,108.9510,111.6993,14609400
2025-03-03,111.9644,113.4170,109.9326,110.7080,7884700
2025-03-04,109.6381,110.1780,106.2714,106.9978,12658000
2025-03-05,107.3217,108.8921,106.2223,107.2922,9956100
2025-03-06,106.3794,106.8211,103.0814,103.4838,11618800
2025-03-07,103.0618,103.8176,101.4030,103.5624,12715900
2025-03-10,102.5023,102.8655,100.2251,101.1772,10947100
2025-03-11,97.9480,99.1749,95.6512,96.0928,16906000
2025-03-12,96.8584,97.6535,94.6009,96.9370,11891800
2025-03-13,95.9652,96.8290,94.1592,95.0819,11059500
2025-03-14,95.6413,97.2707,95.6217,96.8192,10199800
2025-03-17,96.9173,98.2719,96.8388,97.5259,8332100
2025-03-18,97.4376,97.8891,96.6621,97.5161,6727000
2025-03-19,97.8204,99.0964,97.6339,98.4387,8614600
2025-03-20,97.7320,98.2032,96.8192,97.0351,7836500
2025-03-21,96.5640,98.0461,95.9456,97.6240,15089900
2025-03-24,98.3700,98.5860,97.0351,98.3308,8224400
2025-03-25,98.7921,99.8816,98.5565,99.7344,7365200
2025-03-26,99.8227,100.3822,98.4093,98.9197,6314000
2025-03-27,98.8510,99.1651,97.7418,98.5958,6598800
2025-03-28,98.2032,98.5369,95.9358,96.2597,7679700
2025-03-31,95.0426,97.0253,93.9335,96.8781,10554000
2025-04-01,96.5051,96.7701,95.0524,95.8769,8762700
2025-04-02,94.8365,96.4953,94.6696,96.0732,7959900
2025-04-03,92.7654,93.0304,86.9743,87.2001,19353400
2025-04-04,84.4125,85.9241,81.5464,81.9881,22580900
2025-04-07,79.4950,85.0309,78.6214,81.7624,20456000
2025-04-08,84.3634,85.3450,79.3576,80.2115,14845600
2025-04-09,79.7895,90.5471,79.6913,89.7521,24970900
2025-04-10,87.2786,87.3670,81.5366,83.6567,16377000
2025-04-11,83.5389,84.0886,81.8114,83.3230,10204400
2025-04-14,84.2457,84.8542,82.4789,83.0973,10841300
2025-04-15,83.1856,84.3929,82.9598,83.4408,7840500
2025-04-16,82.7243,83.2347,80.4962,81.2421,10144300
2025-04-17,81.8311,84.1966,81.8212,83.2445,14810900
2025-04-21,83.3426,83.6567,81.4483,82.4494,14166800
2025-04-22,83.4408,84.9622,83.0384,84.5008,9578500
2025-04-23,87.3866,88.2111,85.4235,85.6787,12089100
2025-04-24,85.8357,88.5742,85.1683,88.3485,10310000
2025-04-25,88.4074,88.6724,87.4258,88.6135,7749600
2025-04-28,88.7804,89.6834,87.9853,88.4957,8491800
2025-04-29,88.1718,89.9680,88.1031,89.4871,6359900
2025-04-30,88.2307,89.5067,86.9253,89.2711,8474800
2025-05-01,89.5852,89.9190,88.6920,89.1337,7790600
2025-05-02,90.1447,91.4698,90.1447,90.7827,7594000
2025-05-05,88.0442,91.3618,87.9559,90.4097,10231000
2025-05-06,89.5165,91.0281,89.3202,90.4686,11839400
2025-05-07,100.5294,101.4030,98.2915,100.2055,36155300
2025-05-08,102.0508,104.2298,101.9428,103.1796,19265400
2025-05-09,103.3170,104.2298,102.8262,103.9844,10438200
2025-05-12,107.8419,108.8921,106.6542,108.4504,18366600
2025-05-13,108.2149,110.1289,108.1167,109.3240,14076700
2025-05-14,109.3240,111.3165,108.7842,110.8552,15352200
2025-05-15,110.1583,110.7669,109.5203,110.1485,8322400
2025-05-16,109.8541,111.3460,109.3633,111.3264,10961000
2025-05-19,110.0504,110.9043,109.8344,110.5804,7209700
2025-05-20,110.3644,111.3067,109.7461,110.2859,6433300
2025-05-21,109.6283,110.4135,108.0971,108.4210,10150600
2025-05-22,107.9499,109.7363,107.9499,109.0786,7903700
2025-05-23,107.5769,108.3130,106.7720,107.6947,8086100
2025-05-27,108.9805,110.8061,108.1167,110.2859,10201100
2025-05-28,110.1289,110.3939,109.1179,109.4614,5787900
2025-05-29,109.9424,110.1878,108.4799,109.9522,9682100
2025-05-30,109.9424,111.2577,109.3142,110.9534,12881100
2025-06-02,110.6000,111.5030,110.1780,110.8650,7546800
2025-06-03,110.6491,112.5729,110.4430,111.5030,9738800
2025-06-04,111.7582,111.9447,110.8945,111.3951,5614900
2025-06-05,111.6306,112.2294,109.7755,110.4528,8547200
2025-06-06,111.2675,112.1116,111.1202,111.7975,5790700
2025-06-09,111.8760,113.9667,111.8760,113.5250,7960400
2025-06-10,113.3974,118.2757,113.3974,116.5383,18948400
2025-06-11,116.1948,117.3432,115.4783,117.3138,10439200
2025-06-12,116.6758,117.1862,115.4881,116.4206,7980300
2025-06-13,115.1445,116.1359,115.1347,115.7629,13204900
2025-06-16,115.8414,118.1186,115.6942,117.2745,9592100
2025-06-17,116.7935,117.1273,115.4783,115.9494,9241200
2025-06-18,115.7040,116.5580,114.6832,115.6844,8181200
2025-06-20,116.0672,116.8524,114.7421,115.4586,17180400
2025-06-23,114.5066,115.8120,112.8968,115.5764,8348000
2025-06-24,116.0693,117.3803,116.0693,116.9565,8350200
2025-06-25,117.0747,118.0112,116.9367,117.7155,6976300
2025-06-26,118.2675,119.9333,117.9717,119.7263,10439600
2025-06-27,120.1108,121.1852,119.7461,120.5938,13435600
2025-06-30,122.5357,122.9102,121.4218,122.2399,13456200
2025-07-01,121.7372,121.9935,120.7022,121.7274,9815700
2025-07-02,121.5598,121.9344,120.7811,121.2246,7317100
2025-07-03,121.3134,122.4667,121.1458,122.2301,4252300
2025-07-07,121.4514,122.8314,120.8304,121.4021,7023500
2025-07-08,121.4612,121.9442,120.0812,120.0812,6622900
2025-07-09,120.1009,120.6036,118.8885,118.8885,6724900
2025-07-10,118.8983,120.2093,118.8983,119.8249,6888700
2025-07-11,118.9180,119.4996,118.0210,118.1590,6112400
2025-07-14,118.0703,118.7800,117.8929,118.2576,6853300
2025-07-15,118.5139,118.5139,117.1832,117.2817,7943600
2025-07-16,117.6563,118.8490,117.1832,118.1097,6747500
2025-07-17,118.0408,120.6431,118.0408,120.4656,9933700
2025-07-18,120.2291,120.4163,118.5730,119.6869,9486800
2025-07-21,119.3419,120.2291,119.0560,119.1152,6392500
2025-07-22,119.0265,119.6968,118.8392,119.3320,5614500
2025-07-23,119.7855,121.4218,119.7658,121.1852,8258900
2025-07-24,121.0965,121.6387,120.0713,120.2093,6702200
2025-07-25,120.5149,120.7022,119.1448,119.7362,5656600
2025-07-28,119.3025,119.6672,118.1787,118.6519,6042200
2025-07-29,118.8589,119.0856,117.6563,118.1985,6283700
2025-07-30,118.2379,118.7800,117.4789,117.8337,5281500
2025-07-31,117.7549,118.1985,116.8875,117.4099,7235000
2025-08-01,115.9116,116.2073,113.9204,114.9258,8637800
2025-08-04,116.0496,117.8140,116.0496,117.6465,8845000
2025-08-05,117.5479,117.8633,115.6553,116.6312,15365700
2025-08-06,114.1274,114.4626,110.5985,113.5261,22153700
2025-08-07,114.0978,114.7386,110.2239,111.2688,15484400
2025-08-08,111.6828,112.6587,110.4211,110.8252,9491000
2025-08-11,111.2984,111.5350,109.9479,110.9435,8532600
2025-08-12,111.6927,112.7671,110.8844,112.0968,7274000
2025-08-13,112.5995,115.5567,112.5207,114.9751,9025700
2025-08-14,113.8317,115.0441,112.9840,114.6498,6800900
2025-08-15,114.9061,115.1723,113.5458,113.7430,6768600
2025-08-18,113.5458,115.3399,113.5163,114.8864,5798400
2025-08-19,114.8371,115.3201,114.0683,114.6104,5914000
2025-08-20,114.4231,116.2073,114.3443,115.3694,7046700
2025-08-21,114.9061,114.9949,113.8810,114.5513,6337100
2025-08-22,115.9116,118.0703,115.4581,117.1635,7161700
2025-08-25,116.7987,117.3507,116.0200,116.0299,5424900
2025-08-26,115.7539,116.6903,115.4877,115.9707,5787400
2025-08-27,115.8524,116.7692,115.6159,116.4044,4378000
2025-08-28,116.4143,116.6805,114.9456,115.9609,5687700
2025-08-29,115.7144,116.9565,115.5764,116.6903,5212600
2025-09-02,115.3497,116.5917,114.3443,116.5819,6015900
2025-09-03,116.1482,116.9269,114.6893,115.7046,6288700
2025-09-04,115.4089,117.9718,115.0934,117.1142,6949300
2025-09-05,117.2127,118.0703,116.0200,116.2270,6669100
2025-09-08,116.2763,117.1832,115.0737,117.1437,6450700
2025-09-09,116.8382,117.3507,115.5469,115.6947,5444300
2025-09-10,115.1821,115.8327,112.8657,114.1373,7484900
2025-09-11,113.8021,115.4976,112.9938,115.4089,8399100
2025-09-12,114.6006,115.3399,113.4571,114.3048,7640900
2025-09-15,114.4527,115.0836,113.3585,113.9697,7150900
2025-09-16,113.8021,114.1964,113.0727,113.5853,6844900
2025-09-17,113.5951,114.9949,113.5754,114.4428,7333900
2025-09-18,113.6838,114.1274,112.4221,113.2206,9460500
2025-09-19,112.9643,112.9643,110.3324,112.1362,23398400
2025-09-22,110.1648,112.0081,109.9282,110.9534,15479800
2025-09-23,111.1111,111.9982,110.0071,110.6478,13145000
2025-09-24,110.8055,112.5207,110.5985,111.8110,8755200
2025-09-25,111.1012,112.4221,111.0421,111.3772,6365500
2025-09-26,111.5152,111.9490,111.1505,111.8504,6145700
2025-09-29,111.8504,113.3684,111.7124,113.1417,9304100
2025-09-30,112.8953,113.2403,111.7222,112.8657,9303700
2025-10-01,112.4517,114.4034,111.1801,111.3378,9736300
2025-10-02,111.3674,111.5547,109.1988,110.5394,8695100
2025-10-03,110.4408,111.9490,109.9676,110.8647,7148400
2025-10-06,111.0815,111.4955,109.8592,111.1407,6141200
2025-10-07,111.0224,111.7814,110.2042,110.9238,5409800
2025-10-08,111.1998,111.5842,110.0564,110.2929,7074400
2025-10-09,110.2239,111.3871,109.2974,109.4058,6502400
2025-10-10,109.9381,111.0717,107.5526,107.6315,9635200
2025-10-13,108.8143,109.3762,107.8188,108.6961,7435100
2025-10-14,108.0849,110.2436,107.6413,109.5832,7898000
2025-10-15,109.8789,111.0717,109.5536,110.1155,7012600
2025-10-16,110.1944,110.4901,106.9612,108.3116,7531200
2025-10-17,108.1736,109.8691,107.8779,109.0904,10090500
2025-10-20,109.4452,110.6478,109.0213,110.3619,8047500
2025-10-21,110.6478,112.9051,110.4408,112.6685,8163200
2025-10-22,112.3728,112.6488,111.3674,111.4660,7569200
2025-10-23,111.5547,112.2053,110.3028,111.4167,6945400
2025-10-24,111.6138,112.0278,109.9972,110.0859,6235200
2025-10-27,110.3422,110.9928,109.7212,110.7365,6029600
2025-10-28,110.3127,110.8745,109.8691,110.0564,6839400
2025-10-29,109.5931,109.9381,108.4398,108.6665,7097100
2025-10-30,108.5581,111.9588,107.9863,110.2437,8311300
2025-10-31,109.9874,111.4857,108.9523,111.0125,8700600
2025-11-03,110.9435,111.1998,109.4452,110.5197,8542300
2025-11-04,109.3861,110.1944,109.0608,109.8789,7950100
2025-11-05,109.7606,110.3718,109.0213,109.7705,5746000
2025-11-06,109.5832,110.1155,107.6216,108.9129,10291800
2025-11-07,108.6862,109.8395,108.4693,109.1593,8782100
2025-11-10,109.5635,111.1801,109.4452,110.6379,9158700
2025-11-11,111.0421,113.3290,110.8154,113.2107,9713300
2025-11-12,112.9347,115.4187,112.7572,114.9850,15248700
2025-11-13,107.3358,107.7991,103.4126,106.0740,44045400
2025-11-14,105.9853,107.1781,103.7970,104.2899,16691400
2025-11-17,104.2406,106.1332,103.6196,104.1814,12296400
2025-11-18,103.5999,105.5516,103.5013,104.7630,11796200
2025-11-19,104.5659,106.0543,102.5944,103.1760,12790000
2025-11-20,103.8660,104.2899,101.0370,101.2341,12609900
2025-11-21,102.0030,103.2844,101.2243,102.7916,10785400
2025-11-24,102.6043,102.8507,100.4357,100.4850,15024800
2025-11-25,101.0271,102.4367,100.5441,101.8354,10574500
2025-11-26,101.8453,102.7620,101.4115,101.9537,10130200
2025-11-28,101.8255,103.2450,101.7664,102.9788,6525500
2025-12-01,103.4224,105.3052,102.9789,105.2460,12628900
2025-12-02,105.0094,105.0489,103.3239,103.3337,8548200
2025-12-03,103.4027,104.3391,102.9788,104.2307,10177800
2025-12-04,104.3293,104.7039,103.0183,103.9646,11471400
2025-12-05,103.6787,104.6546,103.0676,103.7970,10680100
2025-12-08,103.7970,106.5078,103.3337,106.0937,13727700
2025-12-09,106.0543,106.2120,105.0292,105.4924,8549400
2025-12-10,105.5910,108.1046,105.0587,107.2766,11237900
2025-12-11,107.6413,109.9676,107.5526,109.8691,13281400
2025-12-12,110.1352,111.7222,109.5635,110.0071,13059100
2025-12-15,109.8582,110.7018,107.7246,109.6498,14318000
2025-12-16,110.3743,111.9919,110.0170,110.7712,15580200
2025-12-17,110.2155,111.2773,109.6200,109.7887,12142500
2025-12-18,109.6895,111.9423,109.5803,111.0193,12913900
2025-12-19,111.4659,112.6171,110.0765,110.3941,21138400
2025-12-22,110.5628,111.9422,110.3048,111.5254,8803300
2025-12-23,111.4361,112.4484,111.1880,112.3591,7634500
2025-12-24,112.0812,113.6591,111.9422,113.6095,4606700
2025-12-26,113.2820,113.8675,112.4087,112.6965,5428900
2025-12-29,112.4583,113.6194,112.4484,113.3217,7966000
2025-12-30,113.2324,114.4034,113.2324,113.9171,6883900
2025-12-31,113.8973,114.0164,112.6865,112.9049,6608000
2026-01-02,112.5774,112.5774,110.7712,110.9995,8906200
2026-01-05,110.5727,115.1477,110.5330,113.2026,12029000
2026-01-06,112.9247,113.8873,112.2499,113.6988,7388300
2026-01-07,113.5896,114.0957,111.6545,112.0514,8296300
2026-01-08,111.6942,114.1156,111.6942,113.3018,9778200
2026-01-09,113.4408,115.0981,113.0339,114.9988,8935200
2026-01-12,113.7583,114.0660,111.6942,111.9621,10833800
2026-01-13,111.9819,112.3591,110.7613,112.1209,8945700
2026-01-14,111.9522,112.7262,111.4064,112.6667,8950900
2026-01-15,112.8453,113.2423,111.3170,112.5476,7958500
2026-01-16,112.3392,112.9843,110.2750,110.3544,12049600
2026-01-20,108.8261,110.2453,107.9727,109.5010,9818200
2026-01-21,109.7292,112.3888,109.6597,112.3293,10041400
2026-01-22,112.3094,113.4209,111.3170,112.3491,12437700
2026-01-23,111.8331,112.0911,109.7094,110.1361,10819800
2026-01-26,110.8308,111.5552,110.2849,110.4636,8859800
2026-01-27,110.6521,110.9499,109.1933,109.7689,8956900
2026-01-28,109.4414,110.5827,108.1711,108.7269,9016600
2026-01-29,108.7964,110.8208,107.9330,110.7315,11079000
2026-01-30,110.5132,112.0911,110.1460,111.9423,17895200
2026-02-02,103.2191,107.7841,102.9611,103.6557,37778500
2026-02-03,103.9832,104.1916,101.5618,103.4275,24827100
2026-02-04,103.4076,107.7742,102.8420,106.2360,19070400
2026-02-05,106.2360,107.5062,104.0130,104.1718,11859500
2026-02-06,105.3230,108.1314,104.5687,107.8734,12105600
2026-02-09,107.8635,108.0918,105.9581,106.3154,10515400
2026-02-10,106.7818,110.2651,106.7818,109.1238,9815500
2026-02-11,108.1017,109.0345,106.9803,107.2978,9374900
2026-02-12,107.1093,107.3375,100.2518,101.6015,25319600
2026-02-13,100.6289,104.7176,100.4305,104.6481,12845300
2026-02-17,105.7596,106.4642,103.5764,104.6382,10467400
2026-02-18,105.1543,106.9108,105.0054,106.2856,8791600
2026-02-19,106.2955,106.9505,104.6481,105.1940,7492900
2026-02-20,104.8069,105.3924,103.8542,104.7772,9043600
2026-02-23,104.1817,104.3901,102.1771,103.6161,10626500
2026-02-24,103.6557,106.4146,103.1893,105.2436,13594800
2026-02-25,105.1940,105.9085,103.7153,104.2512,8556500
2026-02-26,104.6680,105.9581,104.5191,104.7474,9578500
2026-02-27,103.9832,105.5314,103.1397,105.2337,13954000
2026-03-02,103.8145,103.8145,102.0778,103.5367,14178600
2026-03-03,102.0580,103.5168,101.3732,102.5145,13608400
2026-03-04,102.3855,103.0504,101.8595,102.2565,9672300
2026-03-05,102.3160,103.7550,100.8175,101.6313,11751500
2026-03-06,100.6190,101.0358,99.1900,100.7679,10448600
2026-03-09,99.7854,101.0954,97.7014,100.8870,11715100
2026-03-10,100.9763,101.4625,99.4778,100.5495,7833100
2026-03-11,100.6289,101.1152,99.6365,100.1228,8152800
2026-03-12,99.3388,100.1129,98.6144,98.6739,10309400
2026-03-13,99.0709,100.0037,98.4060,98.5350,9551500
2026-03-16,98.7136,98.9319,97.7113,97.9098,11578500
2026-03-17,98.4159,99.9442,98.2670,99.5373,11785600
2026-03-18,99.0808,100.2518,98.2472,98.6640,12615100
2026-03-19,98.2770,100.0137,97.6914,98.4457,14793800
2026-03-20,98.2571,99.2694,97.6418,98.7533,27544200
2026-03-23,99.4579,99.8350,97.1159,97.2052,11373000
2026-03-24,96.9968,97.3044,95.5181,95.6570,9155700
2026-03-25,96.0838,96.4410,94.3371,95.2204,8467500
2026-03-26,94.3967,95.6670,93.8707,94.0295,8548800
2026-03-27,93.4738,93.4738,91.4890,91.7172,12475900
2026-03-30,92.1836,94.4662,92.1836,93.6028,10592600
2026-03-31,94.6150,96.1532,93.4738,95.6471,11180200
2026-04-01,96.5204,97.6121,95.7563,95.8257,8518600
2026-04-02,95.2700,96.4311,94.3669,95.8754,6379100
2026-04-06,95.7662,96.4212,95.3891,95.5479,5882200
2026-04-07,95.0715,96.0540,94.6051,95.0517,7913000
2026-04-08,97.3540,98.4357,96.9472,98.4258,10821000
2026-04-09,97.9098,99.4678,96.9372,99.0312,8918300
2026-04-10,99.0808,99.3984,98.0686,98.4159,6359600
2026-04-13,97.7808,100.4999,97.7808,100.4106,6790300
2026-04-14,100.5694,102.3160,100.1327,101.8099,9997400
2026-04-15,101.8198,102.5939,101.0160,102.2565,7035300
2026-04-16,102.8321,103.7351,101.9984,103.1099,8145900
2026-04-17,103.8939,105.5214,103.8939,105.4818,10506200
2026-04-20,105.1046,106.2955,105.1046,105.4917,6423400
2026-04-21,105.3825,106.0673,103.1794,103.4970,7784500
2026-04-22,104.2313,105.4718,103.4374,104.0229,6886600
2026-04-23,104.1420,104.4000,101.7702,102.8618,6147000
2026-04-24,102.8122,102.8519,101.1946,101.8198,5974500
2026-04-27,101.8397,103.0206,101.2839,101.5717,6524300
2026-04-28,101.8794,102.5046,99.8449,100.6984,6409300
2026-04-29,100.1724,100.7083,99.8350,100.5297,5533700
2026-04-30,100.1427,103.3283,99.6564,102.9611,9203500
2026-05-01,103.6061,104.0329,102.1870,102.2962,5956900
2026-05-04,101.9587,102.2664,100.4999,100.5396,8400100
2026-05-05,100.7579,100.9564,99.2991,99.7159,14314700
2026-05-06,105.7100,108.3101,104.5092,107.2383,23219500
2026-05-07,108.2208,109.6399,106.2757,107.8337,14309200
2026-05-08,108.2009,108.3795,106.7222,107.1986,8370000
2026-05-11,107.1787,107.5658,103.5863,103.9237,10562300
2026-05-12,104.1916,105.4619,103.4275,105.3527,8178500
2026-05-13,104.5489,105.0749,103.0702,104.1023,7605900
2026-05-14,104.7375,105.4817,104.0527,104.6184,6144600
2026-05-15,104.2313,104.6184,101.5221,101.9389,9258600
2026-05-18,101.9091,103.9038,101.7702,103.1199,9037200
2026-05-19,102.9214,103.1397,101.1946,101.5122,7032600
2026-05-20,102.1275,104.0626,100.8274,103.2886,7941400
2026-05-21,102.8221,103.8245,101.8099,102.7924,8611200
2026-05-22,103.2489,103.7054,102.1969,102.2168,5693300
2026-05-26,102.3160,103.0107,101.5717,102.4946,6714400
2026-05-27,102.5145,104.4497,102.4748,103.3878,7360100
2026-05-28,103.0206,103.6161,102.3160,102.9412,6511100
2026-05-29,102.8420,102.9710,101.0557,101.0557,13340300
2026-06-01,100.8870,102.2267,99.5373,102.0679,8219000
2026-06-02,101.5717,101.7106,99.3289,100.6389,8397400
2026-06-03,99.6762,100.4999,98.4953,98.6342,7471600
2026-06-04,99.7755,100.6984,98.2571,98.5846,9568000
2026-06-05,98.9220,99.4381,98.3365,98.9518,9501600
2026-06-08,98.7632,99.0808,97.6617,98.1182,7559200
2026-06-09,98.2968,99.3289,97.7609,98.5747,8616300
2026-06-10,98.7335,99.0014,97.2052,97.8602,7041400
2026-06-11,98.0785,99.9740,97.3540,99.5770,9264400
2026-06-12,100.2915,100.9961,98.7831,99.2793,8257200
2026-06-15,100.1129,101.6213,99.8251,100.9167,10265100
2026-06-16,100.6587,101.1549,99.2892,100.5098,10694600
2026-06-17,99.9045,101.5816,99.6762,100.0930,11168700
2026-06-18,101.0259,103.4275,100.0335,103.1000,22943600
2026-06-22,102.6237,103.5168,100.7381,101.6710,17396300
2026-06-23,101.2442,103.2489,101.0259,102.7427,14457400
2026-06-24,102.3160,103.7351,100.2717,100.3511,12215500
2026-06-25,100.3411,100.8076,97.2449,97.3044,12054400
2026-06-26,97.3044,98.6938,97.1555,98.0388,13921400
2026-06-29,98.9518,99.2793,97.7510,97.8800,10418100
2026-06-30,97.4100,97.6000,95.9900,96.2500,12717800
2026-07-01,96.5500,97.7600,95.6500,95.7100,11590400
2026-07-02,96.4000,99.5200,95.7700,99.5000,11297800
2026-07-06,98.8500,99.4400,97.0200,97.4100,10171900
2026-07-07,98.1400,99.0400,96.9200,97.4800,9936400
2026-07-08,97.3000,97.6600,96.6400,96.7000,8720800
2026-07-09,96.3400,96.5500,94.7800,96.1700,11448100
2026-07-10,96.8900,97.0500,95.5200,95.6200,10678900
2026-07-13,96.1000,97.5400,95.8300,96.0000,9304200
2026-07-14,95.5100,96.6900,95.1300,95.8700,7651600
2026-07-15,96.1000,97.9000,96.1000,97.1500,10219200
2026-07-16,97.2800,99.8500,97.2800,99.7100,7480000
2026-07-17,99.0100,99.7900,97.0500,97.6700,10491500
2026-07-20,97.8500,98.3850,96.0000,96.4100,7773591
