Date,Open,High,Low,Close,Volume
2016-07-21,37.5173,37.5743,37.2457,37.3890,19062000
2016-07-22,37.5332,37.6387,37.3022,37.6303,20920000
2016-07-25,37.5510,37.6571,37.3721,37.5431,21466000
2016-07-26,37.5431,37.6293,37.3067,37.5495,23792000
2016-07-27,37.6150,37.8866,37.4643,37.7636,32172000
2016-07-28,38.1041,38.1106,37.6209,37.9554,73464000
2016-07-29,39.5349,39.8437,39.1528,39.2192,101810000
2016-08-01,38.9878,40.0196,38.9070,39.6950,60594000
2016-08-02,39.5161,39.7634,39.3773,39.6544,39928000
2016-08-03,39.4735,39.6256,39.3025,39.5949,29206000
2016-08-04,39.5612,39.6583,39.3471,39.5121,21520000
2016-08-05,39.6539,40.0063,39.5399,39.9919,36146000
2016-08-08,39.9458,40.0251,39.7322,39.9076,24426000
2016-08-09,39.8710,40.3091,39.8496,40.0191,32154000
2016-08-10,39.9978,40.1877,39.9701,40.0692,18370000
2016-08-11,40.1673,40.3363,39.9458,40.0548,25646000
2016-08-12,39.9007,40.0048,39.8288,39.9978,17946000
2016-08-15,40.0058,40.2114,39.8482,39.9438,18596000
2016-08-16,39.8219,39.8596,39.4997,39.7074,21158000
2016-08-17,39.6484,39.9275,39.4651,39.9170,21322000
2016-08-18,39.9141,40.0449,39.7292,39.7847,17292000
2016-08-19,39.6380,39.7094,39.4938,39.6311,22416000
2016-08-22,39.5746,39.6137,39.3674,39.4973,17056000
2016-08-23,39.6722,39.6980,39.4497,39.4794,18350000
2016-08-24,39.4928,39.5721,39.1905,39.3312,25672000
2016-08-25,39.2519,39.3868,39.0155,39.2173,24054000
2016-08-26,39.2762,39.6187,39.1236,39.3124,24978000
2016-08-29,39.3040,39.5751,39.1687,39.4413,15474000
2016-08-30,39.2956,39.5493,39.1266,39.2480,23348000
2016-08-31,39.1330,39.2306,39.0141,39.1454,21428000
2016-09-01,39.2510,39.2961,38.9709,39.2222,26070000
2016-09-02,39.4140,39.5047,39.3144,39.4933,26998000
2016-09-06,39.5686,40.1881,39.4219,40.0459,39790000
2016-09-07,40.0414,40.1738,39.8328,40.0444,22906000
2016-09-08,39.9071,40.0657,39.6985,39.7892,23554000
2016-09-09,39.5875,39.7352,39.0562,39.0775,37752000
2016-09-12,38.8812,39.6569,38.8307,39.5900,37274000
2016-09-13,39.3516,39.4398,38.8718,39.0894,36180000
2016-09-14,39.0304,39.4665,39.0304,39.1756,25842000
2016-09-15,39.1533,39.8293,39.0864,39.7094,31144000
2016-09-16,39.5999,39.5999,39.3322,39.5478,42612000
2016-09-19,39.7034,39.8462,39.3293,39.4199,22990000
2016-09-20,39.6484,39.7847,39.5622,39.6375,20984000
2016-09-21,39.7109,39.9413,39.4517,39.8977,26970000
2016-09-22,40.1440,40.5931,40.0305,40.4389,35186000
2016-09-23,40.3988,40.4910,40.2793,40.3899,28234000
2016-09-26,40.1351,40.1480,39.6707,39.7798,29454000
2016-09-27,39.7391,40.3170,39.7391,40.1802,27346000
2016-09-28,39.8506,40.1564,39.7862,40.1470,29406000
2016-09-29,40.0068,40.3378,39.6911,39.7793,27000000
2016-09-30,39.8268,40.0494,39.7228,39.8496,33204000
2016-10-03,39.7748,39.8239,39.4616,39.6673,29784000
2016-10-04,39.8962,39.9706,39.6321,39.7867,25174000
2016-10-05,39.9458,40.0697,39.6836,39.7094,24276000
2016-10-06,39.8506,39.9929,39.6737,39.8011,21998000
2016-10-07,39.9423,39.9428,39.4908,39.6836,23262000
2016-10-10,39.8432,40.5098,39.7594,40.3507,29922000
2016-10-11,40.3507,40.6327,40.0137,40.1227,34432000
2016-10-12,40.2412,40.3671,40.0722,40.2318,18158000
2016-10-13,39.9493,39.9735,39.5800,39.8506,27380000
2016-10-14,40.0177,40.1485,39.7634,39.8764,22238000
2016-10-17,39.9453,40.3170,39.8382,39.9874,21128000
2016-10-18,40.3527,41.0763,40.3091,40.7135,45786000
2016-10-19,40.7824,41.1253,40.7824,40.9786,30002000
2016-10-20,41.0143,41.0594,40.6669,40.7204,27878000
2016-10-21,40.6396,40.8523,40.5559,40.8409,32316000
2016-10-24,41.1397,41.5288,41.0877,41.4197,28952000
2016-10-25,41.5565,41.5565,40.9023,41.0634,37814000
2016-10-26,40.9925,41.0218,40.4587,40.7437,35898000
2016-10-27,40.7888,40.9657,40.3725,40.5083,59470000
2016-10-28,41.1323,41.5813,40.4910,40.6178,87098000
2016-10-31,40.7601,40.7700,40.0449,40.1391,44854000
2016-11-01,40.1872,40.3403,39.5622,39.9200,47118000
2016-11-02,39.9835,39.9835,38.9050,39.0745,47014000
2016-11-03,38.8802,39.1528,38.5893,38.7658,43504000
2016-11-04,38.2260,39.0775,38.2112,38.7117,39412000
2016-11-07,39.3982,39.8962,39.2966,39.7490,39852000
2016-11-08,39.7490,40.4434,39.6296,40.2422,35382000
2016-11-09,39.7391,40.2288,39.2539,39.9255,61970000
2016-11-10,40.1440,40.1470,38.0739,38.6716,118192000
2016-11-11,38.4991,38.5229,37.9406,38.2483,71852000
2016-11-14,38.2488,38.2498,36.8527,37.3300,73766000
2016-11-15,37.9371,38.6691,37.9247,38.4173,58878000
2016-11-16,38.1824,38.8307,37.9797,38.6562,35968000
2016-11-17,38.7811,39.0983,38.6498,38.9625,30674000
2016-11-18,39.0126,39.2168,38.4268,38.4575,36126000
2016-11-21,38.5631,38.9818,38.4738,38.8951,32616000
2016-11-22,39.1028,39.3397,38.8426,38.9050,27884000
2016-11-23,39.1290,39.1290,38.2929,38.6077,26260000
2016-11-25,38.7866,38.8009,38.5675,38.6686,12270000
2016-11-28,38.5754,39.6355,38.5630,38.9442,51508000
2016-11-29,39.0725,39.4720,38.9219,39.1251,31240000
2016-11-30,39.1082,39.2277,38.3177,38.4530,45582000
2016-12-01,38.5854,38.5878,37.3369,37.8806,57342000
2016-12-02,37.7602,38.1864,37.6165,37.8871,34376000
2016-12-05,38.1616,38.6572,38.0114,38.5690,33770000
2016-12-06,38.6666,38.9189,38.3262,38.4679,34682000
2016-12-07,38.6547,39.2519,38.3366,39.2257,40588000
2016-12-08,39.2990,39.5989,39.0492,39.4091,32250000
2016-12-09,39.6137,40.1416,39.5518,40.1168,38090000
2016-12-12,39.8873,40.2109,39.8729,40.0400,32572000
2016-12-13,40.2625,40.8527,40.2402,40.4087,42564000
2016-12-14,40.4374,40.8508,40.2818,40.5351,35994000
2016-12-15,40.5088,40.7883,40.2432,40.4241,35394000
2016-12-16,40.5559,40.6000,40.0509,40.1361,51978000
2016-12-19,40.1084,40.4523,39.8715,40.2679,25272000
2016-12-20,40.3110,40.4657,40.1936,40.4017,25438000
2016-12-21,40.4275,40.4275,39.9012,40.2531,29192000
2016-12-22,40.0994,40.1971,39.9473,40.1282,22632000
2016-12-23,40.0454,40.1921,39.9017,40.0350,15310000
2016-12-27,40.0786,40.4414,39.9359,40.1406,19520000
2016-12-28,40.3091,40.3091,39.7694,39.8749,24296000
2016-12-29,39.7639,39.9334,39.5562,39.7912,21148000
2016-12-30,39.8075,39.8115,39.1340,39.2742,34718000
2017-01-03,39.6792,40.2154,39.4943,40.0454,39180000
2017-01-04,40.1386,40.3140,39.8521,40.0335,30306000
2017-01-05,40.0201,40.3294,39.9418,40.2937,26810000
2017-01-06,40.3913,41.0837,40.2184,40.8979,40342000
2017-01-09,40.9553,41.1566,40.7199,40.9955,28178000
2017-01-10,40.9900,41.1060,40.7953,40.9375,23948000
2017-01-11,40.9677,41.1303,40.7125,41.1283,26508000
2017-01-12,41.0549,41.1541,40.6897,41.1119,26990000
2017-01-13,41.1848,41.3657,41.1115,41.1818,25804000
2017-01-17,41.1352,41.1442,40.7982,41.0094,28818000
2017-01-18,41.1253,41.1258,40.8418,41.0867,20554000
2017-01-19,41.0857,41.2839,40.8359,40.8562,21410000
2017-01-20,41.0901,41.0976,40.8676,41.0445,26124000
2017-01-23,41.2150,41.9054,41.0708,41.8504,49148000
2017-01-24,41.9768,42.2018,41.7438,42.1032,33768000
2017-01-25,42.3024,42.5621,42.1136,42.5452,33108000
2017-01-26,42.5750,42.6716,42.1522,42.4724,69866000
2017-01-27,42.5725,42.9690,41.7250,41.8801,75050000
2017-01-30,41.4851,41.4936,40.6907,40.8295,70338000
2017-01-31,40.6149,40.7918,40.3125,40.6491,40404000
2017-02-01,40.8379,40.8379,40.2555,40.4037,45020000
2017-02-02,40.3918,40.8656,40.2456,40.5534,33784000
2017-02-03,40.7948,40.9434,40.6074,40.6461,30562000
2017-02-06,40.6852,40.7581,40.3566,40.7199,27018000
2017-02-07,40.9122,41.2304,40.8027,41.0971,33332000
2017-02-08,41.1615,41.3459,40.8929,41.1293,26044000
2017-02-09,41.2210,41.2334,40.9618,41.1382,23884000
2017-02-10,41.2814,41.4896,41.1605,41.3756,28302000
2017-02-13,41.5169,41.7171,41.4450,41.5793,25914000
2017-02-14,41.6195,41.7300,41.4242,41.6323,27266000
2017-02-15,41.5719,41.7186,41.4435,41.4980,27144000
2017-02-16,41.5565,41.7642,41.4951,41.7384,20102000
2017-02-17,41.6958,41.9748,41.6199,41.9555,29224000
2017-02-21,42.0268,42.2355,41.9555,42.0903,25206000
2017-02-22,42.0273,42.3143,41.9634,42.1939,24488000
2017-02-23,42.1800,42.2563,41.7548,42.1760,27734000
2017-02-24,42.0100,42.0452,41.7775,42.0179,26924000
2017-02-27,41.8762,42.1597,41.7800,42.1101,20206000
2017-02-28,41.9951,42.0685,41.7022,41.8752,27662000
2017-03-01,42.1948,42.5229,42.0779,42.4610,36374000
2017-03-02,42.4392,42.4481,42.0630,42.1190,25018000
2017-03-03,42.0739,42.1671,41.8643,42.0809,20100000
2017-03-06,41.9708,42.0739,41.6888,41.9912,20958000
2017-03-07,41.9907,42.2915,41.9044,42.1834,20774000
2017-03-08,42.2811,42.4699,42.1884,42.3069,20576000
2017-03-09,42.3093,42.6572,42.2588,42.5150,26954000
2017-03-10,42.7559,42.8317,42.5036,42.6919,26732000
2017-03-13,42.6632,42.9754,42.6627,42.8490,23332000
2017-03-14,42.8079,42.9977,42.6285,42.9150,21234000
2017-03-15,43.0156,43.1117,42.6865,43.0379,26658000
2017-03-16,43.1439,43.2520,42.9948,43.1177,22090000
2017-03-17,43.3000,43.3367,43.0369,43.2351,37366000
2017-03-20,43.0919,43.1345,42.8535,43.0141,30844000
2017-03-21,43.1206,43.2896,42.0120,42.1334,50760000
2017-03-22,42.1007,42.3916,41.9778,42.1165,27334000
2017-03-23,41.6997,41.7146,41.2839,41.6135,65754000
2017-03-24,41.7300,41.8291,41.0906,41.3900,42114000
2017-03-27,41.0406,41.6992,40.8527,41.5570,38692000
2017-03-28,41.6155,41.8985,41.2477,41.6621,30384000
2017-03-29,41.7671,42.2053,41.6992,42.1200,29146000
2017-03-30,42.2246,42.2256,41.9664,42.1007,18988000
2017-03-31,41.9693,42.1046,41.8905,42.0174,28820000
2017-04-03,42.0645,42.5725,42.0040,42.4610,39388000
2017-04-04,42.0273,42.2751,42.0031,42.2538,26970000
2017-04-05,42.3599,42.6513,42.0035,42.0724,37104000
2017-04-06,42.1017,42.3044,41.8291,41.8836,30672000
2017-04-07,41.8787,41.9223,41.4970,41.7349,22232000
2017-04-10,41.7072,41.9649,41.6700,41.7151,20924000
2017-04-11,41.7151,41.8603,41.3632,41.6249,19486000
2017-04-12,41.5545,41.8152,41.5114,41.7032,22716000
2017-04-13,41.6824,41.8157,41.5243,41.6398,21474000
2017-04-17,41.6992,42.4060,41.6819,42.3807,20982000
2017-04-18,42.2523,42.4927,42.1884,42.3242,18724000
2017-04-19,42.4927,42.6320,42.3014,42.4491,21606000
2017-04-20,42.6092,42.8168,42.4982,42.6260,23776000
2017-04-21,42.6528,42.7430,42.5096,42.5700,23458000
2017-04-24,43.0404,43.6113,42.9249,43.5602,33930000
2017-04-25,43.7253,44.2204,43.5776,44.0514,40760000
2017-04-26,44.1778,44.2571,43.8685,44.0663,26466000
2017-04-27,44.1089,44.2764,43.9691,44.1802,46846000
2017-04-28,46.0417,46.3837,45.7553,45.8197,76918000
2017-05-01,45.8014,46.3797,45.6353,46.2311,46556000
2017-05-02,46.2534,46.7351,46.1409,46.4427,35026000
2017-05-03,46.3911,47.0924,46.3495,47.0057,36496000
2017-05-04,47.0969,47.5355,46.9522,47.3164,38752000
2017-05-05,47.4155,47.5008,46.9883,47.0964,32310000
2017-05-08,46.9561,47.6272,46.9536,47.5132,37534000
2017-05-09,47.6440,47.6872,47.3006,47.4151,33758000
2017-05-10,47.3908,47.4151,47.0746,47.3224,22920000
2017-05-11,47.1464,47.4785,47.0136,47.3744,20622000
2017-05-12,47.4716,47.4780,47.1846,47.3372,24298000
2017-05-15,47.3447,47.7119,47.2223,47.5395,26754000
2017-05-16,47.7541,47.8705,47.5955,47.8066,22030000
2017-05-17,47.5632,47.6272,46.5899,46.6945,48982000
2017-05-18,46.7455,47.2897,46.6498,47.1073,36010000
2017-05-19,47.2223,47.5563,47.1816,47.3130,27206000
2017-05-22,47.4294,47.8170,47.4076,47.7798,27748000
2017-05-23,48.0717,48.2972,47.8011,48.1010,30908000
2017-05-24,48.3344,48.4761,48.1545,48.4509,22660000
2017-05-25,48.5198,49.3514,48.4613,49.1571,39082000
2017-05-26,49.1640,49.3816,48.9341,49.2270,32728000
2017-05-30,49.1888,49.4426,49.1323,49.3707,30324000
2017-05-31,49.3727,49.5407,48.6526,48.9207,34482000
2017-06-01,49.1125,49.2206,48.6333,48.9802,26128000
2017-06-02,48.9951,49.3861,48.9197,49.3682,34710000
2017-06-05,49.4560,49.9273,49.3350,49.7528,27578000
2017-06-06,49.7246,49.9872,49.3028,49.3960,31042000
2017-06-07,49.5154,49.7543,49.3559,49.6349,27482000
2017-06-08,49.7702,49.8381,49.3930,49.7727,33758000
2017-06-09,49.8326,49.8331,47.2495,48.0797,72958000
2017-06-12,47.5147,47.9746,46.4283,47.6678,84042000
2017-06-13,48.1748,48.4657,47.6777,48.0985,40108000
2017-06-14,48.3463,48.5545,47.5538,47.9711,30110000
2017-06-15,46.9844,47.6118,46.6052,47.5870,48552000
2017-06-16,47.4745,47.5756,47.0181,47.5097,51184000
2017-06-19,48.0564,48.5346,47.9845,48.3324,29376000
2017-06-20,48.3369,48.6085,47.9845,48.0237,25946000
2017-06-21,48.1129,48.5470,48.0465,48.4994,23232000
2017-06-22,48.4142,48.5941,48.2378,48.4018,20190000
2017-06-23,48.3463,48.8974,48.2948,48.8712,31280000
2017-06-26,49.0649,49.2627,48.0901,48.1773,30358000
2017-06-27,47.6574,47.9359,46.9383,46.9878,48872000
2017-06-28,47.1152,47.7387,46.3966,47.6282,54912000
2017-06-29,47.1494,47.1648,46.0715,46.4789,64134000
2017-06-30,46.7847,46.8347,46.0720,46.0754,45754000
2017-07-03,46.2509,46.3014,45.3633,45.5689,33896000
2017-07-05,45.8039,46.4030,45.5278,46.2033,41882000
2017-07-06,45.8435,46.3956,45.5883,45.9768,40298000
2017-07-07,46.1404,46.8178,46.0809,46.6270,33266000
2017-07-10,46.6836,47.2376,46.6836,47.1321,29030000
2017-07-11,47.1083,47.3249,46.8407,47.2575,29224000
2017-07-12,47.6207,48.0554,47.4314,47.9577,32042000
2017-07-13,48.1134,48.5049,47.8160,48.0167,30492000
2017-07-14,48.2720,48.4474,48.0812,48.4162,21592000
2017-07-17,48.3869,48.7354,48.1134,48.3691,33210000
2017-07-18,48.2402,49.1071,48.1748,48.9138,28266000
2017-07-19,49.0654,49.3425,48.9167,49.2022,28242000
2017-07-20,49.4118,49.4951,48.7983,49.1735,28368000
2017-07-21,49.0154,49.3182,48.7760,49.2552,29266000
2017-07-24,49.2681,49.8673,49.0783,49.4768,79690000
2017-07-25,48.1084,48.4073,47.7664,48.0256,118672000
2017-07-26,48.2115,48.2695,47.5895,47.8413,44432000
2017-07-27,48.0331,48.0499,46.4412,47.2069,74358000
2017-07-28,46.9829,47.6668,46.8501,47.4953,36276000
2017-07-31,47.5781,47.6371,46.6726,46.8595,45670000
2017-08-01,46.9740,47.3050,46.8327,46.9120,28052000
2017-08-02,47.0017,47.0379,46.2162,46.9655,40788000
2017-08-03,47.0379,47.0825,46.5591,46.6018,22478000
2017-08-04,46.7827,46.9606,46.5770,46.8739,25092000
2017-08-07,46.9596,47.0310,46.7604,46.8719,28916000
2017-08-08,46.7995,47.2059,46.7098,46.7946,30102000
2017-08-09,46.5101,46.7733,46.2856,46.5909,28018000
2017-08-10,46.3391,46.4035,45.6839,45.7736,54148000
2017-08-11,45.7796,46.2578,45.6562,46.0958,32334000
2017-08-14,46.5408,46.6384,46.3138,46.5339,23012000
2017-08-15,46.6379,46.7391,46.4204,46.4917,22130000
2017-08-16,46.6489,47.0776,46.5889,46.7985,26906000
2017-08-17,46.7331,46.7757,45.9743,45.9753,33914000
2017-08-18,45.9416,46.1419,45.7667,45.9020,26748000
2017-08-21,45.8817,46.0046,45.5263,45.6388,26024000
2017-08-22,45.9406,46.6840,45.9015,46.6067,35502000
2017-08-23,46.4382,46.8560,46.3510,46.7148,22690000
2017-08-24,46.7708,46.8996,46.1280,46.4328,25892000
2017-08-25,46.5478,46.6231,46.0963,46.1161,23746000
2017-08-28,46.1845,46.3317,45.8985,45.9986,20988000
2017-08-29,45.5932,46.4972,45.5615,46.3763,23172000
2017-08-30,46.3723,46.8773,46.2920,46.7668,22406000
2017-08-31,46.8991,47.4393,46.8967,47.3422,33866000
2017-09-01,47.4527,47.4954,47.0964,47.1811,20858000
2017-09-05,46.9269,47.1514,46.3688,46.6603,29148000
2017-09-06,46.7787,46.8099,46.2241,46.6870,27830000
2017-09-07,46.7975,47.1073,46.4645,47.0771,22332000
2017-09-08,47.0676,47.1172,46.5874,46.6568,19998000
2017-09-11,46.9437,47.2153,46.6365,46.7500,26748000
2017-09-12,46.9299,46.9878,46.4630,46.9165,25696000
2017-09-13,46.8595,47.2238,46.8218,47.1043,21908000
2017-09-14,46.8843,46.9849,46.5056,46.5933,28548000
2017-09-15,46.5914,46.6736,46.1532,46.3535,39886000
2017-09-18,46.3396,46.4313,45.8633,46.0789,29474000
2017-09-19,46.2603,46.4848,45.9258,46.4313,24854000
2017-09-20,46.4744,47.0825,46.4630,46.9606,40080000
2017-09-21,46.9898,47.2213,46.5562,46.9611,27414000
2017-09-22,46.7242,47.0825,46.6285,46.7485,21496000
2017-09-25,46.5596,46.5745,45.8192,46.3034,37468000
2017-09-26,46.4229,46.7891,46.3450,46.4595,33454000
2017-09-27,46.7227,47.8472,46.6835,47.5732,46692000
2017-09-28,47.3923,47.8844,47.3576,47.8165,28018000
2017-09-29,47.8755,48.3617,47.8755,48.2581,40622000
2017-10-02,48.3537,48.4573,47.6748,47.9483,30782000
2017-10-03,47.9528,48.1947,47.7124,48.1768,21666000
2017-10-04,48.1609,48.2918,47.8561,47.9141,21156000
2017-10-05,48.2120,48.8920,48.0871,48.8265,35618000
2017-10-06,48.5693,49.2761,48.4955,49.2453,31060000
2017-10-09,49.3127,49.5833,49.1393,49.1794,25910000
2017-10-10,49.3276,49.4352,48.6243,48.9559,23268000
2017-10-11,49.0174,49.9357,48.9628,49.8406,36300000
2017-10-12,49.7508,50.1325,49.6151,49.8406,30614000
2017-10-13,50.0120,50.2920,49.9104,49.9506,26552000
2017-10-16,50.0378,50.1553,49.6359,50.0239,21420000
2017-10-17,49.9293,50.2821,49.8604,50.1057,20260000
2017-10-18,50.1082,50.3689,49.8242,50.1919,25596000
2017-10-19,49.7960,49.9233,49.4267,49.6517,34284000
2017-10-20,49.9099,49.9892,49.6730,49.8118,32120000
2017-10-23,49.8173,49.8475,48.7230,48.8439,32786000
2017-10-24,48.8915,49.0283,48.4246,48.9901,28902000
2017-10-25,48.8801,49.2845,48.4563,49.1373,30574000
2017-10-26,49.4847,49.8832,49.0882,49.1353,47396000
2017-10-27,51.0964,52.7136,50.8912,51.2292,103682000
2017-10-30,51.0057,51.5345,50.6672,51.2025,46804000
2017-10-31,51.1960,51.5925,50.8640,51.1980,30326000
2017-11-01,51.3606,51.9325,51.2456,51.6718,43262000
2017-11-02,51.5425,51.8165,50.9809,51.6902,26694000
2017-11-03,51.6792,52.0713,51.4265,52.0381,27770000
2017-11-06,51.9940,52.1669,51.6421,51.6758,18294000
2017-11-07,52.0212,52.2076,51.6916,52.1570,26104000
2017-11-08,52.0410,52.6675,51.8924,52.4494,24276000
2017-11-09,51.9394,52.0822,51.3373,51.9256,35892000
2017-11-10,51.7348,51.8715,51.6034,51.7486,19442000
2017-11-13,51.5826,51.9761,51.5063,51.6024,18814000
2017-11-14,51.4300,51.6569,51.0141,51.6242,21012000
2017-11-15,51.2952,51.5246,51.0850,51.3650,18106000
2017-11-16,51.4810,52.1258,51.4438,51.9627,23768000
2017-11-17,52.0287,52.0881,51.2322,51.3393,26712000
2017-11-20,51.3447,51.4785,51.1802,51.2783,17526000
2017-11-21,51.5449,52.0579,51.5003,52.0534,22206000
2017-11-22,52.0960,52.3077,51.9023,52.1337,14538000
2017-11-24,52.2561,52.5376,52.1337,52.3617,16492000
2017-11-27,52.4633,53.1804,52.2750,53.1294,35430000
2017-11-28,53.2275,53.5254,52.2636,52.6972,36424000
2017-11-29,52.3448,52.4732,51.0300,51.4131,55866000
2017-11-30,51.5400,51.7481,51.0508,51.3531,45092000
2017-12-01,51.0677,51.4062,50.3981,50.8030,37762000
2017-12-04,50.9383,51.1138,50.0175,50.1488,38778000
2017-12-05,50.1052,51.3784,49.6755,50.5319,38998000
2017-12-06,50.3793,51.5221,50.3193,51.1822,28710000
2017-12-07,51.3482,51.9850,51.3130,51.7694,30866000
2017-12-08,52.1283,52.3567,51.8334,52.0078,31170000
2017-12-11,52.0936,52.3359,51.7471,52.1362,23254000
2017-12-12,52.0386,52.6581,51.7843,51.9776,33882000
2017-12-13,52.1416,52.3101,51.8691,52.1074,27680000
2017-12-14,52.3107,52.8851,52.2170,52.4088,30962000
2017-12-15,52.7215,53.2900,52.5386,53.1289,63760000
2017-12-18,53.3494,53.8470,53.0481,53.7776,30292000
2017-12-19,53.6751,53.7717,53.1423,53.5145,26350000
2017-12-20,53.5710,53.5863,52.9604,53.2062,28728000
2017-12-21,53.2969,53.4025,52.9802,53.0719,25640000
2017-12-22,53.0298,53.1150,52.9128,52.9733,17788000
2017-12-26,52.9624,52.9733,52.4668,52.8241,18376000
2017-12-27,52.8613,52.9440,52.4539,52.5441,22324000
2017-12-28,52.6457,52.7740,52.2061,52.3335,19884000
2017-12-29,52.3107,52.4375,52.1724,52.2071,23606000
2018-01-02,52.1882,53.3261,52.1882,53.1889,31766000
2018-01-03,53.2245,54.3233,53.1998,54.0963,31318000
2018-01-04,54.3724,54.7188,54.2321,54.3064,26052000
2018-01-05,54.6876,55.1896,54.6058,55.0266,30250000
2018-01-08,55.0618,55.4662,55.0122,55.2208,24644000
2018-01-09,55.4305,55.4305,54.9230,55.1505,26808000
2018-01-10,54.8635,55.1500,54.7138,55.0191,20734000
2018-01-11,55.1267,55.2526,54.8377,55.1138,22424000
2018-01-12,55.0172,56.0678,54.9136,56.0356,38586000
2018-01-16,56.5144,56.9391,55.8379,56.0381,36462000
2018-01-17,56.3186,56.4653,55.6808,56.4544,27830000
2018-01-18,56.4668,56.5283,55.7288,56.2993,27498000
2018-01-19,56.4014,56.6863,56.1273,56.6725,30552000
2018-01-22,56.6883,57.8312,56.5892,57.6964,29550000
2018-01-23,58.0166,58.4076,57.8495,58.2916,39138000
2018-01-24,58.7282,58.8308,57.8570,58.0498,37128000
2018-01-25,58.5166,58.7292,58.0770,58.5875,29984000
2018-01-26,58.8546,58.8561,57.8882,58.8561,42170000
2018-01-29,58.8779,59.3735,58.6826,58.8026,31494000
2018-01-30,58.3684,58.8744,58.2093,58.3511,37338000
2018-01-31,58.6703,58.7947,58.0899,58.5915,36022000
2018-02-01,58.2827,58.8507,57.9541,58.5602,73514000
2018-02-02,55.8755,56.0678,55.0702,55.4682,117842000
2018-02-05,54.5468,55.2595,52.3726,52.6526,83550000
2018-02-06,51.2446,53.8911,51.0478,53.7449,76630000
2018-02-07,53.7717,53.8490,52.2675,52.3067,51942000
2018-02-08,52.5277,52.7289,49.7935,49.9427,66792000
2018-02-09,50.8432,52.1238,49.4119,51.8537,98360000
2018-02-12,52.3691,52.8102,51.8151,52.2646,56240000
2018-02-13,52.0386,52.5946,51.8859,52.2437,31586000
2018-02-14,52.2527,53.3009,52.0286,53.1636,41304000
2018-02-15,53.6964,54.2242,52.8925,54.0884,37396000
2018-02-16,54.1885,54.9284,54.0978,54.2936,39948000
2018-02-20,54.1578,55.3239,54.0210,54.6945,33754000
2018-02-21,54.9676,56.3107,54.8888,55.1980,41486000
2018-02-22,55.4667,55.7784,54.7718,55.0072,28010000
2018-02-23,55.4414,55.9538,54.9349,55.9087,25292000
2018-02-26,56.0956,56.7072,55.9707,56.6824,30912000
2018-02-27,56.6824,56.7096,55.3487,55.3844,42964000
2018-02-28,55.6069,55.8869,54.6653,54.7109,49292000
2018-03-01,54.9894,55.0751,52.8955,53.0997,55338000
2018-03-02,52.4341,53.8669,52.0440,53.7306,50162000
2018-03-05,53.4327,54.5751,53.1423,54.2569,28648000
2018-03-06,54.6207,54.7956,54.2440,54.5612,23382000
2018-03-07,54.1607,55.3195,54.0165,55.2620,30748000
2018-03-08,55.3690,56.0748,55.3690,55.9727,33862000
2018-03-09,56.4742,57.5398,56.2160,57.5319,42662000
2018-03-12,57.7405,58.3902,57.4506,57.7841,44306000
2018-03-13,58.0765,58.3823,56.2299,56.4945,43140000
2018-03-14,56.7865,57.4783,56.6155,56.9396,41870000
2018-03-15,56.9733,57.6141,56.2839,57.0248,33382000
2018-03-16,57.2598,57.3321,56.0708,56.2225,58656000
2018-03-19,55.3968,55.4766,53.9675,54.5201,63656000
2018-03-20,54.4373,54.7917,53.6453,54.3084,54598000
2018-03-21,54.1484,54.9478,53.8827,54.2192,44898000
2018-03-22,53.5259,53.7197,52.0207,52.1947,69312000
2018-03-23,52.1065,52.8702,50.7931,50.8764,49880000
2018-03-26,52.0683,52.4980,50.0849,52.2413,65984000
2018-03-27,52.7275,52.7592,49.4426,49.9045,60816000
2018-03-28,49.6552,50.7991,48.7676,49.8173,77698000
2018-03-29,50.1161,51.9419,49.7608,51.4012,69338000
2018-04-02,50.9294,51.5197,49.2756,50.1865,65068000
2018-04-03,50.3609,50.7995,49.4242,50.4863,51322000
2018-04-04,49.4728,51.1832,49.3876,51.0330,50724000
2018-04-05,51.8596,51.8755,50.7500,51.1782,35836000
2018-04-06,50.7054,51.3447,49.8703,50.0537,40134000
2018-04-09,50.5537,51.7704,50.5121,50.5562,33220000
2018-04-10,51.0602,51.6029,50.3243,51.3695,36620000
2018-04-11,51.1465,51.3383,50.5121,50.8025,34060000
2018-04-12,51.1202,51.7734,50.8516,51.4086,32896000
2018-04-13,51.8844,52.1862,51.0548,51.3467,25410000
2018-04-16,51.8180,52.1094,51.2416,51.8453,29776000
2018-04-17,52.5936,53.7732,52.3899,53.4937,54584000
2018-04-18,53.4763,53.6245,53.0555,53.2969,31126000
2018-04-19,52.9812,54.3932,52.9812,53.9937,39884000
2018-04-20,53.7370,54.2564,53.1339,53.3926,42434000
2018-04-23,53.6731,53.9219,52.8652,53.2186,69590000
2018-04-24,52.4945,52.7567,50.1979,50.6826,128220000
2018-04-25,51.0350,51.3482,50.4036,50.6999,57860000
2018-04-26,51.2069,52.1387,50.5740,51.7070,50926000
2018-04-27,51.8175,52.1228,50.9279,51.1192,40746000
2018-04-30,51.2664,51.4622,50.4675,50.4814,34492000
2018-05-01,50.3684,51.6287,50.0864,51.5801,35326000
2018-05-02,51.2456,51.7402,50.7084,50.8516,34698000
2018-05-03,50.8179,51.0816,49.9516,50.8640,39282000
2018-05-04,50.5324,52.1317,50.4551,52.0881,36892000
2018-05-07,52.2314,52.7820,52.0519,52.5074,34400000
2018-05-08,52.7631,52.7934,52.1198,52.4643,26030000
2018-05-09,52.7374,54.2192,52.6387,53.9689,47160000
2018-05-10,54.2688,54.9830,54.2133,54.7877,36414000
2018-05-11,54.5369,54.9631,54.3788,54.6841,30504000
2018-05-14,54.7926,55.4161,54.7545,54.8437,39338000
2018-05-15,54.3630,54.4730,53.4649,53.7667,35738000
2018-05-16,53.7776,54.2381,53.6062,53.7281,25628000
2018-05-17,53.5977,54.0705,53.3479,53.5878,25738000
2018-05-18,52.8315,53.2146,52.7661,53.0119,35482000
2018-05-21,53.4758,54.1845,53.4263,53.7241,25180000
2018-05-22,54.0111,54.1102,53.1418,53.2929,22226000
2018-05-23,53.0298,53.9219,52.8791,53.8208,23740000
2018-05-24,53.8673,53.8782,53.1438,53.7955,20604000
2018-05-25,53.8500,53.9997,53.6542,53.7276,22224000
2018-05-29,53.3271,53.5918,52.6868,52.9341,36076000
2018-05-30,53.2022,53.4753,52.8588,53.4000,28686000
2018-05-31,53.6245,55.0122,53.4263,54.5166,79368000
2018-06-01,55.1544,56.4078,55.1118,56.2512,63202000
2018-06-04,56.4247,57.3842,56.3503,57.1453,44754000
2018-06-05,57.2256,57.5447,56.8687,57.0452,32964000
2018-06-06,57.1319,57.2280,56.3166,56.8435,34934000
2018-06-07,56.7260,56.7899,55.8111,56.2225,36108000
2018-06-08,56.0634,56.4385,55.6679,56.1377,27284000
2018-06-11,56.1491,56.8826,56.0728,56.5436,24796000
2018-06-12,56.5496,56.9327,56.5496,56.9049,26092000
2018-06-13,57.1076,57.2741,56.6665,56.7086,34302000
2018-06-14,57.1041,57.7871,57.0244,57.4957,35422000
2018-06-15,57.4863,57.6840,57.1775,57.4540,44438000
2018-06-18,57.1279,58.6861,57.0442,58.6589,33038000
2018-06-19,57.9913,58.6207,57.5700,58.4165,47282000
2018-06-20,58.6450,59.5465,58.5820,58.6831,51686000
2018-06-21,58.7545,58.9934,57.6627,57.9581,44966000
2018-06-22,58.0597,58.2336,57.4729,57.9506,34220000
2018-06-25,57.2424,57.2915,55.5028,56.4633,57682000
2018-06-26,56.7042,56.8395,55.9538,56.1333,34688000
2018-06-27,56.3008,56.8068,55.3443,55.3561,34538000
2018-06-28,55.1306,56.2017,54.8174,55.8438,29726000
2018-06-29,56.1179,56.5664,55.8557,55.9633,31562000
2018-07-02,55.2773,56.6472,54.8437,56.6036,23216000
2018-07-03,56.9659,56.9902,55.2318,55.3234,16448000
2018-07-05,55.7358,56.7042,55.6624,56.5629,28594000
2018-07-06,56.5867,57.3019,56.3622,57.2464,21820000
2018-07-09,57.4902,57.8832,57.3529,57.8510,21584000
2018-07-10,57.9853,58.1593,57.6171,57.8441,21334000
2018-07-11,57.2731,58.5032,57.2608,58.0582,33252000
2018-07-12,58.2267,59.5713,58.1395,59.5351,44148000
2018-07-13,59.6114,59.9901,59.2392,59.6917,32612000
2018-07-16,59.6615,59.9043,59.1455,59.2997,26784000
2018-07-17,58.6172,60.4024,58.5805,60.1209,40162000
2018-07-18,59.8954,60.5427,59.6986,60.1125,38948000
2018-07-19,59.8022,60.2894,59.3601,59.4280,38338000
2018-07-20,59.4350,60.0064,59.3036,59.3676,37938000
2018-07-23,59.2575,60.2210,59.0766,60.0178,65446000
2018-07-24,62.9914,63.1897,61.6603,62.3546,107600000
2018-07-25,62.0805,63.3503,61.9036,63.2363,51104000
2018-07-26,62.8021,63.8042,62.5950,63.7101,54686000
2018-07-27,63.8895,64.0045,61.6776,62.0939,48362000
2018-07-30,61.7053,62.0939,60.6705,60.9614,43896000
2018-07-31,61.0442,61.5150,60.2750,60.8217,39382000
2018-08-01,61.4110,61.7475,60.7087,61.1076,36994000
2018-08-02,60.3895,61.6736,60.3677,61.5111,34704000
2018-08-03,61.7118,61.7782,60.9307,61.3639,21264000
2018-08-06,61.5349,61.5770,60.9857,61.3396,22114000
2018-08-07,62.0503,62.7476,62.0399,62.2401,42506000
2018-08-08,62.2837,63.0271,62.0557,62.5122,34344000
2018-08-09,62.5816,63.0390,62.4512,62.6673,27326000
2018-08-10,62.4056,62.5057,61.8099,62.0751,26602000
2018-08-13,62.0101,62.7421,61.8035,61.8833,27500000
2018-08-14,62.0746,62.4755,61.4323,62.3541,28080000
2018-08-15,61.6672,62.0488,60.7731,61.0695,37052000
2018-08-16,61.5537,61.6384,60.4455,60.6651,32176000
2018-08-17,60.5650,60.8083,59.6709,60.2582,33092000
2018-08-20,60.4966,60.7568,59.9038,60.5605,22218000
2018-08-21,60.6135,61.0962,60.2175,60.3355,23082000
2018-08-22,60.1774,60.7875,60.1278,60.5506,22296000
2018-08-23,60.4579,61.2157,60.4316,60.5213,24666000
2018-08-24,60.7612,61.3262,60.5342,61.2940,24454000
2018-08-27,61.6602,62.3407,61.4888,62.2614,28580000
2018-08-28,62.2431,62.2758,61.6023,61.7455,27330000
2018-08-29,62.1985,62.8016,62.0894,62.6767,36926000
2018-08-30,62.6148,62.9166,61.8124,62.1707,30104000
2018-08-31,62.0602,62.0770,60.7488,61.0487,42308000
2018-09-04,60.5887,60.8539,59.7978,60.0332,41458000
2018-09-05,59.9296,60.2096,58.2505,59.4280,53988000
2018-09-06,59.4018,59.4226,57.6691,58.6792,46854000
2018-09-07,58.0849,58.9052,57.9497,58.3620,32658000
2018-09-10,58.6896,58.8115,58.0161,58.2366,27670000
2018-09-11,58.0403,59.0236,57.7851,58.9765,29254000
2018-09-12,58.5806,59.0112,57.7955,58.0651,35716000
2018-09-13,58.4666,58.8710,57.9472,58.5875,40068000
2018-09-14,58.8779,58.8779,58.1603,58.3813,24176000
2018-09-17,58.3709,58.5716,57.4139,57.4818,34096000
2018-09-18,57.6221,58.5474,57.5611,57.8426,32314000
2018-09-19,57.9343,58.2966,57.4218,58.1974,25962000
2018-09-20,58.5146,59.1753,58.2956,59.0548,29244000
2018-09-21,59.2209,59.3032,58.0879,58.0909,91222000
2018-09-24,57.4610,58.7387,57.0690,58.4596,31150000
2018-09-25,58.6921,59.3170,58.1885,59.1698,33152000
2018-09-26,59.1599,59.8315,58.7491,59.1783,37650000
2018-09-27,59.4726,60.3082,59.3760,59.8374,36274000
2018-09-28,59.6753,59.8914,59.3651,59.8235,35612000
2018-10-01,60.1169,60.6720,59.6307,59.8954,33164000
2018-10-02,59.8032,60.6879,59.4558,59.8513,40180000
2018-10-03,60.0674,60.1754,59.5792,60.0441,26246000
2018-10-04,59.7219,59.7650,57.6810,58.3362,46576000
2018-10-05,58.2832,58.5805,57.2087,57.8783,31852000
2018-10-08,57.4902,58.2762,56.2710,57.2880,46190000
2018-10-09,57.0595,57.5670,56.7057,56.7552,33690000
2018-10-10,56.3206,56.3513,54.0958,54.1280,58980000
2018-10-11,53.4778,55.3125,53.3217,54.0577,67696000
2018-10-12,55.4900,55.7967,54.2703,55.5346,49370000
2018-10-15,55.4087,55.5970,54.4284,54.6375,30074000
2018-10-16,55.1847,56.3191,55.0989,56.1560,38378000
2018-10-17,56.4990,56.8459,55.2104,55.8840,35652000
2018-10-18,56.0034,56.1199,53.8396,54.4130,46152000
2018-10-19,54.7005,55.5549,54.3694,54.7733,41286000
2018-10-22,55.1366,55.5916,54.5166,55.0801,27116000
2018-10-23,54.0849,55.4087,53.4763,55.2555,37686000
2018-10-24,55.2600,55.3403,52.2893,52.3914,49286000
2018-10-25,53.5402,55.3998,53.3048,54.6945,72956000
2018-10-26,51.9558,55.3591,51.6535,53.7112,106438000
2018-10-29,54.3451,54.9542,49.9174,51.2818,81290000
2018-10-30,50.5522,52.0832,50.2529,52.0143,59768000
2018-10-31,52.9406,54.9131,52.9406,54.0497,70916000
2018-11-01,54.0904,54.5116,53.4173,53.8217,40132000
2018-11-02,53.9714,54.4175,52.9138,53.1036,43438000
2018-11-05,53.1552,53.1958,51.2456,52.3225,45358000
2018-11-06,52.2874,53.5165,52.2175,53.0085,28660000
2018-11-07,53.6983,55.0087,53.5546,54.9250,43388000
2018-11-08,54.8784,54.9240,53.7415,54.2504,33694000
2018-11-09,53.7246,53.9392,52.7453,53.3777,34860000
2018-11-12,53.1849,53.2330,51.5603,52.0068,34002000
2018-11-13,52.2769,52.8647,51.5628,51.9380,25750000
2018-11-14,52.5342,52.8211,51.5980,52.2655,34666000
2018-11-15,52.1109,53.4694,51.6069,53.0818,41584000
2018-11-16,52.7934,53.1507,52.2814,52.9440,35366000
2018-11-19,52.7022,52.9307,50.6940,50.9195,45684000
2018-11-20,49.9218,51.4116,49.6701,51.0697,54458000
2018-11-21,51.8061,52.2720,51.5162,51.7130,29698000
2018-11-23,51.2208,51.6916,50.9740,51.0523,14178000
2018-11-26,51.7412,52.3855,51.5316,52.3330,31558000
2018-11-27,52.1050,52.8692,51.8155,52.1516,33048000
2018-11-28,52.4083,54.1627,51.6892,54.1097,46042000
2018-11-29,53.7003,54.5240,53.6245,54.2480,31004000
2018-11-30,54.3000,54.9948,53.6830,54.9948,59668000
2018-12-03,56.1105,56.2512,55.0979,55.3274,57532000
2018-12-04,55.1604,55.2223,52.5728,52.6566,45630000
2018-12-06,51.7908,53.4966,51.6659,53.4302,47436000
2018-12-07,53.1403,53.7747,51.5117,51.8691,42682000
2018-12-10,51.6887,52.5143,51.1960,52.1962,33652000
2018-12-11,52.8781,53.0496,52.0435,52.6159,33852000
2018-12-12,53.3807,54.1067,53.1274,53.2146,28960000
2018-12-13,53.3108,53.9427,52.7815,53.2052,24986000
2018-12-14,52.5352,53.1150,52.0073,52.1233,36358000
2018-12-17,51.8904,52.6521,50.3847,50.8318,49932000
2018-12-18,51.2456,52.5188,51.0711,51.7120,43640000
2018-12-19,51.9043,53.3128,50.5235,51.3180,58264000
2018-12-20,50.8491,51.9117,49.9501,50.7292,53674000
2018-12-21,51.1485,51.4275,48.6283,49.1269,104656000
2018-12-24,48.7834,50.1612,48.4534,48.8008,36360000
2018-12-26,49.4609,51.9617,49.1963,51.9320,46318000
2018-12-27,50.8590,52.2041,49.9075,52.1823,45996000
2018-12-28,52.5094,52.7438,51.6421,51.8740,34398000
2018-12-31,52.4266,52.6824,51.1980,51.7888,33110000
2019-01-02,50.9086,52.5733,50.8134,52.2705,31868000
2019-01-03,52.0718,52.8444,50.6692,50.8228,41960000
2019-01-04,51.6698,53.5254,51.3873,53.4297,46022000
2019-01-07,53.5735,53.6592,52.6650,53.3232,47446000
2019-01-08,53.8227,54.1870,52.9480,53.7915,35414000
2019-01-09,53.9214,54.1023,53.2464,53.6072,26998000
2019-01-10,53.2746,53.5160,52.7661,53.4674,26598000
2019-01-11,53.0248,53.1968,52.3572,52.7557,30864000
2019-01-14,52.2041,52.4573,51.9667,52.1134,28490000
2019-01-15,52.4355,53.9352,52.2586,53.8480,37518000
2019-01-16,54.0210,54.6336,53.9224,53.9967,38280000
2019-01-17,53.9214,54.5513,53.6869,54.4730,24896000
2019-01-18,54.9423,55.4087,54.4809,54.8784,44892000
2019-01-22,54.3183,54.4655,53.0739,53.4575,39632000
2019-01-23,53.8654,54.1672,52.9093,53.7439,25194000
2019-01-24,53.6498,53.9219,53.0308,53.7236,29114000
2019-01-25,54.2306,54.6831,54.1102,54.5914,23260000
2019-01-28,54.0245,54.1880,53.2583,53.5184,29334000
2019-01-29,53.5769,53.7598,52.8325,53.0327,19704000
2019-01-30,53.3945,54.4928,53.3589,54.4170,29452000
2019-01-31,55.1232,55.8879,54.7768,55.7997,40232000
2019-02-01,55.6213,56.2215,55.2228,55.4394,33116000
2019-02-04,55.4587,56.6150,55.3844,56.5694,78408000
2019-02-05,55.9851,57.1319,55.6862,57.0873,82296000
2019-02-06,56.9584,57.1929,55.4265,55.6510,48256000
2019-02-07,55.1024,55.1108,54.1989,54.8095,38298000
2019-02-08,54.2628,54.7694,54.2311,54.6345,21766000
2019-02-11,54.7024,55.1822,54.5166,54.6217,18498000
2019-02-12,55.0622,56.1451,55.0622,55.8835,35036000
2019-02-13,56.1541,56.6403,55.8052,55.9355,28042000
2019-02-14,55.7556,56.3072,55.3636,55.9638,21106000
2019-02-15,56.4643,56.4643,55.3452,55.4895,27826000
2019-02-19,55.3413,55.9856,55.3413,55.8304,21980000
2019-02-20,55.9479,56.0495,55.0989,55.5370,24090000
2019-02-21,55.4473,55.4657,54.4165,54.7252,33272000
2019-02-22,54.9973,55.3715,54.5414,55.3373,29436000
2019-02-25,55.6034,55.7754,55.2159,55.3755,26208000
2019-02-26,55.2288,55.8270,54.8486,55.6074,35026000
2019-02-27,55.2109,55.7918,54.9408,55.6510,22092000
2019-02-28,55.4582,56.2011,55.4290,55.8324,27422000
2019-03-01,56.0530,56.9946,56.0530,56.9213,34086000
2019-03-04,57.2206,57.7638,56.4123,57.1641,35490000
2019-03-05,57.2920,58.3075,57.1443,57.9457,40094000
2019-03-06,58.0731,58.2207,57.6414,57.7351,23602000
2019-03-07,57.5150,57.6677,56.5838,57.0367,30086000
2019-03-08,56.1967,57.1656,56.0133,56.9931,23694000
2019-03-11,57.0937,58.4770,57.0724,58.4448,30032000
2019-03-12,58.5954,59.7556,58.5954,59.3363,42220000
2019-03-13,59.7665,59.8255,59.3691,59.4261,25888000
2019-03-14,59.4241,59.7056,59.0380,59.1024,27302000
2019-03-15,59.3735,59.5579,58.8288,58.9919,51886000
2019-03-18,58.9617,59.2224,58.5548,58.9052,24442000
2019-03-19,59.0623,59.6416,58.9503,59.5946,29788000
2019-03-20,59.5420,60.9590,59.4523,60.7825,41508000
2019-03-21,60.4639,61.2786,60.2944,61.2633,28150000
2019-03-22,60.9025,61.1394,59.7700,59.8518,34422000
2019-03-25,59.4508,59.9405,58.9770,59.3428,27576000
2019-03-26,59.7299,59.8518,58.5687,58.9691,30752000
2019-03-27,59.0722,59.0722,57.6999,58.3828,29428000
2019-03-28,58.2584,58.3451,57.6602,58.0983,22402000
2019-03-29,58.4904,58.6782,57.8064,58.3273,30890000
2019-04-01,58.8551,59.4826,58.7966,59.4221,27706000
2019-04-02,59.4751,59.7606,59.0385,59.7472,18288000
2019-04-03,60.1021,60.4936,59.7244,60.0084,22180000
2019-04-04,60.0322,60.4911,59.9207,60.4366,21022000
2019-04-05,60.4292,60.4832,59.9697,60.0401,20012000
2019-04-08,60.0233,60.1640,59.7056,59.8830,21750000
2019-04-09,59.5663,59.8270,59.3924,59.6060,19668000
2019-04-10,59.7249,59.9157,59.5054,59.7923,15510000
2019-04-11,59.9137,60.1040,59.6976,59.9479,16998000
2019-04-12,60.2468,60.6150,60.1313,60.5992,24312000
2019-04-15,60.6666,60.9248,60.1942,60.7875,23796000
2019-04-16,60.9595,61.2558,60.7136,61.0541,22622000
2019-04-17,61.3064,61.7078,61.1032,61.4620,30366000
2019-04-18,61.7029,61.7495,61.4258,61.5279,24750000
2019-04-22,61.2900,62.1658,61.1265,62.1370,19084000
2019-04-23,62.2798,63.1614,62.0483,62.9711,31868000
2019-04-24,62.9711,63.1401,62.4369,62.4487,23396000
2019-04-25,62.9567,63.0807,62.3472,62.8101,31344000
2019-04-26,63.1094,63.3835,62.6941,63.3096,27228000
2019-04-29,63.4628,64.2785,63.0266,64.2404,72368000
2019-04-30,59.0083,59.5212,58.6301,59.4211,133178000
2019-05-01,59.3487,59.4355,58.0691,58.1504,74340000
2019-05-02,58.1147,58.4507,57.4075,57.8129,45098000
2019-05-03,58.3531,59.0464,58.1618,58.9547,41588000
2019-05-06,58.0849,59.2462,58.0433,59.1485,31774000
2019-05-07,58.7694,59.2134,57.7380,58.4249,36604000
2019-05-08,58.3471,58.6931,57.8684,58.0245,25520000
2019-05-09,57.6191,58.1875,57.2246,57.8852,29556000
2019-05-10,57.9283,58.2971,56.8147,57.8689,31650000
2019-05-13,56.7587,57.0923,55.7804,56.3300,45626000
2019-05-14,56.6140,56.7404,55.6828,55.7487,40392000
2019-05-15,55.6342,58.3972,55.5772,58.0255,59302000
2019-05-16,58.0770,59.1832,57.9090,58.7045,35308000
2019-05-17,58.2748,58.7932,57.8084,57.9254,25362000
2019-05-20,57.1433,57.1433,56.4068,56.7300,30602000
2019-05-21,57.2166,57.3911,56.6631,57.2147,20562000
2019-05-22,57.0566,57.6776,57.0442,57.2845,18826000
2019-05-23,56.7998,56.9971,56.1600,56.7637,25214000
2019-05-24,57.0937,57.2107,56.3360,56.4301,18554000
2019-05-28,56.5724,57.3163,56.4331,56.4772,20948000
2019-05-29,56.1372,56.2512,55.1088,55.5048,36230000
2019-05-30,55.5152,55.8448,55.3046,55.5777,18088000
2019-05-31,54.7961,55.1807,54.6826,54.8387,31582000
2019-06-03,52.8776,52.8811,50.9002,51.4805,96890000
2019-06-04,51.7655,52.4569,51.3462,52.2611,60512000
2019-06-05,52.2864,52.3761,51.1960,51.7729,46988000
2019-06-06,51.8507,52.0386,51.3204,51.9276,29020000
2019-06-07,52.2507,53.1998,52.0956,52.9490,43828000
2019-06-10,53.3767,54.2609,53.2915,53.6622,28510000
2019-06-11,54.3674,54.7153,53.5041,53.5769,33508000
2019-06-12,53.5229,53.6503,53.0099,53.4808,23670000
2019-06-13,53.7588,54.3476,53.6528,54.0710,20814000
2019-06-14,54.0081,54.2569,53.5987,53.8376,24582000
2019-06-17,53.9764,54.5800,53.9219,54.2138,19770000
2019-06-18,55.0865,55.4473,54.5557,54.7763,34526000
2019-06-19,54.8754,54.9839,54.3198,54.7401,26714000
2019-06-20,55.5921,55.6426,54.8635,55.1708,24018000
2019-06-21,55.0053,55.8334,54.9983,55.7739,50774000
2019-06-24,55.5078,55.6847,55.1762,55.3442,24236000
2019-06-25,55.2640,55.2947,53.7534,53.9010,31644000
2019-06-26,54.0705,54.2747,53.2127,53.5412,34698000
2019-06-27,53.8599,53.9447,53.3197,53.3584,24078000
2019-06-28,53.3881,53.6642,53.2181,53.6642,33672000
2019-07-01,54.5681,54.9423,54.2851,54.5166,29196000
2019-07-02,54.7560,55.1554,54.5002,55.1410,20630000
2019-07-03,55.4335,55.9038,55.2526,55.6560,20154000
2019-07-05,55.4766,56.2339,55.3839,56.1357,29794000
2019-07-08,55.7987,55.8651,55.0994,55.3487,29888000
2019-07-09,55.0281,55.8973,54.8709,55.7204,29472000
2019-07-10,56.1184,56.6150,56.0361,56.5441,30710000
2019-07-11,56.8043,57.1552,56.4757,56.7012,26004000
2019-07-12,56.6442,56.8707,56.4276,56.7637,21878000
2019-07-15,56.7637,57.0283,56.4990,57.0199,21164000
2019-07-16,56.8326,57.4199,56.8326,57.1661,25352000
2019-07-17,57.0402,57.4129,56.8271,56.8331,19538000
2019-07-18,56.5981,56.9039,56.1451,56.8578,25450000
2019-07-19,56.9609,57.0729,56.0654,56.0802,23184000
2019-07-22,56.2745,56.5000,55.7660,56.4599,28914000
2019-07-23,56.6700,56.9381,56.1447,56.8980,20648000
2019-07-24,56.1333,56.7696,55.9296,56.4856,27192000
2019-07-25,56.4470,56.6769,55.6917,56.2978,54762000
2019-07-26,60.8603,62.8621,60.8603,61.7138,121216000
2019-07-29,61.5790,61.9006,60.9694,61.5463,41382000
2019-07-30,60.8108,61.3019,60.7275,60.8603,28616000
2019-07-31,60.7052,61.2028,59.8780,60.3746,39960000
2019-08-01,60.3464,61.2717,59.8196,60.0565,35426000
2019-08-02,59.6213,59.9435,58.9770,59.2903,34910000
2019-08-05,58.1330,58.3268,56.6353,57.2300,47840000
2019-08-06,57.7638,58.5508,57.5660,58.0394,36014000
2019-08-07,57.3812,58.4750,57.0362,58.2787,30686000
2019-08-08,58.8001,59.7839,58.1841,59.7794,30116000
2019-08-09,59.4722,59.6937,58.7238,58.9225,20418000
2019-08-12,58.4814,58.7595,57.9224,58.2088,22064000
2019-08-13,58.2014,59.7418,58.1340,59.3106,28434000
2019-08-14,58.2867,58.6197,57.5432,57.7009,35430000
2019-08-15,57.9080,58.3040,57.6389,57.9521,28506000
2019-08-16,58.5206,58.6717,58.1345,58.4423,24916000
2019-08-19,59.0677,59.9380,58.9969,59.4944,24450000
2019-08-20,59.2422,59.3735,58.6326,58.6564,20206000
2019-08-21,59.2655,59.5004,58.8739,59.0553,14152000
2019-08-22,59.1654,59.4122,58.4274,59.0524,17352000
2019-08-23,58.7377,59.2580,56.9946,57.1720,36254000
2019-08-26,57.4630,58.0780,57.2350,58.0443,21166000
2019-08-27,58.6301,58.7292,57.7162,58.0265,23460000
2019-08-28,57.7316,58.4071,57.5026,58.1717,16810000
2019-08-29,58.7996,59.4325,58.7431,59.1872,19636000
2019-08-30,59.4900,59.4900,58.7649,59.0033,18064000
2019-09-03,58.5731,58.9314,57.6741,57.9635,25908000
2019-09-04,58.4542,58.7233,58.0617,58.5939,21312000
2019-09-05,59.1584,60.1665,59.1103,60.0768,26394000
2019-09-06,59.9256,60.1144,59.6342,59.7859,18972000
2019-09-09,59.8235,60.4911,59.1341,59.7338,31854000
2019-09-10,59.2789,59.9682,59.2749,59.7551,27922000
2019-09-11,59.6654,60.5863,59.5856,60.4639,23522000
2019-09-12,60.6358,61.5750,60.5907,61.2058,31644000
2019-09-13,61.0640,61.5071,60.8147,61.4566,23676000
2019-09-16,60.9813,61.4065,60.7211,61.0402,28218000
2019-09-17,61.0402,61.2073,60.6299,60.9535,20806000
2019-09-18,60.9714,61.2687,60.2889,61.0908,17440000
2019-09-19,61.0744,61.6702,61.0739,61.3931,16554000
2019-09-20,61.1399,61.5938,60.6413,60.9515,37692000
2019-09-23,60.7895,61.4392,60.6512,61.1919,20798000
2019-09-24,61.4551,61.8074,60.0000,60.3811,35804000
2019-09-25,60.2661,61.8525,59.9286,61.7495,26798000
2019-09-26,61.5611,61.6865,61.0497,61.5686,23166000
2019-09-27,61.5953,61.7024,60.2260,60.7587,34122000
2019-09-30,60.4936,60.8311,60.1377,60.5203,24470000
2019-10-01,60.5873,61.1012,59.7477,59.7700,24504000
2019-10-02,59.2992,59.4112,58.1162,58.3783,33030000
2019-10-03,58.6470,59.0266,57.6458,58.9488,28368000
2019-10-04,59.1897,60.0902,59.0251,60.0158,24282000
2019-10-07,59.8196,60.4098,59.6887,59.8815,17040000
2019-10-08,59.4117,59.8131,58.9513,58.9835,20086000
2019-10-09,59.5386,59.8919,59.3795,59.5916,15948000
2019-10-10,59.4033,60.2468,59.3666,59.9420,12842000
2019-10-11,60.6636,60.8975,60.1486,60.2512,22330000
2019-10-14,60.1610,60.7553,60.0614,60.3533,13296000
2019-10-15,60.5382,61.8084,60.5095,61.5661,27584000
2019-10-16,61.5448,62.1583,61.3822,61.6037,22986000
2019-10-17,62.0201,62.6321,61.9442,62.0894,20958000
2019-10-18,62.1831,62.3526,61.4620,61.6736,31624000
2019-10-21,61.8862,62.1246,61.4546,61.6672,18094000
2019-10-22,61.6771,61.8877,61.4476,61.5145,22862000
2019-10-23,61.4655,62.3491,61.4655,62.3288,21282000
2019-10-24,62.4022,62.5900,62.0671,62.4022,20224000
2019-10-25,62.0498,62.8428,61.9085,62.6594,27104000
2019-10-28,63.1897,64.3910,63.0564,63.8825,65428000
2019-10-29,63.2392,63.4771,62.2287,62.4790,52654000
2019-10-30,62.2059,62.8438,61.9829,62.4810,29204000
2019-10-31,62.4463,62.7694,61.9249,62.3868,31904000
2019-11-01,62.7337,63.0906,62.4319,63.0534,28812000
2019-11-04,63.2447,64.0570,63.2447,63.9138,30632000
2019-11-05,63.9926,64.2919,63.9024,64.0045,25148000
2019-11-06,63.9376,64.0813,63.5500,63.9832,24626000
2019-11-07,64.1452,65.5512,64.1189,64.7726,45140000
2019-11-08,64.5040,65.2767,64.5040,64.8747,30392000
2019-11-11,64.6269,64.6716,64.2240,64.3435,17234000
2019-11-12,64.3578,64.8921,64.1432,64.2904,28852000
2019-11-13,64.0907,64.5536,64.0397,64.2394,20538000
2019-11-14,64.1809,65.2078,64.1284,64.8822,28948000
2019-11-15,65.1746,66.0910,65.0180,66.0910,39286000
2019-11-18,66.0315,66.1098,65.2296,65.4120,27984000
2019-11-19,65.7485,65.7485,65.0120,65.0527,21864000
2019-11-20,64.9917,65.0834,63.8939,64.5209,28892000
2019-11-21,64.3915,64.9798,63.9703,64.4357,25546000
2019-11-22,64.5774,64.7707,63.9014,64.1150,27776000
2019-11-25,64.2433,64.9446,64.2111,64.7082,23590000
2019-11-26,64.9198,65.1230,64.6289,65.0730,21910000
2019-11-27,65.1929,65.3030,64.8980,65.0299,18808000
2019-11-29,64.7558,64.9218,64.5888,64.6314,12802000
2019-12-02,64.5556,64.6983,63.4563,63.8766,26538000
2019-12-03,63.3711,64.2914,63.2913,64.1680,25270000
2019-12-04,64.7310,65.6315,64.5799,65.3674,35506000
2019-12-05,65.7668,65.8154,65.1384,65.7649,24408000
2019-12-06,66.0518,66.5335,65.9765,66.3809,32968000
2019-12-09,66.3546,67.2809,66.2163,66.5593,30842000
2019-12-10,66.4081,66.8076,66.1138,66.5544,17606000
2019-12-11,66.8225,66.9013,66.4656,66.6218,20480000
2019-12-12,66.5702,67.1337,66.3219,66.8319,29114000
2019-12-13,66.8026,66.9736,66.4934,66.7516,33170000
2019-12-16,67.1545,67.5773,66.9370,67.4370,28128000
2019-12-17,67.5218,67.6169,66.9449,67.1491,32948000
2019-12-18,67.2537,67.3741,66.9295,67.0014,23330000
2019-12-19,67.0014,67.2799,66.8448,67.2259,28922000
2019-12-20,67.5560,67.6006,66.9429,66.9672,50090000
2019-12-23,67.3394,67.4940,66.8076,66.9380,19936000
2019-12-24,66.9171,67.0064,66.6178,66.6307,13468000
2019-12-26,66.7357,67.5609,66.6842,67.5247,23662000
2019-12-27,67.6006,67.7517,67.0554,67.1367,23212000
2019-12-30,67.2442,67.2536,66.3041,66.3967,19994000
2019-12-31,66.2025,66.4438,66.0211,66.3809,19514000
2020-01-02,66.8279,67.8325,66.7328,67.8325,27278000
2020-01-03,66.8076,68.0838,66.7739,67.4777,23408000
2020-01-06,66.9875,69.3015,66.9563,69.2762,46768000
2020-01-07,69.4076,69.5582,68.9665,69.1424,34330000
2020-01-08,69.1280,69.9721,69.0195,69.6345,35314000
2020-01-09,70.4716,70.8062,69.8908,70.3656,33200000
2020-01-10,70.8453,71.1164,70.3561,70.8200,26258000
2020-01-13,71.1318,71.4405,70.6421,71.3687,30730000
2020-01-14,71.3672,71.4975,70.7610,70.9008,26076000
2020-01-15,71.0212,71.4058,70.9538,71.3275,21550000
2020-01-16,71.6373,71.8975,71.3672,71.8707,26080000
2020-01-17,72.4843,73.3768,72.1874,73.3258,52424000
2020-01-21,73.3000,73.8393,72.8644,73.4611,48930000
2020-01-22,73.8318,74.3695,73.4814,73.5414,28458000
2020-01-23,73.7238,74.0187,73.3654,73.5820,26650000
2020-01-24,73.9850,74.0533,72.5160,72.6642,29786000
2020-01-27,70.9479,71.1977,70.3512,70.9573,34132000
2020-01-28,71.4534,72.1007,70.8894,71.8876,29724000
2020-01-29,72.2821,72.5636,71.6343,72.1948,21566000
2020-01-30,71.2730,72.1230,71.1194,72.0734,27110000
2020-01-31,72.7479,72.8376,70.7259,71.0094,43822000
2020-02-03,72.4402,73.6618,72.1904,73.4785,71636000
2020-02-04,72.0853,72.7222,70.4766,71.6353,95880000
2020-02-05,72.5373,72.5854,70.8557,71.6670,36376000
2020-02-06,71.9609,73.4269,71.8866,73.1499,37822000
2020-02-07,72.7246,73.6098,72.6265,73.3055,28360000
2020-02-10,73.2123,74.7809,73.1117,74.7700,38302000
2020-02-11,74.9985,75.8217,74.6109,74.8394,34852000
2020-02-12,75.1268,75.3469,74.7705,75.2641,31042000
2020-02-13,74.8364,75.6269,74.5390,75.0044,22914000
2020-02-14,75.0609,75.3345,74.6159,75.2691,23198000
2020-02-18,75.0515,75.8554,74.8865,75.3043,25642000
2020-02-19,75.6888,75.8643,75.3806,75.5734,22746000
2020-02-20,75.2829,75.6824,74.5519,75.1828,25962000
2020-02-21,74.5678,74.8835,73.2748,73.5211,42520000
2020-02-24,70.5271,71.1878,69.7213,70.3690,49560000
2020-02-25,70.9211,71.2111,68.4144,68.7068,51580000
2020-02-26,69.1360,70.0623,68.2226,68.9124,49776000
2020-02-27,67.3597,67.8682,65.1344,65.1696,62290000
2020-02-28,63.1555,66.5325,62.8532,66.3739,80198000
2020-03-02,66.9756,68.7638,65.6776,68.7068,55430000
2020-03-03,69.2698,69.7906,65.8778,66.2981,56602000
2020-03-04,67.3508,68.5313,66.2624,68.4728,47598000
2020-03-05,66.6862,67.0866,64.5100,65.1602,54380000
2020-03-06,62.9394,64.5650,62.3080,64.2176,64640000
2020-03-09,59.7185,62.0860,59.3755,60.2552,69252000
2020-03-10,62.1682,63.2318,60.1918,63.1981,54872000
2020-03-11,61.8649,62.2941,59.0335,60.0129,54732000
2020-03-12,55.6376,58.9151,54.9364,55.0890,94326000
2020-03-13,58.2331,60.1863,55.1257,60.1799,79400000
2020-03-16,54.0017,56.7701,52.8851,53.1785,96520000
2020-03-17,54.0527,55.8052,51.9940,55.4116,83194000
2020-03-18,52.5312,54.7639,51.3943,54.0800,93044000
2020-03-19,53.9328,57.1240,52.3136,55.0950,74064000
2020-03-20,56.0480,56.4237,52.6382,52.9411,82878000
2020-03-23,52.3543,52.8766,50.0001,52.2432,83672000
2020-03-24,54.7138,56.1684,53.8440,56.0039,72468000
2020-03-25,55.7348,56.8048,53.6746,54.5969,90324000
2020-03-26,55.2461,58.0592,54.1216,57.6349,76562000
2020-03-27,55.8780,57.0467,54.7148,55.0251,62794000
2020-03-30,56.1342,57.0442,54.4418,56.8117,58736000
2020-03-31,56.9317,58.1543,56.3365,57.5869,65228000
2020-04-01,55.7060,55.9747,54.1940,54.6207,51970000
2020-04-02,54.5166,55.6451,54.1761,55.3606,56410000
2020-04-03,55.2456,55.4478,53.2815,54.1548,51374000
2020-04-06,56.1521,59.0142,55.7556,58.6395,63320000
2020-04-07,60.3157,60.5025,58.3451,58.6083,61620000
2020-04-08,59.6263,60.2111,58.6772,59.8196,40334000
2020-04-09,60.3737,60.5625,59.0970,59.7983,54028000
2020-04-13,59.5470,60.1923,58.5969,59.9886,38702000
2020-04-14,61.4536,63.2268,60.8871,62.7055,63358000
2020-04-15,61.7777,63.1951,61.1577,62.3125,42236000
2020-04-16,62.8001,63.1084,61.3659,62.3189,57896000
2020-04-17,63.5217,63.9331,62.7436,63.3879,51050000
2020-04-20,62.9364,63.2799,62.2698,62.5033,35292000
2020-04-21,61.5894,61.9507,59.7205,60.0753,49648000
2020-04-22,61.5101,63.4315,61.3163,62.3675,46296000
2020-04-23,62.7307,63.8414,62.4725,62.9999,34202000
2020-04-24,62.1985,63.3240,61.6533,63.2690,37402000
2020-04-27,64.0322,64.1363,62.6970,62.9845,44186000
2020-04-28,63.5961,63.6734,60.9783,61.0878,80700000
2020-04-29,66.6589,67.4098,65.7535,66.5192,108358000
2020-04-30,65.9829,66.9067,65.4943,66.7432,55842000
2020-05-01,65.6226,66.9776,64.9075,65.2871,48872000
2020-05-04,64.8316,65.6414,64.2309,65.5636,30806000
2020-05-05,66.2872,67.9480,66.1648,66.8581,39666000
2020-05-06,67.3032,67.8330,66.6654,66.6802,31732000
2020-05-07,67.4672,68.1953,67.0326,67.8622,30652000
2020-05-08,68.4837,69.2182,67.9975,68.6086,33326000
2020-05-11,68.2344,70.1544,68.1705,69.5627,32718000
2020-05-12,69.7921,70.0949,68.1214,68.1547,33918000
2020-05-13,68.2032,68.6577,65.8169,66.8239,40368000
2020-05-14,66.0900,67.2720,65.5835,67.2467,36660000
2020-05-15,66.8205,68.1249,66.3615,68.0496,41544000
2020-05-18,67.4806,69.0259,67.1149,68.6503,47094000
2020-05-19,68.6651,69.0126,68.0843,68.1160,31586000
2020-05-20,68.8475,69.9810,68.7613,69.8387,38262000
2020-05-21,69.9294,70.2005,69.1067,69.7193,30894000
2020-05-22,69.5780,70.2273,69.1840,70.0409,28544000
2020-05-26,71.4643,71.6204,70.3462,70.4438,44590000
2020-05-27,70.3760,70.6411,69.1171,70.3898,31684000
2020-05-28,69.3847,71.5882,69.3392,70.2887,35170000
2020-05-29,70.3973,71.2051,70.1767,71.0460,37044000
2020-06-01,70.6585,71.4455,70.4890,71.1129,25162000
2020-06-02,71.1194,71.5159,70.4558,71.4817,23442000
2020-06-03,71.5010,71.8137,70.9519,71.3300,27732000
2020-06-04,71.2076,71.4326,69.6826,70.0935,26982000
2020-06-05,70.1599,71.6794,69.7624,71.3682,42642000
2020-06-08,70.6872,71.8132,70.5980,71.7656,33878000
2020-06-09,71.6269,72.7450,71.4841,71.9659,33624000
2020-06-10,72.4332,72.9913,72.0788,72.5913,31762000
2020-06-11,71.4182,71.9421,69.3059,69.4789,47144000
2020-06-12,70.6664,71.0951,68.6810,70.0251,36676000
2020-06-15,68.8639,70.6238,68.7504,70.4126,30468000
2020-06-16,71.8132,72.2181,70.8215,71.6878,30648000
2020-06-17,72.0085,72.4674,71.1258,71.9887,30610000
2020-06-18,71.8553,72.0100,70.6852,71.0758,34862000
2020-06-19,71.3672,71.5902,70.3264,70.6059,52784000
2020-06-22,70.6243,71.9099,70.3358,71.8955,29442000
2020-06-23,71.9619,73.1117,71.6150,72.5556,37752000
2020-06-24,72.5209,73.1409,70.8716,71.0054,31592000
2020-06-25,70.9320,71.4821,70.3531,71.4217,23958000
2020-06-26,71.0019,71.2195,67.1545,67.5282,97640000
2020-06-29,67.4192,69.2856,66.9885,69.2445,45074000
2020-06-30,69.2301,70.5742,68.7370,70.2793,40286000
2020-07-01,70.3348,71.7875,70.0875,71.4663,42182000
2020-07-02,71.9540,73.7719,71.9158,72.8505,57218000
2020-07-06,73.7535,74.8364,73.1999,74.3235,44712000
2020-07-07,74.1490,75.3974,73.8303,73.8412,42364000
2020-07-08,74.3804,74.8944,73.9592,74.5192,31766000
2020-07-09,74.8329,75.7850,74.1223,75.2656,41836000
2020-07-10,74.9975,76.3896,74.3765,76.2742,35918000
2020-07-13,76.8159,78.1253,74.6659,74.9469,42954000
2020-07-14,73.9835,75.4708,73.6435,75.3746,38108000
2020-07-15,75.4921,76.1413,74.2333,75.1774,31026000
2020-07-16,74.4152,75.1293,73.7595,75.0803,26484000
2020-07-17,75.1789,75.5020,74.2466,75.1759,34264000
2020-07-20,75.0842,77.7610,74.4746,77.5047,30166000
2020-07-21,78.5549,78.6550,76.9487,77.1122,27486000
2020-07-22,77.1018,77.6604,76.4833,77.5548,24482000
2020-07-23,77.6083,77.8274,74.7665,75.1710,33910000
2020-07-24,74.3007,75.1055,73.7258,74.7477,29902000
2020-07-27,74.9980,76.2023,74.9519,75.7994,27124000
2020-07-28,75.5798,75.6299,74.3666,74.5217,30910000
2020-07-29,74.5886,75.9926,74.4900,75.5060,22676000
2020-07-30,74.2402,76.3673,74.1014,76.2425,36042000
2020-07-31,74.1946,74.5896,72.0610,73.7436,91468000
2020-08-03,73.8948,74.2283,72.9392,73.4864,45482000
2020-08-04,73.6822,73.9993,72.5581,73.0175,37212000
2020-08-05,73.1920,73.8452,72.9144,73.3045,29134000
2020-08-06,73.1588,74.6515,72.9481,74.5861,33306000
2020-08-07,74.7888,75.3365,73.6603,74.2600,27718000
2020-08-10,73.8848,74.6952,73.2252,74.1832,20546000
2020-08-11,74.0434,74.8582,73.2599,73.3764,31098000
2020-08-12,73.7025,74.9192,73.5974,74.6996,22512000
2020-08-13,74.7477,76.1731,74.7477,75.1660,22388000
2020-08-14,75.0153,75.3216,74.2912,74.5703,21942000
2020-08-17,75.1323,75.5194,74.5886,75.1457,19990000
2020-08-18,75.6353,77.1841,75.4148,77.1053,28378000
2020-08-19,76.9422,77.7535,76.3232,76.5517,30472000
2020-08-20,76.3217,78.3141,76.0487,78.1198,26382000
2020-08-21,77.8992,78.8944,77.4289,78.0861,34838000
2020-08-24,78.9237,79.7320,78.0598,78.5609,25638000
2020-08-25,78.3106,79.7369,78.2006,79.5868,25150000
2020-08-26,79.6091,81.9132,79.3454,81.4840,52188000
2020-08-27,81.6069,81.6753,80.2291,80.7103,31350000
2020-08-28,80.7574,81.3462,80.5661,81.2510,22418000
2020-08-31,81.4562,81.5023,80.5522,80.7604,26422000
2020-09-01,80.8907,82.2318,80.7604,82.0267,22652000
2020-09-02,82.6675,85.5464,82.2799,85.1148,49522000
2020-09-03,84.2291,84.2529,79.6790,80.7594,63726000
2020-09-04,79.7429,81.0310,76.2226,78.3656,55850000
2020-09-08,75.5798,77.0939,75.1585,75.5104,54032000
2020-09-09,76.7643,77.2510,75.5882,76.6815,39242000
2020-09-10,76.8277,77.9914,75.3320,75.6318,33024000
2020-09-11,75.7359,76.2588,73.9949,75.1219,30706000
2020-09-14,75.9094,77.1658,74.5941,74.7784,42660000
2020-09-15,75.7230,76.8679,75.4361,76.0814,23042000
2020-09-16,76.4461,77.0354,74.9152,74.9400,22128000
2020-09-17,73.6375,74.2744,72.4803,73.6985,40008000
2020-09-18,73.7609,74.1029,70.9519,71.9168,63056000
2020-09-21,70.9519,71.3701,69.5176,70.8785,56908000
2020-09-22,71.8786,72.5551,70.8468,72.3495,33950000
2020-09-23,71.9663,72.0154,69.5176,69.8501,37726000
2020-09-24,69.5176,71.2676,69.4913,70.5177,34552000
2020-09-25,70.6262,71.6616,69.7654,71.3206,30326000
2020-09-28,72.9526,73.0022,71.6784,72.2920,30784000
2020-09-29,72.5522,72.9531,72.0610,72.6567,31816000
2020-09-30,72.4050,73.6569,72.1483,72.6359,40924000
2020-10-01,73.5310,74.0965,73.1910,73.7411,32884000
2020-10-02,72.3400,73.3015,71.7314,72.1403,31222000
2020-10-05,72.4897,73.5825,72.3628,73.4898,21602000
2020-10-06,73.1266,73.5736,71.6155,71.9133,26096000
2020-10-07,72.3242,72.8029,71.0316,72.3158,36108000
2020-10-08,72.6285,73.7476,72.6285,73.5196,26076000
2020-10-09,73.9869,74.9281,73.6965,74.8587,32966000
2020-10-12,76.2241,78.7229,75.7929,77.5419,55344000
2020-10-13,78.1575,78.5614,77.2465,77.6648,39072000
2020-10-14,78.0380,78.4965,76.6156,77.4849,33174000
2020-10-15,76.5462,77.8794,76.3792,77.0899,31210000
2020-10-16,77.4051,78.1921,77.1985,77.6961,34194000
2020-10-19,78.1039,78.5004,75.4767,75.8251,29734000
2020-10-20,75.4862,78.0004,75.3568,76.8724,41670000
2020-10-21,77.8026,80.0472,77.6683,78.6025,60322000
2020-10-22,78.5534,79.9620,78.1808,79.6269,30512000
2020-10-23,80.0427,80.9879,79.8871,80.9314,30548000
2020-10-26,80.0403,80.7628,77.7000,78.5183,35826000
2020-10-27,78.7482,79.3960,78.1565,79.2413,25902000
2020-10-28,76.8193,77.0076,74.7611,74.8760,45174000
2020-10-29,75.1843,78.7388,75.1610,77.1598,55406000
2020-10-30,82.6392,83.3271,79.3747,80.0953,99878000
2020-11-02,80.4635,82.1833,80.0026,80.5022,44228000
2020-11-03,80.8213,82.2209,79.8970,81.5598,31432000
2020-11-04,84.5295,87.7236,84.4016,86.5253,71342000
2020-11-05,87.7444,88.8036,86.2864,87.3504,39758000
2020-11-06,86.7974,87.6478,86.0708,87.2132,28622000
2020-11-09,89.0097,90.0460,87.1051,87.2969,53440000
2020-11-10,85.7283,87.1958,85.0518,86.1223,43022000
2020-11-11,86.6516,87.3703,86.3870,86.5937,31838000
2020-11-12,86.3345,87.4734,86.1347,86.3751,26474000
2020-11-13,86.6318,88.0755,86.0361,87.8342,29744000
2020-11-16,87.4317,88.9285,87.2925,87.9219,25468000
2020-11-17,87.6161,88.0760,87.2013,87.3088,21314000
2020-11-18,87.0600,87.4743,86.1645,86.2670,20108000
2020-11-19,85.8998,87.3995,85.7407,87.1557,20106000
2020-11-20,87.3257,87.6409,85.9875,86.0559,27694000
2020-11-23,86.2462,86.5322,84.7574,85.6188,22530000
2020-11-24,85.6158,87.5477,85.2803,87.4198,27984000
2020-11-25,87.6136,87.7410,86.6497,87.4312,19600000
2020-11-27,87.4515,89.0608,87.4515,88.5657,14790000
2020-11-30,88.0022,88.2346,86.6239,86.9490,32418000
2020-12-01,87.5566,90.2854,87.3767,88.9790,37350000
2020-12-02,88.9790,90.8316,88.4740,90.4465,29424000
2020-12-03,90.2269,91.3812,90.0515,90.2914,24728000
2020-12-04,90.2111,90.6710,89.8825,90.3865,20544000
2020-12-07,89.9796,90.6606,89.3596,90.0530,22288000
2020-12-08,89.6312,90.0004,88.7768,89.7705,19936000
2020-12-09,89.7224,90.6150,87.3257,88.1117,31728000
2020-12-10,87.3554,87.9694,85.9147,87.6057,28688000
2020-12-11,87.2265,88.0844,86.8667,87.9600,18628000
2020-12-14,87.7578,88.7034,86.6878,86.8429,33050000
2020-12-15,87.2196,87.4248,86.3181,87.2801,21352000
2020-12-16,87.6780,87.6780,86.6844,87.0873,24676000
2020-12-17,87.4213,87.5591,85.7967,86.2606,34880000
2020-12-18,86.5411,86.6497,84.9963,85.5524,85256000
2020-12-21,84.7054,86.0866,83.9555,85.9657,33974000
2020-12-22,85.7065,85.8691,84.5394,85.2550,20370000
2020-12-23,85.4389,86.4390,85.3036,85.6520,22974000
2020-12-24,85.6902,86.3548,85.4597,85.9459,9312000
2020-12-28,86.4787,88.5647,86.3255,87.9184,27650000
2020-12-29,88.5761,88.6375,86.9842,87.1155,19726000
2020-12-30,87.4743,87.6111,85.6406,86.0495,21026000
2020-12-31,86.1000,87.1026,86.0415,86.8618,21070000
2021-01-04,87.2265,87.3499,84.6068,85.5479,37324000
2021-01-05,85.4964,86.5738,85.0905,86.2378,20360000
2021-01-06,84.2658,86.4321,84.0596,85.3868,46588000
2021-01-07,85.5791,88.1097,85.5791,87.9372,41936000
2021-01-08,88.0770,89.1772,87.2870,89.1014,35484000
2021-01-11,88.0701,88.4348,86.8370,87.0427,34796000
2021-01-12,86.5010,87.6181,85.0647,86.1080,29528000
2021-01-13,85.6069,87.0476,85.6069,86.5946,23432000
2021-01-14,86.6749,87.6007,85.5450,85.7853,29212000
2021-01-15,85.6912,86.6130,84.8333,85.6218,31444000
2021-01-19,86.3840,89.3993,85.8800,88.4393,41660000
2021-01-20,90.5159,94.1511,90.1759,93.1773,64152000
2021-01-21,93.8503,95.7549,93.1446,93.3795,58634000
2021-01-22,93.7418,94.3826,93.0003,93.7963,32744000
2021-01-25,94.7964,95.2464,92.1410,93.8815,50586000
2021-01-26,93.4707,94.9456,92.9820,94.5590,31462000
2021-01-27,92.9216,93.1971,89.0742,90.1477,82512000
2021-01-28,90.7453,93.5698,90.7453,91.8456,55278000
2021-01-29,90.8950,91.5651,89.2863,90.5649,44530000
2021-02-01,91.4189,94.9352,91.4189,93.8216,40252000
2021-02-02,94.8158,96.6118,94.4807,95.1126,66332000
2021-02-03,102.3727,104.4052,99.7926,102.0392,97882000
2021-02-04,102.1254,102.5556,100.8606,101.7790,48596000
2021-02-05,102.0729,103.8759,101.5991,103.5235,29866000
2021-02-08,104.0771,104.8205,102.2607,103.3099,28828000
2021-02-09,102.8282,104.0033,102.5903,102.8574,21892000
2021-02-10,103.2415,104.0216,101.7101,103.4071,25102000
2021-02-11,103.6311,103.7798,102.5338,103.5196,20480000
2021-02-12,103.0745,104.0523,102.7672,103.8308,18990000
2021-02-16,103.6682,106.3143,103.6682,104.6074,31004000
2021-02-17,103.7788,105.1893,103.4997,104.9999,20294000
2021-02-18,104.3249,105.1670,103.7466,104.3651,22546000
2021-02-19,104.4632,104.9980,103.2559,103.5225,37938000
2021-02-22,101.7775,103.1023,101.5000,101.8102,29466000
2021-02-23,99.8144,102.7142,98.6369,102.1007,34658000
2021-02-24,100.6099,103.4983,100.4855,103.2747,22608000
2021-02-25,101.8930,103.2346,99.4427,99.9116,41548000
2021-02-26,100.6054,101.9222,99.1711,100.2069,40042000
2021-03-01,101.5000,102.8991,100.8269,102.5735,26060000
2021-03-02,102.3346,103.8164,101.9297,102.3167,25564000
2021-03-03,101.6957,102.8872,98.8237,99.6866,33892000
2021-03-04,99.8580,102.8178,99.3902,100.8027,49216000
2021-03-05,102.1517,104.3844,100.4979,103.9319,53100000
2021-03-08,103.2871,104.7581,99.3783,99.4928,36868000
2021-03-09,101.5867,102.2890,100.8854,101.1213,33920000
2021-03-10,102.1641,102.1641,100.0791,100.9147,27100000
2021-03-11,102.0065,104.6357,101.9188,104.1039,27702000
2021-03-12,102.9080,102.9675,100.7278,101.5991,33818000
2021-03-15,101.3503,101.8464,100.4984,101.8191,26168000
2021-03-16,102.3916,104.7551,102.0595,103.2787,31900000
2021-03-17,102.5145,104.0276,101.3077,103.1959,26382000
2021-03-18,101.5089,102.5284,100.0716,100.1787,31700000
2021-03-19,100.5945,100.9568,99.2663,100.4572,46072000
2021-03-22,100.4904,101.5168,99.8149,100.6421,33536000
2021-03-23,101.1010,102.2984,100.5088,101.1694,28510000
2021-03-24,101.6863,102.4714,100.5583,100.7333,25218000
2021-03-25,100.5608,101.3830,98.9273,100.7298,35616000
2021-03-26,100.6966,101.0733,99.3119,100.3467,27978000
2021-03-29,100.2193,101.5600,99.3912,101.3905,26492000
2021-03-30,101.7468,102.2270,100.9127,101.4242,27312000
2021-03-31,101.8172,103.3962,101.4504,102.2196,42570000
2021-04-01,103.6930,105.8489,103.6524,105.5530,39880000
2021-04-05,106.4139,110.4699,106.3178,109.9728,48510000
2021-04-06,109.5744,110.4209,109.1219,109.4921,35240000
2021-04-07,109.6824,111.2386,109.6824,110.9675,24134000
2021-04-08,112.2051,112.5911,111.1648,111.5325,28664000
2021-04-09,111.2852,112.6992,110.8798,112.5356,26146000
2021-04-12,111.7154,111.8527,110.4120,111.2446,25024000
2021-04-13,111.5603,112.1788,111.1667,111.7307,25682000
2021-04-14,112.3750,112.3750,110.8183,111.1103,21002000
2021-04-15,112.1034,113.7910,111.5692,113.2582,29174000
2021-04-16,113.4560,113.7038,112.5480,113.1343,26282000
2021-04-19,112.5113,114.1919,112.5113,113.4817,30290000
2021-04-20,113.8648,113.9397,111.8641,112.9490,22288000
2021-04-21,112.6040,112.9980,111.2545,112.9163,23204000
2021-04-22,112.7701,113.4381,111.0315,111.6361,24146000
2021-04-23,112.3537,114.2925,112.0687,113.9857,29066000
2021-04-26,114.2133,115.2050,113.8564,114.4814,32038000
2021-04-27,114.8630,114.9036,113.3033,113.5422,44386000
2021-04-28,118.5736,120.5005,116.6268,116.9153,81106000
2021-04-29,118.4115,119.1514,117.6493,118.5865,41234000
2021-04-30,117.3603,118.0458,116.2968,116.6407,44856000
2021-05-03,117.2062,118.0309,115.7486,116.1243,28242000
2021-05-04,114.6608,115.2278,111.8423,114.3277,44818000
2021-05-05,115.4082,115.7239,114.3996,114.7212,26636000
2021-05-06,114.3029,115.8403,113.6443,115.8403,25190000
2021-05-07,117.1557,117.5204,116.2769,116.5629,28898000
2021-05-10,115.3839,115.5256,113.2230,113.5804,30914000
2021-05-11,111.1678,113.0119,110.7143,112.5054,34186000
2021-05-12,110.3312,111.4111,108.7170,109.0456,46376000
2021-05-13,110.3277,110.9879,109.3662,110.4724,33204000
2021-05-14,111.9345,113.2320,111.5112,112.9177,31996000
2021-05-17,112.1838,113.4827,111.7843,113.4401,21598000
2021-05-18,114.1057,114.3699,112.1153,112.1292,22204000
2021-05-19,110.4422,112.7497,110.2940,112.5767,23684000
2021-05-20,113.5432,114.5840,113.1725,114.3337,32352000
2021-05-21,114.8521,114.9254,113.4589,113.6983,40632000
2021-05-24,114.7272,117.2379,114.5820,117.0144,31832000
2021-05-25,117.5576,118.1523,116.7151,117.1051,22440000
2021-05-26,117.2860,118.3996,117.2830,117.9694,21572000
2021-05-27,118.4026,118.4026,116.7775,117.0957,35224000
2021-05-28,117.6775,117.7593,116.6085,116.8068,21482000
2021-06-01,117.6785,118.2371,116.6794,118.0126,23354000
2021-06-02,118.4076,118.6301,116.5842,117.4877,21158000
2021-06-03,116.2556,116.8152,115.4523,116.3473,18696000
2021-06-04,117.4223,118.8972,117.0823,118.6266,24458000
2021-06-07,118.4219,119.1688,118.0036,119.0593,24120000
2021-06-08,119.5405,119.9127,118.6866,118.8680,24240000
2021-06-09,119.5118,119.5836,118.7917,119.3388,17942000
2021-06-10,119.2883,120.7295,119.1326,120.6864,25904000
2021-06-11,120.9277,121.0130,119.8850,120.4420,21958000
2021-06-14,120.5441,121.3698,119.8374,121.3693,22098000
2021-06-15,121.3737,121.6964,119.9920,120.3523,21562000
2021-06-16,120.5035,120.8147,118.4199,119.7110,26472000
2021-06-17,119.6367,121.4456,119.4409,120.6735,25842000
2021-06-18,120.3003,120.5342,118.9602,119.0553,46116000
2021-06-21,119.4414,120.9277,118.8447,120.7419,27414000
2021-06-22,120.6799,121.3242,120.0000,121.2553,22390000
2021-06-23,121.0204,122.0136,120.7637,121.0536,19148000
2021-06-24,121.6215,121.9739,121.2251,121.4233,21362000
2021-06-25,120.9277,121.5551,120.4965,121.4317,34594000
2021-06-28,121.6002,121.7058,120.3384,121.4590,28526000
2021-06-29,121.5923,121.9397,120.6214,121.1978,23108000
2021-06-30,120.9223,121.1825,120.2879,121.0164,24474000
2021-07-01,120.6551,121.5096,120.4633,121.3683,18110000
2021-07-02,122.0676,124.3018,121.9779,124.1566,25982000
2021-07-06,124.5441,125.3168,123.4875,125.0809,26404000
2021-07-07,126.0443,126.1653,125.0442,125.3624,24060000
2021-07-08,122.9359,124.4916,122.9319,123.9450,23790000
2021-07-09,123.9261,124.6294,123.4568,124.4153,18632000
2021-07-12,125.0690,125.9527,124.5070,125.8595,17668000
2021-07-13,125.9219,126.9320,125.5611,126.2223,19240000
2021-07-14,126.8333,128.1898,126.7902,127.1099,23742000
2021-07-15,127.5183,127.5688,125.4179,125.8887,24218000
2021-07-16,126.5409,126.6881,125.0447,125.8540,20424000
2021-07-19,124.9813,125.0957,122.4195,123.4830,27968000
2021-07-20,124.4242,125.9264,123.2576,125.1002,26312000
2021-07-21,125.0249,126.4745,124.9158,126.4279,20746000
2021-07-22,126.7203,127.3537,126.3784,127.2928,14302000
2021-07-23,129.2841,132.2265,128.6597,131.8459,41506000
2021-07-26,132.1566,133.0572,131.1387,132.8569,30572000
2021-07-27,133.0705,133.2177,128.9605,130.7407,54710000
2021-07-28,135.1139,137.0815,134.0885,134.8978,95130000
2021-07-29,134.9533,135.4599,134.3517,134.5841,31716000
2021-07-30,133.8481,134.1153,133.0750,133.5423,25576000
2021-08-02,133.9294,134.1470,132.6181,133.6693,21634000
2021-08-03,133.9473,134.5390,132.1477,134.4379,20762000
2021-08-04,134.1599,134.4572,133.3049,133.9378,19676000
2021-08-05,134.4880,135.1516,133.6608,135.0540,17870000
2021-08-06,134.8463,135.2730,134.0216,134.5454,20488000
2021-08-09,134.7476,135.9782,134.1499,135.7096,17760000
2021-08-10,136.1349,136.5616,135.1660,135.6046,19414000
2021-08-11,135.9758,136.4724,135.0738,135.0812,15352000
2021-08-12,134.7803,136.0932,134.2352,135.9881,16506000
2021-08-13,136.0437,136.6449,135.8286,136.5170,15948000
2021-08-16,136.3163,137.1464,134.1098,137.0939,22384000
2021-08-17,136.5393,137.0502,134.8859,135.4603,21716000
2021-08-18,135.3002,135.8994,134.1321,134.2585,19258000
2021-08-19,133.2539,135.1541,133.0700,134.4875,21782000
2021-08-20,134.8047,136.3450,134.0613,136.2216,31194000
2021-08-23,136.7569,139.6363,136.3980,138.8107,28454000
2021-08-24,139.3756,140.8312,139.1050,140.0199,19268000
2021-08-25,140.3802,140.9398,140.1334,140.8302,15848000
2021-08-26,140.5041,141.1658,140.1146,140.1974,20610000
2021-08-27,140.4075,143.2423,140.2533,142.7383,28780000
2021-08-30,143.1308,144.6875,142.8959,143.3197,24434000
2021-08-31,143.8712,143.8955,143.0129,143.4257,22448000
2021-09-01,143.7255,144.9685,143.6101,143.9391,21936000
2021-09-02,143.9397,144.2405,141.9265,142.0276,32342000
2021-09-03,141.8229,142.8880,141.1489,142.4761,19850000
2021-09-07,142.5703,143.2944,142.3567,143.0124,20124000
2021-09-08,142.8335,143.1308,141.7431,142.4281,18344000
2021-09-09,142.5763,143.0421,141.9191,142.2794,15314000
2021-09-10,142.9450,143.4465,139.5010,139.6378,36840000
2021-09-13,140.7019,141.6936,140.0085,141.0815,22094000
2021-09-14,141.7387,142.1029,140.5041,141.2916,19674000
2021-09-15,141.5166,143.1809,140.1052,143.1601,27408000
2021-09-16,142.6853,143.0317,141.1499,142.3478,26190000
2021-09-17,141.7733,142.1892,139.2354,139.5625,53384000
2021-09-20,136.9472,137.7783,135.1238,137.5003,46518000
2021-09-21,138.5212,138.7809,137.0626,137.8110,25332000
2021-09-22,138.0796,139.6487,137.3337,139.0505,25056000
2021-09-23,139.7483,140.4511,139.1675,139.9748,20952000
2021-09-24,139.3033,141.0795,139.0084,140.9650,22984000
2021-09-27,139.5669,140.6910,138.8364,139.8321,21882000
2021-09-28,137.4363,137.8740,134.1703,134.6362,45772000
2021-09-29,135.7760,135.9455,132.6884,133.1726,30848000
2021-09-30,133.0815,134.3512,132.3822,132.5011,37996000
2021-10-01,133.2658,135.7072,132.8946,135.3429,35360000
2021-10-04,134.7655,134.7655,129.8982,132.4847,51202000
2021-10-05,132.8629,136.0184,132.8629,134.8274,32404000
2021-10-06,133.5656,136.5393,133.3674,136.3559,24364000
2021-10-07,137.6712,138.8111,137.4323,138.0013,25110000
2021-10-08,138.3502,139.0976,137.9939,138.5569,26526000
2021-10-11,138.0677,139.4753,137.6385,137.6931,17954000
2021-10-12,138.2541,138.2808,134.5668,135.2497,36332000
2021-10-13,136.1948,136.7871,135.3191,136.3727,19654000
2021-10-14,138.2481,140.0952,137.6048,139.9104,31894000
2021-10-15,140.3698,140.4724,139.5179,140.1255,30274000
2021-10-18,139.8365,141.5409,139.8296,141.5231,20396000
2021-10-19,142.1272,142.3998,141.3467,141.9781,20164000
2021-10-20,142.0782,142.2844,140.1339,140.5230,23288000
2021-10-21,140.5229,140.9065,139.2651,140.6389,26292000
2021-10-22,137.9270,139.3474,134.8602,136.3574,50588000
2021-10-25,136.3410,136.7871,134.2337,136.2390,34412000
2021-10-26,138.0395,138.8518,137.0889,138.0841,49236000
2021-10-27,138.1797,147.3435,138.1797,144.9323,85782000
2021-10-28,145.8413,145.8646,143.3558,144.5671,36206000
2021-10-29,143.8029,146.9391,143.3781,146.7448,43320000
2021-11-01,146.7448,146.7448,141.9666,142.2357,46924000
2021-11-02,143.3087,145.3204,143.0669,144.1542,33482000
2021-11-03,144.6181,145.3799,143.3201,145.3095,27494000
2021-11-04,145.8314,148.4174,145.0220,146.9643,38412000
2021-11-05,147.8584,149.0062,146.8945,147.5437,38354000
2021-11-08,148.5081,149.2912,147.1259,147.7211,23052000
2021-11-09,147.9214,148.5176,145.9508,147.6096,19530000
2021-11-10,146.2036,146.7686,143.2671,144.6112,29970000
2021-11-11,145.2020,146.2388,144.3208,144.4853,16518000
2021-11-12,145.3268,147.5417,144.1329,147.3712,22360000
2021-11-15,147.5918,148.2351,146.2779,147.1472,23508000
2021-11-16,146.8474,147.4550,146.0177,146.5763,18904000
2021-11-17,146.7264,147.2538,145.9459,146.7458,19594000
2021-11-18,146.9386,149.2570,146.5847,148.5215,35608000
2021-11-19,148.6573,149.6396,147.5903,147.6175,33682000
2021-11-22,148.0200,148.5126,144.8630,145.0161,30594000
2021-11-23,144.8684,145.3710,142.8483,144.5007,27218000
2021-11-24,144.1949,144.9641,143.1041,144.8357,18040000
2021-11-26,143.0798,143.2870,140.5958,140.9333,30470000
2021-11-29,142.7344,145.0117,142.6288,144.2514,32596000
2021-11-30,143.7340,144.7167,140.3569,140.6503,42068000
2021-12-01,142.7344,144.6677,139.6735,139.8118,34020000
2021-12-02,140.0085,142.6000,138.9821,141.7094,29194000
2021-12-03,142.4181,143.1308,139.0678,140.7534,41230000
2021-12-06,141.7833,142.5881,138.9182,141.8968,30618000
2021-12-07,144.3168,146.2343,143.9510,145.9751,32240000
2021-12-08,146.2992,147.0887,145.1192,146.8840,24270000
2021-12-09,146.2938,147.7895,145.8220,146.3409,23270000
2021-12-10,147.3930,147.6681,145.4146,146.7007,24458000
2021-12-13,146.4826,146.6695,144.2385,144.5448,27070000
2021-12-14,142.7026,143.2101,139.9738,142.6422,38446000
2021-12-15,142.1485,145.4314,140.4327,145.1539,36370000
2021-12-16,145.8770,146.3790,142.3448,143.1754,33650000
2021-12-17,141.2475,142.5703,140.0581,140.4794,50416000
2021-12-20,138.7695,140.5284,138.0965,140.3624,27192000
2021-12-21,140.8050,142.6045,139.2676,142.2115,28756000
2021-12-22,141.8100,145.2124,141.8100,145.1281,26322000
2021-12-23,145.2124,146.9405,145.1648,145.6252,26384000
2021-12-27,145.9617,147.0402,145.8760,146.6065,15976000
2021-12-28,146.9331,146.9955,144.7708,145.3977,18200000
2021-12-29,145.3556,146.1213,144.3674,145.3660,17788000
2021-12-30,145.4047,146.0054,144.7113,144.9155,15688000
2021-12-31,144.7663,145.4091,143.5788,143.5788,18136000
2022-01-03,143.7801,144.5691,142.4499,143.7171,28646000
2022-01-04,144.1181,145.1975,142.4533,143.1303,28400000
2022-01-05,143.1507,143.2295,136.4778,136.5641,54618000
2022-01-06,135.7944,138.7100,135.3582,136.5368,37348000
2022-01-07,136.9313,137.2317,134.5732,135.8127,29760000
2022-01-10,133.8908,137.5994,131.9941,137.4507,44408000
2022-01-11,136.7940,138.9836,135.4911,138.5078,28730000
2022-01-12,139.9094,141.3546,139.4579,140.1874,26108000
2022-01-13,140.2960,141.5945,137.1925,137.3689,31436000
2022-01-14,135.8742,139.5050,135.7944,138.2546,29662000
2022-01-18,134.9781,135.9262,134.2481,134.8027,34872000
2022-01-19,135.3236,136.7469,133.8288,133.9289,28648000
2022-01-20,135.0525,136.4164,131.7959,132.1358,29908000
2022-01-21,131.4281,133.6801,128.9431,129.2058,55652000
2022-01-24,124.8707,130.0498,123.4057,129.6543,76622000
2022-01-25,127.6085,128.2617,125.3887,125.8193,46960000
2022-01-26,129.9665,131.8310,126.0245,128.0971,49130000
2022-01-27,130.1499,131.4866,127.7993,127.8712,31950000
2022-01-28,128.5194,132.1844,127.3557,132.1790,34362000
2022-01-31,132.9828,134.2823,131.0475,134.1143,39986000
2022-02-01,136.3851,136.5819,133.1875,136.4342,68644000
2022-02-02,149.9206,150.2145,144.2435,146.6992,123200000
2022-02-03,144.4249,148.3595,141.4116,141.8323,71518000
2022-02-04,142.1837,143.6016,139.2800,142.0335,57998000
2022-02-07,142.9821,142.9821,137.6791,137.9775,54974000
2022-02-08,137.8045,138.7695,135.8097,138.1738,54284000
2022-02-09,139.7245,141.2718,138.9549,140.3475,40144000
2022-02-10,138.4756,140.2410,136.7445,137.4016,39330000
2022-02-11,137.3818,137.9334,132.2275,133.1023,39958000
2022-02-14,132.0853,135.1020,132.0853,134.3348,34302000
2022-02-15,136.3613,136.8946,134.6277,135.4078,26680000
2022-02-16,135.4455,136.8723,133.7381,136.5274,25022000
2022-02-17,135.0455,135.9084,131.3141,131.3741,38950000
2022-02-18,132.2939,132.8916,129.0522,129.2569,45620000
2022-02-22,128.6968,131.0187,127.0965,128.6725,44990000
2022-02-23,130.4914,130.8904,126.4066,126.4666,32786000
2022-02-24,123.8552,131.8310,123.8552,131.5247,54456000
2022-02-25,132.3782,134.0825,130.5935,133.2777,36406000
2022-02-28,131.8806,134.5583,131.4271,133.8700,38864000
2022-03-01,133.6930,135.0579,132.0476,132.8832,26496000
2022-03-02,133.4447,134.0736,131.9019,133.3887,23520000
2022-03-03,134.8145,135.2403,131.8563,132.7226,24604000
2022-03-04,131.7592,132.6751,129.1920,130.7472,30430000
2022-03-07,130.3323,130.5771,125.1849,125.2677,45112000
2022-03-08,125.1404,130.0964,124.5699,125.9873,40428000
2022-03-09,130.0964,132.5601,128.7588,132.2473,37026000
2022-03-10,130.1123,132.1006,129.7619,131.2655,27102000
2022-03-11,132.3152,132.6195,128.4921,128.7290,31526000
2022-03-14,129.1052,129.2628,124.1739,124.8440,38812000
2022-03-15,125.8600,128.7132,124.6155,128.0625,30920000
2022-03-16,129.5840,132.1611,127.6030,132.1091,35576000
2022-03-17,131.9787,132.9020,131.0232,132.6627,28264000
2022-03-18,132.2518,135.0465,131.0960,134.9291,44566000
2022-03-21,134.9667,135.8454,132.9139,134.9053,26832000
2022-03-22,134.9053,139.8103,134.9053,138.6387,35496000
2022-03-23,137.4834,138.3616,136.6235,137.0602,25154000
2022-03-24,137.9765,140.3743,136.5398,140.3277,26396000
2022-03-25,140.6687,140.7866,138.5093,140.4278,24126000
2022-03-28,139.6621,140.7544,138.5826,140.2122,35050000
2022-03-29,141.3937,142.5297,140.7901,141.2530,34318000
2022-03-30,141.2079,141.4661,140.3554,140.6910,19884000
2022-03-31,140.8044,140.8590,137.8026,137.8452,37524000
2022-04-01,138.2739,139.2363,137.0919,138.9187,25942000
2022-04-04,139.1249,142.4489,139.0773,141.7149,25942000
2022-04-05,141.6133,141.7337,139.1487,139.3553,21418000
2022-04-06,137.5305,138.1356,134.3259,135.3479,32468000
2022-04-07,134.8145,135.9589,133.0477,134.6941,26234000
2022-04-08,134.3918,134.4775,131.7968,132.1160,25142000
2022-04-11,130.6649,130.9315,127.5376,127.6912,36884000
2022-04-12,130.4433,130.4433,125.6746,126.5920,32710000
2022-04-13,126.8750,129.1885,126.6183,128.7523,27928000
2022-04-14,129.3327,129.3327,125.4883,125.6161,31598000
2022-04-18,125.8838,127.0856,125.0730,126.5543,20808000
2022-04-19,126.5692,129.1875,125.8833,128.8663,26490000
2022-04-20,129.7415,130.2441,126.3794,126.9146,31696000
2022-04-21,128.1140,128.9550,123.4320,123.7175,36446000
2022-04-22,123.9013,124.2998,117.8797,118.5840,56884000
2022-04-25,118.0542,122.1940,117.4694,121.9923,46128000
2022-04-26,121.2196,121.4332,117.4694,117.6072,73054000
2022-04-27,113.4634,116.2115,111.7456,113.2899,91820000
2022-04-28,115.3918,118.5979,113.1120,117.4808,48884000
2022-04-29,115.7085,116.8836,112.8141,113.1066,42676000
2022-05-02,112.4083,115.7194,111.6103,115.5583,35534000
2022-05-03,115.4072,117.4010,115.0146,116.3027,24968000
2022-05-04,116.0029,121.7747,114.1042,121.1864,49916000
2022-05-05,119.1475,119.9752,113.9947,115.4815,45840000
2022-05-06,114.1721,116.5381,113.0134,114.7292,39710000
2022-05-09,112.2546,114.0656,111.0161,111.5221,40802000
2022-05-10,114.4923,115.2282,111.9082,113.3895,39900000
2022-05-11,112.2412,115.3417,112.2412,112.6040,37534000
2022-05-12,110.3986,113.2904,108.8592,111.8522,53836000
2022-05-13,113.5263,116.8390,112.6065,115.0305,35038000
2022-05-16,113.9451,115.1490,112.8885,113.4391,25990000
2022-05-17,115.8136,115.8725,113.8604,115.4493,23054000
2022-05-18,113.9892,114.3857,110.5750,110.9160,35126000
2022-05-19,110.4521,112.0167,109.0332,109.4138,34144000
2022-05-20,110.9670,111.1975,104.8666,107.9508,48962000
2022-05-23,108.6243,111.1618,107.7853,110.5081,37184000
2022-05-24,104.8424,105.5228,100.9890,105.0386,76780000
2022-05-25,104.0627,105.5639,102.9437,104.8750,40258000
2022-05-26,104.7482,107.6945,104.3001,106.8451,37948000
2022-05-27,108.5207,111.3308,108.1793,111.3293,37914000
2022-05-31,111.7555,114.7178,111.0934,112.7621,50012000
2022-06-01,113.8455,116.0723,112.2546,112.8910,36606000
2022-06-02,112.9980,116.8632,111.9538,116.5887,37992000
2022-06-03,115.0424,115.2991,112.5208,113.5343,26136000
2022-06-06,115.6787,118.2980,115.1430,115.7937,33542000
2022-06-07,114.4655,116.6566,114.0408,116.1199,31590000
2022-06-08,115.7352,117.5283,115.5752,116.1639,26108000
2022-06-09,115.3051,117.2592,113.7672,113.8262,25798000
2022-06-10,111.4567,112.2834,109.3960,110.1845,41452000
2022-06-13,105.8479,107.8353,105.1863,105.4574,47252000
2022-06-14,105.5986,106.9759,104.8701,105.7776,33706000
2022-06-15,107.5910,110.4442,106.7232,108.7998,39698000
2022-06-16,106.2786,107.6936,104.2139,105.1015,51684000
2022-06-17,105.1015,107.7441,104.1227,106.2018,51376000
2022-06-21,107.9721,111.5008,107.6455,110.5636,47416000
2022-06-22,109.5848,112.3503,109.4123,110.5076,30774000
2022-06-23,111.2451,111.7516,109.5293,111.2555,28362000
2022-06-24,112.0019,117.0412,111.9597,116.9381,41164000
2022-06-27,117.2335,117.5373,114.1672,114.8154,36420000
2022-06-28,114.7847,116.2784,110.8649,111.0230,35792000
2022-06-29,110.5715,112.1659,109.8980,110.7197,24716000
2022-06-30,109.0332,109.9134,105.8117,108.0053,43170000
2022-07-01,106.9843,108.2898,105.7924,107.7818,35476000
2022-07-05,106.1592,112.3805,104.8022,112.2675,39342000
2022-07-06,112.3062,114.5736,110.4962,113.5650,37432000
2022-07-07,114.0685,118.1419,113.8242,117.7390,40936000
2022-07-08,116.2195,118.6330,115.8740,118.3045,38238000
2022-07-11,116.9609,116.9609,114.3168,114.6598,31196000
2022-07-12,115.1936,115.9459,112.6908,113.0183,29960000
2022-07-13,110.7192,113.1923,110.2241,110.3748,43722000
2022-07-14,109.2418,110.1166,107.4205,109.3974,37004000
2022-07-15,111.0161,112.1461,109.9253,110.7951,46770000
2022-07-18,111.6500,112.6808,107.4175,108.0717,43164600
2022-07-19,109.8757,113.0178,108.5970,112.8097,36530900
2022-07-20,112.1753,114.3857,111.4914,112.8989,35600400
2022-07-21,113.2756,113.5432,110.1334,113.3350,32676200
2022-07-22,110.0244,111.3526,105.5639,106.9516,48901200
2022-07-25,107.4571,108.9043,105.3657,106.5651,34690900
2022-07-26,105.6631,106.2578,103.1553,104.0969,47991000
2022-07-27,108.2997,112.9088,107.0607,112.0663,59858500
2022-07-28,111.3824,113.3350,110.4804,113.2161,32816600
2022-07-29,112.0861,115.6842,112.0663,115.2976,37223400
2022-08-01,114.2866,115.6941,113.3350,113.8505,26034300
2022-08-02,112.9980,115.3274,112.7205,114.1181,20236000
2022-08-03,114.6930,117.5774,114.4650,117.0422,28499000
2022-08-04,116.4474,117.7360,115.8626,117.1512,21602900
2022-08-05,115.2084,117.0719,114.9804,116.4375,19159500
2022-08-08,117.3494,119.0940,115.8527,116.2690,19138300
2022-08-09,116.1104,116.2888,114.6930,115.6049,19086500
2022-08-10,117.7360,119.8572,117.3693,118.6479,30930400
2022-08-11,120.2140,120.4222,117.5179,117.7955,24293700
2022-08-12,119.2030,120.6105,118.4100,120.6105,19096300
2022-08-15,120.0653,121.2251,119.5499,121.0070,19494800
2022-08-16,120.4519,121.3539,119.5797,120.6303,19041200
2022-08-17,119.0642,120.2239,118.3307,118.4992,22847000
2022-08-18,118.3803,119.7581,117.6765,119.1138,17987700
2022-08-19,118.0135,118.1028,115.7338,116.1798,21809500
2022-08-22,114.1875,114.6137,112.8493,113.2359,21456600
2022-08-23,112.4826,113.9992,112.4330,112.8593,15870400
2022-08-24,112.5024,113.7712,111.8780,112.6908,17734600
2022-08-25,113.2359,115.6941,113.1070,115.6247,16956800
2022-08-26,113.7117,114.1082,109.2215,109.3702,37245700
2022-08-29,109.0233,109.9748,107.8437,108.4583,21191200
2022-08-30,109.2017,109.5288,106.8525,107.9825,27513300
2022-08-31,109.6775,109.8757,107.1796,107.2688,28627000
2022-09-01,107.3283,109.4792,106.4164,108.7755,28360900
2022-09-02,109.6180,109.7667,106.3173,106.9021,24160700
2022-09-06,106.3569,107.0805,104.8503,105.8712,25068300
2022-09-07,106.1190,109.0134,105.9604,108.4880,23167000
2022-09-08,107.0904,108.6367,106.2181,107.4274,24238300
2022-09-09,108.1114,110.0145,108.0618,109.6775,23197700
2022-09-12,110.0145,110.6389,108.9638,109.8856,22966800
2022-09-13,106.8525,107.3481,103.1751,103.4031,38172900
2022-09-14,103.6509,104.3547,102.7489,104.0771,26395100
2022-09-15,103.1157,104.3448,101.4504,102.0055,34188300
2022-09-16,101.1729,102.2235,100.0528,101.8965,42797200
2022-09-19,100.8557,102.4218,100.6575,102.1641,23036800
2022-09-20,101.1828,101.4702,99.6365,100.2511,26517100
2022-09-21,100.7764,101.9758,98.3975,98.4074,31487300
2022-09-22,97.9514,100.3502,97.9217,99.2598,34298600
2022-09-23,98.7543,98.7841,96.6133,97.8721,31625400
2022-09-26,97.2378,99.0021,96.9404,97.3072,27072700
2022-09-27,98.5561,99.1211,96.0186,96.6431,30072800
2022-09-28,96.7917,99.8149,96.2565,99.1706,32466300
2022-09-29,97.7730,97.7730,95.1166,96.5637,31047200
2022-09-30,96.1970,98.0307,94.7201,94.8093,32941500
2022-10-03,95.9095,98.4173,95.6716,97.7730,27982000
2022-10-04,99.5572,100.9449,99.4977,100.7466,28850800
2022-10-05,98.9526,101.0341,97.9316,100.5385,22176900
2022-10-06,99.7951,102.0253,99.7059,100.5286,22324000
2022-10-07,98.9724,99.6464,97.4360,97.8127,27502800
2022-10-10,98.1299,98.2290,96.1574,96.9999,18225100
2022-10-11,96.5737,98.3777,95.4635,96.3259,26507100
2022-10-12,96.4448,97.8821,95.8897,96.7025,21876400
2022-10-13,94.3137,98.9030,93.5505,98.1893,34574500
2022-10-14,99.1111,99.8050,95.5230,95.7113,25410700
2022-10-17,97.9911,100.0429,97.9614,99.0913,28419200
2022-10-18,102.2236,102.5606,99.0914,99.8843,24060700
2022-10-19,99.1310,100.1321,98.0506,98.7543,23811100
2022-10-20,99.1211,101.4207,98.5164,99.0913,25323200
2022-10-21,96.9900,100.4196,96.8611,100.2411,32458700
2022-10-24,100.9053,101.8469,99.1013,101.6189,27176400
2022-10-25,101.9956,103.8987,101.8172,103.5617,40611400
2022-10-26,95.5824,97.4459,93.8577,94.0956,88114100
2022-10-27,93.6892,94.5912,90.9931,91.4094,60710900
2022-10-28,91.4590,95.7014,91.3202,95.4437,43697300
2022-10-31,94.5813,95.1860,93.1540,93.6793,31675000
2022-11-01,94.6111,95.1860,89.5757,89.6748,47161400
2022-11-02,90.1407,90.3786,86.1164,86.2056,57038300
2022-11-03,85.5613,85.7596,82.6075,82.6967,61288000
2022-11-04,84.6494,85.8785,82.9743,85.8190,51124900
2022-11-07,86.5129,88.1186,86.0866,87.7122,34078900
2022-11-08,88.1186,89.5262,86.8201,88.1186,30429000
2022-11-09,87.6726,88.6539,86.5129,86.5525,31769100
2022-11-10,91.4392,93.5604,90.8048,93.1143,51620100
2022-11-11,93.8577,96.0780,93.0945,95.5626,33090500
2022-11-14,94.2542,95.9393,93.6793,94.8589,30179500
2022-11-15,97.3964,99.2598,95.8600,97.5748,41640800
2022-11-16,97.0395,98.7642,96.7818,97.9812,29105200
2022-11-17,96.1177,98.4074,95.9393,97.4955,26052600
2022-11-18,97.9019,98.0307,95.5230,96.5737,28342300
2022-11-21,96.4349,97.5351,94.5218,94.7597,21647400
2022-11-22,95.1067,96.3655,93.2234,96.1970,23438500
2022-11-23,96.2366,97.8920,96.2366,97.5946,18868100
2022-11-25,97.3765,97.7730,96.5439,96.6034,9701400
2022-11-28,96.1871,96.7223,94.7697,95.2058,26237500
2022-11-29,94.8886,95.2752,93.2828,94.3533,20061700
2022-11-30,93.9866,100.1519,93.5901,100.1024,43647500
2022-12-01,100.1321,101.3513,99.3689,100.1024,28687100
2022-12-02,98.1794,99.8843,98.0307,99.5572,21480700
2022-12-05,98.5263,100.4889,98.1299,98.6056,24405100
2022-12-06,98.4272,98.9030,95.5725,96.1276,24910700
2022-12-07,95.5626,96.0285,93.8875,94.1056,31045400
2022-12-08,94.5417,94.7399,92.6286,92.8864,32213300
2022-12-09,92.9458,93.4315,91.9348,92.0141,28225400
2022-12-12,91.8951,92.7377,90.8048,92.4899,29420000
2022-12-13,96.9008,98.6552,94.1947,94.7895,40593700
2022-12-14,94.3633,96.0186,92.7773,94.2344,28733600
2022-12-15,92.3115,92.8170,89.2189,90.0614,40107000
2022-12-16,89.9623,90.5273,88.7332,89.4667,58011800
2022-12-19,89.4667,89.7640,87.4347,87.6627,29493000
2022-12-20,87.3356,88.3962,86.6715,88.2376,23453800
2022-12-21,88.2971,89.4270,87.5437,88.7927,24745600
2022-12-22,87.3851,87.7618,85.5613,86.9887,27658300
2022-12-23,86.3444,88.7629,86.3047,88.4457,23003000
2022-12-27,88.0195,88.1583,86.2452,86.6219,20097300
2022-12-28,86.2155,87.2662,85.1847,85.2639,19523200
2022-12-29,85.8587,88.0691,85.8488,87.6726,23333500
2022-12-30,86.2155,87.5239,85.8091,87.4545,23986300
2023-01-03,88.8026,90.2497,87.7420,88.3367,28131200
2023-01-04,89.5559,89.8533,86.5030,87.3058,34854800
2023-01-05,86.7012,86.8003,85.1450,85.4424,27194400
2023-01-06,86.0272,86.9193,84.1141,86.5723,41381500
2023-01-09,87.5834,89.2585,87.0878,87.2464,29003900
2023-01-10,85.2243,87.8906,85.0756,87.6428,30467800
2023-01-11,88.3962,90.7949,88.2277,90.7156,26862000
2023-01-12,90.6760,91.0625,88.9612,90.3290,30258100
2023-01-13,90.0515,91.3797,89.3378,91.3103,26329200
2023-01-17,91.2509,91.4392,89.2585,90.4876,32602400
2023-01-18,91.3302,91.9844,89.8433,90.3191,29116700
2023-01-19,89.9226,92.7872,89.8334,92.2322,37000400
2023-01-20,94.2641,97.4360,94.1848,97.1585,63191100
2023-01-23,97.0891,99.1607,96.6431,98.9129,40005100
2023-01-24,97.2378,98.7345,96.3457,96.8413,33078500
2023-01-25,94.7300,95.3148,92.9359,94.3831,42330000
2023-01-26,95.6518,96.7124,94.5417,96.6629,30114000
2023-01-27,96.4547,99.4383,96.4547,98.4966,33879800
2023-01-30,96.6232,97.4261,95.5527,96.0880,27226200
2023-01-31,96.0186,98.0109,95.9690,97.9713,29870700
2023-02-01,97.8424,100.3006,96.7223,99.5473,35531100
2023-02-02,104.8701,106.9021,104.6818,106.7930,69883800
2023-02-03,102.0253,106.8624,101.6784,103.8591,65309300
2023-02-06,101.5000,103.4427,100.9845,101.9956,31999600
2023-02-07,102.3128,107.2292,102.2137,106.6939,49010200
2023-02-08,101.1531,102.2335,97.1783,98.4966,94743500
2023-02-09,99.1211,99.1508,92.8071,94.1749,119455000
2023-02-10,94.6111,95.8996,93.4216,93.7388,54980700
2023-02-13,93.9073,94.3633,93.0152,93.7785,50076100
2023-02-14,93.6000,94.0163,91.4491,93.8478,54726100
2023-02-15,93.6595,96.2664,93.3225,96.0880,50169000
2023-02-16,94.5318,96.8215,93.9073,94.6705,42462600
2023-02-17,94.0163,94.7201,92.3907,93.5207,34284100
2023-02-21,92.1826,92.2817,90.9138,90.9832,33629300
2023-02-22,90.8940,91.3004,89.8136,90.8445,30884000
2023-02-23,91.1121,91.1319,88.9711,90.0911,41206400
2023-02-24,88.6539,89.0999,87.8014,88.3466,36585100
2023-02-27,89.0801,89.3676,88.5548,89.0801,27502300
2023-02-28,88.5449,90.4282,88.5349,89.2684,30142000
2023-03-01,89.1891,90.2299,88.8819,89.5658,31111200
2023-03-02,88.8720,91.4689,88.8026,91.1914,32204400
2023-03-03,91.6672,92.9062,91.6374,92.8269,35160100
2023-03-06,93.1936,95.1265,93.1738,94.2939,32639300
2023-03-07,94.1452,94.8291,92.7079,93.0350,27835500
2023-03-08,93.2928,95.1166,93.1738,93.4216,34103300
2023-03-09,93.2234,94.6904,91.0923,91.5086,28813500
2023-03-10,91.3599,91.9745,89.6055,89.8334,35941000
2023-03-13,89.2982,91.7564,88.6341,90.3092,37335600
2023-03-14,91.7465,93.5306,91.6275,93.1441,36050200
2023-03-15,92.4007,96.0781,91.8258,95.2653,50622100
2023-03-16,95.3545,100.3006,94.6606,99.4383,65492000
2023-03-17,99.3788,101.9361,99.2202,100.7268,61028500
2023-03-20,99.2400,100.8557,98.9922,100.3303,32960400
2023-03-21,100.3601,104.1763,100.3304,103.9978,42110300
2023-03-22,103.3535,105.6532,102.4218,102.4615,43427400
2023-03-23,104.1366,105.3657,103.5419,104.6719,40797800
2023-03-24,104.0672,104.5628,102.9273,104.5133,30393300
2023-03-27,103.7005,103.8392,101.0341,101.5594,31120900
2023-03-28,101.5396,101.5495,98.8634,100.1420,32057900
2023-03-29,101.3810,101.5892,99.7654,100.4988,28779600
2023-03-30,100.0231,100.2709,98.9030,100.0033,33086200
2023-03-31,100.4097,102.9769,100.1519,102.8183,36863400
2023-04-03,101.4901,103.6113,101.0341,103.4427,25035400
2023-04-04,103.4130,104.6520,103.1256,103.7996,24420100
2023-04-05,104.8503,105.1675,102.7489,103.5518,28290500
2023-04-06,104.3348,108.2105,103.4130,107.4671,48711500
2023-04-10,106.0397,106.6444,104.1961,105.5045,27067400
2023-04-11,105.6135,105.7919,103.7599,104.4240,26311800
2023-04-12,105.6432,105.8117,103.4229,103.7203,24370300
2023-04-13,104.9097,106.5452,104.9097,106.4858,24843600
2023-04-14,105.9505,107.9825,105.9010,107.9131,26578000
2023-04-17,103.7401,105.2269,103.6014,105.0386,37571200
2023-04-18,105.5540,105.6036,103.1553,103.5815,26596400
2023-04-19,102.6696,104.0573,102.1641,103.2643,20905700
2023-04-20,102.9967,105.3161,102.9571,104.3646,27820800
2023-04-21,104.5430,105.0683,103.8591,104.4835,25800100
2023-04-24,104.5628,105.6928,103.7798,105.0386,23542800
2023-04-25,104.8998,105.7523,102.9273,102.9372,46664100
2023-04-26,103.9978,105.4153,101.7280,102.7985,53347600
2023-04-27,103.5319,107.4175,102.6299,106.6443,50089200
2023-04-28,106.0992,106.4065,104.1663,106.3966,36139800
2023-05-01,105.9010,107.0408,105.8811,106.2578,26681700
2023-05-02,106.1983,106.2578,102.7985,104.3943,30997200
2023-05-03,104.6025,106.5452,104.0375,104.4835,21795400
2023-05-04,104.5628,104.6718,103.0562,103.7699,23419500
2023-05-05,103.8987,104.9494,103.1950,104.6421,26639300
2023-05-08,104.2555,107.0111,104.2357,106.8228,26511400
2023-05-09,107.4373,109.1819,106.2479,106.4065,36360100
2023-05-10,107.0210,111.9473,106.9814,110.7678,63153400
2023-05-11,114.3857,116.8836,113.4044,115.5454,78900000
2023-05-12,115.6545,116.9926,115.0895,116.4772,41102300
2023-05-15,115.0895,117.4386,114.9903,115.4860,36266800
2023-05-16,115.4661,119.6887,115.4067,118.4596,45035600
2023-05-17,118.5587,120.6006,117.8450,119.7779,33323600
2023-05-18,119.8869,122.2262,119.7680,121.7504,35234200
2023-05-19,122.4641,124.8628,121.0764,121.6810,41353400
2023-05-22,121.8594,125.3188,121.6612,123.9509,35253000
2023-05-23,123.0687,123.5346,121.1359,121.4828,34046300
2023-05-24,120.0554,120.8385,118.8065,119.8374,34182600
2023-05-25,123.4256,124.2185,120.8881,122.3947,42317000
2023-05-26,122.0874,124.1591,121.3738,123.5148,35635900
2023-05-30,124.5357,124.5555,120.9277,122.5830,35076700
2023-05-31,121.6711,122.9696,121.4233,121.7901,37325800
2023-06-01,121.7405,123.3264,121.5423,122.6326,30772700
2023-06-02,122.9002,125.0412,122.6722,123.5742,26980100
2023-06-05,122.9200,126.3100,122.7515,124.9025,32305500
2023-06-06,124.9025,127.1624,124.2582,126.1910,26638300
2023-06-07,125.8540,127.9058,121.0467,121.4233,52539000
2023-06-08,121.1557,122.1469,120.1744,121.0665,29389200
2023-06-09,121.1755,122.6722,120.8385,121.1557,23778300
2023-06-12,121.7108,122.9597,120.5907,122.5533,28306400
2023-06-13,123.8815,124.0599,122.0973,122.7416,22278300
2023-06-14,122.0180,122.9597,120.3825,122.5830,30592300
2023-06-15,122.0577,124.3573,121.3242,123.9905,35246300
2023-06-16,124.8232,125.0016,122.1965,122.4443,45535600
2023-06-20,121.8495,123.4751,121.0665,122.0180,26097500
2023-06-21,121.3242,121.5819,119.0444,119.4905,30306300
2023-06-22,118.9453,122.1568,117.7856,122.0676,26952200
2023-06-23,120.3131,121.7108,119.9960,121.2647,34913600
2023-06-26,119.6986,120.9277,117.2305,117.2999,33969900
2023-06-27,116.0509,118.0334,115.0796,117.2900,39535900
2023-06-28,116.0609,119.3319,115.8230,119.1237,27091400
2023-06-29,118.1920,119.0048,117.2602,118.0532,24090900
2023-06-30,119.1138,120.0158,118.6380,118.6479,29532200
2023-07-03,118.1920,119.1336,117.7757,118.8462,14467900
2023-07-05,118.1920,121.5323,118.1821,120.6799,27584800
2023-07-06,118.7470,119.2426,117.3593,119.0543,24745200
2023-07-07,119.0444,119.9861,118.3506,118.4299,21709500
2023-07-10,117.2602,117.2701,115.1192,115.4265,35315200
2023-07-11,115.2679,116.6754,114.3362,116.1104,23078800
2023-07-12,117.7558,119.2724,117.3693,117.8847,30404400
2023-07-13,119.8671,123.7328,119.3913,123.4454,44297900
2023-07-14,123.7031,125.6657,122.4046,124.3176,33283100
2023-07-17,124.8331,125.9829,123.1084,123.5544,25716200
2023-07-18,123.5049,123.5842,121.8793,122.6722,26193600
2023-07-19,123.5049,124.0798,120.7295,120.9574,37224000
2023-07-20,120.3528,122.9993,117.1809,118.1523,37906800
2023-07-21,119.5598,119.9266,117.6864,118.9651,72937900
2023-07-24,120.5907,121.9189,119.9167,120.4618,29686100
2023-07-25,120.2933,122.0676,119.9563,121.1359,52509600
2023-07-26,128.9268,129.8288,127.1922,128.1338,61682100
2023-07-27,130.5127,132.0689,127.6580,128.2627,44952100
2023-07-28,129.6305,132.5645,129.4224,131.4147,36591200
2023-07-31,131.5634,132.3564,130.6218,131.5535,28055500
2023-08-01,129.6305,131.4643,129.5314,130.3938,23166800
2023-08-02,128.3122,128.9466,126.4388,127.2516,26273300
2023-08-03,126.8452,128.2528,126.3001,127.3210,20089500
2023-08-04,128.1437,130.3541,126.7858,126.9840,26147200
2023-08-07,128.0248,130.4532,127.8860,130.3739,22746300
2023-08-08,129.4720,130.3541,128.4014,130.2451,23535200
2023-08-09,130.5028,130.8795,127.8662,128.5204,24912900
2023-08-10,130.1658,130.8894,128.3122,128.5501,20857800
2023-08-11,127.5292,128.7880,127.0435,128.4212,19591100
2023-08-14,128.2527,130.2153,127.8265,130.1757,24695600
2023-08-15,129.9477,130.2649,128.1437,128.6393,19770700
2023-08-16,127.5688,129.1349,126.7461,127.5688,25216100
2023-08-17,128.6592,130.8299,128.1537,128.7781,33446300
2023-08-18,127.3805,128.1140,125.2692,126.3397,30504800
2023-08-21,126.0622,127.5986,125.4476,127.2417,25248700
2023-08-22,127.3805,129.1349,127.1922,127.9455,22054900
2023-08-23,129.0358,132.2374,128.7285,131.2066,27819700
2023-08-24,132.7727,133.0700,128.4312,128.6393,28500700
2023-08-25,128.4014,129.6107,126.1316,128.7384,26762900
2023-08-28,130.1559,131.3751,128.9962,129.8585,20543300
2023-08-29,131.0777,135.3697,131.0777,133.3872,43075600
2023-08-30,133.5954,135.0822,132.8916,134.6857,28315800
2023-08-31,134.8145,136.7870,134.5965,134.9731,30053800
2023-09-01,136.2518,136.2518,133.6648,134.4676,21543700
2023-09-05,134.2496,135.2210,133.3971,134.5767,19403100
2023-09-06,134.8245,135.3300,132.4951,133.2782,18684500
2023-09-07,132.4158,134.3883,131.7814,134.0711,18844300
2023-09-08,133.7242,135.4589,133.6648,135.1813,23558300
2023-09-11,135.3399,136.2717,134.5965,135.7166,20763400
2023-09-12,135.0624,135.6670,134.0018,134.1505,18405500
2023-09-13,133.9027,135.6968,132.9709,135.5084,20749500
2023-09-14,136.3906,137.4809,135.0426,136.8862,24751000
2023-09-15,136.7673,137.3025,135.2804,136.1924,38919600
2023-09-18,135.4093,137.9369,135.4093,136.9952,21861300
2023-09-19,136.2122,137.1935,135.4192,136.8267,20353700
2023-09-20,136.8664,136.8664,132.4456,132.5645,29927500
2023-09-21,130.2847,131.0678,128.9268,129.2935,31503900
2023-09-22,129.6107,130.8695,128.4609,129.1052,26397300
2023-09-25,128.6889,130.0171,127.8265,129.9576,20094600
2023-09-26,128.6294,129.2142,126.1018,127.4400,25718700
2023-09-27,127.4399,129.7494,127.4399,129.3926,22746500
2023-09-28,128.6988,132.1284,128.6492,131.1471,22513100
2023-09-29,132.1086,132.8718,129.2142,129.7098,30859800
2023-10-02,130.0568,133.2386,130.0171,132.9908,22288000
2023-10-03,132.7628,133.0799,130.6812,131.2660,22989400
2023-10-04,131.6229,134.3784,131.3652,134.0513,26752300
2023-10-05,133.8828,134.2991,132.2771,133.8828,19832600
2023-10-06,132.8322,136.9457,132.8322,136.3708,27597600
2023-10-09,135.7364,137.7188,134.4181,137.2034,19278100
2023-10-10,137.2827,138.4920,136.1230,136.8466,27786600
2023-10-11,137.3620,139.8697,137.3620,139.3147,25884300
2023-10-12,139.8103,139.9788,137.0448,137.7485,24765500
2023-10-13,138.1550,138.7695,135.4192,136.1527,23420500
2023-10-16,136.9556,138.4028,136.7772,137.8774,28501900
2023-10-17,137.4115,138.6704,135.9743,138.4920,23515800
2023-10-18,138.2243,139.4832,136.1725,136.7475,23375000
2023-10-19,137.2827,138.4325,136.1725,136.5393,26066000
2023-10-20,136.1230,136.6582,133.8928,134.4082,26335700
2023-10-23,133.8531,136.4501,132.7727,135.3003,26317900
2023-10-24,136.6185,138.1351,136.2121,137.5899,44814300
2023-10-25,127.0336,127.1822,123.9707,124.5060,84366200
2023-10-26,122.1865,123.2372,120.2041,121.2052,57061100
2023-10-27,121.8000,122.2262,119.1534,121.0962,44566500
2023-10-30,122.1271,124.2978,121.6711,123.3661,28940100
2023-10-31,123.9608,124.2681,121.6117,122.9894,26292300
2023-11-01,122.9795,125.3782,122.6326,125.3386,30082400
2023-11-02,127.2913,127.8464,125.8144,126.3695,27124600
2023-11-03,126.8948,128.3915,126.7362,127.9653,26393100
2023-11-06,127.9157,129.1944,127.5391,129.1052,19052700
2023-11-07,129.5612,130.7506,128.7385,129.8189,29757300
2023-11-08,129.8189,131.0480,129.6306,130.6812,26425800
2023-11-09,130.8002,131.3850,128.9268,129.0953,23747800
2023-11-10,128.9565,131.6328,128.2726,131.4246,26913300
2023-11-13,130.6217,131.4246,130.0964,130.9290,18324800
2023-11-14,133.0105,134.5073,132.1482,132.4455,32395200
2023-11-15,133.6846,133.8432,132.3960,133.4368,23861500
2023-11-16,134.0018,136.0139,133.1394,135.7265,28013200
2023-11-17,134.8047,134.8641,132.4753,134.1207,37240600
2023-11-20,132.5150,135.4589,132.4456,135.0525,27815500
2023-11-21,135.0921,135.9743,134.7650,135.7661,22635300
2023-11-22,136.2617,138.1946,136.2617,137.2728,17813900
2023-11-24,136.8168,136.9159,134.7948,135.4886,12514300
2023-11-27,134.8344,137.2034,134.8046,135.2110,23436500
2023-11-28,134.8839,136.0437,134.2297,135.9941,18730000
2023-11-29,136.3609,137.0746,133.6549,133.8036,23967200
2023-11-30,133.8630,134.3586,130.1261,131.3652,38988300
2023-12-01,130.7010,130.9488,129.5215,130.7010,31442300
2023-12-04,128.7384,128.8871,126.7758,128.1338,36669900
2023-12-05,127.8166,130.9786,127.1228,129.8387,27384800
2023-12-06,130.2847,130.6812,128.7384,128.8772,23576200
2023-12-07,133.8531,137.3422,133.5161,135.7265,56767100
2023-12-08,133.0205,135.2012,132.8520,133.8036,32260100
2023-12-11,131.2165,132.1680,130.2054,132.1185,31138000
2023-12-12,130.6515,131.8310,130.1063,131.3553,29032800
2023-12-13,132.2077,132.3266,130.4136,131.4048,30104800
2023-12-14,132.2077,132.5447,128.5501,130.7803,38722400
2023-12-15,130.4632,132.3365,130.0270,131.4346,50847100
2023-12-18,131.4643,135.9446,131.2660,134.6064,32258000
2023-12-19,135.6373,136.2617,134.8839,135.4489,25476800
2023-12-20,137.7486,140.4546,136.8565,137.1241,49107200
2023-12-21,138.2640,139.4534,137.9567,139.1858,27488300
2023-12-22,139.5327,140.7420,139.4733,140.2464,26532200
2023-12-26,140.3455,141.4259,139.9490,140.2761,16780300
2023-12-27,140.3455,140.8312,138.6605,139.1362,19628600
2023-12-28,139.5426,139.8995,138.5217,138.9975,16045700
2023-12-29,138.4028,139.1263,137.5602,138.4622,18733000
2024-01-02,137.3322,138.2243,135.2804,136.9556,23711200
2024-01-03,136.0437,138.4028,135.8752,137.6990,24212100
2024-01-04,137.2034,137.9369,135.1516,135.1912,27137700
2024-01-05,135.5481,135.9545,133.9621,134.5370,22513900
2024-01-08,135.0921,137.7882,135.0624,137.6197,21404000
2024-01-09,137.2827,140.2464,136.9358,139.7112,24759600
2024-01-10,139.7607,141.7431,139.6715,141.0295,21320200
2024-01-11,142.2288,143.9436,139.4039,140.8312,24008700
2024-01-12,141.4160,141.9414,140.5735,141.3962,18785500
2024-01-16,140.7519,143.0813,140.2068,141.2376,22670500
2024-01-17,140.1076,140.5933,137.6791,140.2265,20968600
2024-01-18,140.8015,142.9425,140.7420,142.2189,25746400
2024-01-19,143.4678,145.1628,143.1110,145.0934,34271900
2024-01-22,145.8071,147.0857,144.5582,144.7068,32200400
2024-01-23,144.6077,145.8864,144.2212,145.7476,21636100
2024-01-24,147.2344,148.5329,146.7983,147.3930,25233500
2024-01-25,148.7510,151.7048,148.2256,150.5351,29149100
2024-01-26,149.7719,151.1993,149.6827,150.8524,26115500
2024-01-29,150.7235,152.4284,150.0990,152.1608,27784300
2024-01-30,151.4570,152.2698,149.8612,150.1288,36331800
2024-01-31,142.3577,142.7343,138.6406,138.8686,71910000
2024-02-01,140.8709,141.8026,139.5526,139.9193,40466500
2024-02-02,138.0360,141.3665,135.3002,141.1286,62499600
2024-02-05,141.5647,144.1914,141.5251,142.4172,38505400
2024-02-06,143.3786,144.0824,141.9315,142.8335,29128200
2024-02-07,143.4877,144.3401,142.6650,144.2608,25208900
2024-02-08,144.5483,145.0439,143.8247,144.6276,22563800
2024-02-09,145.3908,148.1265,144.8952,147.6904,26829500
2024-02-12,147.1155,148.0274,146.0747,146.2333,21564100
2024-02-13,143.6463,145.3809,142.4271,143.8643,27837700
2024-02-14,144.7961,145.2322,142.8235,144.6573,22704200
2024-02-15,141.8819,142.2586,139.2255,141.5152,37590700
2024-02-16,141.7332,141.9315,138.9083,139.2849,31468900
2024-02-20,138.4325,140.8312,138.2640,139.8796,25144700
2024-02-21,140.2067,141.4358,139.4435,141.2971,23223300
2024-02-22,143.6562,143.7256,141.5449,142.8235,27191900
2024-02-23,142.4072,143.4084,142.1693,142.6947,19493800
2024-02-26,140.8907,141.1880,136.1824,136.3609,53641800
2024-02-27,136.8069,138.0261,135.8851,137.6593,33099200
2024-02-28,136.6879,136.7970,134.2198,135.1813,37328600
2024-02-29,136.0734,137.6395,135.2011,137.2430,42133000
2024-03-01,137.2133,137.6494,135.7166,135.9346,31151100
2024-03-04,134.4677,134.4677,130.7506,132.1780,55999400
2024-03-05,130.7209,132.0689,129.5215,131.5039,40194800
2024-03-06,131.9500,132.4059,129.6999,130.2451,35318600
2024-03-07,131.6228,133.7540,130.4532,133.1989,37738200
2024-03-08,133.0304,136.8763,132.8222,134.2198,39370400
2024-03-11,134.9335,137.8774,134.9335,136.4600,32437800
2024-03-12,135.8256,138.1549,135.8256,137.2827,27563400
2024-03-13,137.7783,139.8499,137.7684,138.5613,23347200
2024-03-14,139.9491,142.3280,139.2255,141.8423,42753400
2024-03-15,141.2475,141.9215,138.7992,139.9391,49475400
2024-03-18,147.3039,150.8127,145.8765,146.3820,69273700
2024-03-19,146.8578,147.4822,144.7960,145.7377,24070400
2024-03-20,146.6992,147.5516,145.4503,147.4327,21311500
2024-03-21,148.1563,149.0484,145.6089,146.3027,24755600
2024-03-22,147.8093,150.2477,147.6705,149.4448,29211800
2024-03-25,148.6221,149.0582,146.5208,148.7510,19229300
2024-03-26,148.8997,150.9217,148.6618,149.3457,22149100
2024-03-27,149.8512,150.3072,147.5913,149.5439,22879200
2024-03-28,149.5242,150.0990,148.8501,149.6034,24485400
2024-04-01,149.3655,154.3712,149.2862,154.1234,31730800
2024-04-02,152.1508,153.3403,150.8127,153.2015,24586000
2024-04-03,152.2500,153.7170,151.3876,153.5584,24705000
2024-04-04,152.1509,153.4097,149.1277,149.2070,34724700
2024-04-05,148.7113,152.0715,148.2851,151.1596,23459200
2024-04-08,151.4372,153.9053,151.2687,153.4890,20702000
2024-04-09,154.7181,157.1664,153.8260,155.2236,31079500
2024-04-10,154.8370,155.2335,153.3205,154.7676,22838600
2024-04-11,155.5309,158.2765,155.0848,158.0089,27166400
2024-04-12,156.5717,158.8118,155.7589,156.3437,25353700
2024-04-15,157.4637,157.8404,153.2313,153.4989,27136500
2024-04-16,152.8348,154.2820,152.0815,153.0429,20779500
2024-04-17,154.2522,155.6994,153.2214,154.1036,21763100
2024-04-18,153.9747,155.5606,153.2610,154.6388,19883000
2024-04-19,154.8271,154.9857,150.9614,152.7357,32615600
2024-04-22,152.9537,156.2544,152.7059,154.9064,26446200
2024-04-23,155.5805,157.5728,154.9064,156.8690,21151600
2024-04-24,156.1058,158.1675,155.7886,157.7314,22779100
2024-04-25,149.9999,155.1146,149.5440,154.6289,57109700
2024-04-26,172.8374,173.1744,168.1589,170.4387,64665300
2024-04-29,167.5741,168.0598,163.7579,164.6897,45610000
2024-04-30,164.1544,166.6226,161.1709,161.3493,33562900
2024-05-01,162.8559,165.6511,161.6565,162.4198,33493200
2024-05-02,163.3416,165.2646,162.4495,165.1555,24294500
2024-05-03,166.0873,166.4838,161.6169,165.7701,34662400
2024-05-06,165.9882,166.6622,164.5707,166.6225,21871300
2024-05-07,167.0190,170.2504,166.9100,169.7448,28039700
2024-05-08,167.5146,168.6545,167.2569,167.8913,19569100
2024-05-09,167.9012,169.1898,166.7018,168.4662,15346700
2024-05-10,166.5531,168.3571,164.7293,167.1677,29799900
2024-05-13,162.8163,167.7922,162.5586,167.6534,31327600
2024-05-14,168.2779,169.7448,167.3164,168.8428,25127100
2024-05-15,169.1303,171.1325,169.0113,170.9938,26948400
2024-05-16,171.7669,173.5808,171.1722,172.6490,27867900
2024-05-17,172.6491,174.7207,172.1634,174.5126,24479300
2024-05-20,174.6414,177.1987,174.5324,175.3650,22554400
2024-05-21,175.3452,176.5842,174.2648,176.2868,16989400
2024-05-22,175.0874,175.5929,173.6700,174.8297,17880000
2024-05-23,175.5137,176.6833,171.4299,172.0246,21024900
2024-05-24,173.4421,174.2251,172.1237,173.4520,16579400
2024-05-28,172.9167,175.7119,172.8374,174.8496,20572200
2024-05-29,173.8881,175.2857,173.1843,174.3539,23388700
2024-05-30,173.6601,173.6800,170.2801,170.5973,22931500
2024-05-31,170.3495,171.5389,167.9507,170.9838,37638900
2024-06-03,171.0235,172.9960,169.6556,171.6480,27459100
2024-06-04,171.7570,172.3220,170.3792,172.2625,26879600
2024-06-05,173.6601,175.0974,172.4013,173.8683,22068500
2024-06-06,174.3540,175.5930,174.2053,175.1767,23251000
2024-06-07,175.4938,176.3066,172.7680,172.9266,19661400
2024-06-10,173.6312,175.7052,171.4381,173.6709,23726700
2024-06-11,174.8716,175.4869,172.4404,175.2686,21540600
2024-06-12,176.8861,179.0295,174.7624,176.4296,27864700
2024-06-13,174.7625,175.3876,173.5419,173.8197,20913300
2024-06-14,172.8869,175.7052,172.8174,175.4372,18063600
2024-06-17,174.1175,176.9953,173.4724,175.8839,19618500
2024-06-18,175.7846,176.0327,172.7678,173.7503,21869900
2024-06-20,174.0281,175.9334,173.6510,174.9510,20160100
2024-06-21,175.6457,179.4662,175.2586,178.2555,57759000
2024-06-24,178.7815,179.5059,177.3029,177.8486,18298000
2024-06-25,178.2456,182.8798,178.0471,182.6218,23130200
2024-06-26,181.2326,183.0982,181.0837,182.4730,19839000
2024-06-27,182.7707,184.6264,182.6119,183.9913,18848900
2024-06-28,182.9096,183.7134,180.5677,180.7562,29156600
2024-07-01,181.6295,182.4730,179.9127,181.5898,16006100
2024-07-02,180.6570,184.1501,180.1708,183.8226,17372500
2024-07-03,183.4356,184.6661,182.5921,184.3982,10242100
2024-07-05,184.4379,189.3996,184.3783,189.1416,20967500
2024-07-08,188.4469,188.7149,186.3432,187.5836,21035900
2024-07-09,188.8538,189.8958,187.2760,187.5340,15121400
2024-07-10,187.7027,190.2828,187.5836,189.7171,15952500
2024-07-11,188.3973,189.3996,183.6638,184.1501,25625800
2024-07-12,183.6638,185.6783,183.0783,183.6539,22898400
2024-07-15,183.5050,186.7996,183.5050,185.1027,16474000
2024-07-16,185.9264,187.2363,181.9669,182.5127,18290700
2024-07-17,181.5699,182.1455,178.5234,179.6349,20734100
2024-07-18,180.5379,181.1036,175.1197,176.3304,25315700
2024-07-19,177.5113,178.9105,175.7747,176.3006,18881900
2024-07-22,179.2082,181.3020,178.8509,180.2799,24100300
2024-07-23,180.6570,182.2051,180.1509,180.3990,36352700
2024-07-24,172.2717,174.8419,170.5053,171.3091,49585200
2024-07-25,171.2000,172.0931,165.9107,166.0000,44852000
2024-07-26,165.8710,166.8038,162.8047,165.7222,41336900
2024-07-29,167.5382,169.1259,166.7046,168.2328,20293800
2024-07-30,168.9374,169.9198,167.1511,168.9870,18959700
2024-07-31,171.9144,172.9167,168.7091,170.2274,25729100
2024-08-01,168.9473,172.7182,167.5878,169.4534,24531400
2024-08-02,165.1665,167.2206,163.4100,165.3848,29130100
2024-08-05,154.3102,163.1719,153.7445,158.0315,53630700
2024-08-06,158.1109,159.3414,155.2132,157.0788,49004600
2024-08-07,160.0162,161.7329,157.2574,157.7238,25138600
2024-08-08,159.2818,162.4375,158.9841,160.7902,25578800
2024-08-09,158.7856,162.5367,157.8429,162.4176,28602300
2024-08-12,163.0924,163.6382,160.6016,161.0482,15895300
2024-08-13,162.1596,163.4695,161.7230,162.9039,18551700
2024-08-14,161.1574,161.9711,156.5033,159.1429,40591100
2024-08-15,159.2719,160.4032,158.3887,160.0658,31524300
2024-08-16,160.2345,163.7970,159.8971,161.7131,24208600
2024-08-19,164.0153,165.4146,163.0031,165.3947,22416200
2024-08-20,165.6229,167.3496,165.5436,165.9008,18341500
2024-08-21,163.8863,165.5733,163.4100,164.5809,22902000
2024-08-22,165.9802,166.3076,162.0604,162.5466,22493300
2024-08-23,163.4596,164.9085,162.5764,164.3527,13955700
2024-08-26,165.1069,166.2680,163.2016,164.8886,14190400
2024-08-27,164.5710,165.1665,163.2016,163.4199,11821900
2024-08-28,163.7772,164.3329,160.2941,161.6040,16407400
2024-08-29,163.0527,164.7000,159.0238,160.5421,19699800
2024-08-30,161.3757,162.4078,160.4528,162.1299,22123800
2024-09-03,160.4826,160.6116,155.2826,156.1559,38945300
2024-09-04,155.4613,157.7834,154.7667,155.2529,19353800
2024-09-05,155.1040,158.2299,154.7865,156.0368,18688700
2024-09-06,156.0964,156.6223,149.3980,149.7652,37912100
2024-09-09,151.5439,152.4282,146.2874,147.7679,39260500
2024-09-10,149.4969,150.3117,147.4003,147.7183,31118800
2024-09-11,148.9703,150.5403,146.5855,150.2024,29607700
2024-09-12,152.8257,153.8392,151.6830,153.7101,29621500
2024-09-13,154.4454,157.3767,154.2268,156.4625,29591200
2024-09-16,156.3135,157.2475,155.6080,157.0587,18379800
2024-09-17,158.0126,159.5329,157.3767,158.3107,20715600
2024-09-18,158.8473,159.4833,157.5953,158.7976,23677300
2024-09-19,162.6729,162.7524,160.3179,161.1129,26587700
2024-09-20,162.4643,162.6928,161.0334,162.5537,40896400
2024-09-23,163.3089,164.4416,160.6458,160.8247,24150900
2024-09-24,161.9972,162.1860,159.6720,161.2619,23332100
2024-09-25,160.4471,161.7786,160.2782,160.4670,18869200
2024-09-26,162.6034,163.0406,161.2520,161.6991,20319300
2024-09-27,161.7786,164.6503,161.5998,162.9114,21101300
2024-09-30,162.2854,165.0974,162.2257,164.7993,20413900
2024-10-01,166.6277,168.0884,163.5374,165.9321,28338100
2024-10-02,165.3658,166.4588,163.6865,164.8093,17760200
2024-10-03,163.3685,165.5844,162.8816,164.8093,15073100
2024-10-04,166.9954,167.1643,164.4317,166.0017,19047400
2024-10-07,166.6575,167.4127,161.7190,161.9475,22463100
2024-10-08,162.9015,163.6865,161.8383,163.3387,23072700
2024-10-09,162.4146,163.7958,158.7281,160.8347,31181800
2024-10-10,159.8509,162.0370,159.3839,161.0532,14144100
2024-10-11,161.1029,162.8617,160.2186,162.2059,15344300
2024-10-14,162.6033,165.1769,162.3649,163.9150,19016100
2024-10-15,164.7397,166.6178,163.5871,164.4118,20247200
2024-10-16,163.4877,164.7497,162.7027,164.1137,16406000
2024-10-17,164.6801,165.3160,161.7289,161.8978,21453400
2024-10-18,162.1562,163.6666,162.0469,162.3848,19757700
2024-10-21,161.9177,163.4579,161.5898,163.0306,20946500
2024-10-22,161.9476,164.7199,161.9476,164.0939,16568100
2024-10-23,163.7163,164.7696,160.9042,161.7488,18280500
2024-10-24,161.7985,162.2953,159.9900,161.6892,22412500
2024-10-25,162.6332,164.5410,162.3848,164.2231,19828900
2024-10-28,167.6810,167.6810,162.9114,165.6638,32138600
2024-10-29,166.6674,169.3007,166.0315,168.6051,42169000
2024-10-30,179.5354,180.8669,172.9574,173.3548,68890800
2024-10-31,172.0332,175.6998,169.9167,170.0260,44769000
2024-11-01,168.9926,171.2284,167.8102,170.2049,31796500
2024-11-04,168.8535,169.6484,166.9457,168.1679,21492700
2024-11-05,168.3567,169.4497,167.7704,168.6647,18242100
2024-11-06,172.6990,175.8191,172.4009,175.3918,33695500
2024-11-07,176.2861,179.9329,176.0675,179.6050,25352900
2024-11-08,179.5056,179.7540,176.9519,177.2202,22006200
2024-11-11,177.4487,179.4062,177.3394,179.2075,17450400
2024-11-12,178.6809,181.3340,178.2536,180.4695,25134900
2024-11-13,179.3168,179.8137,177.4090,177.7468,23184000
2024-11-14,177.1506,177.6872,173.2157,174.4677,31007500
2024-11-15,172.6294,173.0368,170.1353,171.3973,32504600
2024-11-18,172.3214,174.3286,171.8047,174.1895,20135300
2024-11-19,172.6195,177.7369,172.4605,176.9916,23434900
2024-11-20,176.2166,176.5544,172.6791,174.8652,18997100
2024-11-21,172.7984,173.0269,162.6630,166.5681,59734400
2024-11-22,164.7994,165.4055,162.8617,163.7162,38604600
2024-11-25,165.0378,167.5617,164.5609,166.5879,33135300
2024-11-26,166.5681,168.7442,166.5184,168.0486,20486700
2024-11-27,167.9294,168.4064,166.9556,168.1580,19266500
2024-11-29,167.4326,168.3567,166.1011,167.8797,14257200
2024-12-02,167.7009,170.9899,167.5021,170.4036,23789100
2024-12-03,170.4036,171.5861,169.7677,170.2546,22248700
2024-12-04,170.0658,173.8020,169.9764,173.2654,31615100
2024-12-05,174.2491,174.9447,171.2383,171.5463,21356200
2024-12-06,170.9402,173.9709,170.7713,173.6032,21462400
2024-12-09,173.0561,175.3441,172.7477,174.4588,25389600
2024-12-10,181.8999,185.3917,180.1093,184.2079,54813000
2024-12-11,184.3471,194.5936,183.8895,194.3847,67894100
2024-12-12,193.9867,194.1658,190.7138,190.9625,34817500
2024-12-13,190.0175,191.7286,188.6546,188.8337,25143500
2024-12-16,191.8678,197.9660,191.6191,195.6381,44934900
2024-12-17,196.2251,200.3734,193.9669,194.4046,43504000
2024-12-18,194.2056,195.9764,186.7645,187.4211,34166100
2024-12-19,190.6343,192.0270,187.4012,187.5305,32265200
2024-12-20,184.8147,191.8878,184.2576,190.4155,63462900
2024-12-23,191.6191,194.0862,189.1620,193.6187,25675000
2024-12-24,193.8276,195.0910,192.7731,195.0910,10403300
2024-12-26,194.1360,195.7277,193.3700,194.5837,12046600
2024-12-27,193.9370,194.3051,189.6594,191.7584,18891400
2024-12-30,188.8138,191.5495,188.1373,190.2463,14264700
2024-12-31,190.0871,190.9626,187.5305,188.3164,17466900
2025-01-02,189.6594,191.0023,186.5257,188.4457,20370800
2025-01-03,190.3756,192.2061,188.9928,190.7934,18596200
2025-01-06,192.9720,197.1900,192.8427,195.8470,29563600
2025-01-07,196.0858,199.9556,193.5889,194.4742,26487200
2025-01-08,191.5694,195.2701,191.3804,192.9422,24864800
2025-01-10,193.2904,195.4989,189.3211,191.0421,26665200
2025-01-13,189.0824,190.1866,186.3865,190.0175,21823700
2025-01-14,190.2463,190.9825,187.3315,188.6745,17174900
2025-01-15,192.0867,195.3397,190.8631,194.5339,21776000
2025-01-16,193.1312,194.4643,191.8082,191.9076,17815400
2025-01-17,195.5088,196.2052,192.7432,194.9816,27735100
2025-01-21,198.0356,201.2389,196.8418,197.0209,29971300
2025-01-22,198.0257,199.4383,196.5036,197.3392,26200600
2025-01-23,197.1105,199.2592,194.1857,196.9513,26951400
2025-01-24,197.0707,199.8561,196.9712,199.1697,23877500
2025-01-27,191.4102,195.8570,189.7389,190.8133,41728900
2025-01-28,191.7485,194.4643,189.6892,194.2852,24157900
2025-01-29,194.5439,195.7675,192.4249,194.3947,18218300
2025-01-30,196.9712,200.3535,196.6429,199.8262,24354700
2025-01-31,200.9504,204.4123,200.7515,202.9599,32001100
2025-02-03,199.6472,202.6913,199.0603,200.1844,27838300
2025-02-04,202.3332,205.9741,201.7562,205.3076,43856400
2025-02-05,190.0772,191.7485,187.0530,190.3358,70373900
2025-02-06,188.5153,191.1018,187.7394,190.6044,29297400
2025-02-07,190.0573,190.1866,182.2879,184.3770,49315000
2025-02-10,186.3765,187.2221,184.8943,185.5011,23105600
2025-02-11,184.0686,185.9686,183.3225,184.3571,21239500
2025-02-12,182.2680,184.1482,180.8852,182.6559,22072600
2025-02-13,183.3623,185.3121,182.1884,185.1728,21402500
2025-02-14,184.0984,185.4315,183.3623,184.2675,20448400
2025-02-18,184.6356,184.9937,180.7957,182.8151,29916700
2025-02-19,183.1136,184.4963,182.6360,184.3073,19549400
2025-02-20,183.8398,184.3471,181.7706,183.6010,20441500
2025-02-21,184.1879,184.3769,178.1495,178.7265,35199200
2025-02-24,181.0444,182.1685,177.9605,178.3186,29854200
2025-02-25,177.1149,177.8113,173.7823,174.5085,41913400
2025-02-26,174.1603,175.1651,170.6885,171.8325,35431300
2025-02-27,173.0859,173.6530,167.0674,167.6245,39991000
2025-02-28,167.8035,169.7235,165.9035,169.3952,48130600
2025-03-03,171.0366,172.4692,165.0678,166.1422,40770500
2025-03-04,165.3762,172.3896,164.9385,170.0319,45388000
2025-03-05,169.6340,172.8770,168.1816,172.1210,30954900
2025-03-06,169.6439,173.9017,169.6141,171.4545,28302000
2025-03-07,170.3701,174.0609,169.3853,172.9566,27385800
2025-03-10,167.5785,167.7777,163.0270,165.1982,43604000
2025-03-11,164.2421,166.0746,160.7164,163.3756,39587400
2025-03-12,165.9053,166.9610,162.8676,166.4332,28372400
2025-03-13,165.3675,165.4571,161.4534,162.1008,31756200
2025-03-14,162.6087,165.8157,161.7920,164.8197,31995900
2025-03-17,164.3616,165.6264,163.0071,163.6246,31184300
2025-03-18,163.0170,163.5847,156.0852,160.0192,42074800
2025-03-19,161.1048,165.1982,160.3479,163.2262,34275600
2025-03-20,160.9156,164.2221,160.3081,162.1406,28138500
2025-03-21,160.5571,163.5748,160.2383,163.3258,36625800
2025-03-24,166.3933,167.6382,164.4711,167.0008,30879100
2025-03-25,168.2956,169.9389,167.6383,169.8692,24174400
2025-03-26,168.3155,168.9230,164.1723,164.3914,28901600
2025-03-27,163.9632,164.7500,161.3439,161.5829,24508300
2025-03-28,159.8399,161.1646,153.0077,153.7049,48669300
2025-03-31,152.4898,154.9100,150.0498,154.0136,54603500
2025-04-01,152.9978,157.4596,152.9978,156.4338,30672900
2025-04-02,154.5216,157.7684,154.0734,156.4039,25041700
2025-04-03,150.4979,152.1612,149.7809,150.1095,46883400
2025-04-04,147.4105,150.4581,144.7912,145.0103,62259500
2025-04-07,140.9767,152.2309,139.9608,146.1556,76794100
2025-04-08,150.6075,151.6234,142.4507,144.1139,52200200
2025-04-09,143.8350,158.9038,143.3271,158.0672,70406200
2025-04-10,155.9060,157.0812,149.3227,152.2010,48022000
2025-04-11,152.2807,157.0314,152.2010,156.5035,33636200
2025-04-14,159.3519,161.0650,156.9218,158.4257,30333000
2025-04-15,158.4855,159.0034,154.5814,155.6769,27551500
2025-04-16,152.4799,155.2586,150.8963,152.7089,28187400
2025-04-17,153.6651,154.0535,147.8985,150.5477,33046600
2025-04-21,148.2770,148.3467,145.5083,147.0719,26049100
2025-04-22,148.2869,151.5736,147.9384,150.8565,26971800
2025-04-23,154.9797,156.8920,153.1870,154.7208,31128800
2025-04-24,155.5175,158.9436,155.1590,158.6349,45894000
2025-04-25,164.4014,165.4272,160.3877,161.3040,56034000
2025-04-28,161.7721,162.4892,157.9576,159.9595,29745800
2025-04-29,159.6706,160.0889,156.8820,159.5113,26809000
2025-04-30,157.3401,158.6249,154.7706,158.1568,34981100
2025-05-01,159.8001,161.2941,158.2664,160.6467,30203200
2025-05-02,162.7481,164.3018,161.2144,163.3656,25715000
2025-05-05,162.3398,164.7201,162.0609,163.5449,21341800
2025-05-06,161.5131,164.1325,160.5371,162.5688,21277200
2025-05-07,163.4154,164.3317,147.2412,150.7669,127490100
2025-05-08,154.3722,155.2984,152.2807,153.6551,57498700
2025-05-09,153.5455,154.4220,151.5835,152.1313,32435300
2025-05-12,156.8521,158.4556,155.6171,157.8182,44138800
2025-05-13,158.1468,159.9196,155.5275,158.8838,42382100
2025-05-14,159.3121,166.3236,158.9635,164.7002,48755900
2025-05-15,165.1683,165.5368,161.7123,163.2959,33146700
2025-05-16,167.0506,168.6641,164.9492,165.5169,42846900
2025-05-19,163.8437,165.9650,163.5549,165.8654,30426100
2025-05-20,165.7559,167.8175,162.2402,163.3158,46607700
2025-05-21,163.0270,172.4387,162.8975,167.8773,73416000
2025-05-22,171.1540,176.0540,170.0186,170.1779,74864400
2025-05-23,168.3753,169.2716,167.2100,167.7876,35211400
2025-05-27,169.4708,172.4686,169.3114,172.1997,37995700
2025-05-28,172.4586,174.5601,171.2137,171.6619,34784000
2025-05-29,173.2952,173.7135,169.9389,171.1639,29317300
2025-05-30,170.6560,171.5125,166.7618,171.0444,52639900
2025-06-02,167.1602,169.1820,166.7120,168.3454,38612300
2025-06-03,166.8116,167.7976,164.6105,165.5069,45084900
2025-06-04,166.0646,167.5386,165.6862,167.3693,26900800
2025-06-05,169.6501,170.2377,166.9112,167.5287,36379100
2025-06-06,170.1381,173.7932,170.1381,172.9765,35731800
2025-06-09,174.0435,175.9680,173.8740,175.5891,28935900
2025-06-10,175.6988,180.5948,174.4125,178.0920,61766100
2025-06-11,179.2586,179.8569,176.2472,176.8455,31646800
2025-06-12,175.6788,176.2173,174.2529,175.2002,20941900
2025-06-13,171.9495,176.6261,171.8996,174.1731,27663100
2025-06-16,174.2329,176.4367,174.1532,176.2672,27389200
2025-06-17,175.2002,176.8555,174.0834,175.4495,24973000
2025-06-18,175.5093,176.0578,172.7073,172.8270,28707500
2025-06-20,173.4552,173.8440,164.9893,166.1660,75659900
2025-06-23,165.7970,166.8640,161.5392,164.7201,57671000
2025-06-24,166.4452,167.7415,165.6574,166.2956,40524300
2025-06-25,167.1531,171.8697,167.0734,170.1945,35479000
2025-06-26,171.9395,173.1959,169.4566,173.0463,31796700
2025-06-27,173.0463,178.1717,171.2415,178.0221,108140200
2025-06-30,180.2657,180.7144,174.0834,175.7287,63378900
2025-07-01,175.2401,175.5891,173.0364,175.3398,35904500
2025-07-02,175.0406,178.3512,174.5720,178.1318,29128900
2025-07-03,177.9922,179.1589,176.5463,179.0193,21689700
2025-07-07,178.5506,178.7899,175.1802,176.2871,34175600
2025-07-08,177.3441,177.4438,172.3184,173.8640,40442500
2025-07-09,174.7515,178.9296,172.2785,176.1176,43025600
2025-07-10,175.1304,177.9224,173.8840,177.1147,29252400
2025-07-11,176.2871,180.9139,175.9780,179.6774,34282900
2025-07-14,180.4951,183.1475,179.1689,181.0435,32536600
2025-07-15,182.2900,183.6960,181.0834,181.4823,33448300
2025-07-16,182.7188,183.8057,181.5122,182.4495,33104200
2025-07-17,181.6219,183.5364,179.9666,183.0578,31992600
2025-07-18,184.8726,185.8897,183.1874,184.5336,34014500
2025-07-21,185.7202,189.7487,185.6205,189.5592,45803100
2025-07-22,190.9552,191.1048,186.9267,190.7957,44660200
2025-07-23,190.9553,191.9823,188.6419,189.6889,58681900
2025-07-24,196.4695,197.3869,190.4567,191.6233,74881700
2025-07-25,191.4339,193.7772,190.7159,192.6305,39785900
2025-07-28,193.0991,193.4980,190.2971,192.0322,38139500
2025-07-29,191.8826,195.3627,191.5336,195.1932,41389200
2025-07-30,195.0436,197.0379,194.1362,195.9709,32445400
2025-07-31,195.1533,195.4325,190.5464,191.3541,51329200
2025-08-01,188.4923,190.2872,187.2857,188.5920,34832200
2025-08-04,189.7487,194.7145,189.5792,194.4852,31547400
2025-08-05,194.1561,197.2972,193.3384,194.1162,31602300
2025-08-06,193.9467,196.0707,193.1191,195.5322,21562900
2025-08-07,196.4994,196.9781,193.7772,195.9610,26321800
2025-08-08,196.6590,202.0336,196.6091,200.8470,39161800
2025-08-11,200.3684,200.9069,198.5037,200.4282,25832400
2025-08-12,200.7972,203.9183,200.0194,202.7616,30397900
2025-08-13,203.5493,203.9482,196.9481,201.3855,28342900
2025-08-14,200.9268,203.8584,200.6576,202.3627,25230400
2025-08-15,203.2701,205.8527,200.7074,203.3200,34931400
2025-08-18,203.6191,204.6861,201.9140,202.9211,18526600
2025-08-19,202.4525,202.8613,199.3912,200.9966,24240200
2025-08-20,200.1590,200.7074,196.0407,198.7530,28955500
2025-08-21,199.1818,201.9040,198.8627,199.1818,19774600
2025-08-22,202.1533,207.9468,200.7274,205.5037,42827000
2025-08-25,205.8428,209.9212,204.6961,207.8969,29928900
2025-08-26,206.9197,207.2588,205.1149,206.5508,28464100
2025-08-27,205.1149,208.3157,205.0650,206.8898,23022900
2025-08-28,206.6604,211.6163,206.3114,211.0379,32339300
2025-08-29,209.9112,214.0394,209.6021,212.3044,39728400
2025-09-02,207.8471,211.0778,205.6134,210.7488,47523000
2025-09-03,225.5665,230.6520,224.1505,230.0039,103336100
2025-09-04,228.9967,231.7090,225.4668,231.6392,51684200
2025-09-05,231.5395,235.0893,231.2403,234.3315,46588900
2025-09-08,235.0102,237.6650,233.2137,233.5830,32474700
2025-09-09,233.7127,240.0004,232.7745,239.1620,38061000
2025-09-10,238.4335,241.1881,237.3855,238.7030,35141100
2025-09-11,239.4116,241.7769,235.7887,239.9006,30599300
2025-09-12,239.9006,241.6073,237.5352,240.3298,26771600
2025-09-15,244.1822,251.9171,244.1822,251.1187,58383800
2025-09-16,251.5877,252.5459,248.9828,250.6695,34109700
2025-09-17,250.7294,251.1087,245.7991,249.0427,34108000
2025-09-18,251.1885,253.4940,249.3122,251.5378,31239500
2025-09-19,252.7555,255.5001,251.3183,254.2226,55571400
2025-09-22,253.9331,255.2805,249.8112,252.0369,32290500
2025-09-23,252.5459,253.8633,249.9909,251.1686,26628000
2025-09-24,251.1686,251.8572,245.9588,246.6574,28201000
2025-09-25,243.9227,246.0087,240.2699,245.3100,31020400
2025-09-26,246.5875,248.9329,245.4897,246.0585,18503200
2025-09-29,247.3660,250.6596,242.2959,243.5734,32505800
2025-09-30,242.3358,242.8149,238.7828,242.6253,34724300
2025-10-01,240.2799,245.8190,238.1441,244.4218,31658200
2025-10-02,244.6713,246.3280,241.8268,245.2102,25483300
2025-10-03,244.0126,245.8190,241.1881,244.8709,30249600
2025-10-06,244.3020,250.8292,244.1024,249.9409,28894700
2025-10-07,247.7852,249.9509,245.0406,245.2801,23181300
2025-10-08,244.4817,245.5296,243.3439,244.1423,21307100
2025-10-09,243.9926,244.2820,238.6830,241.0583,27892100
2025-10-10,240.9585,243.6133,235.3794,236.1080,33180300
2025-10-13,239.7409,244.0225,239.2419,243.6732,24995000
2025-10-14,240.7589,246.6374,240.0403,244.9707,22111600
2025-10-15,246.7672,251.6177,245.5096,250.5398,27007700
2025-10-16,251.2783,256.4582,249.6116,250.9689,27997200
2025-10-17,250.2703,253.7236,247.3261,252.8054,29671600
2025-10-20,254.1927,256.8275,253.7335,256.0490,22350200
2025-10-21,254.2425,254.3823,243.6732,249.9709,47312100
2025-10-22,253.8733,255.8594,248.8032,251.1985,35029400
2025-10-23,252.4860,254.5419,251.3582,252.5858,19901400
2025-10-24,256.0789,261.1690,254.8214,259.4124,28655100
2025-10-27,264.3028,269.6125,263.7639,268.7441,35235200
2025-10-28,269.1634,270.2013,265.9796,266.9477,29738600
2025-10-29,267.2272,274.8023,267.1473,274.0338,43580300
2025-10-30,291.0206,291.0206,279.5131,280.9304,74876000
2025-10-31,282.6569,285.4415,276.4890,280.6409,39267900
2025-11-03,281.6290,284.9724,279.2536,283.1660,29786000
2025-11-04,276.2096,280.7207,275.7205,276.9980,30078400
2025-11-05,278.3254,285.8607,276.7984,283.7548,31010300
2025-11-06,284.7728,287.7869,280.5910,284.1939,37173600
2025-11-07,282.6569,283.2258,274.6526,278.2855,34479600
2025-11-10,283.8646,290.2321,282.3076,289.5335,29557300
2025-11-11,287.1881,291.3499,286.7589,290.7411,19842100
2025-11-12,291.1104,291.4398,283.1360,286.1501,24829900
2025-11-13,281.7887,282.2877,276.6986,278.0260,29494000
2025-11-14,270.8800,278.0160,270.1714,275.8702,31647200
2025-11-17,285.2219,293.3760,283.0162,284.4634,52670200
2025-11-18,287.3578,288.2360,277.6567,283.7249,49158700
2025-11-19,286.5992,303.2167,286.0703,292.2382,68198900
2025-11-20,303.9453,305.8216,288.1063,288.8848,62025200
2025-11-21,295.8411,303.3265,293.2761,299.0748,74137700
2025-11-24,310.5224,318.8561,308.9954,317.9579,85165100
2025-11-25,325.5730,328.1878,317.0297,322.8084,88632100
2025-11-26,320.0538,323.8663,316.1714,319.3252,51373400
2025-11-28,322.7385,326.2117,316.1714,319.5547,26018600
2025-12-01,317.0796,319.2254,313.2771,314.2751,41183000
2025-12-02,316.1214,317.7583,313.2970,315.1933,35854700
2025-12-03,315.2731,320.9520,313.4866,319.0058,41838300
2025-12-04,321.6008,321.7305,314.0855,316.9998,31240900
2025-12-05,318.8661,322.5289,318.5467,320.6426,28851700
2025-12-08,319.6339,320.0234,310.8154,313.3122,33909400
2025-12-09,311.9639,317.5766,311.4945,316.6678,30194000
2025-12-10,315.4194,320.8923,314.2709,319.7937,33428900
2025-12-11,319.6639,320.7026,308.1989,312.0239,42353700
2025-12-12,313.2922,314.4607,305.1628,308.8879,35940200
2025-12-15,310.9153,311.0152,304.4837,307.8193,29151900
2025-12-16,304.5536,310.3660,302.1966,306.1715,30585000
2025-12-17,307.6096,307.6895,295.7350,296.3343,43930400
2025-12-18,301.3278,303.5649,298.8410,302.0668,33518000
2025-12-19,301.3378,306.8506,300.5788,306.7607,59943200
2025-12-22,309.4772,309.7269,304.9031,309.3773,26429900
2025-12-23,309.2275,314.5306,308.9179,313.9413,25478700
2025-12-24,314.3608,314.6704,311.5145,313.6817,10097400
2025-12-26,314.0712,314.6804,311.8741,313.1025,10899000
2025-12-29,310.9652,313.6118,310.2162,313.1524,19621800
2025-12-30,312.0938,316.5380,312.0538,313.4420,17380900
2025-12-31,312.4433,314.1710,311.0351,312.5931,16377700
2026-01-02,316.4880,322.0807,309.9266,314.7403,32009400
2026-01-05,317.2470,318.6053,314.2210,316.1285,30195600
2026-01-06,315.9887,320.5228,311.3747,313.9314,31212100
2026-01-07,313.9513,325.7260,313.7816,321.5615,35104400
2026-01-08,328.5423,329.8906,321.0821,325.0169,31896100
2026-01-09,326.6648,330.3999,325.3765,328.1429,26214200
2026-01-12,325.3765,333.6058,324.5775,331.4286,33923900
2026-01-13,334.5146,340.0473,333.1863,335.5332,33517600
2026-01-14,334.6244,336.0825,330.0504,335.4034,28525600
2026-01-15,337.2111,337.2510,330.3101,332.3474,28442400
2026-01-16,333.9753,334.2150,327.2740,329.5710,40341600
2026-01-20,320.4529,327.3040,320.0135,321.5814,35361000
2026-01-21,320.5028,332.0478,318.9349,327.9531,35386600
2026-01-22,334.0152,334.7143,328.3226,330.1103,26253600
2026-01-23,332.0578,333.2562,327.0243,327.5037,27280000
2026-01-26,327.3839,335.4034,326.5749,332.8268,26042100
2026-01-27,334.9340,337.4707,333.0465,334.1151,21636200
2026-01-28,335.6231,337.1012,331.5085,335.5732,27434400
2026-01-29,339.8576,341.8451,326.1155,337.8103,39785600
2026-01-30,339.5580,339.5580,331.8580,337.5606,31024000
2026-02-02,335.7829,344.3817,335.1937,343.2432,32006100
2026-02-03,346.8885,348.5463,337.0313,339.2684,36506700
2026-02-04,342.5142,342.8637,328.0929,332.6071,70618400
2026-02-05,311.8141,332.2575,306.0616,330.8194,88205800
2026-02-06,326.7547,329.9505,319.5041,322.4403,56380500
2026-02-09,320.5128,327.2740,316.8476,323.8984,39640100
2026-02-10,320.5527,321.2518,314.2010,318.1658,39170000
2026-02-11,318.5553,320.6426,309.2574,310.5557,45406400
2026-02-12,311.6843,315.8289,306.8007,308.5983,47761300
2026-02-13,307.3300,308.2288,303.3152,305.3226,38499700
2026-02-17,299.6499,304.0442,295.8649,301.6273,39247600
2026-02-18,301.6973,304.9830,300.8584,302.9357,28482100
2026-02-19,301.4276,305.0729,299.6500,302.4563,25834400
2026-02-20,303.9244,316.0886,303.5049,314.5706,53210800
2026-02-23,318.6352,319.1046,309.4672,311.0851,31423000
2026-02-24,310.1163,311.8641,305.5323,310.4958,25615600
2026-02-25,311.6544,313.2323,309.0378,312.4933,29963600
2026-02-26,312.2336,312.7329,301.9569,306.9804,36431200
2026-02-27,303.7446,311.9639,303.4051,311.3547,44640600
2026-03-02,302.8358,308.0890,300.9083,306.1215,34790200
2026-03-03,298.2018,303.5449,296.3243,303.1853,35497000
2026-03-04,302.4963,305.0729,300.3591,302.7360,29536200
2026-03-05,302.6461,302.9057,297.6026,300.4889,35752300
2026-03-06,295.7051,300.1393,294.7963,298.1319,25576900
2026-03-09,294.1843,306.6168,293.9044,306.1771,29312100
2026-03-10,305.9872,309.3252,305.3876,306.8567,23239700
2026-03-11,306.5669,311.2341,305.7374,308.5157,24125700
2026-03-12,306.6368,308.7556,300.8503,303.3688,24928300
2026-03-13,306.8267,307.5063,300.2607,302.0995,23693100
2026-03-16,304.1683,306.3070,302.8391,305.3776,23519700
2026-03-17,305.6774,311.2341,305.3176,310.7344,21955200
2026-03-18,309.0854,312.2835,306.7468,307.5063,20009800
2026-03-19,303.8285,307.8761,302.1695,306.9467,25075800
2026-03-20,305.2776,305.8173,298.0919,300.8203,44364100
2026-03-23,301.9297,305.7974,300.7504,301.8797,29326900
2026-03-24,299.0214,299.7410,290.1567,290.2666,36864300
2026-03-25,293.2648,295.8233,289.0673,290.7563,29460700
2026-03-26,287.7381,287.7781,278.3338,280.7523,39080600
2026-03-27,277.1145,279.2032,273.7865,274.1762,35890600
2026-03-30,276.2550,276.9246,271.9475,273.3367,35141200
2026-03-31,277.8740,287.9080,276.9246,287.3883,43875400
2026-04-01,290.6664,300.3406,290.2366,297.2125,37684500
2026-04-02,290.5165,297.9021,289.2772,295.5934,21666500
2026-04-06,295.6934,300.4405,295.0038,299.8109,16945500
2026-04-07,302.5493,305.4476,297.5423,305.2776,23205400
2026-04-08,320.2587,321.8877,314.8319,317.1306,33547100
2026-04-09,315.7214,319.3493,310.8743,318.2999,23739200
2026-04-10,319.8290,321.6379,316.1312,317.0506,19152600
2026-04-13,316.9507,321.4380,315.2817,321.1182,18866400
2026-04-14,324.5961,333.0911,323.5567,332.7113,27721400
2026-04-15,332.6913,337.2786,330.7025,336.9188,24918800
2026-04-16,338.5478,339.6771,334.3203,335.8194,20541500
2026-04-17,337.4485,342.1157,336.0393,341.4760,25581900
2026-04-20,340.5566,341.1962,336.4091,337.2186,18784200
2026-04-21,337.4884,339.1374,331.1522,332.0916,23123800
2026-04-22,336.8188,339.6172,334.9699,339.1175,20293000
2026-04-23,340.9763,341.7559,335.9793,338.6877,18650300
2026-04-24,338.5278,345.0639,335.1898,344.1944,26426100
2026-04-27,345.7735,352.9692,342.5254,350.1309,28576900
2026-04-28,348.3419,352.2096,345.9134,349.5712,27824100
2026-04-29,347.3625,355.5776,344.0045,349.7311,35376300
2026-04-30,373.8467,385.6097,365.6016,384.5703,72040000
2026-05-01,381.4022,386.5291,378.8237,385.4598,30105200
2026-05-04,385.3998,387.1487,379.5633,383.0212,26298600
2026-05-05,385.9995,392.5855,383.7907,388.1981,23878600
2026-05-06,394.0147,399.6113,392.5256,397.8024,31308500
2026-05-07,399.6813,399.8612,392.4456,397.7524,24433500
2026-05-08,396.7630,401.7600,396.1234,400.5607,21461800
2026-05-11,393.4150,397.2028,388.2381,388.4080,30753700
2026-05-12,387.1088,388.2881,382.5415,387.1188,26017500
2026-05-13,385.3698,403.4590,384.7702,402.3797,28144600
2026-05-14,397.0429,402.6895,395.6037,400.8306,21136700
2026-05-15,396.0834,399.3015,392.9453,396.5432,20309700
2026-05-18,395.4538,408.3661,394.2945,396.7031,26837200
2026-05-19,396.7230,396.9129,385.8795,387.4286,39545700
2026-05-20,387.4686,393.6249,382.6714,388.6779,31744400
2026-05-21,385.4698,392.2657,382.7913,387.4286,24852800
2026-05-22,387.1188,388.5079,381.5421,382.7414,20442100
2026-05-26,384.2805,389.0276,382.3716,388.6479,27747400
2026-05-27,386.4392,393.6449,385.6696,388.5979,23087300
2026-05-28,387.7684,391.6361,384.9301,389.8971,24357500
2026-05-29,385.0100,385.0100,378.2341,380.1129,44415800
2026-06-01,376.2952,378.3340,373.2970,376.1453,28672100
2026-06-02,366.3712,373.3170,358.2260,361.6340,50412300
2026-06-03,361.8139,366.2313,357.8662,358.7757,55441600
2026-06-04,358.6858,373.0272,357.9962,371.9678,44055500
2026-06-05,366.1213,371.8579,363.9026,368.3100,37471200
2026-06-08,365.1800,366.2000,360.5300,363.3100,27942500
2026-06-09,367.0900,372.0800,357.3000,364.2600,29535100
2026-06-10,363.1900,368.5600,355.2000,356.3800,32357100
2026-06-11,355.9300,358.8000,346.3600,357.7700,35538200
2026-06-12,362.6200,366.5700,354.9400,359.6800,24704600
2026-06-15,367.9300,372.9900,366.5500,369.3500,27727500
2026-06-16,369.6000,376.0000,367.0600,373.2500,24876100
2026-06-17,369.1300,372.3300,362.0200,363.7900,24543600
2026-06-18,365.7500,369.4800,358.6700,368.0300,44470100
2026-06-22,357.9500,358.9200,341.7200,349.6800,52814800
2026-06-23,340.6900,349.2900,340.2000,346.1300,34007700
2026-06-24,349.0400,353.4800,341.9300,345.2900,44997300
2026-06-25,336.7300,345.5700,335.8400,343.7100,44491400
2026-06-26,342.5500,346.3600,330.2000,337.3900,114706300
2026-06-29,341.8300,354.3500,340.6700,353.6500,34213900
2026-06-30,353.8700,358.6200,350.4000,357.3700,35237200
2026-07-01,358.3700,362.9700,356.4300,361.2100,26736400
2026-07-02,359.4800,364.2100,353.4200,359.9100,25974800
2026-07-06,361.5500,367.9300,357.3800,366.4600,26915800
2026-07-07,369.0700,373.1600,365.5000,367.0300,24045600
2026-07-08,364.7600,367.8400,358.0200,361.9200,22094800
2026-07-09,354.3100,359.6500,351.0800,358.8900,24729100
2026-07-10,357.5300,357.8200,352.7500,357.1800,18146100
2026-07-13,356.1900,358.1300,351.7500,352.5100,15901700
2026-07-14,351.2000,360.1600,351.0900,359.5100,18259400
2026-07-15,357.9700,373.6500,357.7600,370.9200,28284600
2026-07-16,373.0600,375.2700,352.3000,354.4600,41158500
2026-07-17,346.0000,348.5200,341.3600,346.7700,29929300
2026-07-20,351.1500,359.6700,350.5200,351.9900,24501956
