Date,Open,High,Low,Close,Volume
2016-07-21,105.8768,106.3974,105.2063,105.4357,19018700
2016-07-22,105.4975,106.4415,105.2946,106.2209,17796100
2016-07-25,106.0003,106.2738,105.6563,106.0621,13694600
2016-07-26,106.0444,106.7238,105.7974,106.5738,19551100
2016-07-27,106.7503,107.1649,106.1768,106.8738,21064700
2016-07-28,106.6444,106.9620,106.3356,106.6003,16540100
2016-07-29,106.4944,107.4207,105.9121,106.8120,30267900
2016-08-01,106.9267,107.3678,106.2562,106.9002,34771700
2016-08-02,106.8914,106.9355,105.0740,105.4093,28691000
2016-08-03,105.3122,106.3091,105.0740,106.2650,17830300
2016-08-04,106.2650,106.9179,106.0974,106.3621,17526700
2016-08-05,107.0502,108.1442,106.7238,107.8972,28643400
2016-08-08,107.9413,108.3824,107.6589,107.8442,14625700
2016-08-09,107.8707,108.1883,107.7560,107.9589,12487700
2016-08-10,107.9677,108.1618,106.8826,107.1825,19138100
2016-08-11,107.6589,107.9854,107.2531,107.6942,21144600
2016-08-12,107.4825,108.0383,107.3061,107.8001,12251200
2016-08-15,108.0383,109.1234,108.0118,108.8676,22048000
2016-08-16,108.5853,108.6206,107.8618,107.9853,20244300
2016-08-17,108.0206,108.0736,107.0414,107.6678,20632600
2016-08-18,107.7030,108.4882,107.6678,108.4618,16244600
2016-08-19,108.3118,108.5765,107.8795,108.4618,17379500
2016-08-22,108.2324,108.8147,107.9236,108.7088,16929700
2016-08-23,109.0529,109.8028,109.0529,109.4675,21539400
2016-08-24,109.3440,109.6175,108.3118,108.5765,21533400
2016-08-25,108.1795,109.1235,108.1706,108.7882,17023200
2016-08-26,108.9117,109.7587,107.8972,108.5677,26734400
2016-08-29,108.7529,109.5470,108.7265,109.1323,14013900
2016-08-30,109.2470,109.5469,108.8500,109.3352,14031300
2016-08-31,109.2029,109.2999,108.1177,108.7176,29236300
2016-09-01,108.8147,109.0705,107.6501,108.7970,22964700
2016-09-02,109.4058,109.8645,109.0705,109.8469,23083300
2016-09-06,110.2086,110.2527,109.3705,109.9527,13711000
2016-09-07,109.8822,110.6674,109.8204,110.6409,17830500
2016-09-08,110.5527,110.6409,110.0762,110.4203,16265500
2016-09-09,109.5557,109.5822,106.9355,106.9708,54239000
2016-09-12,106.4767,108.4882,106.3797,108.4618,33408100
2016-09-13,107.6854,107.7737,105.7622,106.3797,47536200
2016-09-14,106.5473,107.1649,106.1239,106.3973,30545500
2016-09-15,106.4679,107.8001,106.3179,107.6678,29499800
2016-09-16,107.6678,107.6678,106.8385,107.5090,31940500
2016-09-19,107.9148,108.9999,107.6237,108.2236,22807000
2016-09-20,108.6911,108.7176,107.7648,107.7648,16877900
2016-09-21,108.1442,109.3705,107.7207,109.3264,30784700
2016-09-22,110.0410,110.9850,109.9792,110.8967,36287700
2016-09-23,110.7732,111.0555,110.1115,110.1115,26118000
2016-09-26,109.5224,109.8497,108.9031,109.0181,20028000
2016-09-27,108.9650,109.5931,108.6465,109.4604,16939500
2016-09-28,109.6551,110.3716,108.8766,110.3009,19426400
2016-09-29,110.2478,110.2655,108.5492,108.6908,26657700
2016-09-30,109.1862,110.3893,108.6908,109.8851,31764500
2016-10-03,109.5489,109.7877,108.9296,109.5400,18674300
2016-10-04,109.7170,109.9735,108.5050,109.0004,26057300
2016-10-05,109.4250,110.3009,109.3896,109.6550,24317300
2016-10-06,109.4781,109.7170,108.6554,109.5400,18937100
2016-10-07,109.7347,109.9824,108.1334,108.6642,28732700
2016-10-10,108.6642,110.3540,108.6642,109.9647,21481700
2016-10-11,109.7435,109.7966,107.3461,107.9565,31931300
2016-10-12,108.0096,108.4696,107.5142,107.8680,20210400
2016-10-13,107.0364,107.4080,106.2579,106.9745,26302500
2016-10-14,107.3638,107.7884,106.5145,106.5410,24554600
2016-10-17,106.6737,106.9126,106.3021,106.4172,17119500
2016-10-18,107.5053,107.5584,106.7445,107.0276,19158900
2016-10-19,107.1957,107.8857,106.6030,107.4788,18477400
2016-10-20,107.1691,107.9299,106.5233,107.1603,20485600
2016-10-21,106.3906,107.3726,106.2491,107.1072,21093700
2016-10-24,107.9653,108.4696,107.4434,107.7884,15421600
2016-10-25,107.7619,107.9211,106.6914,106.9834,16459800
2016-10-26,106.2579,107.0453,105.6829,105.9217,24975300
2016-10-27,106.2668,106.2845,104.4709,104.7097,29525700
2016-10-28,104.6655,105.3025,104.1701,104.4178,35473700
2016-10-31,104.5505,104.9574,104.2143,104.8336,20311800
2016-11-01,104.9751,105.0105,102.8696,103.5508,34147200
2016-11-02,103.3916,103.5066,102.0823,102.2327,29859900
2016-11-03,102.5423,102.8343,101.6311,101.7373,22717500
2016-11-04,102.0027,103.4181,101.7815,102.3919,35237200
2016-11-07,104.3913,105.1167,104.1347,104.8955,32370900
2016-11-08,104.6567,105.6829,104.1347,105.1698,26196800
2016-11-09,104.4621,108.6642,104.4355,108.4077,77416800
2016-11-10,109.9293,110.9378,108.4784,110.1416,83440700
2016-11-11,110.6105,112.9903,110.1859,112.6718,95612800
2016-11-14,114.0784,115.2373,113.5830,114.2553,83119400
2016-11-15,113.9899,114.9100,113.5034,114.6092,38704500
2016-11-16,114.3438,115.0073,114.1492,114.6004,42325500
2016-11-17,114.9631,115.7416,114.7862,115.2727,42576900
2016-11-18,115.6178,115.9716,115.2727,115.8832,41380600
2016-11-21,116.1662,116.7767,115.5470,116.4228,32293100
2016-11-22,116.8828,117.5729,116.4847,117.4844,39681500
2016-11-23,117.2013,118.2363,116.8651,118.2187,37939200
2016-11-25,118.3072,118.6345,118.1391,118.6080,13373400
2016-11-28,118.5195,118.5460,116.9094,117.0686,32505700
2016-11-29,117.2278,117.7410,116.8651,117.0067,27993700
2016-11-30,117.5906,117.7410,116.3343,116.4317,32491200
2016-12-01,116.9978,117.2632,115.2639,115.8654,39815900
2016-12-02,115.8389,116.3078,115.4673,115.8035,24054100
2016-12-05,116.7501,117.9533,116.6793,117.7940,27547100
2016-12-06,118.1214,119.3511,117.4313,119.0680,27820000
2016-12-07,119.0680,120.4746,118.7052,120.2269,31825800
2016-12-08,120.5365,122.2705,120.1384,122.1201,49048900
2016-12-09,122.4386,122.8102,121.8636,122.3590,34313500
2016-12-12,122.0405,122.5890,120.7665,121.0673,34592900
2016-12-13,121.6689,122.1289,120.5277,121.0762,32624600
2016-12-14,120.6869,121.5097,119.2626,119.5634,45923700
2016-12-15,119.7580,121.3239,119.3953,120.4569,41352500
2016-12-16,120.6250,121.6689,119.9880,120.2357,39348200
2016-12-19,120.3508,121.3681,120.2358,121.0231,33393900
2016-12-20,121.4477,122.2705,121.1912,122.0493,31753600
2016-12-21,121.9520,122.2174,121.2089,121.2531,23215900
2016-12-22,121.3091,121.4779,119.7545,120.2076,34737900
2016-12-23,120.3320,120.9182,120.1632,120.8472,17081400
2016-12-27,121.0159,121.9664,120.9981,121.3890,13571700
2016-12-28,121.6022,121.6822,119.7723,120.1454,22712400
2016-12-29,120.1809,121.0426,119.6479,120.2520,21312900
2016-12-30,120.4563,120.4829,119.3903,119.7901,28399300
2017-01-03,121.2469,121.5490,119.4792,120.3853,29792400
2017-01-04,120.8560,122.5527,120.8205,122.3928,34499400
2017-01-05,122.1352,122.3750,120.3763,120.9804,30286900
2017-01-06,121.1758,121.4423,120.5273,120.5362,23436000
2017-01-09,120.4030,120.5629,119.4791,119.7456,24077900
2017-01-10,119.9233,121.1492,119.7101,120.8915,21684900
2017-01-11,121.0159,121.5134,120.2964,121.1048,27428800
2017-01-12,120.9537,121.0070,118.6707,120.1720,41844200
2017-01-13,120.5007,121.6733,120.5007,121.0426,27784500
2017-01-17,120.4563,120.5362,119.1505,119.3992,28197800
2017-01-18,119.7101,119.8700,118.9906,119.7901,21289700
2017-01-19,120.0477,120.3142,118.2977,118.8129,34105900
2017-01-20,118.8129,119.8167,118.8129,119.4258,29286100
2017-01-23,119.0616,119.6390,118.2532,118.9283,20537000
2017-01-24,119.3370,121.0603,119.2304,120.7494,34313800
2017-01-25,121.7532,122.1885,121.6555,121.8865,29127300
2017-01-26,122.0020,122.1441,121.1847,121.3979,22255600
2017-01-27,121.4956,121.7355,120.5007,120.9804,19467800
2017-01-30,120.1276,120.1365,118.3598,119.2926,40464400
2017-01-31,118.9195,120.4207,118.5730,120.1276,32945000
2017-02-01,121.0070,121.5844,119.6568,120.0565,30010500
2017-02-02,120.1898,120.5185,119.4703,119.7545,19935700
2017-02-03,120.8027,121.6822,120.3763,121.5844,24534100
2017-02-06,121.1669,121.5045,120.3052,120.6694,23691500
2017-02-07,120.6517,121.2291,119.7190,120.1365,30342200
2017-02-08,120.1365,120.1365,118.9372,119.9233,32956900
2017-02-09,119.9233,121.9220,119.9233,121.6111,28267600
2017-02-10,122.4017,122.9169,121.8776,122.5350,27287600
2017-02-13,123.2723,123.6631,122.6682,122.8548,23245100
2017-02-14,122.5350,123.4322,122.2418,123.2634,27145000
2017-02-15,122.7571,124.1606,122.6505,124.0007,20253500
2017-02-16,123.8852,124.2228,122.7748,123.6542,24613600
2017-02-17,122.9880,123.6187,122.8103,123.5743,26703200
2017-02-21,123.8141,124.6492,123.8141,124.5426,21353500
2017-02-22,124.3649,124.3827,123.6987,123.9918,14890800
2017-02-23,124.3294,124.3738,122.3129,123.2545,24596200
2017-02-24,122.1086,123.1657,121.9664,123.1657,24512300
2017-02-27,122.8903,124.3649,122.7748,124.3649,28269000
2017-02-28,123.8141,123.9030,122.3751,122.4461,40184100
2017-03-01,124.0540,125.1289,123.9385,124.6847,35719800
2017-03-02,124.6581,124.6847,123.1568,123.2545,25937000
2017-03-03,123.2989,123.8497,122.4817,123.1657,30989800
2017-03-06,122.3928,122.5616,121.6911,122.3218,23892100
2017-03-07,122.0553,122.3573,121.3535,121.5223,29711300
2017-03-08,121.9487,122.2507,120.6162,120.7228,34115100
2017-03-09,120.6606,121.2469,119.8256,120.2431,35223800
2017-03-10,121.0692,121.0870,119.7812,120.7761,39516600
2017-03-13,120.5007,121.5134,120.5007,121.0603,21295000
2017-03-14,120.5895,120.6606,119.5324,120.4829,30037800
2017-03-15,121.0692,122.6060,120.7849,122.3484,31230400
2017-03-16,122.7837,123.0413,122.1974,122.5083,25306600
2017-03-17,122.7126,123.2367,121.9753,122.9969,33324600
2017-03-20,122.8370,123.0502,122.0286,122.4639,19091200
2017-03-21,123.0413,123.1212,118.9639,119.0083,61869000
2017-03-22,118.7774,119.3103,117.9512,119.0350,46332600
2017-03-23,119.0350,120.5451,118.7152,119.7279,37764600
2017-03-24,120.2241,120.6873,119.2530,119.8143,33514400
2017-03-27,118.2730,120.3310,117.9523,120.0370,35596700
2017-03-28,119.6272,121.0704,119.5025,120.9724,26891900
2017-03-29,120.8923,121.5961,120.5359,121.3644,22119500
2017-03-30,121.4446,122.3889,121.3911,122.2820,25792900
2017-03-31,122.4245,123.0927,121.9969,122.4780,29434300
2017-04-03,122.9145,123.0303,120.8031,121.1862,38834900
2017-04-04,121.0971,121.6495,120.5804,121.0437,25642600
2017-04-05,121.8989,122.4335,119.4490,119.6717,44968800
2017-04-06,119.8588,120.8299,119.2263,120.7853,41012100
2017-04-07,120.4557,121.1863,120.0459,120.7319,24300200
2017-04-10,120.6873,121.9168,120.4112,120.9992,22779900
2017-04-11,120.5092,121.9791,120.3399,121.9613,32589200
2017-04-12,121.7296,121.7831,120.1973,120.3042,25700800
2017-04-13,120.1617,120.5983,119.0749,119.1283,30207000
2017-04-17,119.4401,120.5537,119.0927,120.5270,18278800
2017-04-18,120.0192,120.6784,119.5203,120.5537,24553300
2017-04-19,120.8833,122.0147,120.7497,120.9724,34627600
2017-04-20,121.4624,122.6473,121.2931,122.5137,31934400
2017-04-21,122.2642,122.5404,121.7920,122.2375,29386000
2017-04-24,123.9034,124.1351,123.3778,123.7609,33836900
2017-04-25,124.9368,125.5070,124.8032,124.9635,32751700
2017-04-26,124.8745,126.3444,124.8388,125.6050,41669200
2017-04-27,125.9168,126.3266,125.1507,125.5694,23004300
2017-04-28,125.6407,125.7654,123.8678,123.8856,31113900
2017-05-01,124.4023,124.9813,123.6361,124.5983,20925200
2017-05-02,124.7052,125.0259,123.5560,123.9658,17993900
2017-05-03,123.3778,123.6183,122.6651,123.1996,27050300
2017-05-04,123.4134,123.5916,122.1484,123.0303,25799100
2017-05-05,123.5560,123.8232,122.5225,123.8232,23806500
2017-05-08,123.5292,123.8143,122.7274,123.3065,16680000
2017-05-09,123.4669,123.6807,122.7453,123.2531,23988400
2017-05-10,122.9769,124.2598,122.8165,124.0192,19791500
2017-05-11,123.5382,123.6807,122.0326,123.1551,28617300
2017-05-12,122.6829,122.8433,122.1929,122.5047,24111200
2017-05-15,122.9235,124.0549,122.9235,123.4580,31132200
2017-05-16,123.8054,123.8678,122.6027,123.5025,18520900
2017-05-17,121.4535,122.0860,120.0459,120.1706,50791200
2017-05-18,119.8856,121.0704,119.5827,120.6072,44805100
2017-05-19,120.8388,121.8365,120.6428,121.1862,44450500
2017-05-22,121.3912,122.2286,121.3021,122.0059,20062700
2017-05-23,122.3087,122.6651,121.4713,122.4067,16681400
2017-05-24,122.5047,122.9680,121.8989,122.4869,21256000
2017-05-25,123.0659,123.4847,122.2285,122.5671,22804200
2017-05-26,122.3889,122.7542,121.8544,122.5314,20047300
2017-05-30,122.1573,122.4423,121.3555,121.5693,25544100
2017-05-31,121.9079,121.9791,119.9479,121.4446,34345400
2017-06-01,121.8009,123.8321,121.4000,123.7876,44618600
2017-06-02,124.2330,125.6317,123.8767,124.5894,46680200
2017-06-05,124.6874,124.8210,123.7876,123.8143,20808900
2017-06-06,123.0393,124.4202,122.7720,123.6985,25460900
2017-06-07,123.7074,124.3043,123.3778,123.8143,20542200
2017-06-08,123.8143,126.0237,123.6005,125.5070,33956400
2017-06-09,126.0237,127.3065,125.3466,126.1573,56979400
2017-06-12,126.2019,126.4959,125.5159,125.9525,34665500
2017-06-13,126.3266,126.7809,126.0326,126.5938,22046800
2017-06-14,126.5315,126.5404,125.1239,125.8455,33021900
2017-06-15,124.4469,125.5961,124.4469,125.2041,27376800
2017-06-16,124.7498,124.9190,124.0816,124.8923,35608400
2017-06-19,125.2219,126.1306,125.1774,125.8188,25163300
2017-06-20,125.5070,125.5872,124.4558,124.5449,20111900
2017-06-21,124.7676,125.4357,124.0281,124.2330,23351400
2017-06-22,124.1618,125.0705,123.8411,124.7053,17917200
2017-06-23,124.8477,125.6852,124.3221,125.5337,20772500
2017-06-26,125.6941,126.0861,124.9012,125.6852,22988300
2017-06-27,125.7030,126.1663,124.5003,124.5805,24610100
2017-06-28,125.3199,126.7364,125.0794,126.4869,25085400
2017-06-29,126.7186,126.8166,124.4112,125.7387,38794900
2017-06-30,125.8366,126.2108,125.4090,125.5427,22798500
2017-07-03,125.9168,126.9502,125.8811,126.5938,12968200
2017-07-05,126.2375,126.3712,125.3467,126.1395,21865500
2017-07-06,125.1991,125.6823,124.2149,124.4923,30563400
2017-07-07,124.7518,125.8702,124.5281,125.7002,20511000
2017-07-10,125.1902,126.0580,124.6981,125.1544,17206000
2017-07-11,125.0650,125.6019,124.3492,125.5213,16192900
2017-07-12,126.2013,127.2481,126.1655,126.4876,19358600
2017-07-13,126.3354,126.6575,125.6018,126.5949,16559300
2017-07-14,126.2460,127.3197,126.2460,126.8097,15465300
2017-07-17,126.6933,127.4628,126.3891,127.1049,15374600
2017-07-18,126.6397,126.9349,126.1923,126.7739,16653300
2017-07-19,126.9438,128.0712,126.9438,128.0354,16985500
2017-07-20,128.0533,128.4112,127.7670,128.1249,17047800
2017-07-21,127.9549,128.2412,127.2749,127.5433,21662700
2017-07-24,127.3286,127.7849,127.0244,127.7223,16694000
2017-07-25,128.5007,129.0644,128.1339,128.8854,21066400
2017-07-26,128.9749,128.9749,127.9907,128.1696,13574900
2017-07-27,128.3755,128.5544,126.6486,127.3555,24355800
2017-07-28,127.0691,127.3734,126.5770,127.0155,19933300
2017-07-31,127.2481,127.3912,126.1297,126.6128,16417700
2017-08-01,127.2033,127.2302,126.1297,126.8544,19835900
2017-08-02,126.6844,126.8902,125.0202,125.4676,19934300
2017-08-03,125.6555,125.7450,124.5102,124.8413,19624900
2017-08-04,125.1813,125.5481,124.8055,125.4497,16473500
2017-08-07,125.6555,126.0223,125.0023,125.6555,9176200
2017-08-08,125.6286,126.8633,124.9844,125.2618,27248700
2017-08-09,124.4744,124.7160,123.7229,124.1792,26534300
2017-08-10,123.7228,123.7228,121.9155,121.9244,40983500
2017-08-11,121.8708,122.3450,121.4771,122.1034,32779600
2017-08-14,122.8102,124.0002,122.7834,123.9555,21710900
2017-08-15,124.1881,124.2060,122.8818,122.9355,16646000
2017-08-16,123.1771,123.8213,122.7655,122.9713,21858600
2017-08-17,122.5597,123.1950,120.7166,120.7255,32722900
2017-08-18,120.3139,121.1997,120.0008,120.7166,42401900
2017-08-21,120.5108,120.8061,120.0187,120.6361,21504100
2017-08-22,121.0208,122.0855,120.9134,121.9423,25170600
2017-08-23,121.2623,122.1929,120.9760,121.7455,18381900
2017-08-24,122.2555,122.5150,121.7008,122.1213,15726600
2017-08-25,122.4702,122.8549,122.0586,122.4702,17163000
2017-08-28,122.9086,123.1234,122.3718,122.9892,16333300
2017-08-29,122.1213,123.3023,121.8886,123.0160,20277600
2017-08-30,122.8997,123.9286,122.8013,123.8034,15915500
2017-08-31,124.2865,125.2081,124.0718,125.0202,29260600
2017-09-01,125.2439,125.8255,125.0202,125.7271,17412500
2017-09-05,125.8254,126.0581,123.9912,124.5191,21908400
2017-09-06,125.0291,125.2618,124.4386,124.7786,18399700
2017-09-07,124.8950,124.9844,124.0002,124.4655,18159800
2017-09-08,124.3044,125.0560,124.0270,124.5639,21870500
2017-09-11,125.6107,126.0849,125.4675,125.8702,22617700
2017-09-12,126.1923,126.7739,125.9955,126.6397,22679600
2017-09-13,126.5234,127.2481,126.4428,127.0155,25052500
2017-09-14,126.8544,127.1944,126.5323,126.8991,18353800
2017-09-15,126.7291,127.4717,126.6486,127.4181,23184000
2017-09-18,127.6060,128.6707,127.5881,128.2860,24427400
2017-09-19,128.4560,128.5634,128.0265,128.2860,16346300
2017-09-20,128.4202,128.8586,128.1786,128.6976,20244700
2017-09-21,128.8586,129.0733,128.3754,128.5633,17395900
2017-09-22,128.5454,129.4401,128.4470,129.1091,25203000
2017-09-25,129.0823,129.6817,128.5633,129.2880,30012800
2017-09-26,129.4127,130.1841,129.3141,129.6997,28238100
2017-09-27,130.6146,132.6146,130.1930,132.2379,66351700
2017-09-28,132.0676,132.7941,131.6460,132.5878,29291400
2017-09-29,132.6685,133.1259,132.5070,132.9017,21738700
2017-10-02,133.0182,134.5340,132.8119,134.5340,29772400
2017-10-03,134.6326,134.8300,133.9331,134.8300,28372800
2017-10-04,134.6148,135.0811,133.9869,134.3995,22024700
2017-10-05,134.7941,135.0990,134.4174,134.7672,22538500
2017-10-06,134.2739,134.8389,134.1483,134.5788,19350800
2017-10-09,134.7044,135.1439,133.7985,134.0228,13981300
2017-10-10,134.4712,134.7941,134.0048,134.4084,21951900
2017-10-11,134.4802,134.7044,134.0497,134.3098,15137100
2017-10-12,134.0497,134.5430,133.6550,134.2111,17185600
2017-10-13,134.4622,134.5250,133.8434,133.9689,15464400
2017-10-16,134.1842,134.8479,133.6640,133.8524,20653100
2017-10-17,133.8792,134.3277,133.1886,133.4667,18046800
2017-10-18,134.0855,134.4533,133.7088,134.1035,20541700
2017-10-19,133.4308,133.9331,132.8927,133.8972,17164900
2017-10-20,134.8120,134.9017,134.4084,134.5161,25224500
2017-10-23,134.6685,134.6685,133.3680,133.5115,14676400
2017-10-24,133.9869,134.3367,133.6730,133.7896,17527700
2017-10-25,133.5833,133.6371,132.0406,133.1438,27235300
2017-10-26,133.5833,133.9420,133.1976,133.4218,15205900
2017-10-27,133.5295,134.4533,133.0093,134.3457,32744100
2017-10-30,133.5294,134.0407,132.1931,132.9285,30524800
2017-10-31,133.4487,134.3815,133.3142,133.8703,22449400
2017-11-01,134.9825,135.0094,132.2380,132.9824,31585500
2017-11-02,132.9554,133.8434,132.4891,133.3770,28176600
2017-11-03,133.1707,133.6012,132.7940,133.2873,22312700
2017-11-06,133.4128,133.9779,133.0900,133.4397,15576800
2017-11-07,133.4577,133.5025,131.4307,131.8433,29549300
2017-11-08,131.5383,132.2469,130.8029,132.0227,30682500
2017-11-09,131.1886,132.1931,130.3007,131.5563,40144400
2017-11-10,131.5832,131.9330,131.2603,131.4576,17823700
2017-11-13,130.8837,131.6819,130.4980,131.4935,14680000
2017-11-14,131.0002,131.3859,130.5787,131.1348,19682200
2017-11-15,130.3634,131.1348,129.6011,130.6146,23925200
2017-11-16,131.1347,133.0989,131.1168,132.5339,25889000
2017-11-17,132.0675,133.6640,131.9958,133.1438,25816700
2017-11-20,133.4218,134.1573,133.0362,134.1125,22793000
2017-11-21,134.7134,135.6910,134.5878,135.5116,29392300
2017-11-22,135.6820,136.1215,135.3053,135.3322,14136600
2017-11-24,135.6192,135.7627,135.2246,135.3860,6816300
2017-11-27,135.6999,135.9869,134.9286,134.9735,18416900
2017-11-28,135.4488,137.1978,135.1260,137.0991,35898300
2017-11-29,137.5296,138.3099,137.1799,137.5565,38234200
2017-11-30,138.2113,138.6149,137.4758,137.8076,32230700
2017-12-01,137.2426,137.8615,133.4129,137.2426,62734800
2017-12-04,138.9287,139.3862,136.5968,136.7314,36366800
2017-12-05,135.7896,137.1888,135.3591,135.3681,29667200
2017-12-06,134.8659,135.6013,134.4892,134.7314,21273800
2017-12-07,135.7089,136.2291,134.5519,135.6730,29675200
2017-12-08,136.4623,136.5789,135.6820,135.7986,20832400
2017-12-11,135.8166,136.4444,135.4489,135.7448,26654100
2017-12-12,136.0587,136.2650,135.2695,135.3233,25854800
2017-12-13,135.2604,136.9645,135.2604,136.1304,30082600
2017-12-14,136.1933,136.5072,134.2111,134.6237,32882600
2017-12-15,135.4758,137.4489,135.0542,136.5431,42851600
2017-12-18,137.8256,138.7674,137.6373,138.3907,22714300
2017-12-19,138.7943,138.8122,137.0633,137.2965,24313600
2017-12-20,137.8973,138.0677,137.0812,137.5655,19042800
2017-12-21,137.9607,138.6629,137.8166,138.1677,16772600
2017-12-22,138.0868,138.0958,137.5646,137.9157,13599400
2017-12-26,137.7447,138.1318,137.6546,137.9967,11949600
2017-12-27,137.9337,138.5999,137.5736,137.8617,15949900
2017-12-28,137.9607,138.4199,137.7536,138.4019,10167300
2017-12-29,138.7800,138.7800,137.1955,137.2585,21006500
2018-01-02,137.9247,138.6179,137.2584,138.5549,20489600
2018-01-03,138.5279,139.0591,138.2128,138.6990,21836600
2018-01-04,139.5182,139.6802,138.6629,139.0680,14207100
2018-01-05,139.4372,139.5272,138.5909,139.3562,19883900
2018-01-08,139.3022,139.7883,138.1948,139.5723,18457300
2018-01-09,139.7613,139.9954,139.3021,139.3832,16571300
2018-01-10,139.0681,139.6983,138.5729,139.4012,18516800
2018-01-11,139.6083,141.9400,139.5272,141.7960,26522400
2018-01-12,141.9580,143.0204,141.7690,142.3902,24089800
2018-01-16,143.0203,143.5155,140.2654,140.5715,27704700
2018-01-17,141.1658,142.1921,140.6976,141.9040,18571600
2018-01-18,141.5438,141.7959,140.7966,140.9316,17903600
2018-01-19,141.1027,142.8673,140.9407,142.7863,31040900
2018-01-22,142.6062,143.5515,142.5252,143.5515,12702400
2018-01-23,143.3625,144.3168,142.8493,144.0107,16904600
2018-01-24,144.3708,144.6139,142.6062,143.1194,20340900
2018-01-25,143.7226,143.9747,142.4352,143.1734,20290900
2018-01-26,143.6235,143.7676,142.9393,143.6866,16120300
2018-01-29,143.2004,143.9207,142.8043,142.8763,18293300
2018-01-30,141.9400,142.4442,141.1027,141.5078,24533800
2018-01-31,142.0120,142.6242,140.3735,140.7696,27468900
2018-02-01,140.2024,141.5349,140.0224,141.2108,21413000
2018-02-02,140.5625,140.5805,138.2038,138.4919,33314100
2018-02-05,137.4475,138.4559,133.1171,133.1712,52622200
2018-02-06,131.0194,135.3768,129.8580,134.7646,69232400
2018-02-07,134.6926,135.7550,133.7923,134.8997,37101000
2018-02-08,135.0348,135.0438,130.9384,130.9384,44704500
2018-02-09,132.1268,133.1892,128.2916,132.1358,53315300
2018-02-12,132.2709,134.0715,130.9744,133.3872,36213900
2018-02-13,132.6850,133.9544,132.2528,133.6753,25021200
2018-02-14,132.9101,136.4122,132.5049,136.0791,36286900
2018-02-15,137.0424,137.6276,135.5479,137.5646,23773600
2018-02-16,137.3936,138.9060,137.3305,138.0508,27973900
2018-02-20,137.3395,138.4378,136.5472,136.9164,24046200
2018-02-21,137.2225,139.3742,136.8534,137.0605,26735500
2018-02-22,137.5736,138.6719,136.7633,136.8443,16340000
2018-02-23,137.7266,138.6629,136.9794,138.6269,18065200
2018-02-26,139.1221,139.7793,138.1678,139.5362,15267700
2018-02-27,139.7073,140.3375,137.5196,137.5286,18125500
2018-02-28,137.8707,138.2848,135.3229,135.3589,29951800
2018-03-01,135.0888,136.4572,133.5853,134.9988,38943200
2018-03-02,133.8824,137.5195,133.6033,137.1594,31842300
2018-03-05,136.6823,138.8790,136.3672,138.3838,19603700
2018-03-06,139.0321,139.8964,137.5646,139.8784,17304000
2018-03-07,139.0591,141.2828,138.8430,141.1117,22684600
2018-03-08,141.2558,141.7689,139.9954,140.8236,23391300
2018-03-09,141.6249,143.1464,141.2288,143.0744,24927200
2018-03-12,143.3714,143.7315,142.6872,143.3264,15310100
2018-03-13,144.0467,144.3168,142.3722,142.6603,17757200
2018-03-14,143.3445,143.4975,141.7149,141.9850,18097500
2018-03-15,142.3361,142.3721,140.7786,141.2737,14172100
2018-03-16,141.3278,142.4892,141.1207,142.0660,36000300
2018-03-19,141.4989,141.5349,139.0501,140.6976,25663000
2018-03-20,141.0487,141.3638,140.2385,140.6616,11418500
2018-03-21,140.7336,142.4802,140.6256,141.4809,22213500
2018-03-22,140.4630,141.3293,138.3424,138.3785,29774800
2018-03-23,138.5680,138.9109,135.3556,135.4007,35744100
2018-03-26,137.2415,138.4056,135.7436,138.3605,28442400
2018-03-27,138.6582,138.6943,135.0939,135.6804,32820600
2018-03-28,136.0233,136.5738,134.8051,135.6353,26510900
2018-03-29,136.3301,138.1529,136.0324,137.0069,22617700
2018-04-02,136.7272,137.2235,132.8109,133.6682,35040700
2018-04-03,134.4712,135.8970,133.8215,135.5812,29857800
2018-04-04,134.0020,137.6837,133.7945,137.3047,29619700
2018-04-05,138.0987,138.6131,137.4491,138.4417,17301600
2018-04-06,137.4941,138.4236,134.5885,135.6804,25762700
2018-04-09,136.6189,137.7017,135.7346,135.8428,18997000
2018-04-10,137.2866,138.9199,136.8625,138.4056,23420000
2018-04-11,137.8641,139.2448,137.7288,138.7034,14884600
2018-04-12,139.3530,140.2374,138.9018,139.6508,14413200
2018-04-13,140.1291,140.1652,138.5229,138.9199,19813600
2018-04-16,139.7231,140.6074,139.0643,140.2013,18846900
2018-04-17,140.9593,142.1143,140.7337,141.7263,18624200
2018-04-18,142.1414,142.9174,141.8165,142.1053,16974200
2018-04-19,141.7985,142.1594,140.6615,141.1217,16174500
2018-04-20,140.8150,141.4195,140.0028,140.3638,21480600
2018-04-23,140.5713,141.0315,139.4794,140.1562,13268200
2018-04-24,140.6795,141.3383,138.2341,139.3531,24859700
2018-04-25,139.2899,139.6870,138.0266,139.1455,21981400
2018-04-26,139.3441,140.2374,138.9109,139.7862,14862900
2018-04-27,139.7591,140.2013,138.7665,139.5877,17734300
2018-04-30,139.8855,140.4540,138.3244,138.3515,15624600
2018-05-01,138.0717,139.2267,136.8986,139.0282,24977500
2018-05-02,138.7665,140.5713,138.6763,139.5516,16786800
2018-05-03,139.0643,139.4162,137.3046,138.7935,20985900
2018-05-04,138.2973,141.2210,137.8822,140.5262,17927900
2018-05-07,140.9412,142.4482,140.8600,141.7173,16303500
2018-05-08,141.6000,142.4211,141.4466,142.4211,17281200
2018-05-09,142.5835,143.5671,142.0151,143.1881,15758500
2018-05-10,143.3867,144.5327,143.2603,143.9552,15828700
2018-05-11,143.9732,144.4966,143.5130,144.2349,14413600
2018-05-14,144.3973,145.0019,143.5220,143.6844,15028500
2018-05-15,143.2153,144.0093,142.7280,143.7115,17544900
2018-05-16,143.9191,145.5704,143.9010,145.2094,21004400
2018-05-17,145.2817,146.1841,145.0561,145.8773,18639700
2018-05-18,146.1389,146.4727,145.7779,146.0667,17579800
2018-05-21,146.5179,147.3029,146.5089,147.0322,15667300
2018-05-22,147.3210,147.3842,145.8502,145.9675,13212000
2018-05-23,145.5794,146.4367,145.3990,146.1570,14235700
2018-05-24,146.1118,146.4998,144.9387,146.2110,12785000
2018-05-25,145.9585,146.3284,145.7058,145.9494,11150200
2018-05-29,145.1734,146.3915,144.4785,145.7509,20986900
2018-05-30,146.5089,148.3407,146.5089,148.0609,25169000
2018-05-31,148.0609,148.3317,146.4908,146.8788,28573700
2018-06-01,147.8354,148.3317,147.3391,147.8444,21108200
2018-06-04,148.2775,148.6294,147.3751,148.6294,14836000
2018-06-05,148.4851,149.5860,148.2956,149.5499,13283600
2018-06-06,149.5319,150.6328,149.4146,150.6328,16661300
2018-06-07,150.7951,150.9034,149.0987,149.8115,17571900
2018-06-08,149.8476,150.3439,149.5769,150.2627,17569800
2018-06-11,150.3710,150.7952,150.0552,150.4884,15923000
2018-06-12,150.6236,151.5441,150.4522,151.1741,16166700
2018-06-13,151.3907,151.4809,150.3530,150.5786,19853700
2018-06-14,151.1380,151.4538,150.3439,151.3817,19248100
2018-06-15,150.9124,151.4809,150.2717,151.4268,24922600
2018-06-18,150.6688,152.1487,150.4522,152.1396,18616500
2018-06-19,151.1922,152.2931,150.2808,152.1487,24605900
2018-06-20,152.9067,153.5835,152.4555,153.3759,19216900
2018-06-21,153.3850,153.4752,151.3907,151.9412,26946200
2018-06-22,152.5096,152.6811,150.9756,151.4358,33638200
2018-06-25,150.9124,151.0297,148.1151,148.9633,37005100
2018-06-26,149.0986,150.3890,148.7558,149.8296,20464000
2018-06-27,149.9830,150.2537,147.3661,147.4293,27511800
2018-06-28,147.2939,148.1873,146.4186,147.8805,26759100
2018-06-29,148.2685,148.9362,147.6368,147.7812,24146500
2018-07-02,146.8698,148.8551,146.6172,148.8009,24283600
2018-07-03,149.2039,150.0643,149.1586,149.3941,13561300
2018-07-05,150.2091,151.1238,149.2763,151.0966,18640500
2018-07-06,151.2145,152.5457,150.8069,152.3737,19597500
2018-07-09,153.0619,153.3517,152.5004,153.3336,16565200
2018-07-10,153.5781,153.8407,151.7578,152.6362,18790700
2018-07-11,151.8031,152.6997,151.2869,151.3412,23912600
2018-07-12,152.2106,152.3736,150.9156,152.0748,19617600
2018-07-13,152.0114,152.8083,151.6220,151.6220,15409100
2018-07-16,151.9299,152.1744,150.2997,151.0333,15946900
2018-07-17,151.0152,152.1472,150.8703,151.7035,15134700
2018-07-18,151.5676,152.2016,150.8522,152.1291,13780000
2018-07-19,151.9389,153.2793,151.4771,153.2068,18398300
2018-07-20,152.8717,153.3336,152.4642,152.5819,17570700
2018-07-23,152.4189,153.1887,151.9751,152.7721,12335000
2018-07-24,153.4604,153.7412,150.5352,151.1420,25831300
2018-07-25,151.1872,151.6944,150.4627,151.6944,18401200
2018-07-26,151.8393,153.3879,151.7034,152.5095,20944200
2018-07-27,152.6001,152.7993,149.2402,149.6658,28777100
2018-07-30,149.6567,150.3541,148.5881,148.7058,20093700
2018-07-31,149.0047,150.8975,148.8779,150.2182,23567300
2018-08-01,150.0642,150.5533,148.9775,150.1186,17942600
2018-08-02,149.3941,151.4318,149.3760,151.2144,18292200
2018-08-03,151.3774,151.8574,149.9827,150.6891,21734900
2018-08-06,150.5805,151.7035,150.2454,151.5314,16288800
2018-08-07,152.0476,152.5910,151.7850,151.8936,15045700
2018-08-08,151.8936,152.1381,150.7797,151.7578,14789500
2018-08-09,151.8303,152.7902,151.7397,152.1472,10437800
2018-08-10,151.2868,152.7540,151.2053,151.7215,20521900
2018-08-13,151.9117,152.1925,150.2273,150.8340,20517200
2018-08-14,151.1601,152.6906,151.1419,152.3283,17683100
2018-08-15,151.8755,151.9842,149.5661,150.4174,27479900
2018-08-16,151.1148,152.3012,150.9608,151.8121,15484700
2018-08-17,151.6673,152.5729,151.1782,152.4642,15106700
2018-08-20,152.8807,153.2158,151.9932,152.8898,12547300
2018-08-21,153.1796,155.1902,153.1615,154.6468,20661200
2018-08-22,154.4928,155.3079,154.3389,155.0271,14329200
2018-08-23,154.9456,155.3350,154.1215,154.5562,12945800
2018-08-24,155.0000,155.5705,154.8822,155.3985,11894300
2018-08-27,155.8694,156.6211,155.4256,155.6248,15880400
2018-08-28,155.9146,156.2044,154.9547,155.7697,13170300
2018-08-29,155.7879,156.4671,155.2807,156.2226,13157900
2018-08-30,155.9237,156.8837,155.6068,156.0958,14199600
2018-08-31,155.7336,157.0286,155.7245,156.6935,12240500
2018-09-04,156.4852,156.7841,154.9728,155.9962,17923500
2018-09-05,155.9328,155.9781,154.2845,155.5796,15166100
2018-09-06,155.9237,156.2045,154.3388,154.5290,16647700
2018-09-07,154.1487,155.2717,153.6506,154.4475,17248000
2018-09-10,155.0905,155.4799,154.3117,154.6377,11067100
2018-09-11,154.5019,155.4075,153.9585,154.8913,14078400
2018-09-12,154.6739,154.9456,153.3517,154.5200,21572300
2018-09-13,155.1177,155.3532,154.1939,154.5562,14570500
2018-09-14,154.6558,155.7063,154.3207,155.2082,15734900
2018-09-17,155.2445,155.3532,153.3699,153.5601,20023200
2018-09-18,153.7774,154.6015,153.6234,154.2030,13018000
2018-09-19,154.2121,154.9275,153.1163,153.6415,17593500
2018-09-20,154.2936,155.1358,153.7864,155.0634,16918700
2018-09-21,155.5434,155.6068,154.1578,154.3208,32539000
2018-09-24,154.1940,154.4113,152.8355,153.7502,15786700
2018-09-25,154.0037,154.4294,153.8226,153.9856,13758500
2018-09-26,154.3035,154.3943,152.3512,152.5782,17787200
2018-09-27,152.8869,153.1866,152.3330,152.5873,14471900
2018-09-28,152.0515,153.4590,152.0515,153.0504,22740300
2018-10-01,153.7223,153.7496,150.5260,151.0345,27893100
2018-10-02,150.8983,151.2161,149.0822,149.4000,28440300
2018-10-03,149.9903,151.3977,149.3819,150.7076,26027200
2018-10-04,150.2264,150.4171,148.1288,148.5919,29463000
2018-10-05,148.6918,149.0641,145.8860,147.2480,31240100
2018-10-08,146.8939,147.4659,145.7861,146.9393,21330700
2018-10-09,146.7576,147.7746,146.1765,146.3672,20620400
2018-10-10,146.0312,146.1856,141.9813,142.1629,46921800
2018-10-11,141.4820,142.8531,139.3935,139.4480,68877400
2018-10-12,141.2549,141.4365,137.9224,139.4752,53492600
2018-10-15,139.2572,141.0097,138.5126,139.9927,32747600
2018-10-16,141.0007,144.2515,139.8747,144.0517,35569100
2018-10-17,143.6340,143.6704,141.5546,143.4343,24140100
2018-10-18,142.9348,143.1346,140.1744,140.7464,31042700
2018-10-19,141.1732,141.9813,138.6942,139.2572,34214200
2018-10-22,139.7657,140.2470,138.4944,138.9575,28218300
2018-10-23,137.0507,138.8305,135.2255,137.7136,37228100
2018-10-24,137.5047,138.0041,132.4106,132.5286,40412400
2018-10-25,133.2369,136.0427,132.9463,135.3980,32311300
2018-10-26,133.9724,135.6795,131.3936,133.9179,36986100
2018-10-29,135.4162,136.7783,131.7295,133.1824,33031300
2018-10-30,133.3459,136.1063,133.0826,135.9610,29017200
2018-10-31,137.3503,137.8952,136.2335,136.2335,36785400
2018-11-01,137.0144,139.6296,136.9417,139.3753,28496400
2018-11-02,139.8929,140.6465,138.4218,139.8384,26671600
2018-11-05,139.8747,140.4377,138.3401,139.7294,16940900
2018-11-06,139.5205,140.8463,139.4025,140.4195,15572900
2018-11-07,141.0733,142.9348,140.5648,142.9348,22127800
2018-11-08,142.2083,143.3797,141.9632,142.5534,14987700
2018-11-09,141.6545,141.6817,138.8849,139.9110,20654400
2018-11-12,139.8566,139.9928,136.9690,137.1415,21886800
2018-11-13,137.6591,139.0121,136.4695,136.7056,18468500
2018-11-14,137.8588,138.4400,134.8260,135.7068,24549100
2018-11-15,134.8350,137.8407,134.5081,137.6409,24482000
2018-11-16,136.7601,138.2856,136.2607,137.9678,29323500
2018-11-19,137.7317,138.0495,134.7261,135.1710,21540900
2018-11-20,133.7091,134.7806,132.2017,132.5650,25907000
2018-11-21,133.2823,135.6341,133.0553,134.4174,17902300
2018-11-23,133.3187,135.5706,133.3096,134.2903,11134800
2018-11-26,135.5887,136.5694,135.0621,136.0337,15346400
2018-11-27,135.4616,135.9610,134.6534,134.9077,14461800
2018-11-28,135.4798,138.3583,134.1177,138.2402,26125900
2018-11-29,137.6681,138.6942,136.6057,137.8679,15134500
2018-11-30,137.5320,138.8032,137.1869,138.5853,20304700
2018-12-03,140.1925,140.2742,138.0405,139.9110,23379800
2018-12-04,139.6113,139.9564,133.6092,133.9543,41077900
2018-12-06,132.0746,133.6637,130.2404,133.6637,37581200
2018-12-07,133.6092,134.6262,130.0951,130.7761,28525100
2018-12-10,131.0031,131.4117,128.4424,130.3947,30776600
2018-12-11,132.2835,132.7466,129.2960,130.2585,29229300
2018-12-12,131.5570,133.2641,131.4481,131.5025,27894800
2018-12-13,131.8839,132.2925,129.4322,129.6411,23205400
2018-12-14,128.6967,130.0587,127.2166,127.6797,24037200
2018-12-17,127.2506,128.3530,124.0527,124.8362,36468500
2018-12-18,125.9659,126.8041,124.1711,124.6813,42277200
2018-12-19,124.6358,126.3486,121.4014,122.0848,47676600
2018-12-20,121.7477,122.4583,118.6500,120.0713,57908100
2018-12-21,120.6088,121.1281,116.6000,116.9554,59404800
2018-12-24,116.3723,117.0465,114.6503,114.6868,28575700
2018-12-26,115.0512,120.3537,114.6230,120.1988,40182700
2018-12-27,118.6864,120.6999,116.4998,120.6999,39527900
2018-12-28,120.6999,123.0049,119.8435,121.0461,35994400
2018-12-31,121.8296,122.1303,120.0804,121.9936,29173400
2019-01-02,120.4175,123.1507,119.8435,122.6861,27295100
2019-01-03,122.0027,122.6678,119.9437,120.4903,29294600
2019-01-04,122.0119,125.3647,121.8206,124.9911,35355300
2019-01-07,125.0549,127.8883,124.5811,127.1777,30477900
2019-01-08,128.2801,129.1820,126.9955,129.1274,27320900
2019-01-09,129.5738,130.6398,129.0272,130.1934,25764600
2019-01-10,129.4281,130.9405,128.7812,130.8676,22896800
2019-01-11,130.2936,131.1865,129.9929,130.9040,22428400
2019-01-14,130.1205,130.6854,129.4554,129.6012,29185000
2019-01-15,129.9656,130.8767,129.4554,130.6945,25678900
2019-01-16,130.9040,132.3344,130.8949,131.6693,20827300
2019-01-17,131.1865,133.3184,131.1682,132.8629,19273400
2019-01-18,133.5644,134.7670,133.0178,134.2295,28306700
2019-01-22,133.4368,133.7101,131.2411,132.1066,27741100
2019-01-23,132.3982,133.1818,130.7036,131.7423,20621300
2019-01-24,131.5873,132.7991,131.4962,132.5349,16976300
2019-01-25,133.5826,134.5119,133.4095,134.2386,22266900
2019-01-28,132.9813,133.8468,132.4437,133.5188,22784700
2019-01-29,133.6646,133.7648,132.9084,133.1999,12084800
2019-01-30,133.9106,135.1497,132.7262,134.6577,25516900
2019-01-31,134.4846,136.0243,134.4117,135.8056,27252900
2019-02-01,136.0699,136.3705,135.3683,135.9150,17057900
2019-02-04,136.1245,137.5458,135.6416,137.5367,21301700
2019-02-05,137.5823,138.1198,136.8807,137.6825,18295900
2019-02-06,137.6096,137.9102,136.7532,137.5094,13720600
2019-02-07,136.5891,137.2997,135.1952,136.3796,22850800
2019-02-08,135.8056,136.5709,135.2954,136.5254,13463000
2019-02-11,136.9262,137.7098,136.3249,137.6642,16374800
2019-02-12,138.4113,139.5684,138.3749,139.3862,20779900
2019-02-13,139.7779,140.0877,139.1219,139.7779,15534500
2019-02-14,139.0126,140.6435,138.8486,140.0968,18251000
2019-02-15,141.0170,142.3472,140.5523,142.3289,27240200
2019-02-19,141.7185,143.1307,141.7185,142.7207,15856900
2019-02-20,142.7298,143.5680,142.6114,143.3949,18317400
2019-02-21,143.1580,143.3767,142.1832,142.8483,17497000
2019-02-22,143.2856,144.1966,143.1307,144.0873,20411800
2019-02-25,144.9347,145.3173,144.0327,144.1238,17957100
2019-02-26,143.9598,144.1238,142.9394,143.1308,21497300
2019-02-27,142.5750,143.4405,142.2379,143.3312,18194900
2019-02-28,143.1216,143.4769,142.4656,142.8391,18155300
2019-03-01,143.9052,144.2605,142.8119,144.1694,19247100
2019-03-04,144.4427,144.6613,141.7550,142.8665,23301800
2019-03-05,142.9849,142.9941,142.0921,142.2014,16798200
2019-03-06,142.1467,142.2014,139.2859,139.4135,29604600
2019-03-07,139.4135,139.5228,137.9102,138.1926,26822500
2019-03-08,137.4273,138.2655,137.2178,138.1562,20466800
2019-03-11,138.5844,140.5888,138.3931,140.5706,20854500
2019-03-12,140.6708,141.1993,140.1242,140.6435,18966800
2019-03-13,141.1446,141.8825,140.9897,141.1992,24109100
2019-03-14,141.1263,141.2357,140.4886,140.6252,14217500
2019-03-15,140.7892,142.0100,140.6070,140.9987,22025900
2019-03-18,141.2721,142.5385,140.7437,141.9008,24510200
2019-03-19,142.5658,142.6114,140.8257,141.1810,18633100
2019-03-20,141.1737,141.9776,139.2280,140.0044,29463200
2019-03-21,139.5202,142.5622,139.5202,141.8405,31845000
2019-03-22,140.8631,141.1737,136.6335,136.6792,40663000
2019-03-25,136.5513,138.2322,135.5739,137.2821,26454700
2019-03-26,138.3692,139.6025,137.7480,138.7255,21308600
2019-03-27,138.5885,139.0452,136.5513,138.1865,23477100
2019-03-28,138.6615,139.7029,137.8759,139.4197,19473300
2019-03-29,140.3880,140.6530,138.9447,139.8491,28298900
2019-04-01,140.9453,141.5208,140.4246,141.3746,20075200
2019-04-02,141.4751,141.4843,140.2328,141.0093,18253500
2019-04-03,142.2699,142.6444,141.3472,141.7401,19554700
2019-04-04,141.8497,142.5165,141.4477,142.4343,15909500
2019-04-05,142.7814,143.8502,142.6810,143.7680,21379000
2019-04-08,143.2839,143.8777,142.5714,143.5305,14202400
2019-04-09,142.9276,143.1469,141.5117,141.7766,18534200
2019-04-10,142.0324,143.7498,141.8954,143.7041,18938800
2019-04-11,143.8960,144.0421,143.2474,143.5214,12218700
2019-04-12,144.4532,144.4806,143.5214,144.0421,14120300
2019-04-15,144.2887,144.4258,142.9641,143.5762,10964000
2019-04-16,144.0696,144.2431,143.4027,143.9143,16782900
2019-04-17,144.4166,144.4349,141.7766,142.5988,17108500
2019-04-18,142.6079,142.7632,141.2834,142.1786,23276300
2019-04-22,141.8771,142.3338,141.1554,141.8040,15596800
2019-04-23,141.9319,144.3801,141.9228,143.9416,23396100
2019-04-24,143.9873,144.9648,143.7589,144.3892,18053100
2019-04-25,143.7224,143.8503,142.0233,143.1926,19365100
2019-04-26,143.3844,144.7821,142.8728,144.5811,16999100
2019-04-29,144.9008,145.8052,144.7820,145.2753,13698900
2019-04-30,145.3850,145.4215,143.3844,144.5993,24127500
2019-05-01,144.9465,145.0013,143.1560,143.2290,17734300
2019-05-02,143.0920,144.4714,142.2150,143.8959,22715700
2019-05-03,144.6177,146.7461,144.5081,146.6457,20178800
2019-05-06,144.4988,147.1754,144.3435,146.8100,21262100
2019-05-07,145.5311,146.0427,142.7358,143.9051,25434500
2019-05-08,143.6584,144.4166,143.1012,143.2017,16113700
2019-05-09,142.0690,143.1012,140.4429,142.6810,25259900
2019-05-10,142.1328,143.2656,140.3789,143.0737,26544700
2019-05-13,140.3972,140.6986,138.0860,138.5154,26936500
2019-05-14,138.8168,140.8357,138.5793,140.2602,15519200
2019-05-15,139.2187,141.0549,138.9173,140.7169,18410600
2019-05-16,141.1462,142.6718,141.0823,141.5939,13772100
2019-05-17,140.5159,141.8405,139.4563,139.6207,21534000
2019-05-20,138.7894,139.6025,138.3144,138.6524,18689800
2019-05-21,139.4289,140.7169,139.3832,140.5160,11659100
2019-05-22,139.9678,140.3058,138.8533,139.3375,13922600
2019-05-23,137.9946,137.9946,135.7291,136.4691,26379400
2019-05-24,137.3735,138.0221,136.8345,137.7480,16093100
2019-05-28,137.9490,138.5336,136.6427,136.6518,14042200
2019-05-29,135.9666,136.0489,134.6147,135.5099,22622300
2019-05-30,135.8845,136.6427,134.3224,135.1354,17739100
2019-05-31,133.5459,134.1396,132.7511,133.2444,25411300
2019-06-03,133.4911,134.4777,132.7603,133.7103,26554500
2019-06-04,135.1263,137.2913,133.7560,137.1725,21217600
2019-06-05,137.7206,137.8394,135.7566,137.1999,18184100
2019-06-06,137.1360,137.5014,135.4825,136.8437,20772500
2019-06-07,137.3461,138.4058,137.0447,137.8120,17107500
2019-06-10,138.3509,139.8947,138.3509,138.6250,18912300
2019-06-11,139.6481,139.9770,137.5562,138.2139,15373000
2019-06-12,138.1043,138.6524,137.5927,138.3692,11957600
2019-06-13,139.1365,139.9313,138.7346,139.8308,14839400
2019-06-14,139.6573,139.7121,138.5976,138.6067,16154800
2019-06-17,139.2237,140.1679,139.0403,139.5629,12509300
2019-06-18,140.5071,142.2306,139.5812,141.1855,22100800
2019-06-19,141.3505,141.8180,140.6263,141.6897,15625000
2019-06-20,143.0556,143.2114,141.5796,142.3589,17595700
2019-06-21,142.2122,142.2489,140.8188,141.1305,19854400
2019-06-24,141.5064,141.5522,139.3429,139.4162,24002600
2019-06-25,139.6271,139.8013,138.4262,138.5637,17462200
2019-06-26,139.0678,139.5445,138.2061,138.2428,15726900
2019-06-27,138.6462,140.9655,138.6462,140.8371,22278400
2019-06-28,141.1305,143.0281,141.1213,142.5514,35089900
2019-07-01,144.4215,144.8707,142.2947,143.1015,22850500
2019-07-02,143.0281,143.1198,141.4147,142.2306,19024600
2019-07-03,142.6431,143.3214,142.2489,143.2481,9115100
2019-07-05,142.5422,143.6881,141.9647,143.6331,14156700
2019-07-08,143.2023,143.4498,141.9922,142.2672,9735700
2019-07-09,141.6713,142.4872,141.6163,142.4597,12381600
2019-07-10,143.1931,143.5232,141.9556,142.7073,17325400
2019-07-11,142.9090,142.9548,141.3780,142.0106,14260800
2019-07-12,142.2214,143.6240,141.9830,143.1106,16678000
2019-07-15,143.5231,143.5506,141.9555,142.3589,12194300
2019-07-16,142.2122,143.1931,141.7905,142.3131,15152700
2019-07-17,142.3131,142.4047,140.9288,141.2955,14155100
2019-07-18,141.2497,142.1022,140.9288,141.8272,15705500
2019-07-19,142.0381,142.4872,141.0113,141.0113,17182600
2019-07-22,141.3963,141.8180,140.6263,140.8829,14474600
2019-07-23,141.4330,141.8363,140.7546,141.8180,15493200
2019-07-24,141.4422,144.3390,141.2863,144.1649,23823100
2019-07-25,144.0915,144.1465,142.1755,142.4231,17902500
2019-07-26,142.6247,144.3115,142.5514,144.1098,14260300
2019-07-29,144.1007,144.2565,142.6431,143.1473,13192200
2019-07-30,142.1481,144.6966,141.8272,144.6966,1200
2019-07-31,144.6415,145.9708,142.5972,143.5231,40445900
2019-08-01,143.8165,144.9991,140.8004,141.4421,38070200
2019-08-02,140.5805,140.9471,138.6828,139.8746,30148300
2019-08-05,137.3077,137.4361,134.0350,135.6759,39221500
2019-08-06,136.5010,137.2344,135.1076,136.9227,24283300
2019-08-07,135.6026,137.2436,134.4750,136.8860,23952100
2019-08-08,137.6469,139.9204,137.5002,139.8379,19415600
2019-08-09,139.4254,139.4804,137.5369,138.0778,19313200
2019-08-12,137.3352,137.6194,135.9784,136.2901,15963000
2019-08-13,135.9876,139.1503,135.3734,137.7569,21912600
2019-08-14,135.6301,135.6576,133.5858,133.9066,28235800
2019-08-15,134.4109,134.4567,132.7333,133.3750,24202400
2019-08-16,133.9708,136.5102,133.9433,136.2535,22783400
2019-08-19,137.8028,138.3253,137.4636,137.6286,17023400
2019-08-20,137.4361,137.5186,136.5835,136.7302,13324100
2019-08-21,138.0778,138.1053,137.3169,137.8578,13446100
2019-08-22,138.1236,138.4995,136.7210,137.5369,12979100
2019-08-23,136.7944,137.6102,132.8616,133.3199,36974600
2019-08-26,134.5759,134.8051,133.5766,134.7867,19167100
2019-08-27,135.6393,135.6943,132.6324,132.7883,24546200
2019-08-28,132.5224,135.1168,132.2382,134.3375,20115500
2019-08-29,135.8134,136.8585,135.6393,136.6935,18786300
2019-08-30,137.4085,137.4819,135.7126,136.4460,18727100
2019-09-03,135.1718,135.9693,133.8425,134.4476,20688000
2019-09-04,135.6851,136.0060,134.9243,135.5293,13107500
2019-09-05,137.3719,139.2604,136.9319,138.0503,25666700
2019-09-06,138.1511,138.6370,137.3536,137.4178,14645900
2019-09-09,138.0320,139.5629,137.5644,139.2604,25780100
2019-09-10,139.0495,141.1305,138.3253,141.0388,29576200
2019-09-11,141.6530,144.0731,140.7729,143.9265,42970500
2019-09-12,144.0915,144.7516,142.6156,143.9632,38648300
2019-09-13,144.7057,145.6866,144.0457,144.2107,31042800
2019-09-16,143.8990,145.5308,143.6515,144.7516,23242600
2019-09-17,144.2566,144.4491,143.4223,144.3757,22986700
2019-09-18,144.3666,144.3849,142.1573,143.4865,19735700
2019-09-19,143.7432,144.6782,142.5789,142.7898,21531600
2019-09-20,142.6797,143.6056,141.5888,142.4872,22707200
2019-09-23,141.9647,142.9639,141.6897,142.3772,14944600
2019-09-24,142.7305,142.8593,139.6854,140.2282,27576700
2019-09-25,140.0902,142.0037,139.6486,141.7645,21917500
2019-09-26,141.5990,141.5990,139.7866,140.1822,20641600
2019-09-27,140.5870,140.9550,138.4527,139.0599,20181900
2019-09-30,139.2531,140.0718,138.7195,139.2255,16905400
2019-10-01,139.9338,141.0746,136.1988,136.4932,34093500
2019-10-02,135.8124,135.8124,134.1841,135.4629,24894600
2019-10-03,134.9477,136.0976,133.3286,135.9137,25362800
2019-10-04,136.1436,137.3028,135.3433,137.2016,18640400
2019-10-07,136.8704,138.0571,136.2632,136.9624,15762800
2019-10-08,135.6192,136.0884,134.4141,134.7361,18110600
2019-10-09,135.7297,135.8677,134.9017,135.3525,10929500
2019-10-10,135.5457,136.6128,135.3249,135.8953,16349000
2019-10-11,137.7995,139.7959,135.8677,138.1951,29236300
2019-10-14,137.9099,138.1307,137.1648,137.6891,10692600
2019-10-15,138.1491,139.9522,137.7995,139.2715,16801200
2019-10-16,139.1059,140.0810,139.0415,139.4187,13119100
2019-10-17,140.0994,141.2218,139.8787,141.0654,13175800
2019-10-18,140.6882,141.2126,139.3267,140.3939,14490200
2019-10-21,141.8289,142.5741,141.5897,141.7093,17450300
2019-10-22,141.8565,142.6385,141.4334,141.8658,12471800
2019-10-23,141.9853,142.3625,141.2586,142.0405,8728000
2019-10-24,142.5465,142.6477,141.1850,141.8382,9091400
2019-10-25,141.5898,143.0801,141.5806,142.5925,10531500
2019-10-28,143.1997,144.4140,142.6017,143.8252,15392400
2019-10-29,143.5216,144.7452,143.3836,144.2944,11978300
2019-10-30,144.2392,144.2576,142.8501,143.8160,14451500
2019-10-31,143.6045,143.6045,141.8934,143.0065,17344200
2019-11-01,143.8804,145.5272,143.5585,145.4444,18421600
2019-11-04,146.6403,146.9163,145.7848,146.2263,16182000
2019-11-05,146.6403,147.6154,146.2447,146.4103,13760200
2019-11-06,146.2631,146.2631,145.1776,145.5639,16025500
2019-11-07,146.9531,147.3487,145.5088,145.9504,13448900
2019-11-08,145.6099,146.5207,145.3064,146.3459,11967400
2019-11-11,145.3800,146.1803,145.2420,146.0699,10508700
2019-11-12,146.2079,147.0819,145.8031,146.1159,14316900
2019-11-13,145.1132,145.8123,144.6072,145.4903,14514400
2019-11-14,145.2880,146.1895,145.1592,145.4444,13054000
2019-11-15,146.4839,146.5391,145.6743,146.1987,13119200
2019-11-18,146.0147,146.0331,145.2971,145.8307,10759500
2019-11-19,146.3735,146.9163,145.6376,146.3735,15203700
2019-11-20,145.8583,146.8243,144.6716,145.8215,21314300
2019-11-21,146.1067,146.1711,144.6440,145.1039,15388300
2019-11-22,145.6375,145.8491,144.7544,145.5547,13482400
2019-11-25,146.2999,148.8758,146.1711,148.6458,24753000
2019-11-26,148.8022,149.5289,148.3790,148.7470,15496700
2019-11-27,149.3817,149.8877,149.1058,149.7957,13202500
2019-11-29,149.4094,149.7589,148.7286,148.8206,9988200
2019-12-02,149.1701,149.2253,147.1094,147.3670,17190900
2019-12-03,146.1067,146.9715,145.4443,146.8979,14884400
2019-12-04,147.6522,148.3146,147.4682,147.9098,10833200
2019-12-05,148.5446,148.7102,147.6062,148.0570,11470700
2019-12-06,149.5749,150.3293,149.4921,149.7865,16486200
2019-12-09,149.7221,150.0993,149.3910,149.5013,13476700
2019-12-10,149.4094,149.9153,148.9770,149.5933,13704400
2019-12-11,149.8418,150.0257,148.9862,149.5474,19612200
2019-12-12,149.7221,151.8840,149.2622,150.8353,24857000
2019-12-13,150.6237,151.6172,149.5381,150.2557,23279600
2019-12-16,151.4810,152.2104,151.1855,151.3148,20115300
2019-12-17,151.5548,152.0719,151.1486,152.0719,12980000
2019-12-18,152.4043,152.6074,151.7210,152.3674,15379300
2019-12-19,152.6074,153.0229,152.2381,153.0229,11919800
2019-12-20,153.4107,153.6508,153.0137,153.2445,25449500
2019-12-23,153.4938,153.6046,152.6813,153.5492,13372100
2019-12-24,153.6877,153.9185,153.3091,153.9001,4334500
2019-12-26,154.0386,154.1771,153.6046,153.9001,9371200
2019-12-27,154.3063,154.3063,152.7459,153.1429,12261800
2019-12-30,153.2537,153.4661,151.9518,152.7551,14912700
2019-12-31,152.4228,153.5954,152.0811,152.9675,17362400
2020-01-02,153.9555,153.9647,151.6379,153.0691,18297500
2020-01-03,151.1855,152.7274,151.1486,152.4689,19295600
2020-01-06,151.2871,152.8475,151.0008,152.6721,17150900
2020-01-07,152.2104,152.6628,151.6195,152.1642,11817900
2020-01-08,152.1827,153.2999,152.0904,152.6351,13832400
2020-01-09,153.3830,153.6877,152.5889,152.8197,11895400
2020-01-10,152.8567,152.9860,151.6102,152.2473,15353000
2020-01-13,152.2935,153.3091,151.4902,153.2353,17271100
2020-01-14,152.4781,154.7403,152.3304,153.7985,18323000
2020-01-15,153.4107,155.0726,153.4014,154.5371,15437200
2020-01-16,155.6636,156.8455,155.5159,156.5316,19976200
2020-01-17,157.2240,157.4826,155.7375,156.1068,18306400
2020-01-21,155.4512,156.0329,154.4448,154.8141,17935100
2020-01-22,155.2943,155.6913,154.3617,154.7126,14916300
2020-01-23,154.2879,155.0911,152.7644,154.6110,15954300
2020-01-24,155.1281,155.1281,151.6379,152.7090,20491400
2020-01-27,150.3637,151.8780,149.9667,150.9731,18539000
2020-01-28,151.8872,152.7182,150.9547,152.2288,16690400
2020-01-29,152.4412,152.8659,151.3332,151.3609,14944400
2020-01-30,150.3545,151.5548,149.5143,151.3609,21889700
2020-01-31,150.7977,151.3517,147.7599,148.2216,30439000
2020-02-03,149.2096,150.4376,149.1080,149.8744,17373200
2020-02-04,151.7118,152.6351,151.5733,152.1365,15994200
2020-02-05,153.7154,154.6849,152.9860,154.4818,17807000
2020-02-06,155.0173,155.2574,153.9739,154.1309,14768900
2020-02-07,153.5400,153.6046,151.7949,152.2381,18029600
2020-02-10,151.9427,153.1707,151.8503,153.0968,11428800
2020-02-11,154.0017,155.0820,153.5216,154.1587,15005600
2020-02-12,155.1373,155.3866,154.4541,155.2204,12123000
2020-02-13,154.3987,155.9961,154.2972,155.6268,12649300
2020-02-14,155.7652,155.8391,154.5095,155.0265,16006200
2020-02-18,154.6572,155.1742,153.6692,154.6941,13412100
2020-02-19,155.2758,156.1715,154.6849,155.4882,11084600
2020-02-20,155.0265,156.1438,153.8170,155.8668,20383800
2020-02-21,155.2573,155.7005,153.5769,154.2878,18729900
2020-02-24,149.4496,154.2509,148.7479,149.6435,28239500
2020-02-25,150.0590,150.2806,144.0020,144.3252,45047000
2020-02-26,145.0084,146.3380,142.3954,142.6540,39465000
2020-02-27,139.7455,143.1249,137.4095,137.6311,50530300
2020-02-28,133.7438,137.6957,132.8759,135.1104,72036400
2020-03-02,136.6246,139.6346,134.2424,139.4500,33569300
2020-03-03,139.5054,142.3770,135.0919,136.6062,42941300
2020-03-04,138.7575,140.7612,137.1325,140.4934,36195800
2020-03-05,137.4279,140.7888,134.3348,136.0245,32729400
2020-03-06,131.7679,134.7872,130.1798,133.3283,39688300
2020-03-09,123.8458,125.7294,120.2725,120.3648,56320000
2020-03-10,124.3813,124.4644,118.2043,124.1228,54432700
2020-03-11,120.8819,122.1284,114.6495,116.2283,51354800
2020-03-12,107.8168,110.7068,103.0432,103.3849,70114300
2020-03-13,109.2388,110.7623,101.1504,110.3098,57915100
2020-03-16,100.2917,102.7662,93.6530,95.6751,59095700
2020-03-17,96.9123,102.0276,92.8959,100.0609,59344800
2020-03-18,95.1488,98.5928,88.8702,92.3050,62296700
2020-03-19,92.0187,98.6113,88.3531,95.9059,62654700
2020-03-20,97.9834,100.4210,92.7481,93.6253,76203700
2020-03-23,94.0870,94.3455,88.5563,92.2403,63534700
2020-03-24,97.2909,100.9473,92.2680,100.6795,73386700
2020-03-25,101.4767,105.6662,98.2696,101.9308,56043700
2020-03-26,103.3861,109.0031,103.0709,108.2708,51657600
2020-03-27,104.0442,107.5386,102.7650,104.3315,39931500
2020-03-30,104.9618,106.8341,102.7002,106.6302,41552100
2020-03-31,106.2224,107.6776,103.7754,106.0926,52948000
2020-04-01,100.7537,102.3109,97.8154,98.8628,54224200
2020-04-02,97.9915,102.3201,96.9256,99.7990,43774200
2020-04-03,98.7979,100.1048,95.0996,96.9719,42189200
2020-04-06,101.1152,105.0545,101.0503,104.3964,48708100
2020-04-07,108.3357,109.9670,104.1739,104.6652,57546100
2020-04-08,106.4819,110.5231,105.0081,109.4387,52822300
2020-04-09,113.0072,115.5006,112.4604,114.6757,69528600
2020-04-13,113.8693,114.4810,110.4119,111.5706,40198200
2020-04-14,114.8425,115.7509,112.4326,113.8322,35089700
2020-04-15,109.2441,110.4027,108.1318,109.1884,34809900
2020-04-16,109.4572,109.7631,106.1853,108.3635,49501300
2020-04-17,112.9887,113.7488,111.2832,113.1370,46250200
2020-04-20,110.8476,113.9156,110.3378,111.8023,36700500
2020-04-21,108.8362,110.5232,107.9650,109.1328,31608900
2020-04-22,111.5242,112.1452,110.0875,110.4583,24333800
2020-04-23,111.3296,113.9156,110.9310,111.5427,38571200
2020-04-24,112.6458,114.3049,111.3110,113.4614,27147500
2020-04-27,114.8889,119.0506,114.8054,117.9569,39021300
2020-04-28,121.5347,121.8499,117.9754,119.6717,47292700
2020-04-29,123.7314,126.8458,122.2391,125.5574,50390500
2020-04-30,122.2577,123.2216,120.6263,120.7839,43727500
2020-05-01,117.8549,118.1423,114.2771,115.9919,43352000
2020-05-04,114.5645,116.6963,113.3131,116.4924,28498200
2020-05-05,118.7077,120.4224,116.8817,117.3915,31209400
2020-05-06,118.1701,118.8282,115.8621,116.5295,29836800
2020-05-07,118.0774,119.1062,117.2988,118.1237,27493000
2020-05-08,120.6449,123.0455,119.7458,122.6841,32122900
2020-05-11,120.8766,123.2309,119.8755,122.0723,33983200
2020-05-12,122.5913,122.6192,117.5676,117.6881,44275300
2020-05-13,116.4646,116.8632,111.6076,113.7488,58719300
2020-05-14,111.1998,114.2586,108.6138,114.1195,55904300
2020-05-15,113.0907,116.3533,112.5809,115.9362,40236600
2020-05-18,121.8406,123.6388,121.2659,122.9807,46981100
2020-05-19,122.5543,123.6944,120.5522,120.5522,30270000
2020-05-20,123.0270,125.1125,122.7026,124.2041,35901300
2020-05-21,124.2505,125.1867,122.8880,124.4266,32716500
2020-05-22,124.8252,125.1774,123.2958,125.0291,24035200
2020-05-26,129.8489,130.1177,125.1218,128.6347,36971000
2020-05-27,131.2208,133.0097,127.2907,132.6297,42682000
2020-05-28,134.1590,134.1590,127.5225,129.4875,42105000
2020-05-29,128.1898,129.0982,126.4380,128.7460,41536400
2020-06-01,129.0797,131.3135,128.4772,129.9787,25567500
2020-06-02,130.7573,131.4803,129.3577,131.0539,24666200
2020-06-03,133.1672,135.3918,132.6482,134.2146,36111700
2020-06-04,133.3248,134.9561,132.7130,134.0200,28904700
2020-06-05,139.8316,141.1849,138.6174,139.2013,53513400
2020-06-08,141.2128,142.1767,140.5454,141.8987,33834300
2020-06-09,139.8317,140.6751,138.1632,139.2755,39646000
2020-06-10,139.1179,139.2755,135.2342,135.4938,51774500
2020-06-11,129.9046,130.7202,124.9179,125.1589,72041500
2020-06-12,130.0714,130.7110,124.3432,128.1620,63864900
2020-06-15,123.9545,132.1202,123.9545,131.1251,57354800
2020-06-16,136.4262,136.4262,131.1623,134.2779,48957000
2020-06-17,134.4732,134.8452,131.4320,131.8505,34811400
2020-06-18,130.5485,133.2828,130.0277,131.8040,26974100
2020-06-19,134.3151,134.3988,130.0555,131.1251,50293800
2020-06-22,130.4276,132.5852,129.1162,132.4364,28983200
2020-06-23,134.2221,134.5383,132.6689,132.9944,20344200
2020-06-24,131.2274,131.6924,126.7726,128.6791,42998700
2020-06-25,128.0746,130.7438,126.7539,130.6229,37191200
2020-06-26,129.7207,130.0462,126.9399,127.1073,39100100
2020-06-29,129.0046,132.0551,127.5073,131.2646,33935200
2020-06-30,130.8275,133.5711,130.7531,133.1619,32865900
2020-07-01,133.5989,134.3988,131.3576,131.8970,26457500
2020-07-02,134.4453,135.1149,131.9621,132.4364,24022400
2020-07-06,135.1522,135.5056,132.9294,133.3944,19858200
2020-07-07,132.2319,133.4037,130.6508,131.0321,22661000
2020-07-08,130.9111,132.5294,129.3673,132.0086,27358900
2020-07-09,132.0831,132.3900,127.6375,129.3395,34647800
2020-07-10,129.4046,131.5994,128.7721,131.4227,24008200
2020-07-13,132.8085,134.5197,129.6370,129.7579,34235500
2020-07-14,129.6742,132.0458,128.9395,131.9063,28114000
2020-07-15,135.2451,137.4400,134.6592,136.7425,40770100
2020-07-16,135.8868,136.4077,134.7429,135.9333,30530800
2020-07-17,136.4170,137.2633,135.3288,136.3333,20644100
2020-07-20,135.8962,136.5751,134.9940,135.7474,19663300
2020-07-21,137.1517,138.7234,136.9006,137.6725,24503800
2020-07-22,136.7983,138.2678,136.7425,137.7469,24424800
2020-07-23,137.6260,139.6907,136.4356,137.8864,21704900
2020-07-24,136.9843,137.3377,135.3753,135.8590,20015500
2020-07-27,135.9613,137.3563,135.2172,137.2726,13370700
2020-07-28,136.7797,137.6818,135.8404,135.9055,13268000
2020-07-29,136.7146,138.9932,136.6960,138.9002,19864400
2020-07-30,136.8448,138.6863,136.0915,138.3514,23618900
2020-07-31,137.7748,138.0352,134.5476,137.0494,29881500
2020-08-03,137.9143,139.4768,136.9192,139.2815,20777100
2020-08-04,138.9374,140.3696,138.6119,140.2394,20285000
2020-08-05,141.6344,143.1225,141.1601,143.0295,18190200
2020-08-06,143.0388,143.6340,142.2111,142.9737,18237700
2020-08-07,142.7132,145.3173,142.4342,145.2429,20475200
2020-08-10,145.6894,147.7169,145.6894,146.7496,24000500
2020-08-11,148.1261,148.6376,145.2337,145.9033,30359400
2020-08-12,147.5680,147.7726,145.5406,146.4985,23378300
2020-08-13,146.0056,147.4378,145.6894,146.1916,15799900
2020-08-14,145.3453,146.7217,144.9639,146.0986,13360900
2020-08-17,146.4800,146.9729,145.7731,146.8520,9744200
2020-08-18,146.8054,146.8054,144.8152,145.4476,14670400
2020-08-19,145.9498,146.9821,145.2616,145.4569,14337300
2020-08-20,143.9688,145.5406,143.7270,144.8616,15413000
2020-08-21,144.2943,144.8244,142.8528,143.7921,20685100
2020-08-24,144.9547,145.3360,143.5317,145.2988,13707100
2020-08-25,145.8382,145.8475,143.9595,145.4569,16269700
2020-08-26,145.5498,145.8010,144.3222,144.5454,13772700
2020-08-27,145.1965,146.0149,143.8108,144.8989,17508400
2020-08-28,145.6429,146.2009,144.8337,146.1265,12371400
2020-08-31,146.1916,146.3590,144.4339,144.5547,17051500
2020-09-01,144.3594,146.3032,143.6433,146.2102,15638800
2020-09-02,146.9077,147.8563,145.2522,147.3727,16763400
2020-09-03,147.0566,147.2147,142.2576,143.0202,32117600
2020-09-04,144.8152,144.9826,138.8444,142.1088,30618800
2020-09-08,140.6021,141.8112,138.5747,139.3745,26447800
2020-09-09,140.8346,142.0902,140.0348,141.4857,20160800
2020-09-10,142.1366,143.1132,139.5605,139.6441,23005500
2020-09-11,140.3603,140.4812,137.3470,138.7142,20851000
2020-09-14,140.0534,142.6947,139.8488,142.3692,21991300
2020-09-15,143.5782,143.8758,142.1646,142.6389,16175500
2020-09-16,143.3271,145.8754,143.0760,143.9874,22178400
2020-09-17,141.9414,143.5968,141.1322,142.9365,20002900
2020-09-18,143.2062,144.4245,140.5649,142.5645,38352800
2020-09-21,139.3373,139.7465,136.0915,137.5702,40652500
2020-09-22,138.2491,138.8536,136.3054,138.6304,19385800
2020-09-23,138.5520,139.5043,134.4163,134.5003,33403400
2020-09-24,134.4723,136.7969,132.6518,134.5003,31723700
2020-09-25,133.9121,137.0956,133.8281,136.6848,20689300
2020-09-28,138.5147,140.4472,136.6755,140.0551,17600900
2020-09-29,139.8964,140.2978,138.1692,139.4202,18683800
2020-09-30,139.9430,141.8755,138.6267,139.8403,29073700
2020-10-01,140.7926,142.0903,139.5603,142.0716,25872000
2020-10-02,139.4856,143.3786,139.0935,142.6971,29452000
2020-10-05,144.2282,146.8609,144.2188,146.6368,18553600
2020-10-06,147.9718,150.3151,145.9553,146.2167,36348000
2020-10-07,148.0558,149.8950,147.9345,149.4095,27049700
2020-10-08,150.9779,151.5007,149.9137,151.1086,37278600
2020-10-09,152.4996,152.8357,151.0619,151.8928,25038100
2020-10-12,152.5463,153.3305,151.7994,152.9104,20336200
2020-10-13,151.7248,152.3783,150.7538,151.8928,20106500
2020-10-14,152.1822,153.0224,150.2497,150.3898,19024900
2020-10-15,148.7093,152.3410,148.2612,151.9395,22865100
2020-10-16,152.3690,152.8264,151.5287,151.5661,17637900
2020-10-19,152.0609,153.1345,149.4002,149.7549,18360600
2020-10-20,150.8285,151.6594,149.6896,150.0817,18927700
2020-10-21,150.1843,150.6511,148.7093,148.7933,17504100
2020-10-22,149.5029,151.4167,148.6066,151.3607,20673900
2020-10-23,152.2383,152.4810,150.5392,152.2383,20889800
2020-10-26,150.2311,150.6512,146.9262,148.9521,26509900
2020-10-27,148.8587,149.4281,147.4490,147.6730,20523000
2020-10-28,144.3869,145.1151,142.8745,143.1266,32338700
2020-10-29,142.6224,145.4418,141.5955,144.8350,27203200
2020-10-30,144.0695,144.9657,141.3341,142.9211,31764500
2020-11-02,144.4896,145.5352,143.4626,145.4698,25252100
2020-11-03,147.9065,150.5205,147.5610,149.5962,30257400
2020-11-04,147.2717,151.5661,147.2343,149.7643,45226300
2020-11-05,151.2486,154.5815,151.1553,153.9560,31911000
2020-11-06,154.6189,154.7029,152.4530,152.7517,24930400
2020-11-09,165.1963,166.2699,158.0824,158.2878,55052700
2020-11-10,159.8282,161.8167,158.4745,161.2286,35492200
2020-11-11,161.8261,161.9568,159.5108,161.1633,23972600
2020-11-12,160.0149,161.1726,157.1582,158.6893,33986800
2020-11-13,159.9683,162.5636,159.9309,161.9754,25440400
2020-11-16,164.7668,165.9711,163.7492,165.8311,31812300
2020-11-17,164.3468,166.9234,162.7037,166.6060,26154500
2020-11-18,167.0541,167.7823,164.1787,164.2720,24377800
2020-11-19,163.9826,165.7938,163.4412,165.5324,20187600
2020-11-20,164.9349,166.1205,164.1507,165.7098,24898800
2020-11-23,167.3435,169.9015,166.8580,168.8092,24816000
2020-11-24,171.2085,173.1224,170.2469,171.9834,34945400
2020-11-25,171.3112,172.0674,169.8081,171.3952,21082700
2020-11-27,171.5166,172.2355,171.0498,172.1234,10384400
2020-11-30,171.6100,172.0768,168.3425,168.9960,25481600
2020-12-01,171.4045,171.9834,168.9959,170.5643,30265000
2020-12-02,169.8642,171.2926,168.7532,170.7417,20142800
2020-12-03,171.1618,172.8796,170.7884,171.7033,19603600
2020-12-04,172.7303,175.9324,171.7033,175.6991,24415700
2020-12-07,175.7270,176.3992,174.9895,175.8671,14671500
2020-12-08,174.6907,178.2943,174.6534,178.1263,20165600
2020-12-09,179.2653,180.0028,175.4190,176.8287,29507600
2020-12-10,175.2882,178.9198,174.8681,178.5371,21245300
2020-12-11,177.3701,178.9852,175.7924,177.6595,30865000
2020-12-14,179.7685,180.8548,177.8206,177.8674,32237700
2020-12-15,179.5812,182.5218,178.6166,182.3158,26807000
2020-12-16,182.7372,182.8121,180.7050,181.6602,25494600
2020-12-17,182.3626,183.9078,181.7351,183.8235,23834200
2020-12-18,184.1232,185.2657,182.4282,182.9339,37033400
2020-12-21,179.7123,183.3459,179.3190,182.8402,30873000
2020-12-22,183.5425,185.1627,182.9806,184.9192,21919700
2020-12-23,185.9587,186.9701,185.3313,186.4925,18392000
2020-12-24,187.2323,187.2417,185.4811,186.3707,8904900
2020-12-28,188.3842,188.4029,185.5466,185.6777,27168400
2020-12-29,186.0243,186.3614,181.1545,182.0816,33901300
2020-12-30,182.6622,184.9379,182.6435,183.9359,20595700
2020-12-31,184.1325,184.3386,182.2596,183.6081,24747700
2021-01-04,184.9941,185.3219,178.8133,181.2107,33664200
2021-01-05,180.8267,185.0690,180.8080,184.0108,27442900
2021-01-06,186.8109,193.6473,186.5113,191.5402,52952200
2021-01-07,192.6452,195.2768,192.6358,194.9490,24031400
2021-01-08,196.0259,196.4473,191.6619,194.5275,29017000
2021-01-11,192.0646,194.9021,191.8211,194.3590,20945100
2021-01-12,195.2768,197.9645,195.2487,197.8427,24892200
2021-01-13,198.0019,198.2829,195.9042,196.4286,22782200
2021-01-14,197.8240,201.3452,197.7210,200.3525,33913700
2021-01-15,197.4213,200.3713,195.0333,197.3651,41043500
2021-01-19,199.7906,200.0435,198.2735,199.8937,19744300
2021-01-20,200.7459,202.2630,199.5378,200.7740,25474200
2021-01-21,201.3171,201.4951,198.4889,199.0321,21180500
2021-01-22,197.1217,201.6543,196.2414,201.3452,24800200
2021-01-25,201.2796,204.0704,198.1611,201.1485,33985000
2021-01-26,202.5626,202.9279,199.2568,199.7532,23969800
2021-01-27,196.1945,199.4629,194.1249,196.0915,45830300
2021-01-28,197.4494,198.8822,194.4433,195.4641,32202500
2021-01-29,196.4099,197.5899,191.8305,192.5048,40591900
2021-02-01,194.9490,198.1331,192.6921,197.2340,26375100
2021-02-02,199.6127,200.4556,197.4963,200.0435,22773100
2021-02-03,200.1278,201.1017,198.1518,200.6428,23923200
2021-02-04,201.4295,204.9320,201.4201,204.7353,25400800
2021-02-05,206.9080,207.7508,204.8758,207.5729,23338800
2021-02-08,209.5769,212.8921,209.2117,212.8734,20831500
2021-02-09,212.7049,215.0367,211.9369,213.8755,19510900
2021-02-10,215.3177,215.6923,210.6633,212.4707,27955400
2021-02-11,213.6507,214.4561,209.2305,212.2272,25847600
2021-02-12,211.5810,213.2761,210.3730,212.8266,17440200
2021-02-16,214.8962,215.0461,210.5135,211.4874,22999500
2021-02-17,209.4084,210.4666,206.9267,209.8298,25042300
2021-02-18,208.2190,208.7435,205.4564,206.5802,24501500
2021-02-19,208.3314,211.9276,208.0598,210.8880,31238200
2021-02-22,209.3147,212.0118,208.8184,209.5208,23272100
2021-02-23,206.9267,208.8184,201.8696,207.6759,38646800
2021-02-24,208.4813,213.0045,207.6291,212.5831,27584900
2021-02-25,212.3864,213.1356,204.1640,204.7259,49961400
2021-02-26,205.5781,208.1160,201.1673,204.4450,47734200
2021-03-01,209.2867,212.3115,208.7810,211.7122,26161000
2021-03-02,211.4499,211.6091,207.4792,207.6384,26895400
2021-03-03,208.2940,210.0171,205.2878,205.3909,33407600
2021-03-04,204.6323,206.6738,196.1290,199.6502,59126500
2021-03-05,203.1152,204.2951,194.0499,203.8831,53204300
2021-03-08,205.4283,208.1535,203.8456,204.8477,40619700
2021-03-09,208.2846,210.7007,206.8892,209.1555,32247300
2021-03-10,211.2720,214.4280,210.8974,212.7891,36812000
2021-03-11,214.9711,217.5277,214.2594,217.4715,25256700
2021-03-12,217.2562,219.2790,216.6755,218.7545,23732200
2021-03-15,218.5204,219.6348,217.1812,219.5318,21497400
2021-03-16,219.1572,219.2228,214.5684,215.8608,24675000
2021-03-17,214.4280,218.0335,212.9202,217.5558,29422600
2021-03-18,216.1418,218.1365,210.3449,210.9349,35637200
2021-03-19,210.3074,214.0814,208.7903,212.5269,40855600
2021-03-22,213.2199,213.6133,209.8673,210.9255,26128400
2021-03-23,208.9870,209.6425,202.3098,203.2744,43660700
2021-03-24,205.8965,207.2732,198.5732,198.5732,47270200
2021-03-25,196.4134,204.0883,195.1843,203.2814,59244600
2021-03-26,205.4393,207.0531,202.6246,206.9874,34452600
2021-03-29,205.4862,207.2877,200.8607,201.1609,38078800
2021-03-30,201.1515,205.1766,199.9787,204.5480,36205400
2021-03-31,205.6364,208.6669,205.5895,207.2971,34800100
2021-04-01,208.6669,210.0742,208.3103,209.9241,29799200
2021-04-05,212.4199,212.5513,209.7647,211.0782,27826600
2021-04-06,211.1063,212.6920,210.0180,210.4590,24907800
2021-04-07,210.3839,210.5153,206.3588,207.0625,26233700
2021-04-08,208.1415,209.0610,205.8428,208.8170,23989400
2021-04-09,208.7514,209.3143,207.5786,208.8452,23267400
2021-04-12,208.9671,209.1642,206.7904,208.0289,20533900
2021-04-13,207.8037,208.8264,205.3173,207.4847,24608400
2021-04-14,208.1696,212.0446,208.1039,209.5301,27362000
2021-04-15,211.1908,211.2189,208.5355,210.4402,20587300
2021-04-16,211.4817,211.7444,209.2393,210.7780,23943000
2021-04-19,209.8960,210.7874,206.3588,208.0383,25285900
2021-04-20,207.1376,207.9351,201.9491,203.7787,35570800
2021-04-21,203.6191,208.8733,202.1930,208.7607,31147800
2021-04-22,209.4738,211.4160,207.1469,207.8975,31943700
2021-04-23,209.0610,212.6545,208.3104,211.8194,27999500
2021-04-26,212.9828,214.5685,212.7483,214.0243,19069200
2021-04-27,214.5872,215.2252,213.4613,214.3433,19648100
2021-04-28,213.9961,215.3191,213.0767,214.7092,16222700
2021-04-29,216.5952,216.6890,211.8476,213.9118,25500300
2021-04-30,211.7819,213.7335,210.2995,211.0031,27006000
2021-05-03,213.1799,213.3675,211.0313,212.0352,18693400
2021-05-04,210.7311,212.1760,207.3158,209.5019,26892700
2021-05-05,210.4309,210.6748,207.6912,208.6669,25139500
2021-05-06,208.9015,209.0516,205.1391,208.8452,27647300
2021-05-07,208.9109,211.9789,208.4417,211.4723,26172700
2021-05-10,211.3221,211.7350,206.0304,206.0961,28109100
2021-05-11,201.6488,206.7810,201.1797,205.4393,39519500
2021-05-12,203.6942,205.2611,198.4775,198.7684,42113400
2021-05-13,200.1382,204.0132,198.7214,202.4275,37739900
2021-05-14,204.4823,207.7380,202.3618,207.3721,25070400
2021-05-17,206.2087,207.7193,204.4448,207.6536,20048500
2021-05-18,207.7193,209.4551,205.9178,206.0773,24564500
2021-05-19,202.6902,204.6887,200.8325,204.4917,31202800
2021-05-20,204.7919,206.2931,202.9717,205.8521,24932800
2021-05-21,207.6630,208.6388,205.8053,206.3870,24213700
2021-05-24,207.5222,208.7138,206.4151,207.7286,18324200
2021-05-25,208.5074,209.8960,205.6551,205.7207,20514900
2021-05-26,206.5370,209.8772,206.5277,209.5582,20388200
2021-05-27,211.1439,212.3824,210.3370,211.7162,21225700
2021-05-28,213.0579,213.1517,211.1532,211.5754,20668400
2021-06-01,213.4144,214.4465,212.0071,213.9774,23081500
2021-06-02,214.7749,214.7843,212.8234,214.2308,18927500
2021-06-03,212.8140,213.5645,210.2056,212.4386,24811500
2021-06-04,213.5082,213.9774,212.2416,213.3581,19395800
2021-06-07,213.8179,216.5294,213.2174,216.2198,24049900
2021-06-08,216.9329,219.0627,215.7788,218.5092,27770300
2021-06-09,219.1190,219.2128,216.7171,217.0549,18700600
2021-06-10,217.7004,218.1702,214.9096,215.4452,29069000
2021-06-11,216.4037,217.8132,216.1876,217.7192,16707200
2021-06-14,218.2924,219.2696,216.2533,217.0802,19182800
2021-06-15,217.1742,217.5031,214.6935,216.4601,17039900
2021-06-16,215.8399,216.7608,213.9042,215.9996,24527000
2021-06-17,215.4077,216.3097,210.9725,213.5753,48292500
2021-06-18,210.2019,212.1188,207.7870,208.7267,54023700
2021-06-21,210.5308,213.7726,209.8073,213.1901,26736400
2021-06-22,212.6168,214.6277,211.1603,214.1579,21188500
2021-06-23,214.2331,216.0842,214.2331,214.8626,22387500
2021-06-24,216.2345,217.9165,214.9190,217.8977,21732500
2021-06-25,218.2736,219.3260,217.7662,218.2642,27619000
2021-06-28,218.2267,218.5555,214.9660,216.5353,25006000
2021-06-29,217.2776,217.7474,214.9660,215.5016,18844300
2021-06-30,214.8532,216.4225,214.0169,215.5298,26039000
2021-07-01,216.8829,217.8602,215.8493,217.4279,18089100
2021-07-02,218.0011,218.0763,214.7687,215.3607,21029700
2021-07-06,215.5204,215.6144,210.3617,212.2316,27771300
2021-07-07,211.9309,212.9927,208.4166,210.2583,28521500
2021-07-08,206.0768,210.5590,204.7049,208.3226,42297900
2021-07-09,210.6342,212.7860,209.8637,212.7202,23976400
2021-07-12,211.9497,213.1995,211.0007,212.8988,16831000
2021-07-13,211.6396,212.1188,208.8112,208.8864,25357500
2021-07-14,210.2113,210.8221,205.3627,205.6634,30594100
2021-07-15,204.6861,205.8419,201.9705,204.4982,45477000
2021-07-16,206.5654,206.6124,201.5288,201.9799,36620200
2021-07-19,197.9206,201.5101,196.4359,198.9542,58571000
2021-07-20,199.3958,206.0392,198.5125,205.1278,40794600
2021-07-21,206.2084,208.8112,206.1238,208.6609,28278700
2021-07-22,208.1065,208.5387,204.4512,205.3439,32879000
2021-07-23,206.6030,206.6782,203.8216,206.3023,23660300
2021-07-26,207.0916,208.6515,205.9264,206.9037,22194200
2021-07-27,205.7949,205.8607,202.3839,204.4888,35063600
2021-07-28,205.7855,209.1589,204.2820,207.4957,33043700
2021-07-29,209.3468,210.8973,208.7361,209.0931,22634800
2021-07-30,208.2756,210.5308,206.9883,207.7118,28473000
2021-08-02,209.0461,211.0006,206.3869,206.6782,24192600
2021-08-03,207.3078,207.7776,204.0002,207.5333,27798600
2021-08-04,205.8795,207.8527,204.7425,204.9492,25588500
2021-08-05,205.8701,209.0179,205.4848,208.6327,23915200
2021-08-06,210.2489,211.6208,208.7361,209.9106,24429200
2021-08-09,209.4690,209.7227,207.8622,208.7548,17225600
2021-08-10,209.2059,209.7509,207.8434,209.1683,22681600
2021-08-11,209.5629,210.2301,207.1668,210.1925,25691300
2021-08-12,210.2583,210.3335,208.3320,209.6945,23269500
2021-08-13,209.5253,209.8260,207.3829,207.7870,20813700
2021-08-16,206.5090,206.9695,204.5169,205.8513,24074400
2021-08-17,203.5867,204.3197,200.8523,203.3424,35161500
2021-08-18,203.0605,204.8835,201.4349,201.5665,29102300
2021-08-19,199.6119,201.1530,197.9675,199.1515,38119900
2021-08-20,199.3019,202.9854,198.6629,202.5155,31759500
2021-08-23,204.3572,206.6688,204.3197,206.3681,25778800
2021-08-24,207.0259,208.5293,206.4339,208.3978,18677900
2021-08-25,208.3884,210.4556,207.5239,209.1307,21548000
2021-08-26,208.7360,209.6945,206.4809,206.9131,22380300
2021-08-27,207.3360,213.3310,207.2608,212.7484,33998500
2021-08-30,213.5377,213.6317,211.4047,211.8745,20733300
2021-08-31,211.6490,212.9363,210.7939,212.2880,20839800
2021-09-01,213.1431,214.4680,211.3013,213.7162,20451500
2021-09-02,214.5525,215.9714,213.8666,215.2009,22810100
2021-09-03,214.4774,215.1539,213.4813,214.2049,18213100
2021-09-07,213.9794,215.1821,212.5981,212.7296,19153400
2021-09-08,211.9967,212.3350,209.1965,210.4086,25241500
2021-09-09,210.0516,212.6356,209.5066,210.3053,27180500
2021-09-10,211.5738,211.6960,208.1535,208.2474,24366100
2021-09-13,209.7415,209.9012,206.9601,209.4314,34693100
2021-09-14,210.2489,210.2677,205.8513,206.7628,30312600
2021-09-15,206.7440,209.2998,206.2178,208.6327,27572000
2021-09-16,208.8488,209.8636,206.9695,208.7830,22369000
2021-09-17,208.2474,209.5724,207.3266,209.0556,39957600
2021-09-20,204.3291,205.7762,201.2940,204.0848,44958500
2021-09-21,205.5694,206.0580,202.7974,204.3948,26711200
2021-09-22,205.6728,209.1213,205.6634,207.5709,32100300
2021-09-23,208.7737,212.0343,208.1911,211.2450,31057800
2021-09-24,210.1978,211.4608,209.0857,210.2261,28866000
2021-09-27,210.7633,214.5899,210.6785,213.4212,29743200
2021-09-28,212.4504,212.6295,208.1526,208.5673,39938200
2021-09-29,209.4909,209.8585,207.5117,208.1243,23628900
2021-09-30,209.3495,209.8114,206.0319,206.1733,33153600
2021-10-01,207.3043,210.6502,205.2214,209.5004,32647000
2021-10-04,209.3684,209.5381,206.3430,207.5965,32580200
2021-10-05,208.2563,210.2355,207.2384,208.3128,20407600
2021-10-06,206.1827,207.5399,204.2977,207.2289,32893300
2021-10-07,208.7935,212.0168,208.6427,210.4240,24289300
2021-10-08,210.5465,211.2251,208.7652,208.8406,17989600
2021-10-11,209.0762,210.6973,207.5871,207.6436,15929800
2021-10-12,208.1526,209.6795,207.6908,208.7841,18800600
2021-10-13,209.1328,209.8962,207.1912,209.7737,19676200
2021-10-14,211.8284,213.0065,211.4231,212.8840,18160000
2021-10-15,214.8726,215.2779,212.1205,212.2148,27555300
2021-10-18,211.0084,212.7049,210.8670,212.0923,19082600
2021-10-19,212.9877,213.8359,211.6964,212.8840,15498400
2021-10-20,212.9782,214.8727,212.1771,214.2977,18130500
2021-10-21,214.1281,215.8434,213.5908,214.8444,17851600
2021-10-22,214.7030,215.2591,212.7143,214.3354,16887000
2021-10-25,214.6936,216.7577,214.2129,216.3712,16387100
2021-10-26,216.8048,217.4551,214.7030,214.7407,25290200
2021-10-27,214.1187,214.3826,210.6502,210.7916,27088500
2021-10-28,211.8755,215.1365,211.8472,214.9952,22890600
2021-10-29,214.7030,215.6738,213.9113,214.9386,20777700
2021-11-01,216.0697,220.7162,215.7303,220.5089,35500800
2021-11-02,220.9047,221.3477,219.2742,220.9707,24949700
2021-11-03,220.6879,226.0225,220.4712,224.9198,47648500
2021-11-04,225.7115,227.0876,223.9019,224.8350,26514000
2021-11-05,227.3043,229.4061,226.3901,227.9075,42041700
2021-11-08,229.7266,230.4052,228.0206,228.6144,31324500
2021-11-09,228.0866,228.5861,225.7680,227.2855,29895900
2021-11-10,226.2770,227.6719,222.7237,223.7040,32471600
2021-11-11,224.6088,226.5598,223.9961,225.5041,17987500
2021-11-12,226.1262,226.3995,225.0140,225.7303,20526700
2021-11-15,226.7388,226.9179,223.8925,224.8350,27390000
2021-11-16,224.0904,225.6078,223.3269,225.2496,21925200
2021-11-17,224.3731,224.4391,221.6116,222.2996,26527800
2021-11-18,223.2986,223.4400,219.6512,221.3571,30637300
2021-11-19,219.8585,220.9424,219.0291,219.3401,33994000
2021-11-22,220.7539,222.1865,218.3034,218.4070,31042100
2021-11-23,218.0866,219.6040,215.4758,218.0300,33843800
2021-11-24,216.2016,218.6521,215.4005,218.2657,24099300
2021-11-26,212.0263,213.1667,207.0121,210.0376,62595400
2021-11-29,213.2138,213.7134,208.5202,209.9057,45982400
2021-11-30,207.9735,209.1045,203.4683,205.6267,64908400
2021-12-01,210.3392,211.3194,200.8953,200.9990,69120100
2021-12-02,202.0451,207.2949,201.5267,206.6069,64315700
2021-12-03,207.6248,207.7096,200.4806,202.3656,64425200
2021-12-06,204.0904,208.0018,201.4231,206.4278,43878300
2021-12-07,209.3684,213.0442,209.2176,211.2157,44679200
2021-12-08,211.6870,213.5155,210.2356,212.6578,36546400
2021-12-09,211.0743,212.8274,207.8038,207.8415,34830300
2021-12-10,209.4250,210.0376,205.7680,207.2666,32924600
2021-12-13,206.4593,207.0832,203.0181,204.2377,33478400
2021-12-14,202.8574,205.6368,201.6568,202.4792,36543500
2021-12-15,202.5076,206.2418,199.5486,205.6935,51261000
2021-12-16,207.4614,207.8868,200.6547,201.5339,52743800
2021-12-17,200.6075,205.4761,198.8113,203.3868,62620900
2021-12-20,200.5035,201.3071,197.3554,200.5318,49993000
2021-12-21,202.4982,206.4593,200.4751,206.2608,38545300
2021-12-22,205.9677,208.3122,205.2681,208.2460,32442000
2021-12-23,208.9740,210.6284,208.3028,209.9099,22125400
2021-12-27,210.1935,211.9897,208.5486,211.8763,24196700
2021-12-28,211.5642,213.3983,210.2029,210.5811,23120300
2021-12-29,210.5528,211.2807,209.1725,210.8080,19444400
2021-12-30,210.7607,213.1147,210.5338,210.7513,23607700
2021-12-31,210.3353,211.8763,210.2408,210.2975,23997400
2022-01-03,211.4887,214.3059,210.5622,213.0107,30618800
2022-01-04,213.6535,214.7218,211.1767,212.6893,22013100
2022-01-05,212.5853,213.5685,205.4478,205.4856,40582100
2022-01-06,205.9204,208.3784,204.0297,206.6578,39105900
2022-01-07,206.6578,208.3405,204.1336,204.2660,31583900
2022-01-10,203.0371,203.6232,199.5770,203.5570,45778100
2022-01-11,203.7082,205.9299,201.3259,205.7219,35209900
2022-01-12,206.5822,207.3952,202.9142,204.1904,35284500
2022-01-13,204.9656,206.2702,201.7230,202.3185,34489600
2022-01-14,200.4090,202.6873,199.0760,202.6022,42020900
2022-01-18,200.6075,200.8344,196.1926,196.4762,49434400
2022-01-19,197.4026,198.0171,193.2147,193.2808,46209100
2022-01-20,194.1600,197.5728,189.3859,189.7830,50466000
2022-01-21,188.8470,191.9290,186.2284,186.2284,85821000
2022-01-24,183.4679,191.3333,180.7830,190.5203,85782000
2022-01-25,187.6370,190.6811,183.9311,187.9773,61088500
2022-01-26,190.7567,192.4300,183.1370,185.2641,71471700
2022-01-27,186.8334,188.7053,180.1875,181.0572,59829000
2022-01-28,181.2274,184.6401,177.8146,184.5834,65870000
2022-01-31,183.7704,190.2462,183.2599,190.2462,53393800
2022-02-01,190.6433,192.4489,187.1548,192.2504,43429400
2022-02-02,192.4962,192.7609,188.4027,190.3407,42777800
2022-02-03,187.9773,190.2462,186.2851,186.7389,39629400
2022-02-04,186.2756,189.1685,184.2715,187.5424,34291100
2022-02-07,187.5897,190.1706,187.1738,188.4689,33242600
2022-02-08,188.5729,192.0235,188.4689,191.6832,28341900
2022-02-09,193.3943,195.3607,193.1390,195.3228,27329300
2022-02-10,191.8155,197.6295,191.0781,192.3260,44788100
2022-02-11,192.5245,194.8029,188.7809,190.3785,41516600
2022-02-14,190.6149,192.4111,188.3554,189.7168,32262700
2022-02-15,191.7021,195.0392,191.5603,194.8029,25847500
2022-02-16,194.0844,195.9468,192.9311,195.2094,30104800
2022-02-17,193.3754,193.8292,189.8114,190.2084,27140200
2022-02-18,190.0477,191.6453,187.9017,188.5729,36255400
2022-02-22,187.6369,189.4993,184.6780,185.9164,31847100
2022-02-23,187.4101,188.0340,182.0309,182.4374,31491500
2022-02-24,178.0320,187.6370,177.6539,187.2210,52221100
2022-02-25,187.8355,191.5508,186.2378,191.4373,33656200
2022-02-28,189.5183,193.4226,189.5088,192.2126,34975900
2022-03-01,191.5886,192.6569,186.9941,188.5918,40638900
2022-03-02,189.8680,194.0844,189.7262,193.0823,29978600
2022-03-03,193.8858,193.9048,189.3481,190.7945,30142700
2022-03-04,188.7903,189.8869,186.2189,187.8071,31610400
2022-03-07,188.3365,188.6863,183.0992,183.1370,39279800
2022-03-08,183.7231,188.6674,182.8912,184.1485,45715800
2022-03-09,187.3912,190.0193,186.8240,189.3386,29048000
2022-03-10,186.6254,189.1117,185.8219,188.9983,25661000
2022-03-11,189.8113,190.7378,185.7084,185.9826,24990000
2022-03-14,186.4647,186.6538,181.3975,182.1822,34969500
2022-03-15,182.8912,185.0939,182.3429,185.0845,25464300
2022-03-16,186.7483,190.9080,185.4343,190.9080,31869700
2022-03-17,189.8019,193.9993,189.3575,193.9048,25783100
2022-03-18,193.0539,196.1169,192.8554,195.9468,37092200
2022-03-21,195.8806,196.8071,192.7987,194.2168,26747500
2022-03-22,195.0392,197.3837,194.5571,196.1642,24699900
2022-03-23,194.8880,195.8806,192.6191,192.7609,19775000
2022-03-24,193.5944,195.0342,192.0315,194.9774,19781200
2022-03-25,195.2142,195.7163,193.6513,195.2426,19430400
2022-03-28,194.7501,195.3279,192.3157,195.3089,18999100
2022-03-29,197.0235,201.0492,196.9098,200.5377,29550600
2022-03-30,200.2156,200.5661,195.7068,196.5119,26251500
2022-03-31,196.1993,197.8854,194.3238,194.4375,26771600
2022-04-01,195.2995,196.7582,194.1912,196.6161,25948500
2022-04-04,196.9003,197.4307,195.0153,196.9382,20333900
2022-04-05,196.9855,198.3874,191.8231,192.2778,26509800
2022-04-06,190.6486,191.1506,188.1952,189.5498,34903900
2022-04-07,189.5498,190.6107,186.3008,188.9341,29291200
2022-04-08,188.7067,189.7392,187.0775,187.4280,25249600
2022-04-11,186.7176,188.7352,185.5430,186.1682,33702300
2022-04-12,188.2142,191.0369,186.0545,186.7554,33699800
2022-04-13,187.2480,190.8191,187.1817,190.3076,22303600
2022-04-14,190.4970,191.6905,188.3752,188.4605,27107000
2022-04-18,187.9869,188.6689,186.1587,187.1912,22246400
2022-04-19,187.4185,191.5674,187.2575,190.9233,22786700
2022-04-20,192.3346,193.1113,191.2074,191.6526,20516200
2022-04-21,193.4523,193.9923,186.6228,187.3617,31547700
2022-04-22,186.4808,186.9544,182.1425,182.5119,35686900
2022-04-25,180.9111,183.8664,179.2250,183.6201,35556500
2022-04-26,182.1709,182.5403,177.5863,177.8326,40513600
2022-04-27,177.7663,179.7649,176.4307,177.0938,37808000
2022-04-28,179.1871,181.2994,174.9625,180.3996,37405200
2022-04-29,179.5849,181.6120,174.7730,175.1898,41193400
2022-05-02,175.1425,177.9084,172.7555,177.0275,38002100
2022-05-03,177.0558,179.5092,175.8813,178.5430,30246300
2022-05-04,179.0734,183.6959,175.8908,183.3076,38834700
2022-05-05,181.4226,181.4510,173.7027,175.8718,41468700
2022-05-06,175.1993,175.6350,171.0220,172.9449,45457900
2022-05-09,170.3684,173.0112,164.9124,165.6701,53682200
2022-05-10,168.1993,169.4686,162.1654,165.7175,53650800
2022-05-11,165.8880,168.7866,161.3129,161.5971,64377800
2022-05-12,160.8677,165.1397,159.9868,163.4916,52967400
2022-05-13,165.8028,169.9422,165.7744,168.6729,36517000
2022-05-16,168.1329,169.9706,166.8447,167.8677,28225500
2022-05-17,170.8894,173.1912,169.5443,173.0017,31833700
2022-05-18,170.9462,171.8366,165.8596,166.9395,36093800
2022-05-19,165.6607,169.3738,165.6607,167.2142,33627700
2022-05-20,169.0802,169.5254,162.7243,166.7879,42243700
2022-05-23,168.4929,169.5159,166.2385,168.8055,24644100
2022-05-24,167.2521,167.5930,163.2358,166.3048,26861800
2022-05-25,165.6512,170.2926,165.5849,169.2980,27950100
2022-05-26,170.3589,174.1005,170.2169,173.0775,25702700
2022-05-27,174.0626,177.7473,173.7216,177.7378,24952100
2022-05-31,177.0463,177.7757,174.3752,175.5308,29794500
2022-06-01,176.4401,177.0748,172.1776,174.5362,28352100
2022-06-02,174.8488,178.7988,174.4510,178.7988,24876000
2022-06-03,177.4063,178.0410,175.9855,177.1884,18972100
2022-06-06,179.3008,179.3197,176.9706,177.9557,24678700
2022-06-07,176.5728,180.8637,176.0897,180.8258,21661600
2022-06-08,179.9354,180.6364,177.1885,178.0315,21521700
2022-06-09,177.1710,177.6649,174.3029,174.3409,21697200
2022-06-10,171.4347,172.4224,168.7185,169.6112,37153600
2022-06-13,164.9006,166.1637,160.7788,161.6431,39712700
2022-06-14,162.0894,162.6308,159.3067,160.8643,30282400
2022-06-15,162.6023,165.3090,160.1805,163.2196,32150500
2022-06-16,159.4017,159.9525,154.5961,155.6598,43810600
2022-06-17,156.2106,159.0978,155.4698,156.8754,40327300
2022-06-21,159.5347,161.5291,158.4235,159.6866,34665400
2022-06-22,157.6162,160.7503,157.0559,159.3827,29303500
2022-06-23,159.7341,161.6716,158.1766,161.2917,27089800
2022-06-24,162.6118,166.2967,162.3079,166.2872,37138500
2022-06-27,166.8380,168.0917,165.4229,166.9045,24745400
2022-06-28,168.0347,169.1934,163.6850,163.7704,25909200
2022-06-29,163.8749,164.0173,160.4749,162.1084,21292500
2022-06-30,159.7436,162.6973,158.3760,160.8453,31466300
2022-07-01,160.5509,163.2006,159.2308,162.7923,24598600
2022-07-05,160.1995,164.2073,158.3475,164.1408,25151100
2022-07-06,163.7799,164.9766,161.2157,162.9252,25697600
2022-07-07,164.1693,167.1324,164.1598,166.7810,24822500
2022-07-08,166.2682,168.0917,164.9196,166.7621,20547000
2022-07-11,165.4989,166.1732,162.9727,163.4095,22031500
2022-07-12,162.9157,164.6442,161.9849,162.8492,23864200
2022-07-13,160.6458,163.6185,160.3039,162.7067,25535600
2022-07-14,160.1995,161.4531,158.6229,161.0352,25102200
2022-07-15,162.9157,164.6347,160.7978,164.3877,34935900
2022-07-18,166.3252,167.4269,163.4095,163.9224,23031500
2022-07-19,165.9643,169.8961,165.8788,169.7062,24234600
2022-07-20,169.6682,172.6694,169.4308,172.3654,26049300
2022-07-21,171.3777,173.3247,169.8582,173.2487,21709900
2022-07-22,173.6856,174.0370,169.0984,170.4850,25116100
2022-07-25,170.9978,171.8241,169.4593,171.3682,19267200
2022-07-26,170.7414,171.1498,169.5638,170.3140,19391200
2022-07-27,171.4062,174.9867,170.9504,174.1889,21670700
2022-07-28,175.0532,176.7816,172.6219,176.5822,22838500
2022-07-29,176.6867,178.2917,175.7369,177.8358,21760600
2022-08-01,176.4492,178.8521,174.9582,177.7694,23905600
2022-08-02,177.0951,179.5169,176.1548,177.5984,17492600
2022-08-03,178.8330,180.5900,178.2062,180.2101,19157700
2022-08-04,180.2956,180.4856,178.9660,179.8303,14838900
2022-08-05,178.0448,181.4163,177.7599,181.2074,18540300
2022-08-08,182.4895,184.8449,182.2426,183.1259,22188700
2022-08-09,182.3850,182.5085,179.6498,180.6280,18247300
2022-08-10,183.8951,186.0984,183.4012,185.7850,20796400
2022-08-11,187.4945,189.4985,186.1839,186.4783,23727600
2022-08-12,187.4281,190.3532,186.6968,190.2868,21726600
2022-08-15,188.8052,191.0465,188.2543,190.9610,17414800
2022-08-16,190.4197,191.8348,189.0236,190.8850,18833100
2022-08-17,188.7292,189.3085,186.5068,187.6750,22428000
2022-08-18,187.9314,189.2325,187.0007,188.9191,18368100
2022-08-19,186.9342,187.2001,184.3130,184.8638,27416400
2022-08-22,182.3375,182.6794,180.4570,181.0554,22937000
2022-08-23,181.3403,183.2303,180.8180,181.3498,20069800
2022-08-24,181.1979,183.5817,180.5996,182.7364,16038300
2022-08-25,183.6577,185.6236,183.2778,185.5761,14795000
2022-08-26,185.5191,185.6141,179.1750,179.4789,24177200
2022-08-29,177.5509,179.4884,177.1426,177.8264,19753300
2022-08-30,178.3772,178.5577,174.3124,175.3381,22548900
2022-08-31,175.6420,176.4018,173.9800,174.2744,22412500
2022-09-01,172.6408,172.7453,169.9056,172.3749,30706600
2022-09-02,174.3694,174.7017,170.1336,171.0358,27468200
2022-09-06,171.6247,171.9761,168.5760,169.3453,23837100
2022-09-07,169.0224,173.2962,168.9844,173.0302,24781200
2022-09-08,171.6056,174.5498,170.5894,174.4738,25273200
2022-09-09,176.0219,178.1968,175.7940,177.9783,23208800
2022-09-12,179.1180,180.3146,178.5196,180.1342,23134600
2022-09-13,175.5660,176.5632,172.4129,173.0872,34144700
2022-09-14,173.3912,174.1035,171.4917,173.7616,25278300
2022-09-15,172.7738,175.4045,171.7671,172.4984,25378700
2022-09-16,170.0861,170.6464,168.0157,169.9911,41155900
2022-09-19,168.1107,171.6626,168.0632,171.4442,25412200
2022-09-20,169.7822,169.9436,167.8258,169.1079,22247500
2022-09-21,170.3520,171.9951,166.5152,166.5247,29357100
2022-09-22,166.2017,166.7526,162.1559,162.7732,33468600
2022-09-23,160.5034,160.6838,156.7045,158.8984,40336900
2022-09-26,157.9638,161.3050,156.1595,156.7227,30597800
2022-09-27,158.7657,160.0258,155.8731,157.2573,42406600
2022-09-28,158.2406,163.2333,157.5819,162.2310,35186500
2022-09-29,160.1690,160.3121,156.3695,158.5938,31464000
2022-09-30,158.2597,161.8301,157.3910,157.4387,40643800
2022-10-03,159.7489,162.5747,157.7537,161.6105,33611600
2022-10-04,164.7799,168.0925,164.7035,168.0161,37537300
2022-10-05,165.5435,167.3765,163.6438,166.7750,25281400
2022-10-06,165.9636,168.1784,165.0663,165.8395,22635900
2022-10-07,164.1307,164.6462,160.3026,160.9613,26536100
2022-10-10,161.6105,161.8778,159.0330,160.0640,23386400
2022-10-11,159.3862,162.3933,157.3242,160.1117,28009100
2022-10-12,160.2835,160.8181,157.9733,159.6726,26796700
2022-10-13,156.5604,164.3885,155.1285,163.6248,45376500
2022-10-14,164.9040,166.0304,159.1475,159.2430,29608600
2022-10-17,162.4983,164.7894,162.3933,164.3216,28199200
2022-10-18,167.8825,169.2476,164.8563,166.2691,34523100
2022-10-19,164.6653,165.5340,161.6487,163.4434,27146900
2022-10-20,163.6438,165.6772,160.8277,161.3623,26710700
2022-10-21,161.7154,165.3431,160.5603,164.8658,45402700
2022-10-24,165.4577,166.1068,163.2907,165.5722,27284500
2022-10-25,165.6963,170.7845,165.6868,170.0877,33105700
2022-10-26,171.0232,174.0971,170.2404,170.9277,37084700
2022-10-27,172.3979,173.7439,170.7559,170.9659,28651800
2022-10-28,171.6724,175.0900,170.6318,174.8513,33221600
2022-10-31,174.0017,175.8823,173.3143,175.0136,25699400
2022-11-01,176.8369,177.1806,174.5840,175.2522,27446700
2022-11-02,174.5458,176.6078,169.3812,169.4385,38139600
2022-11-03,167.3383,169.8681,166.2118,168.3025,29093200
2022-11-04,170.8036,171.7773,167.5101,170.5745,25842400
2022-11-07,171.5864,172.3979,169.6199,171.3478,20689900
2022-11-08,172.0542,173.6962,169.3144,171.4146,20265200
2022-11-09,169.9254,170.5650,166.3741,166.7082,27277000
2022-11-10,173.6007,177.0374,172.9325,176.9706,38572800
2022-11-11,177.3333,180.2736,177.2665,178.4216,28765400
2022-11-14,177.3619,179.2712,176.2546,176.4264,26499600
2022-11-15,179.3190,180.9609,177.6675,179.0421,26128800
2022-11-16,178.1352,178.1734,175.3763,175.8918,24802000
2022-11-17,173.3811,174.6508,172.3215,174.2594,20835700
2022-11-18,176.2164,176.9037,174.2881,175.3859,27269100
2022-11-21,174.4885,174.8799,173.1998,174.4694,19038900
2022-11-22,175.4050,176.5505,174.0589,176.3310,16869700
2022-11-23,175.9300,177.3525,175.2236,176.7892,19758800
2022-11-25,176.6937,177.9157,176.2833,177.1615,13393400
2022-11-28,175.7773,176.5314,173.0661,173.5911,17465600
2022-11-29,173.7058,175.2809,173.7058,174.0972,14020600
2022-11-30,174.3835,178.9276,172.5983,178.8703,28030100
2022-12-01,179.6149,180.6555,177.6866,178.4789,21996400
2022-12-02,176.0064,180.2927,175.9682,179.5195,22574800
2022-12-05,178.3835,178.5744,173.9158,174.5745,25449300
2022-12-06,174.5840,174.6795,170.9564,171.9015,18502100
2022-12-07,171.5960,173.2666,170.9850,171.3955,17177800
2022-12-08,172.5697,174.3453,171.3669,172.6365,20971400
2022-12-09,171.6151,172.6079,170.4600,170.5172,22046500
2022-12-12,170.7368,172.8752,169.9254,172.5220,22765400
2022-12-13,178.1228,178.9955,172.7617,173.9509,38445300
2022-12-14,173.8838,175.4183,171.5054,172.8097,32406900
2022-12-15,170.7382,171.2848,167.8706,168.4844,33546700
2022-12-16,166.6814,167.9378,165.5977,167.2281,38502400
2022-12-19,167.4583,167.8802,164.4469,164.9647,25614000
2022-12-20,164.6386,166.8924,164.1687,165.8374,18050800
2022-12-21,167.3048,169.5585,167.0650,168.6954,22997200
2022-12-22,167.1897,167.3431,163.6796,166.4896,21297600
2022-12-23,166.3745,167.3048,165.2812,167.2473,11647700
2022-12-27,167.2185,167.4199,165.5114,166.1252,13553800
2022-12-28,166.0868,166.9691,163.3631,163.5453,19648000
2022-12-29,164.6866,168.0720,164.3797,167.6884,22311300
2022-12-30,166.2402,167.5637,165.5401,167.2185,21275600
2023-01-03,168.7242,170.0572,164.8592,166.2978,22503800
2023-01-04,167.4678,169.4339,167.1418,168.3693,22973500
2023-01-05,167.4390,167.6021,165.3292,166.5663,17032600
2023-01-06,168.1200,170.7477,166.7485,170.3066,21986900
2023-01-09,171.6780,172.7426,170.3737,170.5943,18366500
2023-01-10,170.3833,173.2221,170.0381,173.1166,18751100
2023-01-11,173.8359,175.3032,173.2796,175.2744,18222700
2023-01-12,176.0513,178.3338,174.4688,178.2187,29650800
2023-01-13,176.9431,179.6668,176.7801,179.3887,22120000
2023-01-17,179.3408,180.1464,178.6119,179.1682,22422600
2023-01-18,179.7723,181.2205,176.1759,176.2718,23507800
2023-01-19,175.2456,175.6005,173.3755,174.5839,24624500
2023-01-20,175.2265,177.5665,173.8455,177.4610,36070300
2023-01-23,177.8351,180.4149,177.0199,179.6572,20329900
2023-01-24,178.9476,180.1368,178.2667,179.2736,19263500
2023-01-25,177.8159,179.8298,176.3389,179.7723,18174600
2023-01-26,181.2396,182.0740,178.6598,180.8369,18369100
2023-01-27,180.2806,182.5055,180.0983,181.8150,20019900
2023-01-30,180.1463,181.8439,179.1777,179.2832,18395100
2023-01-31,179.7435,183.7332,179.7052,183.6373,21567900
2023-02-01,183.3591,188.1543,182.3426,186.5240,27007300
2023-02-02,187.9817,191.0986,186.3897,190.1971,31020400
2023-02-03,188.0776,190.9739,187.6844,188.9216,24981500
2023-02-06,187.6364,188.3366,185.4498,186.1883,18160100
2023-02-07,185.4882,188.0680,183.8003,187.5693,27074100
2023-02-08,186.3993,187.3679,184.3277,184.8264,17933500
2023-02-09,186.2746,187.1282,181.6712,182.1507,20516600
2023-02-10,181.5274,182.8221,180.8081,182.5152,15248700
2023-02-13,182.7070,184.9607,181.5561,184.7114,15754400
2023-02-14,183.4454,186.0061,182.2946,184.6251,21889600
2023-02-15,183.1577,186.5815,182.7261,186.4952,18721200
2023-02-16,183.9441,186.8884,183.4167,184.7114,21366300
2023-02-17,184.0209,185.4498,183.1481,185.2197,23892200
2023-02-21,182.9372,183.5030,179.5709,179.7531,26004000
2023-02-22,180.1368,181.4027,179.1010,180.2422,24651700
2023-02-23,181.5945,182.5056,179.0530,181.5273,21311700
2023-02-24,179.0051,180.0888,178.1708,179.8299,24280700
2023-02-27,181.3835,182.4097,179.9162,180.4628,17562900
2023-02-28,180.4149,182.2370,180.3669,180.4724,19542600
2023-03-01,180.4820,181.7288,179.5230,180.7026,22532800
2023-03-02,179.2065,181.5466,178.4968,181.1342,18104400
2023-03-03,181.9014,184.0688,180.7026,183.6565,22774300
2023-03-06,183.7140,183.8866,180.2039,180.9711,23266700
2023-03-07,180.9232,181.3260,178.5927,178.8708,25865700
2023-03-08,179.1393,179.9257,177.5377,178.9571,22505900
2023-03-09,179.0818,179.5997,173.8550,173.9797,33546900
2023-03-10,173.0015,173.0015,167.1226,168.9639,69274200
2023-03-13,165.4538,169.1749,164.0632,166.2115,74171500
2023-03-14,171.2848,171.9178,167.4582,169.2900,48946200
2023-03-15,164.8880,166.7869,163.4015,166.4992,54405800
2023-03-16,164.4468,170.1148,163.5166,168.7721,52392300
2023-03-17,166.9116,167.6021,163.8618,164.2167,70239900
2023-03-20,165.9621,168.1871,165.4634,166.3457,46103200
2023-03-21,169.3188,170.8820,168.7530,169.4147,34465900
2023-03-22,169.2900,170.0860,164.5044,164.6099,56098200
2023-03-23,165.8333,167.8644,162.3969,163.8793,47720900
2023-03-24,162.4354,165.6697,161.1937,165.3616,47519700
2023-03-27,167.3349,168.1916,165.9103,167.2002,33880600
2023-03-28,166.6226,167.9798,166.2279,166.9595,28555100
2023-03-29,168.7788,168.9810,167.0751,168.8558,25564800
2023-03-30,170.2612,170.6751,167.9221,168.6248,26728600
2023-03-31,169.7991,171.9553,169.7703,171.7243,39602900
2023-04-03,172.2537,173.0527,169.8858,171.8013,27609000
2023-04-04,172.2248,172.3981,167.7970,168.7884,33487200
2023-04-05,167.7296,168.2879,166.0740,167.1328,28247300
2023-04-06,167.2195,167.9318,166.2184,167.3831,26366300
2023-04-10,166.5938,169.2986,166.5552,169.1735,22237800
2023-04-11,169.9628,171.3104,169.5296,170.5115,21876200
2023-04-12,172.1286,172.2826,169.0098,169.2601,27018100
2023-04-13,169.9339,172.0035,169.3467,171.5029,23259900
2023-04-14,171.6569,172.5136,168.7788,169.9050,29600400
2023-04-17,170.3478,172.1671,170.1361,172.0901,22177300
2023-04-18,172.8698,172.9083,170.3189,171.3585,22873100
2023-04-19,170.4537,172.0997,169.9724,171.5799,19306800
2023-04-20,170.5211,171.7532,169.9146,170.6943,20336300
2023-04-21,171.1564,171.3008,169.2793,170.9157,25972800
2023-04-24,170.7425,171.7724,169.8954,170.8002,17781000
2023-04-25,169.0580,169.3564,166.5360,166.5841,28857900
2023-04-26,165.7852,166.9114,164.6012,164.9766,30309800
2023-04-27,165.5927,167.3542,164.5435,167.1809,33424100
2023-04-28,166.8055,169.2505,166.6996,168.6441,31911900
2023-05-01,168.4515,170.7039,168.2205,168.7403,27420100
2023-05-02,167.8740,167.9221,163.5616,165.2750,40851100
2023-05-03,165.7756,169.1254,165.7467,165.8815,43261400
2023-05-04,164.9092,165.1402,162.4643,164.0237,42382100
2023-05-05,166.8055,168.5478,166.6226,167.9221,35456800
2023-05-08,168.7018,168.9809,166.6515,167.5371,22109900
2023-05-09,166.5071,167.7488,165.7178,167.0365,21465500
2023-05-10,169.3756,169.4333,166.2568,167.8836,27281900
2023-05-11,166.7381,167.2772,165.6697,166.5938,25884600
2023-05-12,167.1521,167.6911,165.2269,166.2569,20406400
2023-05-15,166.8248,169.1350,166.3531,168.2879,24310000
2023-05-16,167.1135,168.2686,165.7852,165.8333,24212900
2023-05-17,166.9403,169.8954,165.7178,169.5296,38231600
2023-05-18,168.9906,170.9254,168.4708,170.5596,30446600
2023-05-19,171.8302,172.1960,168.6922,169.5200,34316300
2023-05-22,170.0109,172.3211,169.4526,171.5896,28207200
2023-05-23,171.2526,173.7746,170.7425,170.7810,32708900
2023-05-24,169.9435,170.1264,168.1339,168.9713,28744200
2023-05-25,168.6922,168.9617,166.2376,167.6526,36202600
2023-05-26,167.7777,169.7799,167.5082,169.5585,29841300
2023-05-30,170.0976,170.9061,168.2205,168.9328,25572600
2023-05-31,168.1532,169.4238,165.9104,167.2676,34598800
2023-06-01,167.3542,169.6451,166.4590,169.0772,27800900
2023-06-02,171.3489,175.2763,170.8099,175.2089,50212400
2023-06-05,174.4773,174.4773,171.7628,172.8602,34465800
2023-06-06,172.2345,178.0388,172.2345,177.4131,58584500
2023-06-07,178.5319,181.2442,178.5319,180.7327,60685600
2023-06-08,180.2597,180.8678,178.4836,180.0570,34185000
2023-06-09,179.8446,180.1245,178.0396,178.5994,30242200
2023-06-12,178.7925,180.1921,177.8176,179.3427,26580500
2023-06-13,179.9604,182.4121,179.7963,181.3986,35758200
2023-06-14,181.7751,182.6631,178.1361,179.4489,37114100
2023-06-15,178.6477,181.0512,178.4836,180.9257,36488400
2023-06-16,181.4180,181.9971,178.6573,179.4778,50684500
2023-06-20,178.7249,179.1207,177.3736,178.6960,33269300
2023-06-21,178.0300,179.4489,177.2095,178.2809,30730200
2023-06-22,177.7983,177.8466,176.1477,176.9585,27063700
2023-06-23,174.4875,176.0705,173.7925,174.2944,50610100
2023-06-26,174.1690,176.3890,174.1014,174.4682,31507900
2023-06-27,174.9026,177.5956,174.1304,176.9875,28818800
2023-06-28,176.6303,178.0106,175.7906,177.8562,23187600
2023-06-29,178.3002,180.5782,178.0203,179.9025,32084100
2023-06-30,181.7172,181.8813,180.4141,180.7616,30287300
2023-07-03,180.4141,182.2770,180.2500,181.1284,14011900
2023-07-05,180.6265,180.7037,178.9952,179.3234,24092100
2023-07-06,177.2481,177.3253,174.4393,176.4277,39080800
2023-07-07,176.6207,180.0087,176.5724,178.2906,31706700
2023-07-10,178.1651,181.5145,177.7597,181.3407,29725100
2023-07-11,181.9295,183.4739,181.1670,183.2037,26738800
2023-07-12,186.0608,186.3407,184.7191,185.2017,40127300
2023-07-13,185.8195,186.9585,185.1342,186.6979,23523000
2023-07-14,186.6206,186.7654,183.6766,184.8736,32198600
2023-07-17,184.6902,187.6052,184.4971,186.8523,23283700
2023-07-18,186.9681,189.5646,186.7654,189.1592,28489800
2023-07-19,189.8639,190.7905,189.1206,189.9604,23679000
2023-07-20,190.0955,190.0955,187.5183,188.3002,27278100
2023-07-21,189.5646,189.7866,187.3445,187.7017,28982400
2023-07-24,187.7982,189.4392,187.2481,188.1650,16929800
2023-07-25,187.8176,189.3909,187.6631,188.1458,18961100
2023-07-26,188.0009,190.3079,187.9430,189.6322,20377900
2023-07-27,190.7615,191.0222,186.4662,187.1805,31159300
2023-07-28,189.2075,190.1052,188.7056,189.6032,21612200
2023-07-31,190.0858,191.8426,190.0762,191.8040,24203900
2023-08-01,190.5685,191.0608,188.9758,190.9256,27444300
2023-08-02,188.7924,189.2751,187.3446,188.3291,28079700
2023-08-03,187.5473,188.8407,186.3503,187.7982,24279300
2023-08-04,188.0492,189.4874,186.9778,187.4218,24950400
2023-08-07,187.8948,188.2809,185.9836,187.5473,20185000
2023-08-08,185.4623,186.5724,183.8986,186.3697,25578200
2023-08-09,186.1669,186.1766,184.1206,184.9121,22293200
2023-08-10,185.5589,187.3735,183.2905,184.0917,29378800
2023-08-11,183.3195,185.0280,183.1458,184.3523,21789000
2023-08-14,183.3388,184.0724,182.0840,184.0338,20354900
2023-08-15,182.9334,183.0492,181.5048,181.6013,25491300
2023-08-16,181.4566,182.4894,179.3523,179.3813,27018400
2023-08-17,179.8639,180.2500,177.2481,177.2674,26715100
2023-08-18,175.8775,178.8118,175.6168,178.2327,33375200
2023-08-21,178.2809,178.8408,176.7076,177.9720,22678100
2023-08-22,178.6091,179.1014,176.8523,177.4411,21299200
2023-08-23,177.6053,179.6419,177.0551,179.3331,21231100
2023-08-24,178.8118,179.8639,176.8331,176.8524,26582300
2023-08-25,177.6632,178.5705,175.2983,177.6053,29340400
2023-08-28,178.4160,180.2596,178.3967,179.1882,23002000
2023-08-29,179.0917,181.8233,178.1554,181.6882,22986000
2023-08-30,181.2056,183.0203,180.8195,182.3736,19869900
2023-08-31,182.6245,183.6477,181.9778,182.0550,17953400
2023-09-01,183.4643,185.1921,183.2519,184.2172,25094600
2023-09-05,183.0589,183.3002,180.2790,180.3369,27160100
2023-09-06,180.5589,181.5531,178.6574,179.6612,26406200
2023-09-07,178.7056,178.9373,177.2095,177.9238,23894800
2023-09-08,178.1458,178.4064,177.0743,177.5280,19399100
2023-09-11,178.8215,179.2655,177.7983,177.9527,17424700
2023-09-12,177.6439,178.8987,177.3543,177.7790,16826300
2023-09-13,178.0879,178.4547,176.0512,176.6110,24415700
2023-09-14,178.1168,179.6033,177.8369,179.1013,27952500
2023-09-15,178.3678,178.6381,176.4373,177.2288,39695500
2023-09-18,177.3157,177.3736,176.0319,176.0512,19287800
2023-09-19,176.1477,176.9296,174.7771,175.3659,24085900
2023-09-20,176.0608,177.1323,173.5705,173.6091,27642900
2023-09-21,172.2964,172.5473,170.9161,170.9161,31625600
2023-09-22,171.3890,172.1709,170.4238,170.5300,23164700
2023-09-25,169.5841,171.6786,169.4393,171.2925,22416200
2023-09-26,170.1957,171.6697,169.0222,169.0901,30476000
2023-09-27,170.1472,171.5825,169.1872,170.6709,37293000
2023-09-28,170.7679,173.1729,170.6515,172.2129,31372400
2023-09-29,173.5608,173.7451,170.8261,171.3982,36689000
2023-10-02,171.0006,171.3885,167.9167,168.8089,42139300
2023-10-03,167.7228,168.2562,165.2208,165.9675,42733600
2023-10-04,165.8414,166.4233,163.9795,166.0451,42491900
2023-10-05,165.6378,166.7045,164.8038,166.1712,33365100
2023-10-06,165.2208,168.6344,164.3867,167.7713,42160900
2023-10-09,166.6463,169.2744,166.5784,168.7410,26658400
2023-10-10,169.0417,171.6891,169.0126,170.6515,31585000
2023-10-11,170.7970,171.8734,169.1096,170.3606,27427200
2023-10-12,170.5642,170.5642,165.6281,166.5106,38693800
2023-10-13,167.1409,167.4804,164.5613,165.1238,33955600
2023-10-16,166.5494,168.1495,165.8511,167.7907,31140300
2023-10-17,166.7433,171.0879,166.7045,169.6623,39823200
2023-10-18,168.3919,168.4113,165.8317,166.1712,38501400
2023-10-19,165.6959,166.9469,163.2715,163.5236,51397300
2023-10-20,163.5624,163.9212,161.3998,161.4095,54421900
2023-10-23,160.6531,162.3987,159.6736,160.0422,45590900
2023-10-24,161.4193,162.5539,160.4107,161.4387,32666300
2023-10-25,160.0227,160.6531,158.4614,158.7717,36832900
2023-10-26,159.1887,160.7598,158.2675,159.1790,50525600
2023-10-27,159.5476,159.8482,156.7837,157.3074,46017100
2023-10-30,158.8396,159.8288,157.0455,158.1802,35156300
2023-10-31,158.4614,160.0034,157.9087,159.5476,31533200
2023-11-01,159.4894,160.5949,158.1705,160.4592,44367100
2023-11-02,162.6799,164.8619,162.2726,164.7359,50458100
2023-11-03,167.5773,170.3412,167.5579,169.2162,57060700
2023-11-06,169.2162,169.4975,166.2099,167.1021,35294400
2023-11-07,166.3748,167.2961,165.4147,166.5106,31168900
2023-11-08,166.5105,166.9276,164.1831,164.7359,44938600
2023-11-09,165.8608,165.8608,161.9332,162.1854,38577400
2023-11-10,163.1357,164.5807,161.7490,163.9988,36121300
2023-11-13,163.1552,164.6389,162.4569,164.0570,27610300
2023-11-14,168.9641,173.0760,168.9544,173.0663,77611000
2023-11-15,172.9596,176.2665,172.7268,173.3669,59641400
2023-11-16,172.7559,173.2311,169.8660,170.5642,46616700
2023-11-17,172.0868,173.2408,171.7571,172.9014,43418700
2023-11-20,173.1244,174.2203,172.3680,173.9099,26665100
2023-11-21,172.8529,173.1147,171.5631,171.6697,30457000
2023-11-22,172.7947,173.9681,172.0577,172.7462,28940900
2023-11-24,172.6686,174.2978,172.4262,173.9099,13846900
2023-11-27,173.1050,173.6966,171.8734,173.3281,30665800
2023-11-28,173.1535,173.8033,171.8443,172.6589,28350200
2023-11-29,174.1233,176.2568,173.2990,173.5705,31590200
2023-11-30,174.6082,175.1804,173.3572,174.2300,32216800
2023-12-01,173.7839,179.5831,172.8238,179.3213,64221300
2023-12-04,178.6618,181.3384,178.4582,181.2414,44862600
2023-12-05,180.4268,180.4268,178.4194,178.8170,36873500
2023-12-06,180.0874,182.2403,178.2351,178.4970,43637900
2023-12-07,178.7589,179.9517,177.8473,179.7868,32662300
2023-12-08,179.5541,182.0755,179.2728,181.1542,36087100
2023-12-11,181.0378,181.9494,180.2717,181.5324,29302100
2023-12-12,181.3190,181.9882,179.7383,181.3481,32024000
2023-12-13,181.4451,187.7875,180.0583,187.4868,69484800
2023-12-14,190.9198,193.9940,190.5416,192.7042,83649300
2023-12-15,192.9369,193.5188,190.0276,191.0847,74160700
2023-12-18,191.9769,192.7624,190.7356,191.1526,44451100
2023-12-19,192.4812,195.2159,192.0351,194.8571,52156200
2023-12-20,194.5301,196.7785,190.9288,191.0455,62360300
2023-12-21,193.2064,194.4912,192.2525,194.2965,38613400
2023-12-22,195.5229,197.4014,194.8513,196.1069,39173800
2023-12-26,196.8174,199.1047,196.3113,198.6570,26879000
2023-12-27,198.9879,200.0099,197.9757,199.3578,35806400
2023-12-28,198.3553,199.6985,197.8589,198.5986,28930100
2023-12-29,198.0535,198.5889,195.3574,195.3574,41496800
2024-01-02,194.0823,196.2431,193.1479,194.1991,44341500
2024-01-03,192.1357,192.3985,188.6122,189.0210,57532500
2024-01-04,188.8847,190.2766,188.5246,188.6512,43114200
2024-01-05,187.5513,190.2474,187.1619,188.0963,40964900
2024-01-08,188.1353,191.7172,187.1328,191.4836,31545400
2024-01-09,189.1670,190.5492,188.1645,189.7705,28998700
2024-01-10,189.5466,190.1696,187.9309,189.8775,35075200
2024-01-11,189.3130,189.5466,186.1984,188.3884,48939200
2024-01-12,190.6659,191.8437,187.5026,188.0769,42992100
2024-01-16,186.6072,188.1061,185.0401,185.7506,42213000
2024-01-17,183.1129,184.8649,182.5289,184.4269,37787700
2024-01-18,185.6241,186.0718,183.1908,185.5170,41760000
2024-01-19,186.1886,187.7070,184.1836,187.2982,63338300
2024-01-22,188.9724,191.5712,188.9140,191.2986,42379500
2024-01-23,192.9338,193.2940,189.7802,190.7438,42471200
2024-01-24,193.0895,193.1674,188.9431,189.1767,41120100
2024-01-25,191.8437,192.3888,189.2254,190.7438,37659500
2024-01-26,191.6393,192.6126,190.1696,190.7536,33478600
2024-01-29,190.9287,194.0921,189.8873,194.0921,29234400
2024-01-30,193.0993,193.6249,191.8437,192.4374,33121200
2024-01-31,191.9507,193.6346,187.5708,187.7362,68126700
2024-02-01,189.1281,190.5200,186.4222,190.2280,59479000
2024-02-02,188.0866,190.2864,187.2593,189.2254,52839300
2024-02-05,187.3371,187.9601,184.9914,186.8213,39751900
2024-02-06,186.5877,188.6317,185.9258,188.5052,34689100
2024-02-07,188.8945,188.9724,186.9186,188.0672,31713900
2024-02-08,188.2034,191.1331,187.5708,190.9190,35370800
2024-02-09,191.6685,194.2283,191.2110,194.0239,46107100
2024-02-12,194.5398,198.1217,194.5106,197.5474,43291000
2024-02-13,190.9871,192.3595,187.9114,189.4201,86247400
2024-02-14,192.4082,194.4619,190.9969,193.8195,43808000
2024-02-15,195.6300,199.3092,195.3672,198.9880,44931900
2024-02-16,196.7298,198.2677,195.7273,196.2821,48346200
2024-02-20,193.8390,194.3938,192.7294,193.5762,30547500
2024-02-21,192.3887,193.0603,191.1526,192.6613,28669100
2024-02-22,193.3524,194.7540,192.5348,194.1213,38184700
2024-02-23,194.2770,195.7759,193.2745,194.5593,37667700
2024-02-26,194.3646,196.2626,193.8390,195.7857,29118200
2024-02-27,197.6642,198.7738,197.1386,198.5596,32268600
2024-02-28,197.0413,198.4234,196.4865,196.9245,30143900
2024-02-29,199.7082,200.5453,197.1192,198.2969,40404100
2024-03-01,199.0755,200.8275,197.7226,200.3993,35156900
2024-03-04,201.5089,202.2291,199.9710,200.2143,24785400
2024-03-05,198.8517,200.4187,197.5961,198.2969,34163500
2024-03-06,200.5355,200.5842,198.6375,199.7763,34255200
2024-03-07,201.1876,202.5503,200.8956,201.4407,28020200
2024-03-08,203.1733,204.7987,200.3117,201.3142,41447800
2024-03-11,200.4674,201.3239,199.2896,199.7179,24435800
2024-03-12,199.6790,200.4284,197.9659,199.4454,34958900
2024-03-13,199.4065,201.0709,199.3091,200.2241,25140700
2024-03-14,199.5816,199.8055,194.8318,196.6422,47509100
2024-03-15,195.8830,197.6642,195.7662,197.0121,53217000
2024-03-18,197.4987,197.7615,195.5521,195.8830,32405100
2024-03-19,194.4522,197.3430,194.3354,196.7104,29864100
2024-03-20,196.1458,201.4699,195.7467,200.6037,49609600
2024-03-21,201.9913,203.8941,201.8351,202.9085,43067300
2024-03-22,202.8207,203.2013,200.1080,200.1080,28437300
2024-03-25,200.7422,202.0010,200.5373,200.5666,20107800
2024-03-26,202.0401,202.6158,200.0299,200.2056,23434800
2024-03-27,201.7961,204.6357,201.1716,204.5674,35028400
2024-03-28,204.9967,206.7532,204.7625,205.2114,37675100
2024-04-01,205.6700,205.6993,202.9280,203.2793,25684200
2024-04-02,200.7715,200.8984,198.4784,199.5420,36632100
2024-04-03,198.4589,201.4058,198.3613,200.8496,27362800
2024-04-04,203.0159,203.5038,198.2930,198.8395,32265200
2024-04-05,198.2246,200.7227,197.9709,199.5029,27569400
2024-04-08,200.9959,201.4253,199.6298,200.5959,21331000
2024-04-09,201.2301,201.9620,199.5225,201.3863,23289100
2024-04-10,196.3121,198.0198,194.7118,196.0681,57130500
2024-04-11,197.0830,198.0002,195.2582,197.3952,37184000
2024-04-12,196.3609,197.0245,192.8968,193.8824,35388700
2024-04-15,194.5459,195.3851,190.2621,191.0428,41119300
2024-04-16,189.7059,191.4916,188.6813,190.3402,43267500
2024-04-17,191.7161,191.8624,188.3203,188.3300,38589500
2024-04-18,189.0131,190.9257,187.5006,188.1739,40238200
2024-04-19,187.2957,189.6864,186.7102,188.4666,42666500
2024-04-22,189.5107,191.5502,188.2324,190.5744,31553000
2024-04-23,190.5353,194.4971,190.4085,193.7653,31838300
2024-04-24,193.3749,194.0970,191.7063,192.8968,28791700
2024-04-25,190.7110,192.0673,189.0814,191.7258,31915600
2024-04-26,192.2332,194.0775,191.6673,193.5603,24613600
2024-04-29,194.4288,195.5607,194.0677,195.1216,20494600
2024-04-30,193.3164,193.8433,191.0135,191.1599,30606800
2024-05-01,191.1403,195.4729,190.3109,191.5599,38782100
2024-05-02,193.9702,195.2777,191.7844,195.0826,27201000
2024-05-03,198.4881,199.2200,196.2535,197.0147,30880600
2024-05-06,198.5467,199.8250,198.4589,199.5615,23129800
2024-05-07,199.8152,201.1618,199.5517,200.0104,20116900
2024-05-08,197.8148,199.0248,197.6587,198.8492,18349400
2024-05-09,199.0346,201.0057,198.4881,200.8788,22914300
2024-05-10,201.3570,201.6205,198.7516,199.3663,21520200
2024-05-13,201.0935,201.5522,199.6493,199.7859,18585300
2024-05-14,202.1181,202.7134,200.9276,201.8546,33169000
2024-05-15,204.1478,204.6943,202.6939,204.3722,33412300
2024-05-16,203.8453,204.2844,202.8987,202.8987,26731100
2024-05-17,202.9768,203.4745,202.3328,203.0451,35219800
2024-05-20,202.9866,204.4112,202.7524,203.4940,15695900
2024-05-21,202.8012,203.6404,202.5670,203.2988,13466800
2024-05-22,202.5084,203.1817,200.8203,201.5814,20853100
2024-05-23,202.4889,202.5963,197.4538,198.2735,34039800
2024-05-24,199.8347,200.7032,199.0248,200.4690,19946100
2024-05-28,201.9620,202.0791,199.0346,200.1958,18475900
2024-05-29,197.6294,198.0978,196.8976,197.2391,25654800
2024-05-30,198.5955,199.9811,198.1661,199.1126,20428200
2024-05-31,199.9909,201.2887,198.1661,200.7910,25784900
2024-06-03,202.5084,202.5377,198.2344,199.6591,23902900
2024-06-04,198.2344,199.5518,196.7707,197.0830,27098900
2024-06-05,198.3808,200.0982,196.9073,200.0982,20707600
2024-06-06,199.2395,199.8542,198.0783,198.6638,17335500
2024-06-07,196.6536,198.2539,195.8242,196.3316,26036000
2024-06-10,194.6923,197.2391,194.1946,197.0049,25075300
2024-06-11,195.3532,196.7035,194.1593,196.3317,23768400
2024-06-12,201.4494,202.8193,198.7389,199.3456,43668700
2024-06-13,198.9052,199.1694,196.2045,197.6038,28021100
2024-06-14,195.2749,195.7445,193.6896,194.4627,33453700
2024-06-17,193.8658,196.6350,193.1711,196.0968,25538100
2024-06-18,196.1556,197.3591,195.7348,196.4393,25446900
2024-06-20,196.0186,197.5255,194.9422,195.6076,27999700
2024-06-21,195.6369,196.1066,194.1985,196.0479,37511300
2024-06-24,196.3806,198.3377,196.2240,196.8992,22289600
2024-06-25,196.8112,196.8405,195.5293,196.2534,15925400
2024-06-26,195.0498,196.2730,194.5410,195.7348,19313500
2024-06-27,196.3219,197.8093,195.6663,197.7212,17432600
2024-06-28,199.5021,200.2458,196.9971,198.5334,35026000
2024-07-01,199.1498,199.4434,196.1751,196.8699,21886200
2024-07-02,197.1928,197.9267,196.5861,197.5451,17219100
2024-07-03,197.9071,198.9150,197.3005,197.4962,15167200
2024-07-05,196.8895,197.3005,195.5880,196.5568,17282500
2024-07-08,198.1616,199.3260,197.5059,197.9365,20823800
2024-07-09,197.5842,198.1713,196.2240,197.0754,17864200
2024-07-10,197.9463,199.2183,197.1634,199.0031,19286100
2024-07-11,203.4358,206.6943,202.4964,206.1561,65443600
2024-07-12,208.3480,210.3246,208.0936,208.5632,50810700
2024-07-15,210.1778,213.5538,209.6984,212.5263,48925300
2024-07-16,214.4344,220.0316,214.3170,219.7772,67945700
2024-07-17,217.5853,221.7734,216.9003,217.4777,66092100
2024-07-18,216.6557,219.9533,212.3208,213.2700,53180000
2024-07-19,212.9569,213.9550,211.2151,212.1838,37933500
2024-07-22,213.0058,215.9120,210.7552,215.5598,36185900
2024-07-23,214.5029,218.9454,214.3366,217.8495,44884600
2024-07-24,216.3230,219.0531,213.0449,213.1721,42443000
2024-07-25,213.7592,219.2096,213.5146,215.8337,45053100
2024-07-26,219.0922,220.5503,216.9395,219.4054,40822600
2024-07-29,219.8848,220.5796,216.0294,216.9688,33869700
2024-07-30,217.9376,219.6402,216.3621,217.7908,26876800
2024-07-31,218.9063,223.7207,217.2134,219.0531,52387700
2024-08-01,218.9650,220.0610,210.4421,211.9294,71508100
2024-08-02,204.3654,206.6552,202.5453,204.4339,66850200
2024-08-05,193.6505,200.3437,192.4763,197.8582,65683100
2024-08-06,198.6508,202.7997,196.8796,200.0109,37072500
2024-08-07,203.3869,203.4945,197.2319,197.6429,30594500
2024-08-08,200.0305,202.5551,198.8074,202.4475,26550300
2024-08-09,202.6040,202.6725,200.5393,202.0267,20954500
2024-08-12,202.1735,202.5355,199.4434,200.2067,20357900
2024-08-13,201.6646,203.9055,200.4611,203.5043,25458300
2024-08-14,204.1501,204.2675,201.3222,202.2420,25345600
2024-08-15,206.7236,208.5241,205.4026,207.4869,42561600
2024-08-16,206.8313,209.3852,206.7432,208.0349,30427400
2024-08-19,208.3871,210.5888,208.2501,210.5790,17246200
2024-08-20,210.2757,210.3344,207.4967,208.1229,21703900
2024-08-21,209.6788,211.0292,208.2502,210.8335,19623100
2024-08-22,210.9411,211.7239,208.5535,208.9743,18084300
2024-08-23,210.5595,216.3328,210.1778,215.6478,40003100
2024-08-26,217.1645,217.6734,215.3543,215.7163,24865500
2024-08-27,214.2094,214.6595,213.0351,214.0430,19577900
2024-08-28,213.1917,214.4149,211.6261,212.5948,19685000
2024-08-29,214.0822,216.2349,212.4872,214.1115,24599500
2024-08-30,214.9922,215.7652,212.7318,215.3543,23010500
2024-09-03,213.4461,214.6595,208.3382,208.7688,31338500
2024-09-04,208.1914,210.7454,207.1542,208.4165,23706300
2024-09-05,208.9547,209.4342,206.3909,207.3792,23910500
2024-09-06,207.3793,208.6122,202.6921,203.4358,34561300
2024-09-09,203.6804,205.7451,203.0640,204.0033,23584100
2024-09-10,204.2382,204.3752,201.3711,203.8370,23025700
2024-09-11,203.0150,204.7568,199.8250,204.4339,27175600
2024-09-12,205.4026,208.2110,203.9348,207.0661,27611700
2024-09-13,209.4342,212.5850,209.3461,212.1741,37388100
2024-09-16,212.9569,213.6027,211.4989,212.9373,23289000
2024-09-17,214.8650,217.0373,213.7788,214.6987,35563500
2024-09-18,214.5225,220.1099,213.5635,214.7378,54085200
2024-09-19,219.8359,219.8555,216.7438,219.1607,35369500
2024-09-20,218.6519,218.6617,216.5383,216.8123,34587500
2024-09-23,217.9082,218.3192,215.2955,216.0196,20157700
2024-09-24,216.8710,217.1645,214.7867,216.3817,20939800
2024-09-25,216.3248,216.6095,213.5952,213.7424,23242300
2024-09-26,216.4917,217.1201,214.4200,214.8814,24974700
2024-09-27,216.8550,218.5634,215.5491,216.3346,23959600
2024-09-30,215.4411,217.5717,214.6163,216.8844,21938200
2024-10-01,216.1775,216.3444,212.3777,213.9388,30016000
2024-10-02,213.0551,214.7832,212.2893,213.6442,14455400
2024-10-03,212.3089,213.2908,211.1798,212.2108,21353000
2024-10-04,215.3135,215.9909,213.3497,215.1760,27901500
2024-10-07,214.6752,214.6949,211.9555,213.4872,14891800
2024-10-08,213.6835,214.4101,212.7704,213.6344,18118600
2024-10-09,213.5854,215.6276,212.9864,214.1057,18230700
2024-10-10,211.9849,212.9472,210.7085,212.9177,24571400
2024-10-11,212.8391,217.5914,212.7802,217.2477,19950900
2024-10-14,217.4343,219.0642,216.4327,218.8481,19263300
2024-10-15,218.5340,221.4108,217.9547,219.0249,25998800
2024-10-16,220.8119,223.0506,220.3210,222.6284,27656700
2024-10-17,222.7953,222.8444,220.8315,222.0196,18003600
2024-10-18,222.5498,222.9131,221.3029,221.5581,20047400
2024-10-21,221.5385,221.5974,217.5128,218.0725,24243800
2024-10-22,217.4539,217.8074,216.3051,217.2477,15813900
2024-10-23,216.0400,216.7961,213.4283,215.2644,23263500
2024-10-24,216.4328,217.0317,214.5672,215.7356,18381900
2024-10-25,217.2968,217.9448,214.5574,214.9207,23807800
2024-10-28,216.7862,218.9267,216.4819,218.4260,19877700
2024-10-29,216.7372,217.8761,215.9811,217.7190,20282200
2024-10-30,217.0612,220.4093,216.8942,217.4245,19754800
2024-10-31,217.2084,217.7484,213.6835,213.8112,24078400
2024-11-01,215.5197,216.9630,214.3807,215.0091,21222200
2024-11-04,214.5378,217.7190,213.8897,216.0989,20463700
2024-11-05,215.3625,220.2228,215.0876,220.1638,26404600
2024-11-06,232.2997,233.2718,228.5294,232.9183,75554600
2024-11-07,232.5943,234.1653,231.1313,232.0936,34970300
2024-11-08,231.6517,234.1456,231.3768,233.8020,26597800
2024-11-11,236.1585,237.9945,235.5006,237.3170,29207700
2024-11-12,235.6086,237.4054,232.2703,233.1539,35314300
2024-11-13,234.6169,235.5301,230.5717,230.8466,25947700
2024-11-14,231.6713,232.1426,227.0173,227.7341,29272100
2024-11-15,228.0090,228.0777,223.6789,224.3368,37930000
2024-11-18,225.0634,226.4184,223.9932,224.7786,29368500
2024-11-19,222.4811,226.6344,222.2945,226.4478,26009400
2024-11-20,226.0551,226.7424,223.9048,226.7424,24222700
2024-11-21,227.9501,231.2982,226.9191,230.1887,28679400
2024-11-22,231.3670,234.9017,231.0626,234.4402,22693100
2024-11-25,237.1109,240.5376,237.0127,238.0044,33534000
2024-11-26,236.8065,237.2287,235.0882,236.2566,22581400
2024-11-27,237.6214,239.2710,236.0799,236.5807,19472800
2024-11-29,237.9749,239.0648,237.1599,237.4840,16782700
2024-12-02,237.8473,238.2597,235.6577,237.3661,25274800
2024-12-03,237.1600,237.7491,235.0293,235.6774,21376700
2024-12-04,235.9228,237.2876,234.8722,236.5218,19903000
2024-12-05,236.1585,236.4923,233.4289,233.7627,20227000
2024-12-06,235.4417,235.5399,234.0573,234.5973,20760900
2024-12-09,236.1879,237.0029,233.3405,233.4191,16684300
2024-12-10,233.2718,234.4893,231.6419,232.4077,19946500
2024-12-11,234.3813,234.9508,232.5354,233.4583,23156900
2024-12-12,232.8594,233.3405,230.1003,230.4243,21454500
2024-12-13,230.1200,230.6011,227.6752,228.8436,23972900
2024-12-16,228.6865,231.3571,228.1366,230.1887,32293500
2024-12-17,229.1291,229.8874,227.0414,227.5535,33064300
2024-12-18,228.7057,229.5329,215.5884,217.4791,52267500
2024-12-19,219.8525,221.0145,215.9921,216.5141,51871700
2024-12-20,215.2732,221.2410,214.7513,218.5427,53882200
2024-12-23,218.3654,219.0154,216.0413,218.0405,29606800
2024-12-24,218.6412,220.2267,217.1246,219.9903,13399600
2024-12-26,219.0351,222.6985,218.0995,222.2455,20024800
2024-12-27,220.8766,222.0091,216.8489,219.0056,26956000
2024-12-30,217.3117,218.4344,214.5346,217.3216,25706100
2024-12-31,218.7396,219.8820,216.7996,217.5973,26208300
2025-01-02,219.5373,220.9554,216.2580,217.7746,29363000
2025-01-03,218.6904,221.3986,218.0109,221.0145,24525300
2025-01-06,222.3243,223.7128,220.7289,221.1031,23541900
2025-01-07,222.1470,223.0727,218.0109,219.3305,28835200
2025-01-08,217.5382,218.9268,215.6770,218.3359,26795900
2025-01-10,214.9876,215.3815,212.0333,213.5301,37379400
2025-01-13,211.2356,214.2097,210.7137,213.9438,28603800
2025-01-14,215.8444,216.8784,213.9142,216.3762,25447500
2025-01-15,222.0091,222.1470,219.6063,220.6304,30124700
2025-01-16,220.7387,221.8023,219.3207,221.0736,21029800
2025-01-17,223.4765,223.5159,221.2509,222.0288,26754900
2025-01-21,224.0575,226.3914,223.5355,226.2929,26086300
2025-01-22,225.8596,226.3520,224.3627,224.8157,21307300
2025-01-23,223.4765,225.8596,223.1022,225.8399,20850700
2025-01-24,225.3377,226.7262,224.5696,225.2097,19074500
2025-01-27,223.2598,226.1255,221.7826,223.0530,27461700
2025-01-28,223.2894,224.0969,221.7531,223.2992,16847400
2025-01-29,223.2303,224.7468,221.1622,222.7871,20280500
2025-01-30,225.0423,226.5490,223.4666,225.0521,25575100
2025-01-31,225.2688,226.8149,222.1076,223.0333,35330700
2025-02-03,218.1389,222.1175,217.3117,220.4236,34023300
2025-02-04,220.1971,223.6734,219.8131,223.4764,17985500
2025-02-05,224.5893,226.0073,223.4371,225.9089,15197300
2025-02-06,227.0020,227.1891,223.8408,225.1703,18809400
2025-02-07,225.3672,225.7611,222.1470,222.5606,28914400
2025-02-10,223.9097,224.0575,222.4227,223.5651,14574700
2025-02-11,221.6251,222.9742,221.3887,222.2652,18215700
2025-02-12,218.8775,221.0637,218.4147,220.2168,25572800
2025-02-13,221.6152,222.8954,220.3448,222.6985,21419400
2025-02-14,223.8113,224.5105,222.1765,222.5311,13574500
2025-02-18,222.7083,224.2052,222.0780,223.7522,15166500
2025-02-19,221.9796,223.6931,221.6546,222.9841,16194800
2025-02-20,222.5704,222.7477,219.6161,220.8471,18507700
2025-02-21,222.5606,222.9151,214.1506,214.4854,45036900
2025-02-24,215.4603,215.4603,211.8757,212.9393,30246200
2025-02-25,213.0772,213.9635,210.2410,212.1318,33665100
2025-02-26,212.7719,215.0861,211.5704,212.3976,25464200
2025-02-27,212.3583,213.1953,208.9903,209.1577,29378500
2025-02-28,208.4191,211.3932,207.7495,211.3833,32015400
2025-03-03,212.1219,212.6734,204.2634,205.6027,36330000
2025-03-04,202.7960,206.5776,200.0978,203.2786,56427100
2025-03-05,203.3081,205.6618,201.7029,205.2974,35778500
2025-03-06,202.6483,204.9527,200.7969,202.1559,39206300
2025-03-07,201.8507,203.9581,198.6600,202.8157,43514000
2025-03-10,200.3439,201.6242,195.7253,197.7146,39442800
2025-03-11,198.0592,200.1273,195.5086,197.6949,51509700
2025-03-12,199.9599,200.6492,196.5131,198.0396,36881700
2025-03-13,198.2070,198.9554,194.0019,195.0852,31336900
2025-03-14,197.1926,199.9796,196.3063,199.8023,34089400
2025-03-17,199.6251,202.8847,199.5167,202.3234,26947600
2025-03-18,201.1982,201.2673,199.7177,200.5665,22888000
2025-03-19,200.7047,204.9784,200.2605,203.6854,31595600
2025-03-20,201.6621,204.6033,201.5436,202.3924,25665900
2025-03-21,200.0829,201.7608,199.1354,201.1389,39470200
2025-03-24,204.2677,206.5082,204.0013,206.1430,25774700
2025-03-25,205.9752,206.5477,204.3960,204.9981,17836900
2025-03-26,205.2547,206.1035,202.0174,202.9155,19344600
2025-03-27,202.6589,203.6657,201.1093,201.9483,23960000
2025-03-28,201.8792,201.9187,196.7863,197.8424,26656200
2025-03-31,194.9111,198.0299,192.9469,196.8949,32250800
2025-04-01,196.4014,198.6123,194.1017,196.9146,26054100
2025-04-02,194.2201,200.6849,193.9833,200.0237,36603000
2025-04-03,190.5979,192.5225,186.7387,187.1829,60551500
2025-04-04,180.2345,181.6557,174.3717,178.8329,92612800
2025-04-07,172.0523,187.7751,169.4960,177.2143,96706200
2025-04-08,183.2744,183.5014,170.0981,172.5458,61090600
2025-04-09,170.4732,189.6109,169.5059,187.2125,123015100
2025-04-10,182.1196,183.0671,174.6777,179.3462,67503000
2025-04-11,178.7836,182.4453,176.2569,181.9617,44954400
2025-04-14,185.3668,185.5247,180.6687,184.1035,35214600
2025-04-15,183.9159,186.5907,183.4224,184.3305,30715500
2025-04-16,183.2843,184.3009,180.1851,182.5638,35063300
2025-04-17,182.5835,184.9918,182.0604,184.0541,42359200
2025-04-21,182.5934,182.8796,178.4184,180.3628,26019000
2025-04-22,182.7414,185.6531,182.1493,185.0313,34477100
2025-04-23,190.4104,192.9667,187.3704,187.7751,44866100
2025-04-24,188.2784,191.8415,187.4198,191.5355,29820100
2025-04-25,190.2129,191.7329,189.0582,191.5947,25029000
2025-04-28,191.9698,193.5983,190.0254,192.4041,22482300
2025-04-29,191.9402,194.2991,190.4992,193.5391,20118200
2025-04-30,190.6275,192.9370,188.2390,192.3251,29046100
2025-05-01,193.1641,195.0986,191.2197,193.5194,33169700
2025-05-02,195.7500,198.5925,195.6019,197.8720,30201800
2025-05-05,195.9869,197.8917,195.5032,196.3520,20834200
2025-05-06,194.0326,196.0066,193.0950,194.2103,24642100
2025-05-07,195.5230,195.9770,193.4898,194.8518,23623300
2025-05-08,197.1713,200.1026,195.6809,198.5629,32646300
2025-05-09,198.9182,199.6486,197.3588,198.1977,17203000
2025-05-12,206.1233,207.0017,203.1426,205.1659,38207200
2025-05-13,206.2121,206.8832,205.2547,205.9160,28295800
2025-05-14,205.3337,205.8272,203.8433,204.0901,26316100
2025-05-15,203.8927,205.4817,202.7181,205.4225,21563700
2025-05-16,205.7087,207.3965,205.0771,207.1201,28906400
2025-05-19,204.1098,206.3700,203.5768,206.2516,25859600
2025-05-20,205.9456,207.0313,205.2547,206.3601,22053100
2025-05-21,203.9420,204.9093,200.2013,200.5665,36704400
2025-05-22,199.6585,201.7114,198.9084,200.5566,31831300
2025-05-23,197.1811,200.6158,197.0528,199.9250,29114600
2025-05-27,202.9649,205.0474,201.5041,204.9981,31655900
2025-05-28,205.0080,205.3238,202.5306,202.8366,26046700
2025-05-29,204.2578,204.3664,201.8101,203.4386,32749500
2025-05-30,202.4714,203.5670,200.8922,202.4023,37768900
2025-06-02,202.6491,203.1623,200.0335,203.0340,30334300
2025-06-03,203.7742,206.8832,202.8761,206.3108,37702200
2025-06-04,206.4588,207.2780,205.4324,205.7285,27225300
2025-06-05,205.9851,207.1004,204.3072,205.8173,35728700
2025-06-06,208.7487,209.3705,207.8604,209.1434,32144500
2025-06-09,211.0878,211.4925,209.7850,210.5845,33984400
2025-06-10,211.6702,212.6275,211.0286,211.7195,30182200
2025-06-11,212.7756,213.1210,210.5252,210.8510,31113400
2025-06-12,209.4099,210.4956,208.8770,210.0120,25367000
2025-06-13,207.1102,208.6894,205.5113,206.1726,60580000
2025-06-16,208.3163,209.7712,207.4850,208.6034,28974000
2025-06-17,206.9109,208.2867,206.2280,206.4062,32843200
2025-06-18,206.2973,209.2170,205.6441,207.4949,42850500
2025-06-20,208.9399,209.0784,206.3171,207.0594,36978100
2025-06-23,206.3369,209.6030,204.6841,209.5931,35516400
2025-06-24,211.0975,212.7206,210.1770,212.2653,31772500
2025-06-25,212.4534,212.5227,209.7119,209.7910,27725600
2025-06-26,210.6422,213.3342,210.5135,213.1957,26261200
2025-06-27,213.8291,215.1751,211.9288,213.2649,47717300
2025-06-30,214.4526,214.4823,213.1759,213.5718,25558000
2025-07-01,212.4138,218.2630,211.9486,215.7689,43864800
2025-07-02,216.1252,218.8272,215.1256,218.7579,35735200
2025-07-03,219.7278,221.0342,219.4903,220.7868,23515700
2025-07-07,219.2924,220.5295,216.1648,217.4713,41551200
2025-07-08,218.3125,220.0049,218.0651,218.9756,36339300
2025-07-09,220.2821,221.3905,218.8470,221.3510,32425200
2025-07-10,221.0936,223.7263,220.5691,222.4891,33865900
2025-07-11,220.8759,221.2421,219.2924,219.4210,31579600
2025-07-14,219.0944,221.0441,218.7876,220.8957,24632200
2025-07-15,221.7666,221.9250,216.5409,216.5706,44215400
2025-07-16,217.9562,219.0944,214.6802,218.7480,48199800
2025-07-17,218.8074,221.8953,218.4412,221.6182,43548000
2025-07-18,222.9741,223.0434,219.6981,220.0445,49009900
2025-07-21,221.2421,222.1032,218.9756,219.1538,28191400
2025-07-22,219.3418,221.5093,218.3917,220.9749,30873300
2025-07-23,222.5089,224.3795,221.7667,224.3498,37478100
2025-07-24,223.2017,223.5284,221.1827,221.2520,29446700
2025-07-25,222.1131,222.2912,220.2524,222.0735,24555500
2025-07-28,223.0038,223.1226,221.1332,221.8161,24934900
2025-07-29,223.2908,223.3700,219.7773,220.4008,28685900
2025-07-30,221.3609,222.6178,217.8573,219.2825,48924400
2025-07-31,218.1938,219.7377,216.6300,217.1348,42913900
2025-08-01,213.9973,214.3338,210.1572,212.7107,63854100
2025-08-04,214.3240,217.4812,213.8588,217.4713,34989600
2025-08-05,218.2927,218.9855,215.9966,218.5797,31337100
2025-08-06,218.6787,218.7183,217.1249,218.2927,23142100
2025-08-07,220.4701,220.5493,216.2638,217.5801,37088000
2025-08-08,218.7975,219.2923,217.4812,218.0552,28318100
2025-08-11,218.5006,219.4012,217.5504,218.0057,25212800
2025-08-12,219.5695,224.6467,218.8767,224.4785,43815500
2025-08-13,225.9136,229.0807,225.4880,228.8432,41705800
2025-08-14,226.0917,226.4480,223.8450,225.8938,55945500
2025-08-15,226.2897,226.4282,223.7164,224.7952,33571400
2025-08-18,224.8744,226.1115,224.6071,225.6167,20144100
2025-08-19,225.6761,226.6262,223.3700,223.8847,25000700
2025-08-20,223.6075,224.0529,221.3906,223.0929,29229700
2025-08-21,222.1032,223.9935,221.4796,223.6471,24539400
2025-08-22,225.0327,233.0000,224.8447,232.4161,58205500
2025-08-25,231.7331,231.8915,229.9714,229.9714,28453700
2025-08-26,230.4366,232.4556,230.1991,231.8717,25121500
2025-08-27,231.3373,233.6928,231.1591,233.5146,25395400
2025-08-28,234.5241,234.5340,232.9307,233.7917,25011200
2025-08-29,234.3064,234.5835,231.9608,232.7525,29254800
2025-09-02,229.6052,231.9905,229.0906,231.4956,33108600
2025-09-03,230.8721,232.8416,230.0704,231.2680,33252400
2025-09-04,231.8222,234.2371,231.1789,234.1579,30323800
2025-09-05,235.2763,237.2162,232.5348,235.3258,47542500
2025-09-08,236.0582,236.1077,233.9600,235.8009,31487700
2025-09-09,235.4545,235.5139,233.0000,234.4153,35395800
2025-09-10,234.8705,235.8207,233.0396,233.9996,33910200
2025-09-11,234.4153,238.4533,233.8116,238.3247,43629800
2025-09-12,237.7308,237.8496,235.7514,235.8900,46097600
2025-09-15,236.7708,237.5725,236.0978,236.8896,33014000
2025-09-16,236.6682,237.1446,234.9909,236.4995,37059300
2025-09-17,237.0355,242.4547,235.2489,237.1049,79955600
2025-09-18,239.0007,243.3182,238.3357,243.0105,49167700
2025-09-19,243.7350,243.7350,240.6979,241.1644,56092000
2025-09-22,240.4299,242.9608,239.3084,242.5638,53572900
2025-09-23,243.1792,245.3330,241.6209,242.0179,41854500
2025-09-24,242.0775,242.7822,239.7550,239.7947,36002200
2025-09-25,237.1943,238.1967,235.7750,237.5020,37209500
2025-09-26,237.8295,239.8741,237.5417,239.5366,28942800
2025-09-29,241.0254,241.1148,239.0106,239.8145,26391500
2025-09-30,239.3084,240.3207,237.6111,240.1520,33447700
2025-10-01,238.7724,241.2239,238.7525,240.6780,28520000
2025-10-02,241.1842,242.2661,239.6657,242.1966,28687400
2025-10-03,243.5167,246.2362,243.1991,243.9931,34579600
2025-10-06,245.8789,246.6233,244.2313,244.9658,31507400
2025-10-07,245.5117,245.7896,241.3728,242.3356,31766600
2025-10-08,243.4472,245.1147,241.9783,244.8764,25825000
2025-10-09,244.4695,245.4025,242.1867,243.2983,26243100
2025-10-10,243.9137,245.0452,235.7849,236.0132,70569400
2025-10-13,240.0230,242.8021,239.5962,242.5837,36298600
2025-10-14,239.4275,247.7349,238.5640,246.0476,45320800
2025-10-15,248.4892,250.8812,245.2139,248.4595,45369000
2025-10-16,249.0947,249.3825,242.1768,243.2289,52740400
2025-10-17,241.5018,243.3281,239.6657,241.5912,55379500
2025-10-20,244.7772,246.4744,244.3008,246.3057,32545000
2025-10-21,245.5811,246.5141,243.6755,245.1444,26337900
2025-10-22,244.1916,245.0154,238.9709,241.5217,46578400
2025-10-23,242.4646,245.2734,241.8591,244.5787,28591000
2025-10-24,247.9334,249.2336,247.1096,247.5662,26627000
2025-10-27,249.8986,250.3254,247.6357,248.4297,31798100
2025-10-28,247.6853,249.0252,246.2560,247.0997,28075900
2025-10-29,246.9806,249.2634,242.8616,244.9955,56235300
2025-10-30,243.4373,246.2858,242.8021,243.0204,44538700
2025-10-31,243.1594,244.9459,241.8691,244.3901,37214700
2025-11-03,244.3305,244.4199,240.6780,243.6060,28887900
2025-11-04,239.9833,242.2363,239.1992,239.3977,34468700
2025-11-05,240.1520,243.8938,239.8344,242.8517,38229200
2025-11-06,242.4348,242.9608,238.2066,238.5540,40601200
2025-11-07,236.6285,239.8543,234.5045,239.8046,54978900
2025-11-10,243.1792,243.4075,240.4398,242.2065,31238000
2025-11-11,241.5515,242.9113,240.7078,242.4150,27357900
2025-11-12,243.0105,244.5390,241.5118,241.8194,34543200
2025-11-13,240.0329,240.8666,234.0777,235.0206,65710000
2025-11-14,231.5964,236.9461,231.5269,235.7055,58344400
2025-11-17,234.6931,236.0628,230.0282,231.0207,55765900
2025-11-18,229.5816,233.3234,229.2342,231.7255,63092500
2025-11-19,232.0530,234.6038,230.6932,231.6857,57280500
2025-11-20,235.4673,237.3134,227.1896,227.3980,95483000
2025-11-21,228.2417,235.3382,227.8645,233.8395,99504100
2025-11-24,234.1969,238.5938,233.7204,238.1074,36135300
2025-11-25,238.9411,243.7152,238.2463,243.2983,46160800
2025-11-26,243.2189,246.9707,242.9410,245.4521,34636600
2025-11-28,246.1568,246.9508,245.2238,246.8913,18911800
2025-12-01,243.7350,245.8392,243.5067,243.7847,36920000
2025-12-02,245.5216,245.5216,243.2884,243.3380,31918500
2025-12-03,244.1320,247.9731,243.6457,247.7647,32846300
2025-12-04,247.1096,250.7721,246.6828,249.9383,40245800
2025-12-05,249.6108,250.7721,248.4098,248.8962,36956600
2025-12-08,250.8117,250.8812,248.3106,248.9954,29100000
2025-12-09,248.3801,251.0599,248.2312,249.5116,30170100
2025-12-10,249.0252,254.6528,248.6679,252.9060,51105200
2025-12-11,252.7373,256.0821,252.4197,255.8737,41345200
2025-12-12,256.0225,256.2707,251.5462,251.9532,57657700
2025-12-15,253.6405,253.7794,249.8589,250.0475,43120100
2025-12-16,249.3026,251.1151,247.4404,248.8644,43115300
2025-12-17,249.3325,251.1151,245.6777,246.2155,38132400
2025-12-18,249.1433,250.3184,247.1814,247.6794,39068000
2025-12-19,248.2470,250.3582,248.0279,249.7507,43610400
2025-12-22,251.2346,254.0628,251.1549,252.5292,40497300
2025-12-23,251.3740,252.1707,250.4180,251.0354,24973500
2025-12-24,250.9259,251.8122,250.0794,251.6628,12103000
2025-12-26,251.5333,251.7026,249.3624,250.3781,17429900
2025-12-29,249.2229,250.4578,248.3167,248.8445,25218800
2025-12-30,248.9341,249.1134,246.9225,247.0022,22123600
2025-12-31,247.1516,247.2511,244.9906,245.1399,35352000
2026-01-02,246.6038,248.0578,244.8412,247.7491,40007700
2026-01-05,248.7549,252.4993,248.5358,251.6827,37428100
2026-01-06,251.1947,255.1881,250.4777,255.0188,40677800
2026-01-07,255.3375,255.7358,252.9176,254.4213,33052000
2026-01-08,253.6445,257.8570,253.3060,257.1997,37957000
2026-01-09,258.5043,260.4761,257.0205,259.1516,36301500
2026-01-12,258.2055,260.5757,257.1699,260.4164,28423400
2026-01-13,261.3226,261.8006,259.3807,260.2670,33882400
2026-01-14,260.0479,262.3682,259.1118,262.0994,37164300
2026-01-15,262.9658,265.9434,262.6371,264.4098,33465200
2026-01-16,264.7683,266.1127,263.6131,264.6587,33844900
2026-01-20,260.0579,263.9815,259.9782,261.4919,47911500
2026-01-21,263.5434,267.4770,261.8305,266.6803,59952800
2026-01-22,268.7118,270.4745,268.3036,268.6720,35110800
2026-01-23,267.9251,267.9351,263.3641,263.7126,42636700
2026-01-26,263.9716,265.5849,262.3981,262.8861,32119300
2026-01-27,262.9558,263.7624,261.5716,263.6330,26975500
2026-01-28,264.8778,265.5749,261.4720,262.2089,37139100
2026-01-29,262.9757,263.9616,258.3350,262.2786,43922900
2026-01-30,259.9882,261.8903,256.8711,258.5740,59164200
2026-02-02,257.4089,262.6769,257.2794,261.0935,42896200
2026-02-03,261.9699,263.9616,257.4786,261.6911,54588000
2026-02-04,263.0654,263.5533,256.0745,259.4404,48826500
2026-02-05,257.4288,260.5359,253.9931,254.7699,48279600
2026-02-06,258.6637,264.6189,258.5043,263.9218,43354900
2026-02-09,263.7425,266.5608,262.2487,265.7741,29064800
2026-02-10,266.1226,267.4072,264.7782,265.0570,24661700
2026-02-11,267.3575,267.8454,261.0139,263.8521,41829400
2026-02-12,265.9135,266.3517,257.3193,258.4645,47628200
2026-02-13,259.5201,264.0712,257.4388,261.8703,45360300
2026-02-17,261.2927,263.2645,257.9865,261.9500,33734800
2026-02-18,261.9400,265.8040,260.7649,262.8961,36034700
2026-02-19,261.4819,263.5434,259.9981,263.5035,31006000
2026-02-20,261.7608,266.2222,261.0538,263.5135,47126600
2026-02-23,262.3085,263.2744,257.0304,259.4105,44001100
2026-02-24,259.3209,263.0454,258.7831,262.2388,34884200
2026-02-25,264.1508,264.1807,261.3425,263.4836,26012100
2026-02-26,263.9118,265.1367,261.0338,264.8878,41206500
2026-02-27,261.0139,261.6712,258.6935,260.3268,40631500
2026-03-02,256.7417,263.1849,256.7218,262.7168,53495700
2026-03-03,255.7358,260.0379,252.2603,258.1657,59537000
2026-03-04,260.1176,261.8703,257.7475,260.6753,37979700
2026-03-05,257.9168,259.6794,253.1068,255.6960,60414600
2026-03-06,250.4479,252.2504,248.9043,249.8503,64192000
2026-03-09,246.5640,253.5947,243.3773,252.5690,65369500
2026-03-10,251.9118,256.5823,251.3541,252.3101,55879100
2026-03-11,251.2943,253.3259,249.5416,251.8022,50418100
2026-03-12,247.9084,248.7748,245.5582,246.3848,61802900
2026-03-13,248.2271,249.5715,244.5225,245.5681,53933300
2026-03-16,248.7250,250.4279,247.2810,247.8885,48755700
2026-03-17,249.2772,251.1128,248.3694,249.4568,40642800
2026-03-18,247.8207,248.6387,245.2967,245.4363,43192600
2026-03-19,242.4534,249.4967,241.9446,247.0425,59219500
2026-03-20,246.3841,246.9128,239.7598,241.6454,76749900
2026-03-23,246.5836,250.7637,245.5261,246.8629,78746600
2026-03-24,244.9275,249.5665,244.0197,248.1898,45210800
2026-03-25,251.1428,252.4696,248.9280,251.2226,45671700
2026-03-26,248.2995,251.2625,246.5736,246.8530,46830200
2026-03-27,245.4264,246.1546,241.8349,242.5233,48114400
2026-03-30,244.7679,244.7879,238.1237,239.0415,51290500
2026-03-31,242.4634,248.3295,241.6653,247.4116,58660800
2026-04-01,249.3271,251.8411,248.5190,248.9679,51295900
2026-04-02,244.3589,251.7713,244.2891,250.6938,30369200
2026-04-06,250.3945,252.4497,249.6563,251.7613,22151400
2026-04-07,250.6140,252.8786,248.9280,252.3100,34881900
2026-04-08,260.8995,261.6478,257.7969,259.8521,46680200
2026-04-09,258.1661,262.2763,258.1661,261.3385,26758400
2026-04-10,261.7775,262.1266,259.7223,260.6801,22365900
2026-04-13,259.6226,264.7304,259.4031,264.4411,23820000
2026-04-14,266.4564,268.7808,265.6483,268.0825,24270400
2026-04-15,268.1423,268.9504,266.9552,268.7509,21670600
2026-04-16,268.8108,269.7086,267.4141,269.3096,30847900
2026-04-17,273.0906,276.9713,272.4720,275.1257,46462700
2026-04-20,273.9984,277.0113,273.8787,276.6920,22993900
2026-04-21,277.5200,279.1262,273.1105,273.8588,32235200
2026-04-22,276.9314,277.3504,274.2478,275.8241,20274300
2026-04-23,276.0735,277.2108,271.3048,274.8663,32886600
2026-04-24,276.0136,277.4702,273.5794,275.9937,21568600
2026-04-27,276.1633,277.5799,275.5946,276.4825,23399400
2026-04-28,275.3951,276.3129,272.2725,273.2602,24139400
2026-04-29,273.2701,273.7290,269.7186,271.4345,29428900
2026-04-30,272.4820,277.5600,271.7937,277.3105,29220700
2026-05-01,277.9989,279.1462,275.9139,278.6174,28936700
2026-05-04,278.0388,280.1239,275.4450,277.2208,28632300
2026-05-05,279.4654,282.2787,279.3357,281.8896,24863200
2026-05-06,284.6830,286.3690,282.6877,286.1196,23330300
2026-05-07,286.8478,286.8977,280.4830,281.5904,28350400
2026-05-08,283.3662,284.2939,281.9395,283.4958,22474300
2026-05-11,284.2440,286.3690,283.9148,284.6530,20150400
2026-05-12,283.3661,283.3861,277.6198,281.8996,27404600
2026-05-13,282.2488,282.8873,279.2659,281.9994,20742300
2026-05-14,283.1666,284.9823,281.2911,283.7752,17428700
2026-05-15,279.6350,279.6649,276.5822,276.9414,35408000
2026-05-18,278.0787,278.4179,273.2901,275.3153,27243300
2026-05-19,273.1604,274.4274,269.9880,272.3523,30276900
2026-05-20,274.2578,279.4255,272.7614,279.2060,31562000
2026-05-21,277.9989,283.0070,276.4925,281.8198,31680500
2026-05-22,283.4260,285.9300,282.9970,284.4436,23849300
2026-05-26,287.7058,289.8607,287.0574,289.8208,24506500
2026-05-27,290.4693,291.0279,288.6236,289.6811,24519900
2026-05-28,288.9529,292.0455,287.2968,291.3372,23710600
2026-05-29,290.6887,290.7187,287.6459,289.7410,26952800
2026-06-01,287.6859,289.9205,285.5908,288.2944,23826100
2026-06-02,287.7756,291.1775,287.7158,290.9680,18378800
2026-06-03,289.3020,289.3220,286.0996,286.9875,29167300
2026-06-04,286.8778,292.1852,285.9799,291.3172,24307800
2026-06-05,288.4141,288.7134,279.4853,280.9818,35812800
2026-06-08,284.8326,286.1595,282.9072,283.4359,27277400
2026-06-09,286.4987,290.1799,276.9613,284.3438,41761300
2026-06-10,283.9148,288.3144,281.0915,281.3808,39285000
2026-06-11,283.7652,290.3695,283.3961,289.7210,41468800
2026-06-12,290.9381,295.0184,289.6213,292.2550,34415200
2026-06-15,296.5600,297.9100,293.9200,294.6400,23889000
2026-06-16,295.5000,296.8000,291.5800,292.0800,23807700
2026-06-17,292.4700,295.8200,288.9300,289.8800,39920100
2026-06-18,294.5500,295.9700,291.4200,295.5900,32463200
2026-06-22,297.1300,299.4900,296.1600,298.1800,22796200
2026-06-23,293.2600,297.7500,292.4000,295.3200,26821700
2026-06-24,295.8800,299.6900,294.6900,296.6900,28664900
2026-06-25,299.5200,301.5000,296.7300,298.9100,27599900
2026-06-26,296.6000,300.0300,295.7300,299.8300,39832500
2026-06-29,298.1100,299.1600,294.6800,298.9700,24834100
2026-06-30,298.5600,300.9800,297.4400,300.4500,23230300
2026-07-01,299.9300,302.7200,298.9200,299.3200,20607900
2026-07-02,300.5400,302.2300,294.9800,297.5800,21178900
2026-07-06,297.7500,300.4100,297.6200,298.9000,18581300
2026-07-07,299.1700,299.9700,295.1800,296.1900,18057100
2026-07-08,294.0300,295.1000,290.6800,293.4800,24078400
2026-07-09,295.2700,297.8800,294.9000,297.2400,16466800
2026-07-10,297.6900,298.2100,293.6200,295.9900,15888500
2026-07-13,295.0600,295.7800,292.6000,293.4800,19375500
2026-07-14,295.4900,296.0700,293.7500,294.5100,18326900
2026-07-15,295.2500,297.1400,294.1500,295.7700,18832700
2026-07-16,294.6500,297.8100,294.3500,295.5900,24081300
2026-07-17,292.0300,296.1300,291.6400,294.0400,28722900
2026-07-20,295.0100,295.9900,292.1800,292.3100,19085615
