Date,Open,High,Low,Close,Volume
2016-07-21,49.2109,49.3493,48.9264,48.9725,9808700
2016-07-22,49.1340,49.2801,48.9033,49.2416,8195700
2016-07-25,49.1955,49.3416,48.9648,49.1109,8168300
2016-07-26,49.1955,49.4108,48.9879,49.3108,8067800
2016-07-27,49.2724,49.7414,49.2570,49.4646,11806800
2016-07-28,49.2109,49.3570,48.9956,49.2878,10013400
2016-07-29,49.0571,49.4338,49.0186,49.1878,13210400
2016-08-01,49.3262,49.4492,48.9110,49.0571,11422600
2016-08-02,48.8956,49.2186,48.7341,48.9417,13550000
2016-08-03,48.9725,49.7260,48.9417,49.7184,13122300
2016-08-04,49.5876,49.8414,49.4185,49.6415,9873000
2016-08-05,50.0874,51.0332,50.0336,50.9794,20752700
2016-08-08,50.8025,51.1255,50.6257,50.8256,11359200
2016-08-09,50.8871,50.9640,50.5103,50.6488,10097000
2016-08-10,50.6872,50.8025,50.1028,50.1951,11556100
2016-08-11,50.1874,50.5104,49.9952,50.3335,9604500
2016-08-12,49.9567,50.2489,49.8721,50.2258,7685400
2016-08-15,50.4104,50.6180,50.3335,50.5334,8371600
2016-08-16,50.2566,50.7179,50.1643,50.5257,10128900
2016-08-17,50.5949,50.7333,50.3950,50.6641,11868100
2016-08-18,50.4565,50.7410,50.3873,50.7103,9313600
2016-08-19,50.5334,50.6795,50.1490,50.6411,9084900
2016-08-22,50.5565,50.6564,50.2951,50.5949,9055600
2016-08-23,50.8025,51.0101,50.5642,50.5719,8949600
2016-08-24,50.7410,50.9256,50.5718,50.7103,10167200
2016-08-25,50.6795,50.8563,50.5872,50.8025,9978700
2016-08-26,51.0025,51.4254,50.6334,50.9179,14038600
2016-08-29,51.1255,51.5945,51.1024,51.4792,14583100
2016-08-30,51.4792,51.9790,51.4792,51.9021,13791200
2016-08-31,51.8713,52.1097,51.4100,51.9021,14952300
2016-09-01,52.0097,52.0712,51.2485,51.6791,12226500
2016-09-02,51.8252,51.9636,51.5023,51.8944,13720700
2016-09-06,51.9021,51.9405,51.2946,51.8559,16649400
2016-09-07,51.6407,51.9713,51.4869,51.6407,10070400
2016-09-08,51.6868,52.0405,51.5176,51.7099,12253000
2016-09-09,51.5407,51.8483,51.2408,51.2485,19686900
2016-09-12,50.8564,51.7483,50.5642,51.5638,16453000
2016-09-13,50.8333,51.4100,50.6103,51.1562,18876100
2016-09-14,50.9563,51.7098,50.9102,51.0563,12648600
2016-09-15,50.9717,51.4638,50.8179,51.2408,12531300
2016-09-16,50.8179,50.9486,50.3181,50.6103,25161500
2016-09-19,50.8640,51.2408,50.6334,50.8948,13466900
2016-09-20,51.3254,51.4023,50.9332,51.1024,10092200
2016-09-21,51.3946,51.6176,50.9871,51.3946,14116800
2016-09-22,51.5099,51.8406,51.3946,51.8175,12781700
2016-09-23,51.8175,52.2097,51.6560,51.7099,13967400
2016-09-26,51.2101,51.3639,50.3950,50.5796,16408100
2016-09-27,50.2950,51.0640,50.0644,51.0255,13711400
2016-09-28,51.1947,51.3408,50.7410,51.2946,11278000
2016-09-29,51.2869,51.6791,50.2489,50.4796,18727200
2016-09-30,50.8102,51.5638,50.8102,51.2024,21680100
2016-10-03,51.0178,51.4561,50.9486,51.1409,14901700
2016-10-04,51.2803,52.0315,51.1951,51.5823,17226900
2016-10-05,51.8069,52.7209,51.7372,52.4266,16280000
2016-10-06,52.4575,52.6434,51.9309,52.5660,17485000
2016-10-07,52.5040,52.8061,52.2020,52.7519,18497000
2016-10-10,52.9300,53.4876,52.8448,53.1623,13027500
2016-10-11,53.0539,53.3017,52.6124,52.9067,15657100
2016-10-12,52.8680,53.1236,52.7054,52.7673,11899800
2016-10-13,52.2484,52.5659,51.7527,52.4652,17890000
2016-10-14,53.2863,53.4644,52.1245,52.2949,24163800
2016-10-17,52.2174,52.5040,51.6908,52.0238,14963400
2016-10-18,52.5504,52.8293,52.3104,52.4343,11870300
2016-10-19,52.5195,53.0539,52.5195,52.9377,12705800
2016-10-20,52.7286,53.1933,52.6202,52.8680,14122000
2016-10-21,52.5195,53.0771,52.4343,53.0462,12175700
2016-10-24,53.4179,53.4799,53.0539,53.3405,10197100
2016-10-25,53.3482,53.3869,52.9609,53.2862,9945100
2016-10-26,52.9532,53.6348,52.9532,53.5418,9801300
2016-10-27,53.8207,54.0375,53.5186,53.6193,14210700
2016-10-28,53.8516,53.8671,53.0307,53.5264,12766500
2016-10-31,53.7742,53.8904,53.6193,53.6425,14336300
2016-11-01,53.8129,54.0453,52.9222,53.4179,15564500
2016-11-02,53.1701,53.3250,52.6744,53.1933,12449800
2016-11-03,53.3327,53.5883,52.8370,52.9609,10369700
2016-11-04,53.0461,53.1004,52.3878,52.4808,13571300
2016-11-07,53.5031,54.1924,53.4412,54.1227,16515100
2016-11-08,53.9833,54.6416,53.6270,54.2389,17531700
2016-11-09,55.3464,57.4299,55.2380,56.7328,50948400
2016-11-10,57.4841,59.8308,57.4841,59.3661,56192300
2016-11-11,59.0951,59.4204,58.6846,59.3971,27574300
2016-11-14,59.8308,62.3015,59.8308,61.5812,46130700
2016-11-15,60.6983,61.5038,60.2413,61.4650,28126300
2016-11-16,60.5821,60.6828,59.5443,59.9470,26054900
2016-11-17,60.3575,60.7680,60.1019,60.4272,19306700
2016-11-18,60.3807,60.7370,60.0632,60.1871,19770000
2016-11-21,60.4117,60.5434,59.8618,60.4504,11983500
2016-11-22,60.6828,60.8454,60.2258,60.8222,14410100
2016-11-23,61.0856,61.3721,60.3265,61.0778,13373700
2016-11-25,61.2637,61.5348,60.7757,61.0546,6185700
2016-11-28,60.5512,61.0856,60.4272,60.6596,13007200
2016-11-29,60.7138,61.3102,60.7138,61.1243,14144100
2016-11-30,61.8988,62.3712,61.7284,62.0924,25351900
2016-12-01,62.4642,63.7266,62.4642,63.3471,23823600
2016-12-02,63.3549,63.3781,62.6578,63.2000,16931500
2016-12-05,63.7421,64.5089,63.7344,64.4857,18529800
2016-12-06,64.7490,64.9116,63.8428,64.8187,16130000
2016-12-07,64.7103,65.1285,64.1681,65.1130,18996900
2016-12-08,65.2369,66.2206,65.0123,65.9262,20844900
2016-12-09,65.8488,66.2205,65.1672,66.2128,14567200
2016-12-12,66.1121,66.4451,65.2834,65.6242,14511300
2016-12-13,65.8178,66.3522,64.9194,65.6474,16669000
2016-12-14,64.9658,66.7007,64.8729,65.6242,22622600
2016-12-15,66.1431,66.9873,65.7559,66.6078,19438900
2016-12-16,66.8324,66.8324,65.7481,65.7868,23008500
2016-12-19,65.6784,66.1741,65.2060,66.1664,21685100
2016-12-20,66.4452,67.0261,66.2593,67.0183,14587300
2016-12-21,66.9409,67.2352,66.6311,67.1887,11400500
2016-12-22,66.9486,67.5140,66.7705,67.2971,13924200
2016-12-23,67.3823,67.4985,66.9176,67.4211,10759400
2016-12-27,67.4211,67.5062,67.1887,67.4830,6946400
2016-12-28,67.5062,67.6844,66.8789,66.9950,9455600
2016-12-29,67.0570,67.1267,65.8643,66.5226,14689000
2016-12-30,66.6853,66.9331,66.3445,66.8324,13617800
2017-01-03,67.6456,67.9709,66.5923,67.5604,20550700
2017-01-04,67.7240,67.8953,67.2879,67.6851,15266600
2017-01-05,67.6072,67.8408,66.4000,67.0620,14300800
2017-01-06,67.2801,67.4592,66.9296,67.0698,12893300
2017-01-09,66.7661,67.5760,66.6025,67.1166,12806600
2017-01-10,67.0309,67.6773,66.7583,67.3112,13989000
2017-01-11,67.3112,67.8175,66.9063,67.8175,14713100
2017-01-12,67.5682,67.9654,66.9919,67.1633,21337400
2017-01-13,67.8408,68.6663,67.0542,67.5215,28296000
2017-01-17,66.1431,66.3689,64.8581,65.0683,30024600
2017-01-18,65.1306,65.5979,64.6633,65.3720,21270100
2017-01-19,65.4655,65.9405,64.7334,64.8736,16555600
2017-01-20,64.9749,65.2864,64.8658,65.1618,18436800
2017-01-23,64.8736,65.4188,64.8035,65.1929,12179200
2017-01-24,65.3565,66.1976,65.0761,65.9795,15175300
2017-01-25,66.8518,67.1088,66.3300,66.9997,17551000
2017-01-26,66.9374,67.7162,66.9374,67.5605,15962800
2017-01-27,67.4904,67.7396,67.1866,67.7006,12535400
2017-01-30,67.1243,67.3658,66.4468,66.9997,13661900
2017-01-31,66.6648,67.0932,65.4889,65.9094,15655100
2017-02-01,66.6181,67.0543,65.9484,66.1586,15430900
2017-02-02,65.6836,66.1275,65.5434,65.8783,11081400
2017-02-03,67.1243,67.9966,66.8751,67.8953,17885200
2017-02-06,67.5916,68.1056,67.4514,67.5760,11828400
2017-02-07,67.8642,68.0667,67.3502,67.5371,9392800
2017-02-08,67.1165,67.2178,66.4857,66.9452,13970900
2017-02-09,66.9452,68.0121,66.9452,67.9109,13749100
2017-02-10,68.1290,68.1290,67.6695,67.7551,10992500
2017-02-13,68.0978,69.1103,68.0901,68.6508,18739100
2017-02-14,68.7676,69.8579,68.6196,69.7489,17932100
2017-02-15,70.1538,70.7691,69.5853,70.5510,17381800
2017-02-16,70.4030,70.9015,69.9124,70.5043,17672700
2017-02-17,69.9514,70.4576,69.8501,70.2707,15776600
2017-02-21,70.4887,70.9872,70.4498,70.8781,14068300
2017-02-22,70.4965,71.1040,70.4186,70.9170,11839000
2017-02-23,71.0105,71.1351,70.4965,70.9716,11067000
2017-02-24,70.2317,70.5121,69.8813,70.3485,15062300
2017-02-27,70.3407,70.6600,70.1071,70.4264,12361000
2017-02-28,69.9747,70.7301,69.7722,70.5744,15183500
2017-03-01,72.2644,73.1911,72.1242,72.8952,24451400
2017-03-02,73.1055,73.1444,71.6725,71.7582,16862500
2017-03-03,71.7582,72.5136,71.7582,72.2722,12817500
2017-03-06,71.8438,71.8983,70.9482,71.5868,15059200
2017-03-07,71.3688,71.7192,71.0339,71.1896,11156800
2017-03-08,72.1787,72.3111,70.9482,71.0339,17378400
2017-03-09,71.3376,71.7581,70.9871,71.3142,13726200
2017-03-10,71.6102,71.6491,70.5043,71.0884,13729900
2017-03-13,71.1117,71.4778,70.8158,71.1507,10004300
2017-03-14,70.8859,71.3766,70.6912,71.2675,10237700
2017-03-15,71.4934,72.0775,70.9716,71.4389,16601400
2017-03-16,71.6725,72.2800,71.3143,71.3688,14492000
2017-03-17,71.5167,71.6803,70.5978,70.6211,21734700
2017-03-20,70.3018,71.0027,69.9280,70.1149,14623600
2017-03-21,70.3719,70.5900,67.8019,68.0589,33089200
2017-03-22,67.6695,68.5885,66.9842,68.1679,21741000
2017-03-23,67.9187,68.9234,67.8253,68.0589,16090100
2017-03-24,68.3704,68.6040,67.5760,67.9810,16093200
2017-03-27,66.6103,68.0667,66.3767,67.9420,16689300
2017-03-28,67.7707,69.3283,67.7396,69.0012,16264400
2017-03-29,69.0012,69.1726,68.5963,68.7442,10207600
2017-03-30,68.6897,69.6710,68.6274,69.3361,11631000
2017-03-31,69.0869,69.1102,68.3392,68.4093,16987600
2017-04-03,68.5262,68.6663,67.4436,68.1601,19831800
2017-04-04,68.0583,68.6692,67.9251,68.3873,14280800
2017-04-05,69.2567,69.3507,67.4630,67.5100,17635500
2017-04-06,67.3455,68.0740,66.7738,67.7372,14379600
2017-04-07,67.3064,67.9956,67.1340,67.5022,13097100
2017-04-10,67.4238,67.9016,66.8912,67.2672,15081600
2017-04-11,67.0009,67.1967,66.4213,67.1497,14690500
2017-04-12,67.3064,67.3220,66.6014,66.8912,14730600
2017-04-13,66.9696,68.1366,66.1080,66.1080,30529800
2017-04-17,66.1393,67.4239,66.0845,67.2515,19071700
2017-04-18,66.8599,67.0714,66.3743,66.7032,14127000
2017-04-19,66.9696,67.2985,66.0766,66.1550,17588500
2017-04-20,66.5622,67.1888,66.2254,67.0087,15635800
2017-04-21,66.9695,67.1105,66.1941,66.2019,19820600
2017-04-24,67.7920,68.9669,67.6902,68.5361,25468300
2017-04-25,69.3585,69.8128,69.1314,69.1314,18253800
2017-04-26,69.2019,69.7502,69.0374,69.2645,12832200
2017-04-27,69.2175,69.2175,68.1523,68.6222,13329000
2017-04-28,68.6144,68.8102,68.1053,68.1445,10755600
2017-05-01,68.4264,68.7241,67.7998,68.1915,15712300
2017-05-02,67.9173,68.0504,67.3768,67.7528,14414200
2017-05-03,67.4082,68.2228,67.3769,68.1445,11540500
2017-05-04,68.6849,68.7163,67.8077,68.2228,11540100
2017-05-05,68.3403,68.4108,67.6902,68.1445,9436000
2017-05-08,68.1758,68.3951,67.8703,68.2228,8162200
2017-05-09,68.3481,68.8024,67.7528,67.9486,10273900
2017-05-10,67.7763,68.5204,67.7293,68.4813,8334900
2017-05-11,68.2149,68.5204,67.6353,68.2698,10907400
2017-05-12,67.8938,68.1836,67.6275,68.0818,8738800
2017-05-15,68.2228,68.5283,68.0348,68.4108,8835600
2017-05-16,68.4264,68.9982,68.4108,68.6222,9795000
2017-05-17,68.6222,68.6222,65.7711,66.0061,24679700
2017-05-18,65.8495,66.4213,65.2934,65.7634,23350100
2017-05-19,65.9592,66.8442,65.9122,66.4056,13412900
2017-05-22,66.7189,66.8051,65.9591,66.3429,11636000
2017-05-23,66.3821,67.4160,66.1941,67.1732,11753000
2017-05-24,67.2672,67.3377,66.7659,67.1340,9833800
2017-05-25,67.3534,67.4239,66.6406,66.8521,12238500
2017-05-26,66.6641,67.0166,66.5936,66.8599,8113500
2017-05-30,66.6797,66.6954,65.6223,65.7163,12603200
2017-05-31,65.5832,65.6537,63.9461,64.3456,28327900
2017-06-01,64.5884,65.0740,63.9540,65.0584,17123500
2017-06-02,64.4552,65.0035,64.2124,64.7294,14998500
2017-06-05,64.7294,65.4109,64.6824,64.8469,9080200
2017-06-06,64.4553,65.1837,64.3299,64.9800,12196800
2017-06-07,65.2542,65.8808,65.0897,65.7241,13711100
2017-06-08,65.7242,67.1497,65.7085,66.5388,17951000
2017-06-09,66.9774,68.1836,66.8834,68.1131,19120200
2017-06-12,68.1131,68.7241,68.0583,68.1288,16053400
2017-06-13,68.5753,68.8102,68.1288,68.3559,12557200
2017-06-14,67.9643,68.3873,67.2202,68.2150,16175700
2017-06-15,67.5570,68.2071,67.5492,67.8077,12509700
2017-06-16,68.0270,68.1131,67.3769,67.5022,16936600
2017-06-19,68.1210,69.1079,68.0270,68.9826,15972300
2017-06-20,68.7319,68.8651,68.4343,68.5518,11197800
2017-06-21,68.5204,68.5753,67.9565,68.2384,10005900
2017-06-22,68.0896,68.4264,67.8703,68.1601,12180600
2017-06-23,68.6614,68.9277,67.8390,68.0348,18812000
2017-06-26,68.1523,68.6692,67.8468,68.3324,10082400
2017-06-27,68.7006,69.6640,68.5361,68.9669,15415200
2017-06-28,69.3977,70.5491,69.3977,70.3533,17466200
2017-06-29,72.3271,72.5699,70.7371,71.3950,27697800
2017-06-30,72.0295,72.0608,71.4029,71.5909,16892700
2017-07-03,72.1106,73.6228,71.9925,73.0479,13208100
2017-07-05,73.3393,73.8669,72.9376,73.7803,17535400
2017-07-06,73.6701,74.4340,73.1502,73.5440,16596100
2017-07-07,74.0008,74.1662,73.4259,73.9142,12817800
2017-07-10,73.6386,73.7803,73.3157,73.3944,13987200
2017-07-11,73.5047,73.5047,72.6777,73.1109,13262300
2017-07-12,72.9376,73.1109,72.5123,72.8588,13540100
2017-07-13,73.0006,73.5440,72.7249,73.3235,12820100
2017-07-14,71.5200,72.9376,71.3388,72.6541,22235200
2017-07-17,72.3154,72.4493,71.8665,71.9768,14374200
2017-07-18,71.2364,72.1264,71.1341,71.7247,14719400
2017-07-19,71.9374,72.1579,71.6696,71.8271,11651200
2017-07-20,71.7877,72.2367,71.5908,71.8271,11561700
2017-07-21,71.7169,71.9531,71.2916,71.5830,10971300
2017-07-24,71.6381,72.0949,71.5987,71.8901,10725100
2017-07-25,72.7486,73.6543,72.6698,73.0872,16447700
2017-07-26,73.3235,73.3944,72.2052,72.4021,11815500
2017-07-27,72.3233,72.5045,71.7956,72.1028,12332400
2017-07-28,72.0240,72.2603,71.5987,71.8901,9351900
2017-07-31,72.0713,72.7407,72.0634,72.2997,11520300
2017-08-01,72.8431,73.3550,72.6777,73.2684,12523700
2017-08-02,73.1424,73.4102,72.8589,73.3314,10165600
2017-08-03,73.0085,73.3471,72.6462,72.8510,11078800
2017-08-04,73.6385,74.3474,73.6149,73.7646,14324000
2017-08-07,73.9457,74.1820,73.8039,74.0481,7978300
2017-08-08,73.9930,74.9932,73.7173,73.7803,13745400
2017-08-09,73.2290,73.7803,73.1109,73.6622,11214400
2017-08-10,73.1660,73.2999,72.5123,72.6068,13252300
2017-08-11,72.5596,72.9849,71.8586,72.0004,10679500
2017-08-14,72.7486,73.1660,72.7171,72.8431,10994800
2017-08-15,73.4889,73.6858,72.9691,73.0321,8812700
2017-08-16,73.2763,73.4259,72.3627,72.5281,11085400
2017-08-17,72.2682,72.4257,71.2758,71.3940,13837500
2017-08-18,71.1262,72.0949,71.0317,71.4649,13040700
2017-08-21,71.5515,71.6224,71.0080,71.3782,11502100
2017-08-22,71.7247,72.2288,71.6696,72.1106,9211800
2017-08-23,71.5672,72.7250,71.5436,72.1973,8811300
2017-08-24,72.4021,72.5517,71.9925,72.0791,8623200
2017-08-25,72.3627,72.8352,72.2997,72.3705,11794600
2017-08-28,72.5832,72.6068,71.7720,72.1422,7292900
2017-08-29,71.2364,71.9137,71.1262,71.7483,10886100
2017-08-30,71.8665,72.3627,71.8193,71.9138,9165300
2017-08-31,72.3076,72.3391,71.5121,71.5830,13217400
2017-09-01,71.8665,72.7407,71.6302,72.2209,9815800
2017-09-05,71.6854,71.7562,70.1102,70.4961,16897300
2017-09-06,70.8820,71.2916,70.5985,70.9687,11845700
2017-09-07,70.9687,70.9844,69.3699,69.7243,14592300
2017-09-08,69.5510,70.4252,69.4959,69.6376,14242200
2017-09-11,70.4016,71.0789,70.0551,70.7166,13219000
2017-09-12,71.0159,71.8665,70.9608,71.5830,14003800
2017-09-13,71.3624,72.0634,71.1341,71.7877,12485400
2017-09-14,71.8271,72.0870,71.4649,71.6460,10562800
2017-09-15,71.7326,72.2288,71.4806,72.1579,18171800
2017-09-18,72.4021,73.3550,72.3390,73.1818,11318700
2017-09-19,73.0163,74.3158,72.8667,73.9851,12626100
2017-09-20,74.1111,75.0483,73.8040,74.5049,15311600
2017-09-21,74.3946,75.1113,74.1820,74.8435,10851500
2017-09-22,74.5836,74.8042,74.3710,74.6860,8358300
2017-09-25,74.4340,74.7254,73.5992,74.1269,10463400
2017-09-26,73.8591,74.0560,73.5125,73.7961,9358100
2017-09-27,74.7963,75.3870,74.4891,74.9617,15090200
2017-09-28,75.2846,75.5130,74.7490,75.1192,10270400
2017-09-29,75.0562,75.2295,74.8357,75.2216,11438400
2017-10-02,75.4264,76.3006,75.1822,76.2691,13797200
2017-10-03,76.2612,76.7337,76.2139,76.6707,9633500
2017-10-04,76.6314,76.7416,75.8280,75.8910,12166600
2017-10-05,76.0495,77.1585,75.6930,76.9129,14236200
2017-10-06,77.2774,77.3487,76.4218,76.7783,10231900
2017-10-09,76.8100,76.8971,76.1604,76.3743,7765100
2017-10-10,76.4139,76.9842,76.2396,76.9446,10631500
2017-10-11,76.7070,76.8496,76.1604,76.7149,14283600
2017-10-12,77.0793,77.2377,75.7484,76.0415,18251600
2017-10-13,75.6375,76.6119,75.2256,75.9386,13190600
2017-10-16,76.3188,77.5942,76.3188,77.5071,12434000
2017-10-17,77.6893,77.7764,77.0951,77.3328,10335700
2017-10-18,77.7527,78.0695,77.3407,77.6259,10158600
2017-10-19,76.9922,77.7923,76.9129,77.7210,9133900
2017-10-20,78.6478,79.1310,78.2121,78.8300,15326600
2017-10-23,78.8300,79.2102,78.6161,78.6953,9238600
2017-10-24,79.1231,80.1609,79.0281,79.9470,13000800
2017-10-25,80.2084,80.3669,79.3687,80.0262,14632700
2017-10-26,80.2876,81.1353,80.2639,80.5966,13054400
2017-10-27,80.3510,80.9848,80.0500,80.6204,10400400
2017-10-30,80.1133,80.7471,79.9074,80.3352,8839500
2017-10-31,80.3035,80.5649,79.6697,79.7014,8690200
2017-11-01,80.0896,80.5649,79.7965,79.9470,8418200
2017-11-02,79.9074,80.6204,79.3450,80.4778,8731800
2017-11-03,80.0896,80.4302,79.7965,80.3352,7103500
2017-11-06,80.2797,80.5570,79.7410,79.8361,8121500
2017-11-07,79.6618,79.8123,77.8319,78.2280,18822600
2017-11-08,77.8477,77.9269,76.9605,77.3486,18524700
2017-11-09,76.9367,77.8081,76.6911,77.3407,13697800
2017-11-10,77.4833,77.9032,77.2377,77.2457,9314000
2017-11-13,76.5961,77.6734,76.5406,77.5229,9303100
2017-11-14,77.1110,77.4595,76.7228,77.0555,11043800
2017-11-15,76.3584,78.2200,76.0098,77.7843,15384100
2017-11-16,78.0537,78.4735,77.8794,78.0061,9808000
2017-11-17,77.4912,77.9586,77.2932,77.7447,9017900
2017-11-20,77.9903,78.5448,77.4437,78.4339,9483200
2017-11-21,78.8221,78.8617,78.3547,78.3705,13389400
2017-11-22,78.4498,78.8379,78.1012,78.1408,7342200
2017-11-24,78.2913,78.3468,77.8398,77.8873,3680000
2017-11-27,77.8794,78.5290,77.5784,77.5784,13076200
2017-11-28,77.8002,80.5649,77.6101,80.2956,16773000
2017-11-29,81.1273,82.5612,80.7709,82.1730,21105500
2017-11-30,82.9731,84.4941,82.4186,82.7989,23945900
2017-12-01,83.0999,83.4326,80.9610,83.0127,19683500
2017-12-04,85.3418,85.8725,84.5813,84.7239,23576600
2017-12-05,83.6386,85.0883,82.4820,83.7495,17193900
2017-12-06,83.6148,83.7812,82.8068,83.1236,15476200
2017-12-07,82.3473,83.3296,82.1730,82.8781,13371800
2017-12-08,82.9811,83.9237,82.6563,83.9158,13506900
2017-12-11,83.7495,84.0188,83.4247,83.6702,10591200
2017-12-12,84.6921,85.0565,83.6068,84.6446,15508800
2017-12-13,84.5258,84.8506,83.5593,83.5831,15020300
2017-12-14,84.0663,84.3277,82.8939,82.9097,13034200
2017-12-15,83.8049,84.3832,83.3375,84.0822,29350600
2017-12-18,84.9140,85.2625,84.3515,84.7318,12713100
2017-12-19,85.0407,85.1516,84.3198,84.3753,12149900
2017-12-20,85.2388,85.3418,84.0426,84.0822,13091500
2017-12-21,84.4387,85.6111,84.4149,85.4210,12323700
2017-12-22,85.7141,85.9200,84.6129,85.1199,14573400
2017-12-26,84.9219,85.5477,84.2881,84.7793,7403700
2017-12-27,84.5020,84.9932,84.5020,84.9377,9496500
2017-12-28,85.0803,85.4289,84.8902,85.3893,7440600
2017-12-29,85.6269,85.7774,84.7159,84.7159,8925700
2018-01-02,85.2625,85.5715,84.6129,85.5160,13578800
2018-01-03,85.4447,85.9438,85.1437,85.6032,11901000
2018-01-04,86.2880,87.6178,86.1606,86.8295,12953700
2018-01-05,87.0047,87.2356,85.8261,86.2721,14155000
2018-01-08,86.1208,86.5428,85.7624,86.3995,12466500
2018-01-09,86.5747,87.2993,86.3915,86.8375,13292300
2018-01-10,87.1719,88.1514,87.1082,87.7930,15834500
2018-01-11,88.1275,88.3345,87.6338,88.2628,13676800
2018-01-12,88.9078,89.8634,88.2628,89.7201,18884200
2018-01-16,88.7964,90.3253,88.4460,89.4016,22703300
2018-01-17,89.0990,90.2218,88.6371,89.9749,14940300
2018-01-18,89.7917,90.5562,89.4016,90.1899,14572900
2018-01-19,90.7314,91.0499,89.8236,89.9908,18785500
2018-01-22,89.7121,91.0897,89.5847,91.0420,12475700
2018-01-23,90.5164,91.2888,90.2616,90.9464,12320800
2018-01-24,91.4640,92.3718,91.3047,92.1090,15904500
2018-01-25,92.4037,92.5072,91.6392,92.1329,13510000
2018-01-26,92.1329,92.6266,91.5436,92.6266,13883900
2018-01-29,92.3877,93.4468,92.3877,92.5311,11679900
2018-01-30,91.9975,92.8496,91.5596,91.6631,14279100
2018-01-31,92.0931,92.8974,91.7029,92.1090,13141400
2018-02-01,92.1886,93.1601,91.9577,93.0646,13800600
2018-02-02,92.7620,93.1044,90.8509,91.0022,16477300
2018-02-05,89.9829,91.2490,82.8002,86.6384,30097600
2018-02-06,85.0856,89.5688,84.8945,89.2742,33114800
2018-02-07,88.8282,91.1375,88.5097,89.8794,21878300
2018-02-08,90.0704,90.0704,85.8739,85.9057,27425800
2018-02-09,86.8773,88.4301,84.5919,87.6258,28188000
2018-02-12,88.5256,89.7678,87.6497,88.9795,18043300
2018-02-13,88.6451,90.0227,88.2310,89.5290,16358200
2018-02-14,89.6882,91.7905,89.6086,91.5994,15186900
2018-02-15,92.1648,92.3638,90.9544,91.9816,12130200
2018-02-16,91.2171,92.4275,91.1773,91.3207,13214300
2018-02-20,91.2968,91.8861,90.7553,91.3446,13461500
2018-02-21,91.5755,93.5264,91.3127,91.7268,14212500
2018-02-22,91.9736,92.7142,91.3844,91.5595,17070400
2018-02-23,91.8223,93.4787,91.8223,93.4150,12162500
2018-02-26,94.0759,94.6811,93.4229,94.5776,16511200
2018-02-27,94.6891,95.0235,93.4468,93.4548,17563300
2018-02-28,93.8211,94.3546,91.8462,91.9736,17735600
2018-03-01,91.9577,92.8814,89.7042,90.3253,18690000
2018-03-02,89.4971,90.4288,88.4858,90.2377,18353700
2018-03-05,89.2264,92.3160,89.0990,91.6233,13933000
2018-03-06,92.0851,92.2285,91.0340,91.7029,10674400
2018-03-07,90.5801,91.6551,90.0705,91.3605,13006500
2018-03-08,91.6631,91.7586,90.1501,91.3685,11173700
2018-03-09,92.8098,94.0281,92.1090,93.9963,15366600
2018-03-12,93.9644,94.5616,93.3672,93.6937,12339300
2018-03-13,94.1237,94.3387,92.2364,92.5709,13312300
2018-03-14,92.8177,92.8416,91.2570,91.5357,12905100
2018-03-15,92.2683,92.3718,91.4401,91.7666,8748000
2018-03-16,91.8462,92.8496,91.8462,91.9258,19888900
2018-03-19,91.6551,91.9338,90.2218,91.2012,13214900
2018-03-20,91.4719,91.9338,91.1375,91.2888,9921200
2018-03-21,91.4242,92.8735,90.9464,91.3685,13633000
2018-03-22,90.1421,90.4607,87.2276,87.5541,22550400
2018-03-23,87.8089,88.3265,85.0139,85.2130,23081500
2018-03-26,86.9489,88.5177,86.5189,87.8408,20217500
2018-03-27,88.4460,88.9397,85.4439,86.1367,18039900
2018-03-28,86.2243,86.9330,84.9263,86.0013,19189300
2018-03-29,86.3995,88.2151,85.8262,87.5701,13274600
2018-04-02,87.5621,88.1753,84.4724,85.8819,18822500
2018-04-03,86.2880,87.1958,85.4121,87.0604,14050700
2018-04-04,85.2846,88.5575,85.2209,88.3823,15302600
2018-04-05,89.3427,90.3031,89.1506,89.5428,16627000
2018-04-06,88.4783,89.2787,86.2934,87.3098,18906000
2018-04-09,88.0461,90.4232,87.9501,88.3583,15974300
2018-04-10,89.7429,90.3351,89.1746,90.0470,13951400
2018-04-11,89.3667,89.4867,88.4543,88.5343,14503300
2018-04-12,89.2867,91.5517,89.2387,90.7353,16435500
2018-04-13,92.0559,92.1599,87.2778,88.2782,39152800
2018-04-16,88.7905,89.2146,87.8701,88.2062,16580500
2018-04-17,89.1346,89.5748,88.0301,88.2062,15501400
2018-04-18,88.4623,88.8945,87.1497,87.4939,16081400
2018-04-19,87.6620,89.5348,87.6380,89.4147,17911000
2018-04-20,89.8790,90.2311,88.7425,89.2147,15584400
2018-04-23,89.2947,89.5988,88.5423,88.7825,11285800
2018-04-24,89.4387,90.3591,87.7100,88.3663,16453100
2018-04-25,88.2542,88.4623,86.9177,88.0301,13548200
2018-04-26,88.0141,88.6944,87.5099,88.1182,10299500
2018-04-27,87.6780,88.1662,87.3418,87.5579,9384000
2018-04-30,87.8381,88.2783,87.0377,87.0617,13744900
2018-05-01,86.7976,87.2138,86.0693,87.0617,10503400
2018-05-02,86.5255,87.6300,86.2214,86.3734,12162100
2018-05-03,86.1093,86.2534,84.1805,85.8292,15379100
2018-05-04,85.1809,87.0297,84.8208,86.7816,11967900
2018-05-07,87.0457,87.7820,86.7256,87.5339,9356700
2018-05-08,87.6620,89.1106,87.4619,88.8305,12543200
2018-05-09,89.1906,90.9514,88.8625,90.7673,11368100
2018-05-10,90.5912,91.5917,90.2391,91.4716,9159700
2018-05-11,91.6317,91.8238,90.9754,91.1275,10253000
2018-05-14,91.3276,91.7998,91.0314,91.1595,8710700
2018-05-15,91.1675,91.1675,90.0950,90.4632,11536200
2018-05-16,90.3511,90.9914,90.1430,90.7113,7571100
2018-05-17,90.5992,90.7673,89.7989,90.4072,8617200
2018-05-18,90.2391,90.2791,88.7104,88.9425,11806300
2018-05-21,89.6789,90.0710,89.5748,89.7589,9441900
2018-05-22,89.9189,91.4716,89.8709,90.4472,11507600
2018-05-23,90.0470,90.2551,88.9345,90.0310,11453900
2018-05-24,89.7509,89.7589,88.1342,89.0226,14084800
2018-05-25,88.4063,88.9025,88.1982,88.5664,8283500
2018-05-29,87.3818,87.3978,84.0044,84.7807,30643800
2018-05-30,86.1493,86.9176,85.3570,86.7176,17490800
2018-05-31,86.3974,86.5895,85.1729,85.6451,19808200
2018-06-01,86.7096,87.1898,86.2774,86.7576,13594200
2018-06-04,87.2298,87.4459,86.6535,86.7976,9415400
2018-06-05,86.6295,86.6856,85.6931,86.3094,10415200
2018-06-06,86.9657,88.6304,86.8216,88.3263,15453600
2018-06-07,88.9826,89.2387,88.0622,88.6784,13444400
2018-06-08,88.5344,88.9505,88.0862,88.9265,10383200
2018-06-11,88.9345,89.5668,88.6544,88.7024,12642900
2018-06-12,88.9505,89.2627,87.6540,88.1902,15294100
2018-06-13,88.4063,89.1986,87.7020,88.0141,14979700
2018-06-14,88.2622,88.3263,86.2614,86.4615,20487300
2018-06-15,86.2774,86.7416,85.0529,86.3574,26028600
2018-06-18,85.8452,86.7576,85.3890,86.5815,9786800
2018-06-19,85.5571,86.3414,85.3170,86.0773,12707200
2018-06-20,86.5815,86.9497,85.9893,86.0693,8876900
2018-06-21,85.7171,86.6055,85.2609,86.0453,11048700
2018-06-22,86.5655,86.7336,84.4446,84.6367,19478900
2018-06-25,84.5646,84.5967,83.2041,83.8683,16907600
2018-06-26,83.8043,84.2045,82.5237,83.9244,17086800
2018-06-27,83.7803,84.7727,82.6198,82.6278,16276800
2018-06-28,82.9800,84.4046,82.8439,83.9804,14491300
2018-06-29,85.3810,85.5571,83.3561,83.3961,18972400
2018-07-02,83.0120,84.1084,82.7398,84.1004,11130000
2018-07-03,84.3645,84.6607,82.8519,82.9239,8311700
2018-07-05,83.7930,83.9942,83.3102,83.4631,10723400
2018-07-06,82.9803,84.0907,82.2399,83.7367,12173700
2018-07-09,84.2597,86.4726,84.2597,86.3278,13900800
2018-07-10,86.9233,87.2290,85.7243,85.7967,14575900
2018-07-11,85.5472,86.1507,85.4667,85.6116,10186500
2018-07-12,86.4404,86.5531,85.2736,85.9818,12456800
2018-07-13,86.3439,86.7462,84.6057,85.5875,21289100
2018-07-16,86.1427,89.1362,86.0864,88.9833,24662600
2018-07-17,89.0718,89.2649,88.3154,88.9189,14821900
2018-07-18,88.8545,90.2225,88.6775,89.7478,14244900
2018-07-19,89.3696,89.3937,88.2993,88.4281,16775300
2018-07-20,88.5165,89.9167,88.3395,89.5466,13578100
2018-07-23,89.3695,91.9285,89.2649,91.2123,18140000
2018-07-24,91.3732,92.3630,91.2686,91.8560,14000400
2018-07-25,91.6388,92.9585,91.2364,92.6849,13329100
2018-07-26,92.8780,93.0148,92.2021,92.4193,11897800
2018-07-27,92.6849,93.5862,92.3872,93.3689,12802700
2018-07-30,93.5700,94.6403,93.3930,93.9322,13411600
2018-07-31,94.2138,94.2138,92.3952,92.4998,15843800
2018-08-01,93.1436,93.9000,92.7654,93.0711,13531600
2018-08-02,92.1940,93.5459,92.0009,93.4654,11058100
2018-08-03,93.3448,94.2541,93.2965,94.2219,11016100
2018-08-06,93.9805,94.5759,93.4896,94.2460,9857400
2018-08-07,94.7449,95.1875,94.4150,94.5920,10562100
2018-08-08,94.4150,95.1714,94.3747,94.7851,8997100
2018-08-09,94.5598,94.7288,93.9080,94.0529,9694200
2018-08-10,92.9424,93.3045,92.2825,93.1275,12630600
2018-08-13,92.9907,93.2482,91.5905,91.6468,10336300
2018-08-14,91.9526,92.5722,91.4537,92.2584,10597600
2018-08-15,91.5905,92.0009,90.9065,91.4939,10152100
2018-08-16,92.0170,92.7895,91.9767,92.3549,10118600
2018-08-17,92.2503,92.5964,91.9767,92.3549,8505100
2018-08-20,92.2101,92.5803,91.8238,92.2342,8618700
2018-08-21,92.8378,93.6585,92.4435,92.7975,10976700
2018-08-22,92.7895,92.8700,92.3630,92.5159,8314700
2018-08-23,92.5078,92.6607,92.0814,92.3228,9265400
2018-08-24,92.5239,92.7171,92.0974,92.2825,8845700
2018-08-27,92.7171,94.3748,92.6769,93.9161,13768000
2018-08-28,94.1494,94.1736,93.3206,93.4574,8302600
2018-08-29,93.6264,93.6425,92.8297,93.1516,7221700
2018-08-30,93.0148,93.3769,92.5239,92.6929,8991800
2018-08-31,92.4032,92.4113,91.5905,92.2021,13065700
2018-09-04,92.0089,92.7332,91.4376,92.6608,10174200
2018-09-05,92.5400,93.1033,91.9365,92.2101,11462400
2018-09-06,92.1377,92.2986,91.3330,91.8158,9877600
2018-09-07,92.1377,92.3549,91.4376,91.9928,10955600
2018-09-10,92.4194,92.5159,91.4618,91.5020,8276900
2018-09-11,91.3652,92.2021,91.0755,92.0814,9333800
2018-09-12,91.9365,92.4435,90.8099,90.9950,10800800
2018-09-13,91.2284,91.8399,90.6651,91.3491,12470800
2018-09-14,91.5825,92.1297,91.1157,91.3330,10337900
2018-09-17,91.5664,92.0814,91.1721,91.6066,9561300
2018-09-18,92.0009,92.2664,91.3813,91.9767,7944200
2018-09-19,92.0894,95.0024,92.0894,94.6483,16052800
2018-09-20,95.3565,95.9519,95.0185,95.4611,15590000
2018-09-21,95.8634,95.9439,94.7449,94.8334,24788200
2018-09-24,94.7610,95.3243,93.6908,93.9241,12492500
2018-09-25,94.1816,94.9300,93.6022,93.6586,9308300
2018-09-26,93.9482,94.0448,92.2664,92.5561,14023600
2018-09-27,92.8780,93.1516,91.8641,92.1538,13283000
2018-09-28,91.4537,91.9285,90.5444,90.8019,15815100
2018-10-01,91.2284,92.2262,90.9628,91.3330,10146300
2018-10-02,91.2203,91.8319,90.7778,91.7112,13753100
2018-10-03,92.4918,93.0711,92.1216,92.5722,17142000
2018-10-04,92.8234,94.6548,92.5479,93.4069,16357400
2018-10-05,93.8606,94.0794,92.3939,92.8801,13777600
2018-10-08,92.5803,93.8201,91.8510,93.4474,14370900
2018-10-09,92.9206,93.2124,92.1103,92.7991,14069500
2018-10-10,92.9450,93.1476,90.3276,90.3276,23086400
2018-10-11,89.9224,90.3276,87.0133,87.6211,33705600
2018-10-12,89.4362,89.8090,85.5710,86.6649,32075700
2018-10-15,86.8675,88.2045,86.1544,86.1706,18903200
2018-10-16,86.8351,88.1478,86.4867,88.0182,19302800
2018-10-17,87.8237,89.7847,87.7021,88.9987,18794500
2018-10-18,88.3423,89.0068,87.3618,87.5887,17582500
2018-10-19,87.2322,88.5044,86.9242,87.4428,15234500
2018-10-22,87.6373,87.7913,85.9842,86.1868,16199100
2018-10-23,84.4365,86.0248,84.0313,85.2873,21407500
2018-10-24,84.8903,85.1090,83.3912,83.6991,23168900
2018-10-25,84.4203,85.8141,84.0475,84.9713,17464700
2018-10-26,84.2744,84.7282,83.2453,83.8044,19174900
2018-10-29,84.6472,86.4056,84.0313,84.9632,18445200
2018-10-30,85.6601,86.6892,84.9713,86.4623,18019700
2018-10-31,87.5806,89.5254,87.3456,88.3423,20860000
2018-11-01,88.8285,89.3147,87.7751,88.3099,13065000
2018-11-02,89.0554,89.7928,87.1025,87.8237,19009200
2018-11-05,88.0100,88.5611,87.8561,88.3990,10276400
2018-11-06,88.0587,88.8690,87.3213,88.8123,10825000
2018-11-07,89.4362,90.5383,88.6097,90.3357,12679600
2018-11-08,89.9549,91.5107,89.9467,91.0650,11662500
2018-11-09,90.9435,91.0488,89.8090,90.1817,10432200
2018-11-12,90.2871,90.7084,88.0019,88.2856,13279700
2018-11-13,88.4071,90.0440,88.4071,88.8042,13746100
2018-11-14,89.3228,89.7118,85.8789,86.9728,18361400
2018-11-15,87.7102,89.2012,86.5515,89.1931,19100000
2018-11-16,88.6907,89.7523,87.9614,89.1283,13798600
2018-11-19,89.1040,90.1088,88.7556,89.8090,13987000
2018-11-20,88.9582,89.5335,87.4996,87.8804,18936200
2018-11-21,88.3504,88.8204,87.2240,87.2240,10619600
2018-11-23,86.4948,87.0215,85.9437,86.4218,6488400
2018-11-26,87.2888,89.1202,87.0701,88.5368,13948300
2018-11-27,88.1316,89.1607,88.0263,88.9095,9238200
2018-11-28,88.9744,90.2709,88.2208,89.8981,13977300
2018-11-29,89.3552,89.7847,88.8447,89.1850,11144300
2018-11-30,89.0149,90.2061,88.7961,90.1007,18652700
2018-12-03,91.0650,91.4783,90.5464,90.9516,16034500
2018-12-04,90.4330,90.4330,86.4866,86.8918,23555900
2018-12-06,85.0929,85.3765,83.3669,85.2387,27213900
2018-12-07,85.2144,86.6892,83.3912,83.6991,19248600
2018-12-10,83.3588,83.8612,80.4497,82.1352,23636400
2018-12-11,83.5695,83.9989,81.2033,81.3329,16860700
2018-12-12,82.3783,83.3831,81.0817,81.8596,22621500
2018-12-13,82.2891,82.6295,81.5760,81.9407,17250900
2018-12-14,81.0250,82.6052,80.9197,81.2681,19879500
2018-12-17,80.8467,81.4869,79.7690,80.2309,25113500
2018-12-18,80.5631,81.7543,79.5097,79.8500,20837200
2018-12-19,79.7447,81.5031,78.2780,78.8371,28767900
2018-12-20,78.2861,79.6393,77.5406,78.1564,31825200
2018-12-21,78.3428,79.7609,75.9199,76.3089,41313900
2018-12-24,75.2717,76.3494,74.6639,74.6639,17009300
2018-12-26,75.1096,77.7594,73.8292,77.7594,22542900
2018-12-27,76.8356,78.7237,75.8065,78.6345,20304700
2018-12-28,79.3719,79.6717,78.1483,78.4643,17963300
2018-12-31,79.0802,80.0688,78.4158,79.1045,13237200
2019-01-02,77.7513,80.8548,77.7432,80.4740,15670900
2019-01-03,80.5802,80.7844,78.9872,79.3303,16286400
2019-01-04,80.9641,82.4509,80.2861,82.2548,16935200
2019-01-07,82.0425,82.8920,81.4543,82.3120,15430700
2019-01-08,83.0228,83.1780,81.3236,82.1568,13578800
2019-01-09,82.3529,82.9084,81.6340,82.0179,14230300
2019-01-10,81.7075,82.2875,81.0948,82.0098,14376100
2019-01-11,81.6013,81.8300,80.8334,81.6177,15439900
2019-01-14,80.7681,82.8022,80.5965,82.4591,21258500
2019-01-15,80.7844,83.7090,80.5475,83.0636,26504900
2019-01-16,83.5292,84.5095,83.1616,83.7335,18533000
2019-01-17,83.4149,84.5504,83.2596,84.0766,14247600
2019-01-18,84.7709,85.6941,84.0031,85.4408,16428700
2019-01-22,84.2073,84.6239,83.4312,84.0929,17083700
2019-01-23,84.5014,84.7138,83.3005,83.8805,12146700
2019-01-24,83.4312,84.2154,83.2760,83.9295,11296800
2019-01-25,84.5585,85.2121,83.9295,84.4605,14369400
2019-01-28,84.0521,85.1549,83.8070,84.8608,12283100
2019-01-29,84.8608,85.8656,84.7383,85.0977,9743300
2019-01-30,85.0732,85.9718,84.7791,85.2938,12526300
2019-01-31,84.4769,84.7955,83.9214,84.5504,17520600
2019-02-01,84.9588,85.6532,84.5667,84.8608,13000800
2019-02-04,84.7873,85.1631,84.1501,85.1631,9871500
2019-02-05,85.3836,85.4081,84.3788,84.7873,12763000
2019-02-06,84.7219,85.4653,84.5259,84.7464,8745000
2019-02-07,84.3461,84.5504,82.8675,83.6354,13177500
2019-02-08,83.3903,83.6027,81.7402,82.8022,12892600
2019-02-11,83.1290,83.3332,82.3202,82.4101,10978500
2019-02-12,83.2841,84.0766,83.2351,83.8151,12852300
2019-02-13,84.0602,84.8363,84.0602,84.2155,10754100
2019-02-14,83.7089,84.2236,82.7940,83.6681,11518500
2019-02-15,84.8771,86.3476,84.6811,86.2250,14716900
2019-02-19,85.7022,86.0780,84.8036,85.9228,12764900
2019-02-20,85.9473,86.4293,85.6777,86.3394,10030300
2019-02-21,86.1433,86.5845,85.7431,86.1597,8400100
2019-02-22,86.3476,86.6662,85.5960,85.7757,10647300
2019-02-25,86.3884,87.6301,86.3394,86.6743,11230700
2019-02-26,85.3673,86.1597,84.9098,86.0126,15465400
2019-02-27,85.9228,86.0862,85.3755,85.9065,9968800
2019-02-28,85.7839,85.9473,85.1059,85.2529,15156900
2019-03-01,85.8574,86.5191,85.1222,85.3101,13813300
2019-03-04,85.7104,86.5273,84.3625,85.1140,12466300
2019-03-05,85.0650,85.4081,84.3543,85.0487,10856600
2019-03-06,84.8445,85.4245,84.5912,84.7301,9070800
2019-03-07,84.3461,84.5258,83.4557,84.1174,12705700
2019-03-08,83.3168,84.3298,83.3168,84.1501,10582400
2019-03-11,84.9425,85.4081,84.6811,85.2448,9763200
2019-03-12,85.4408,85.6042,84.7546,84.9915,10219100
2019-03-13,85.1140,85.7594,84.9180,85.2774,13022200
2019-03-14,85.3673,86.4865,85.3346,86.0535,10926500
2019-03-15,86.1107,87.2462,85.9636,87.0420,24811700
2019-03-18,87.0420,88.0549,87.0011,87.5648,12935500
2019-03-19,88.3898,88.5532,87.0419,87.2462,12889300
2019-03-20,86.9439,87.1236,85.2938,85.3836,14920700
2019-03-21,84.5422,84.5422,83.5537,84.0357,19751000
2019-03-22,83.1780,83.5864,81.2991,81.4951,31115200
2019-03-25,81.3563,82.1568,80.1309,80.8171,21032300
2019-03-26,81.5441,82.0180,80.7272,81.6258,15987100
2019-03-27,81.5931,82.0588,80.9396,81.3481,12753200
2019-03-28,81.6912,82.3447,81.4788,82.2712,12454100
2019-03-29,82.9492,83.3168,82.1731,82.6960,14523400
2019-04-01,83.4475,85.5143,83.4230,85.4817,17499300
2019-04-02,85.4490,86.1352,85.2284,85.8901,10295400
2019-04-03,86.4374,86.8867,85.6042,86.0617,11499200
2019-04-04,86.0617,87.0330,85.9793,86.8931,11952100
2019-04-05,87.0906,87.3458,86.4239,86.6873,9933700
2019-04-08,86.5226,86.9671,86.3580,86.9671,8056300
2019-04-09,86.4979,86.5967,85.8147,86.3251,9092200
2019-04-10,86.5391,87.0248,85.9958,86.7120,10882300
2019-04-11,87.0165,87.8561,86.8930,87.4446,11183800
2019-04-12,90.0869,92.0707,89.6260,91.5439,25834100
2019-04-15,91.3052,91.3710,89.8235,90.4985,15163800
2019-04-16,90.4656,91.6921,90.4327,91.4534,11583200
2019-04-17,91.9473,94.3838,91.3793,94.0875,17791900
2019-04-18,94.2768,94.6226,93.2890,93.3960,12501900
2019-04-22,92.8775,93.7829,92.7375,93.5113,7975900
2019-04-23,93.0174,94.1451,92.8939,93.6265,9193100
2019-04-24,93.2314,93.9640,92.8610,93.4701,9245700
2019-04-25,93.0256,93.9640,92.6058,93.5195,9311800
2019-04-26,93.7994,94.3180,93.5113,94.2274,7889300
2019-04-29,94.3344,96.4417,94.2110,95.5856,14242200
2019-04-30,95.8408,96.0795,94.8777,95.5280,11389100
2019-05-01,95.2564,96.3100,94.7543,94.7954,10412900
2019-05-02,94.8036,95.3058,94.3180,95.0012,8613300
2019-05-03,95.4869,96.0466,95.2152,95.5856,8185400
2019-05-06,93.9887,95.0506,93.6100,94.7378,9387000
2019-05-07,93.8652,93.8652,92.4329,93.1902,15017700
2019-05-08,92.7375,93.5689,92.5729,92.6964,9575800
2019-05-09,91.4863,92.8034,91.0253,92.6223,12205900
2019-05-10,91.9884,92.8857,90.9924,92.6140,13189000
2019-05-13,90.6137,90.9183,89.7083,90.0951,13783700
2019-05-14,90.1775,91.9637,90.1363,90.8113,10503600
2019-05-15,89.8976,91.2887,89.4037,90.4656,10142000
2019-05-16,91.0583,92.3341,91.0336,91.6262,9672700
2019-05-17,90.5479,91.9884,90.4080,91.1817,9570100
2019-05-20,91.0253,92.0378,90.8525,91.6592,8518200
2019-05-21,91.7333,92.1284,91.5522,91.9720,7967900
2019-05-22,91.7003,92.0214,91.1653,91.2229,7918900
2019-05-23,90.2516,90.3750,88.4900,89.4284,14558000
2019-05-24,90.1528,90.5150,89.8811,90.3092,8537300
2019-05-28,89.8893,90.4079,89.2637,89.3296,11665500
2019-05-29,88.4488,89.2308,88.1278,89.0827,9966400
2019-05-30,89.4366,89.8729,87.6998,88.1278,10367800
2019-05-31,86.8931,87.7409,86.3004,87.2223,10952800
2019-06-03,87.0906,87.9632,86.6790,87.6339,11680700
2019-06-04,88.7781,90.4656,88.1854,90.3339,12858600
2019-06-05,90.4327,90.8607,89.4284,90.6549,8340500
2019-06-06,90.6714,91.2640,89.6671,90.8525,8726700
2019-06-07,90.3009,90.5644,89.6918,89.8564,10618900
2019-06-10,91.1653,91.5439,90.7290,90.8278,11380600
2019-06-11,91.2229,91.8403,90.8525,91.1077,9847700
2019-06-12,91.1241,91.2887,89.6342,89.9470,9670500
2019-06-13,90.1034,90.6796,89.7659,90.1693,8406900
2019-06-14,90.1939,90.7948,89.4202,90.3997,9077400
2019-06-17,90.3009,90.8525,89.7741,89.9058,8128600
2019-06-18,89.7330,91.7086,89.7083,91.1324,11057300
2019-06-19,91.2229,91.8567,90.3009,90.4738,13126500
2019-06-20,91.2723,91.4451,89.7494,90.7043,13638000
2019-06-21,90.7043,91.9226,89.7988,90.0869,27089500
2019-06-24,89.9552,90.3586,89.3461,89.4449,13039600
2019-06-25,89.4613,89.7083,88.6299,88.7040,18660100
2019-06-26,89.1485,89.9799,89.0333,89.2967,10324600
2019-06-27,89.5930,90.1775,89.2638,89.5930,10906600
2019-06-28,91.4040,92.5482,91.2887,92.0296,21634700
2019-07-01,93.2067,94.2686,93.0832,93.5771,12724500
2019-07-02,93.4372,94.0052,93.1985,93.6759,10174900
2019-07-03,93.9578,94.3971,93.0625,93.5267,6849400
2019-07-05,94.0987,94.7287,93.6096,94.0821,7929400
2019-07-08,93.6427,94.0738,93.2614,93.5681,6917200
2019-07-09,93.0790,94.0821,92.9713,93.9661,8947300
2019-07-10,93.9826,94.3640,93.4604,93.6925,9242300
2019-07-11,93.9826,94.8033,93.7754,94.5878,11595200
2019-07-12,94.6127,95.6240,94.4469,95.5826,10783400
2019-07-15,95.7815,95.8064,94.1153,94.4220,12946600
2019-07-16,94.0738,95.7484,93.6096,95.4334,16945000
2019-07-17,94.8614,95.2842,94.2811,94.4966,13120900
2019-07-18,94.4469,95.3919,94.1319,95.0603,9397200
2019-07-19,95.2427,95.4334,94.0075,94.1236,10402800
2019-07-22,93.6013,94.8780,93.4853,94.7288,9061100
2019-07-23,95.2344,96.5359,95.1847,96.4613,12752200
2019-07-24,95.8147,96.8924,95.7650,96.8510,10011000
2019-07-25,96.9007,97.1909,95.5992,95.9225,10138400
2019-07-26,95.9722,96.5857,95.7733,96.3453,12800400
2019-07-29,96.5442,97.1411,95.9888,96.0386,8500400
2019-07-30,95.4914,96.2292,95.1349,95.8230,7121100
2019-07-31,96.2458,96.3121,95.2178,96.1629,13648000
2019-08-01,95.6075,96.8261,93.3443,93.6262,15664500
2019-08-02,93.1785,94.0324,92.3495,93.6179,11025500
2019-08-05,91.8438,92.0014,89.7548,90.8325,15855300
2019-08-06,91.2304,91.6034,89.8128,91.5454,10203500
2019-08-07,89.5310,89.7631,87.8233,89.5558,17320900
2019-08-08,90.4014,91.2552,90.1278,91.0729,10903300
2019-08-09,90.6501,91.5620,89.7714,90.9734,9980800
2019-08-12,89.8957,89.9537,88.8760,89.2657,9393700
2019-08-13,89.4895,91.4625,88.7268,90.6418,12124700
2019-08-14,88.1217,88.6274,86.5880,86.8782,19491800
2019-08-15,86.8948,88.1880,86.4969,87.2098,13365600
2019-08-16,88.1797,89.5144,87.7652,89.2988,11830600
2019-08-19,90.8822,90.9817,89.8791,90.1029,8265400
2019-08-20,89.4066,89.8957,88.9009,88.9590,8374000
2019-08-21,89.7050,89.8874,89.0750,89.2076,8189300
2019-08-22,89.8377,90.5838,89.4729,90.1278,9343400
2019-08-23,89.5310,90.1776,87.1352,87.8896,14762300
2019-08-26,88.3869,88.6937,87.8813,88.5942,8209500
2019-08-27,88.9921,89.1662,86.9114,87.6574,14331800
2019-08-28,87.1103,88.8761,87.0772,88.5362,10585500
2019-08-29,89.6470,91.0977,89.5475,90.5423,10002200
2019-08-30,91.0563,91.6532,90.7496,91.0729,10170300
2019-09-03,90.3434,90.3517,88.9672,89.9952,9868800
2019-09-04,90.7330,91.3713,89.9952,91.0812,6929200
2019-09-05,92.2252,94.2728,92.1837,93.1537,13224700
2019-09-06,93.3941,93.6593,92.8138,93.3526,7836600
2019-09-09,94.2645,96.2126,94.1733,95.6655,13985100
2019-09-10,96.4116,97.2157,95.9390,96.8841,14333100
2019-09-11,96.9007,97.1577,95.6489,97.1494,9919200
2019-09-12,96.6188,98.2105,96.0966,97.7463,12283500
2019-09-13,98.6499,99.8105,98.4426,99.6695,16257200
2019-09-16,98.5669,99.3711,98.1359,98.7825,11993900
2019-09-17,98.1691,98.3266,97.1908,98.2934,10735400
2019-09-18,98.0861,99.5452,97.6136,99.2799,10665600
2019-09-19,99.2301,99.7607,98.7245,98.9649,9382600
2019-09-20,99.2633,99.7607,98.5421,98.5670,21862800
2019-09-23,97.6385,98.7493,97.5556,98.5504,9135100
2019-09-24,98.4426,98.8654,97.0250,97.2654,11696500
2019-09-25,97.2157,98.1193,97.0914,97.8209,9389400
2019-09-26,97.7214,97.8623,96.9504,97.0167,9899200
2019-09-27,97.7877,98.3514,97.2240,97.5888,10207800
2019-09-30,98.1193,98.4592,97.1743,97.5639,9755000
2019-10-01,98.1525,98.6499,95.6738,95.7898,11250300
2019-10-02,95.1764,95.2510,93.6179,93.8832,12548700
2019-10-03,93.8163,94.3511,92.3539,93.7495,12735200
2019-10-04,93.8748,96.0475,93.8163,95.7801,9453100
2019-10-07,95.4207,96.5154,95.3204,95.5711,6771600
2019-10-08,94.4765,94.4765,93.3066,93.4403,10806300
2019-10-09,94.1506,94.5600,93.6492,94.1171,7273700
2019-10-10,94.5433,96.4318,94.4263,95.4374,10994100
2019-10-11,96.9583,98.5961,96.8246,97.0502,15076500
2019-10-14,96.8079,97.6602,96.6491,97.3093,8779000
2019-10-15,99.3148,101.6044,98.4959,100.2423,23379000
2019-10-16,100.2423,100.7938,99.7576,100.0083,11087700
2019-10-17,100.9025,101.5877,100.1755,100.5682,10818500
2019-10-18,100.2757,101.1281,100.1588,100.7437,10417400
2019-10-21,101.9888,103.4261,101.9387,103.2422,12714600
2019-10-22,103.1587,104.5374,102.8829,104.2784,12549100
2019-10-23,103.7854,104.5793,103.7603,104.5542,8828300
2019-10-24,104.6962,105.0054,103.6768,104.4790,8020500
2019-10-25,104.4539,105.8327,104.2450,105.3146,9055700
2019-10-28,105.7658,106.3006,105.6238,105.7157,9522200
2019-10-29,105.3397,106.4761,105.2394,105.6489,9797300
2019-10-30,105.3313,105.5068,104.3870,105.0639,8513700
2019-10-31,104.8633,105.0639,103.5013,104.3870,11589100
2019-11-01,105.4566,106.9524,105.3062,106.7937,11682600
2019-11-04,107.8633,108.1474,107.4288,107.6460,9159900
2019-11-05,108.1223,108.8827,107.6627,107.8800,13747600
2019-11-06,107.5374,108.4983,107.4455,108.0471,11231100
2019-11-07,108.9914,109.7100,108.5652,108.6321,13528900
2019-11-08,108.5318,108.9663,108.0053,108.9496,9293400
2019-11-11,108.2978,108.7156,108.0889,108.5652,8679000
2019-11-12,108.3229,109.1501,107.8048,107.9301,9099000
2019-11-13,107.0694,107.6460,106.4761,107.3619,8023300
2019-11-14,106.7268,107.6627,106.6182,107.4622,8483400
2019-11-15,107.9886,108.2393,107.2950,108.2393,10163600
2019-11-18,108.2644,109.1752,107.7881,109.1502,8749300
2019-11-19,109.4593,109.6766,108.7825,109.1167,8824500
2019-11-20,108.8828,109.1502,107.7463,108.3229,11782800
2019-11-21,108.6320,109.2337,108.1223,108.5735,7705500
2019-11-22,108.7574,109.6515,108.7156,109.2922,8167900
2019-11-25,109.6766,110.3618,109.3590,109.8771,10068500
2019-11-26,110.1529,110.1529,108.9329,110.0276,10490700
2019-11-27,110.5457,110.6627,110.0109,110.3535,6607900
2019-11-29,110.1947,110.6459,109.8437,110.1028,5712000
2019-12-02,110.5624,110.9217,109.7602,109.8605,8615600
2019-12-03,108.4399,108.5986,107.4538,108.4482,10361300
2019-12-04,108.9496,110.6961,108.6237,110.5874,10318200
2019-12-05,110.8716,111.3980,110.4537,111.1891,9587400
2019-12-06,112.5512,113.4620,112.5178,112.8437,10170600
2019-12-09,112.5010,113.1946,112.3172,112.3172,8498200
2019-12-10,111.3479,112.6180,111.0387,112.3924,7532900
2019-12-11,112.2169,112.8269,111.9829,112.1250,9011900
2019-12-12,112.3840,115.7098,112.1501,115.3338,13717400
2019-12-13,115.2754,116.0107,113.8297,114.3227,10592100
2019-12-16,115.6347,116.0190,114.7489,114.7656,11372000
2019-12-17,115.0915,115.8770,114.6736,115.4675,11546800
2019-12-18,115.4425,116.1695,115.0831,115.3505,10381500
2019-12-19,115.1165,115.5009,114.5650,114.7739,9350400
2019-12-20,115.3338,116.0524,114.3979,114.6820,29992600
2019-12-23,114.9829,115.2419,114.3812,114.6486,9738400
2019-12-24,114.7572,115.0079,114.5316,114.9662,3324300
2019-12-26,115.2252,116.2363,115.1332,116.1861,6770900
2019-12-27,116.4034,116.7962,115.8770,116.2697,7868200
2019-12-30,116.9048,117.0552,115.7098,115.8435,6963000
2019-12-31,115.7433,116.5538,115.5594,116.4870,7201600
2020-01-02,116.8129,117.9076,116.3700,117.8992,10803700
2020-01-03,115.6369,117.0918,115.2837,116.3434,10386800
2020-01-06,114.8464,116.2845,114.7959,116.2509,10259000
2020-01-07,115.4519,115.9397,114.2240,114.2745,10531300
2020-01-08,114.1231,115.7042,114.0390,115.1660,9695300
2020-01-09,116.0995,116.2508,115.2501,115.5865,9469000
2020-01-10,115.3930,115.4267,114.2156,114.4343,10190900
2020-01-13,114.5352,115.3846,114.1736,115.3846,12355200
2020-01-14,116.0069,118.3785,115.7967,116.7302,24906000
2020-01-15,115.9313,116.5620,114.5016,114.9809,16293400
2020-01-16,115.5949,115.9733,115.0819,115.4267,10783800
2020-01-17,115.6706,116.3013,115.4855,116.2256,14697700
2020-01-21,115.3762,116.1163,114.9557,115.0819,8474200
2020-01-22,115.4183,115.5528,114.6950,114.9473,7549100
2020-01-23,114.1315,114.9978,113.2990,114.8296,9345700
2020-01-24,114.6866,114.7371,111.2806,111.9786,15166400
2020-01-27,109.5565,111.8020,109.0856,111.0367,12860500
2020-01-28,111.7179,113.5092,111.4151,113.0551,13062800
2020-01-29,113.3746,113.9885,112.4327,112.8868,9326000
2020-01-30,111.5917,114.4848,111.5917,114.2829,9048900
2020-01-31,113.1055,113.3914,110.5657,111.3142,12785200
2020-02-03,111.5665,112.8953,111.5665,112.1636,10021100
2020-02-04,113.9970,114.8800,113.6017,113.7783,9157100
2020-02-05,114.8548,115.8303,114.3838,115.7126,10150700
2020-02-06,116.2593,116.3013,115.3090,115.7295,8992300
2020-02-07,114.9894,115.7799,114.6277,115.3594,6379800
2020-02-10,115.1744,115.9313,115.0062,115.8388,5960700
2020-02-11,116.2761,116.7470,115.8724,116.0574,6578600
2020-02-12,116.5620,117.1423,115.8892,116.0574,7958000
2020-02-13,115.8472,116.3434,114.7118,115.9565,7447500
2020-02-14,115.9229,116.2172,115.1660,115.6033,6627600
2020-02-18,115.5024,115.8136,113.5765,114.0727,8996400
2020-02-19,115.1407,116.3854,114.6614,115.6285,7071200
2020-02-20,115.3594,116.3602,114.8211,115.6285,7422800
2020-02-21,114.8380,115.1492,113.4672,114.2156,9772800
2020-02-24,110.5405,112.0207,110.0023,111.1460,13618400
2020-02-25,110.1705,111.2049,105.6207,106.1841,20797200
2020-02-26,106.7476,108.4464,106.2514,106.5037,24825600
2020-02-27,103.3668,105.6459,102.0128,102.0717,23005500
2020-02-28,98.8338,99.6496,94.7466,97.6480,45931400
2020-03-02,98.0853,102.2483,96.2604,102.1978,27355400
2020-03-03,101.7353,103.4004,97.7574,98.3629,32547700
2020-03-04,99.5150,101.0793,96.4622,100.7933,25795900
2020-03-05,97.2780,97.9171,94.6793,95.8483,25025600
2020-03-06,89.3642,92.7787,88.3214,90.8948,38159400
2020-03-09,81.2150,83.4520,78.2126,78.5826,40352000
2020-03-10,83.2586,85.1760,79.5414,84.6883,31102700
2020-03-11,82.1653,84.1416,79.5161,80.7020,38127000
2020-03-12,75.3448,81.5429,72.5947,74.0497,49725200
2020-03-13,80.7272,87.4551,77.3716,87.3879,38543300
2020-03-16,71.6528,79.0368,71.1062,74.3104,38589700
2020-03-17,76.4381,81.9466,73.5871,78.8518,35239800
2020-03-18,73.7301,76.3540,67.5824,70.5511,41525600
2020-03-19,68.5916,74.1002,64.6810,71.7370,32175100
2020-03-20,72.5779,75.2355,69.3653,70.2232,30150800
2020-03-23,69.5335,70.4334,65.6734,66.4639,32536600
2020-03-24,71.4005,75.7737,69.7185,74.3693,34363200
2020-03-25,75.0505,80.0208,71.0978,77.1446,38111700
2020-03-26,79.1209,82.8969,78.6667,82.5185,29826300
2020-03-27,78.3724,79.7600,76.1522,76.6399,30041500
2020-03-30,76.2363,79.1293,75.1009,78.6331,21656900
2020-03-31,77.4137,79.1966,75.1346,75.7149,23379300
2020-04-01,71.5687,72.7966,70.0129,70.9464,28029600
2020-04-02,70.2316,73.9320,69.7690,73.5956,24018000
2020-04-03,73.0772,74.3348,70.3326,71.4202,21199400
2020-04-06,75.6179,77.3174,74.5218,76.0173,26820800
2020-04-07,80.2575,80.3000,76.7990,77.0200,22563800
2020-04-08,78.2606,80.6059,76.9435,80.1300,22903300
2020-04-09,82.3563,88.7038,82.3308,87.3187,42055900
2020-04-13,87.6162,87.6162,82.6792,83.4355,26911900
2020-04-14,85.8402,86.6730,79.5692,81.1497,46151300
2020-04-15,77.4534,78.2011,76.5866,77.1474,30118600
2020-04-16,76.6716,76.9605,73.9694,74.2074,32449600
2020-04-17,78.1756,81.3196,77.2919,80.8778,30191900
2020-04-20,78.5750,80.4784,76.8670,77.9292,23679400
2020-04-21,75.3035,77.6488,75.0571,75.6689,23035000
2020-04-22,77.0625,78.0651,75.7794,75.9153,16662400
2020-04-23,76.2552,77.5638,75.8473,75.9578,16638800
2020-04-24,77.0200,77.4109,75.1931,77.0795,15809200
2020-04-27,78.1246,81.2601,77.7847,80.4019,22870200
2020-04-28,83.1126,83.5799,80.7503,80.9712,20238900
2020-04-29,84.1917,84.5061,82.6537,83.1551,20462600
2020-04-30,81.2347,82.2883,80.3424,81.3706,19127600
2020-05-01,79.4502,79.6542,78.0397,79.2378,18547700
2020-05-04,78.1926,78.7449,77.1559,78.2946,15725900
2020-05-05,79.5777,80.0535,78.0906,78.1756,18064100
2020-05-06,78.3116,78.8214,76.4167,76.7056,20978000
2020-05-07,77.6148,78.9489,76.9690,77.5043,16771900
2020-05-08,78.8554,79.9431,78.2691,78.7704,20487800
2020-05-11,77.4194,77.4194,75.9068,76.4507,31907600
2020-05-12,76.6036,77.1474,73.8420,73.9524,27962900
2020-05-13,73.4001,73.8080,70.8679,71.4032,35451600
2020-05-14,70.2901,74.8702,70.0182,74.3688,35152500
2020-05-15,73.7995,74.1648,72.4824,72.9922,26099000
2020-05-18,75.3630,77.4534,74.6747,76.8585,30504400
2020-05-19,76.5186,77.4958,75.2780,75.3460,19597300
2020-05-20,77.0795,78.5070,76.7905,77.6063,20552400
2020-05-21,76.7056,77.9717,76.1958,76.6206,14621400
2020-05-22,76.4847,76.7821,75.3885,76.0258,13557900
2020-05-26,78.9319,82.8491,78.6939,81.4216,41233900
2020-05-27,86.7324,87.1658,83.9538,86.1376,39402000
2020-05-28,87.4717,87.4802,84.4637,84.8545,24713900
2020-05-29,83.8348,84.2767,82.2373,82.6877,26526400
2020-06-01,83.0616,84.5571,82.7472,83.7839,15176800
2020-06-02,85.2114,85.3304,83.2145,84.0643,21195000
2020-06-03,86.3161,89.1542,85.8742,88.6019,25941100
2020-06-04,88.2195,90.5902,87.3443,90.4458,26784700
2020-06-05,97.6600,98.3738,93.0715,94.5160,42231000
2020-06-08,96.3685,97.0312,95.1193,96.4024,24881800
2020-06-09,94.0232,94.8559,92.6296,93.9297,17031100
2020-06-10,93.8617,93.9042,89.9444,90.1229,24913300
2020-06-11,84.9990,86.3161,82.0334,82.6028,36259200
2020-06-12,85.5768,85.9337,82.7047,84.8630,24856800
2020-06-15,81.9315,86.1886,81.4641,86.0357,22153600
2020-06-16,89.5366,89.8000,84.3872,86.7240,22193600
2020-06-17,87.1233,87.1318,84.3022,84.5316,15639800
2020-06-18,83.8433,85.4153,83.3845,84.0728,16591900
2020-06-19,85.4239,85.4833,82.1949,83.1126,40371200
2020-06-22,82.6367,83.2315,82.0334,82.2119,16216900
2020-06-23,84.0983,84.9480,83.1466,83.2145,15381400
2020-06-24,82.2118,82.2883,80.1385,80.4359,22919800
2020-06-25,80.1725,83.4525,80.0960,83.2400,25743600
2020-06-26,80.8183,81.0392,78.1756,78.6770,41896300
2020-06-29,79.3653,80.2915,78.3286,79.0254,18499700
2020-06-30,78.8809,80.4359,78.6600,79.9261,19137000
2020-07-01,80.6314,81.3281,79.0508,79.2463,18755700
2020-07-02,81.2884,81.4771,78.8773,79.5037,27845600
2020-07-06,81.0224,81.6831,80.2073,81.5115,18625300
2020-07-07,80.4990,80.7392,78.9374,79.2120,25757200
2020-07-08,79.1862,80.0871,78.7658,80.0528,18762200
2020-07-09,80.2416,80.7564,77.8906,78.3196,25600800
2020-07-10,78.9374,83.0902,78.8259,82.6011,28954200
2020-07-13,84.7118,85.1752,82.5668,83.7852,32079200
2020-07-14,84.4030,85.7586,82.9186,84.2657,42731700
2020-07-15,86.5652,86.9084,84.6432,85.5699,22508400
2020-07-16,84.7548,86.8483,84.5574,85.8101,16886900
2020-07-17,85.8015,85.8702,84.2056,84.2228,16137700
2020-07-20,83.5964,84.4201,83.4506,83.4849,14458100
2020-07-21,83.8367,85.8444,83.7766,85.2953,17798100
2020-07-22,85.5012,85.9130,83.6822,84.6775,14271200
2020-07-23,84.5145,85.2438,84.0597,84.9263,12870200
2020-07-24,85.4583,85.6299,84.0340,84.3257,12744200
2020-07-27,83.6651,83.7680,82.5153,83.1417,11959100
2020-07-28,82.7985,83.9911,82.7985,83.5020,11754300
2020-07-29,83.2875,85.5527,83.2275,85.5270,12743500
2020-07-30,83.6908,83.8624,82.4124,83.2446,14834800
2020-07-31,82.7813,83.1674,81.7259,82.9186,14535000
2020-08-03,83.2446,83.7165,82.2408,82.4553,12962800
2020-08-04,82.2922,82.3265,81.5372,81.9833,13366200
2020-08-05,82.2579,84.4888,82.1292,83.4077,15260900
2020-08-06,83.7251,84.1713,82.8328,83.4334,10482100
2020-08-07,83.1674,85.3639,82.8499,85.2695,14743700
2020-08-10,85.8959,87.5519,85.8273,86.3506,14989900
2020-08-11,89.1135,91.0869,88.8131,89.0791,31518600
2020-08-12,91.0869,91.3186,87.2687,88.3241,19240800
2020-08-13,87.5176,88.6845,87.2087,87.8350,13598600
2020-08-14,87.0885,88.6415,87.0199,87.8693,12134400
2020-08-17,87.0886,87.5176,85.3983,85.5527,14988000
2020-08-18,85.7243,85.7243,84.1885,84.3601,13246500
2020-08-19,84.8749,86.3078,84.3772,84.5574,13533000
2020-08-20,83.4506,84.1112,83.0559,83.5450,13672600
2020-08-21,83.4591,84.5746,83.1760,83.5020,12228300
2020-08-24,84.4716,85.9817,83.5878,85.8530,17898300
2020-08-25,86.8912,87.5004,85.6299,86.2305,13648900
2020-08-26,85.7500,86.0332,84.9864,85.0207,12052400
2020-08-27,84.9435,88.0753,84.9435,87.8179,22163900
2020-08-28,88.4957,88.5901,87.3545,88.1782,13756700
2020-08-31,87.6205,87.6720,85.8187,85.9646,14219400
2020-09-01,85.4154,86.5480,84.9778,85.9216,11595600
2020-09-02,85.7586,87.4661,85.4240,87.2172,14475700
2020-09-03,88.6501,90.0830,86.3507,86.9427,23281200
2020-09-04,89.2765,90.2718,86.9770,88.8217,26325500
2020-09-08,88.3584,88.8646,85.3554,85.7329,22108600
2020-09-09,86.4879,87.2516,85.4240,86.5480,13434000
2020-09-10,87.0028,87.8779,85.4926,85.6557,15922800
2020-09-11,85.7758,86.9684,85.4497,86.7196,13784300
2020-09-14,87.0971,88.7703,86.9770,87.9208,19017400
2020-09-15,88.1439,88.2469,85.0636,85.1838,23683000
2020-09-16,85.3124,86.7711,84.7376,85.5441,19270600
2020-09-17,84.6861,85.2352,83.8367,84.5660,18290100
2020-09-18,83.9911,85.3639,83.6050,84.3858,20121600
2020-09-21,81.6830,82.4124,80.4990,81.7774,28378800
2020-09-22,81.4771,82.0777,80.3703,80.8851,19257000
2020-09-23,81.3227,81.8118,79.5037,79.5723,19952700
2020-09-24,79.2120,80.9108,78.4054,79.5037,18366500
2020-09-25,78.9803,80.4132,78.8259,80.1987,13293100
2020-09-28,81.5629,83.1674,80.9537,82.5067,20894100
2020-09-29,82.3952,82.3952,80.9366,81.8117,12848200
2020-09-30,81.8117,83.3991,81.7345,82.6011,16400600
2020-10-01,83.3304,83.8882,82.3952,83.2017,15778700
2020-10-02,81.7259,84.5917,81.5887,83.9911,15149600
2020-10-05,85.1429,85.9482,84.4587,85.7664,13871900
2020-10-06,86.6583,87.3424,84.4414,84.8830,19220400
2020-10-07,85.6971,86.9008,85.4460,86.3639,16358500
2020-10-08,87.0393,88.2604,86.5111,88.1391,15659000
2020-10-09,88.3297,88.4249,86.6930,87.6369,13689100
2020-10-12,87.5503,89.1956,87.3338,88.7107,16058000
2020-10-13,89.1956,89.3862,86.8229,87.2732,21697300
2020-10-14,87.4896,88.2690,86.6843,86.7882,15204100
2020-10-15,85.8183,88.1391,85.7664,88.0872,17171200
2020-10-16,87.8187,88.6154,87.2212,87.9053,13275000
2020-10-19,87.9833,88.2171,86.2167,86.4245,11725700
2020-10-20,86.8661,88.1305,86.7016,86.9181,11257100
2020-10-21,86.9095,87.4550,86.0175,86.0522,10730500
2020-10-22,86.0088,89.4035,86.0002,89.0917,14837200
2020-10-23,89.6286,90.4513,89.1350,89.8971,15087600
2020-10-26,88.8925,88.9358,86.8142,87.6715,12410700
2020-10-27,87.0394,87.3944,85.8703,86.0175,10391700
2020-10-28,84.4328,85.1256,83.1944,83.6014,16389500
2020-10-29,83.2377,84.8484,82.4756,84.1470,14208800
2020-10-30,84.7878,85.2295,83.3330,84.9004,15194500
2020-11-02,86.0695,87.3598,84.7445,86.8142,15011600
2020-11-03,89.2129,90.7024,88.9272,89.5507,17482600
2020-11-04,87.4637,88.3903,85.6711,86.8142,18886500
2020-11-05,87.5156,91.0142,87.4637,90.3647,17837400
2020-11-06,90.9536,91.0142,88.6674,89.1610,12552800
2020-11-09,97.9940,102.9647,95.5606,101.2327,47792400
2020-11-10,101.6224,101.7090,99.3189,100.9036,20539300
2020-11-11,101.2240,101.2847,98.6867,99.3968,14443400
2020-11-12,97.4484,98.6868,97.0414,98.1758,22063000
2020-11-13,99.3276,99.4661,98.3490,98.7907,11847900
2020-11-16,102.0034,102.7135,100.2195,101.5791,19858600
2020-11-17,99.9251,100.8344,99.2236,100.5486,14553200
2020-11-18,101.6137,102.7135,99.7605,99.8038,12571200
2020-11-19,98.8773,100.2975,98.3403,100.0723,10202500
2020-11-20,99.0937,100.1502,98.7993,99.2150,12718900
2020-11-23,100.4967,102.3325,100.0810,102.0727,13209200
2020-11-24,103.9779,106.9482,103.6661,106.7923,20121600
2020-11-25,105.1036,105.9783,104.3243,105.6752,11715600
2020-11-27,105.6492,105.9523,104.8525,104.9737,5983600
2020-11-30,103.9172,104.5408,101.9861,102.0814,14411800
2020-12-01,104.2116,105.2855,103.5968,103.6921,12668900
2020-12-02,103.6574,105.9176,103.2851,105.6838,10811300
2020-12-03,105.5193,105.5539,104.2290,104.9910,12904400
2020-12-04,106.0649,106.7663,105.3807,105.9436,13583700
2020-12-07,104.9131,105.7964,104.0991,105.5453,9724300
2020-12-08,104.8178,105.9350,104.5754,105.6492,9592100
2020-12-09,106.6624,106.7749,104.2983,104.8265,13073900
2020-12-10,103.9086,104.5927,103.5362,104.1511,13668400
2020-12-11,102.9993,103.9346,102.5057,103.5362,9981600
2020-12-14,105.0777,105.1469,102.2806,102.4451,12112400
2020-12-15,103.3024,104.6966,102.7222,104.1943,12590200
2020-12-16,104.1770,104.8525,103.7960,104.4975,11169400
2020-12-17,105.0084,105.1729,103.5535,103.6315,11618000
2020-12-18,103.1725,103.8133,102.4191,103.1206,28954800
2020-12-21,106.6624,108.2471,104.8612,106.9915,28323600
2020-12-22,106.8529,106.9655,105.3115,105.3634,11788200
2020-12-23,106.3247,109.5634,105.9523,108.3078,14973200
2020-12-24,108.3251,108.7234,107.0088,107.8315,4164900
2020-12-28,108.9572,109.6760,108.0653,108.5415,8072600
2020-12-29,109.2863,109.3556,108.1519,108.2558,8389200
2020-12-30,108.6714,108.9832,108.1605,108.5589,7398000
2020-12-31,108.3251,110.2649,108.0912,110.0397,8580200
2021-01-04,110.4121,110.7238,108.0566,109.0005,16819900
2021-01-05,109.0180,110.1606,107.9539,109.5936,13731200
2021-01-06,113.2831,115.8038,111.5387,114.7397,24909100
2021-01-07,118.3506,120.5312,117.6790,118.5076,21940400
2021-01-08,118.5949,118.9263,116.9813,118.6385,12035100
2021-01-11,117.3825,120.5399,116.9726,120.4091,15937900
2021-01-12,121.6214,123.5577,121.0894,122.3018,18033500
2021-01-13,120.8801,122.7989,120.4527,122.4152,14816800
2021-01-14,122.5373,124.5085,122.1099,123.1304,18565600
2021-01-15,119.8683,123.5491,119.5020,120.9237,27881000
2021-01-19,121.9878,122.7205,120.2085,120.4004,19843800
2021-01-20,120.2085,120.5137,118.1326,118.5949,16028800
2021-01-21,118.3507,118.7606,117.1558,117.6006,13411700
2021-01-22,115.7340,117.2255,115.3066,116.6935,12933200
2021-01-25,115.2543,116.1527,113.4401,115.2368,14212800
2021-01-26,115.7863,116.1527,114.5565,114.7659,11307800
2021-01-27,113.0302,113.2569,111.0764,111.5212,17603900
2021-01-28,113.3005,115.2805,112.5068,113.4837,13761800
2021-01-29,114.4257,114.8880,111.8091,112.2277,14808100
2021-02-01,112.8644,113.4488,112.0620,113.0563,11080700
2021-02-02,115.0799,117.2168,114.4519,116.5364,12253600
2021-02-03,116.5713,118.4117,116.4492,117.8709,10600800
2021-02-04,118.1588,120.9411,118.1588,120.5835,12419500
2021-02-05,121.5778,121.6651,119.8247,120.3480,10051300
2021-02-08,120.5399,122.3716,120.5225,122.2320,10136400
2021-02-09,121.6127,122.0925,120.8365,121.7436,8614800
2021-02-10,122.1099,122.8687,121.2726,121.8133,10323200
2021-02-11,121.8133,122.5896,120.5573,121.4732,9201000
2021-02-12,121.2813,123.5141,121.2377,123.2001,8324600
2021-02-16,125.2063,126.7501,124.2032,126.1657,12130600
2021-02-17,125.5551,126.8024,124.8312,126.5582,10810100
2021-02-18,125.5987,127.1600,125.0754,126.9856,10587800
2021-02-19,127.2211,129.8203,127.2211,129.1051,11969800
2021-02-22,128.1020,130.9977,128.0322,130.3174,11488400
2021-02-23,132.1491,132.8469,130.4744,131.3641,16234400
2021-02-24,130.9280,134.1115,130.9280,133.6754,15061400
2021-02-25,134.5564,135.1059,131.3466,131.8612,18127700
2021-02-26,131.0937,131.5909,127.7880,128.3637,19829200
2021-03-01,130.4134,132.0357,129.5063,131.2682,14845500
2021-03-02,130.9018,132.3846,130.6925,130.8407,14221700
2021-03-03,131.9049,135.1757,131.5473,133.3702,14324100
2021-03-04,133.1085,134.6523,129.6284,131.3204,20093900
2021-03-05,133.6405,133.8760,129.0614,131.6257,18465100
2021-03-08,132.9864,135.5943,131.4862,133.3702,17133300
2021-03-09,132.1403,134.5389,130.6750,132.4282,16238800
2021-03-10,132.4979,136.2048,132.1490,135.3065,14342200
2021-03-11,134.4169,136.1962,133.7627,134.6000,11771500
2021-03-12,136.8154,137.4870,135.2542,136.1961,12849500
2021-03-15,136.3706,136.8678,134.2860,135.5158,12101100
2021-03-16,134.3994,134.8442,132.7422,133.8935,12805600
2021-03-17,135.4897,136.8329,133.4923,135.2716,13952400
2021-03-18,137.4609,141.0282,137.0335,137.5045,21898500
2021-03-19,135.6379,136.0130,131.8700,135.3152,54418800
2021-03-22,133.2743,134.2947,131.3641,131.6781,19944800
2021-03-23,131.1198,132.6811,129.9249,130.3610,17076300
2021-03-24,130.8320,133.6057,130.7099,131.3728,13079800
2021-03-25,130.8321,133.4225,130.2477,133.0562,15608300
2021-03-26,134.5826,135.5856,133.0562,135.2716,16754400
2021-03-29,132.6811,134.0854,131.7391,133.1695,17570300
2021-03-30,134.7221,135.9519,134.2162,134.7395,13184300
2021-03-31,133.6929,134.7483,132.6812,132.7771,16736700
2021-04-01,132.4892,134.1377,132.1839,134.0679,16561500
2021-04-05,135.4629,135.9367,133.8837,134.7786,13508000
2021-04-06,134.0504,135.3577,133.2345,133.8311,13071600
2021-04-07,134.3224,136.1911,133.9276,135.9279,16903500
2021-04-08,135.1120,136.4368,133.6293,136.0946,12335500
2021-04-09,136.7000,137.7792,135.9631,137.1124,12122400
2021-04-12,136.4982,137.9634,136.4894,136.8228,12273400
2021-04-13,135.7700,136.1648,133.7345,135.1909,16113600
2021-04-14,132.8923,134.9628,132.4185,132.6642,19939600
2021-04-15,132.6993,133.5328,131.0060,133.5064,17694100
2021-04-16,134.9979,135.5594,133.9627,134.4978,13773400
2021-04-19,134.6032,135.0067,133.5503,133.9276,11900200
2021-04-20,133.1292,133.1380,130.4182,130.9622,13716700
2021-04-21,129.6636,132.1377,128.7863,132.0763,12236700
2021-04-22,131.8044,131.8658,129.1986,129.2952,15256100
2021-04-23,129.1285,132.5940,128.6986,131.7693,14041900
2021-04-26,132.2869,133.7609,131.9360,132.0939,10799100
2021-04-27,132.0413,132.9800,131.6991,132.6993,12821200
2021-04-28,133.7345,134.1381,132.8308,133.5591,8943700
2021-04-29,134.7084,136.2350,134.4101,136.1560,12976900
2021-04-30,135.1997,135.5419,134.2434,134.9453,11705100
2021-05-03,135.8577,136.4105,134.3487,134.5505,11801100
2021-05-04,134.1206,136.5509,133.4801,136.4105,12977700
2021-05-05,136.8667,138.8671,135.6647,138.2003,10506700
2021-05-06,138.6828,141.0955,137.8844,140.9815,13542400
2021-05-07,137.9371,141.6921,137.7616,141.4640,14257800
2021-05-10,141.6921,143.6486,141.3587,141.4464,14014300
2021-05-11,141.3236,142.4729,138.6565,139.0951,15451700
2021-05-12,140.0339,141.0604,137.7703,138.1388,14381700
2021-05-13,138.7793,142.5256,138.3407,141.6921,15395000
2021-05-14,142.4730,144.2803,142.1220,143.8943,10584000
2021-05-17,143.3328,144.6312,143.0345,144.4733,9886800
2021-05-18,144.4821,145.2015,142.3414,142.4379,11098100
2021-05-19,141.2535,141.4114,139.1829,141.3500,13278900
2021-05-20,141.1043,142.0079,139.9550,141.1043,10426000
2021-05-21,141.5518,143.2012,141.2008,142.7099,10249000
2021-05-24,143.3240,144.0873,142.2361,143.4819,9440300
2021-05-25,143.7539,145.3770,141.7448,141.9992,12609100
2021-05-26,143.5082,143.6574,141.5254,141.9816,13058300
2021-05-27,143.8416,144.5435,142.6309,144.1926,15707500
2021-05-28,144.4821,144.7102,143.2362,144.0961,10291300
2021-06-01,145.5261,146.4386,145.1840,145.6841,9445400
2021-06-02,146.7457,146.9036,145.2278,145.6928,10498600
2021-06-03,145.1226,146.7369,144.4646,145.7894,13354400
2021-06-04,145.8245,146.2280,144.7892,146.0262,8510800
2021-06-07,146.5176,146.6053,144.8857,145.3419,7267200
2021-06-08,144.3154,145.4296,143.1485,144.7628,10370700
2021-06-09,144.0083,144.0785,142.3765,142.9555,12377400
2021-06-10,144.2013,144.9734,140.6480,140.7270,12119400
2021-06-11,140.7533,141.4289,139.5514,140.6305,13683800
2021-06-14,140.5076,140.6656,137.4457,138.2441,19917900
2021-06-15,137.4808,137.6738,135.2260,136.1472,24485500
2021-06-16,135.7525,138.2880,134.3312,137.1036,25321200
2021-06-17,137.8318,138.1476,132.6993,133.1467,29722400
2021-06-18,130.9885,131.3394,129.4619,129.7777,43595700
2021-06-21,130.7954,132.6554,130.7428,131.9799,18664800
2021-06-22,132.1290,132.4536,130.4270,131.7868,14251200
2021-06-23,131.7781,133.3924,131.6816,132.5852,12733300
2021-06-24,133.2871,134.3399,132.6729,133.8047,13733200
2021-06-25,133.8749,135.5507,133.0678,135.1559,15484900
2021-06-28,134.8488,135.5331,133.4626,135.4015,14125800
2021-06-29,135.9894,137.1387,134.7699,135.2348,14528700
2021-06-30,134.8926,136.9369,134.8575,136.4631,12531000
2021-07-01,137.0948,137.8669,136.3578,137.8142,10479400
2021-07-02,137.6112,137.9377,136.8788,137.6818,11424000
2021-07-06,137.4613,137.4613,134.4346,135.3700,15083400
2021-07-07,134.1346,136.1377,133.7287,135.5288,12271800
2021-07-08,133.7816,134.5935,132.3963,133.1904,17834600
2021-07-09,135.0523,137.7877,134.6376,137.4524,13694500
2021-07-12,136.1994,140.4438,135.8376,139.4202,19940400
2021-07-13,137.6995,138.8819,135.4494,137.3465,22671700
2021-07-14,137.6113,138.7849,134.9641,136.8789,14622800
2021-07-15,135.8023,138.1231,135.6259,137.1789,11539300
2021-07-16,137.6201,137.9025,133.2610,134.0464,14002700
2021-07-19,131.0814,132.2021,128.5754,129.6872,22172900
2021-07-20,129.2901,133.3492,129.1225,132.1050,15385200
2021-07-21,134.1699,135.5818,133.5611,134.8847,12356700
2021-07-22,134.9023,135.3964,132.3344,133.1815,9913300
2021-07-23,133.6670,134.8670,132.5816,132.9257,9666100
2021-07-26,132.5286,134.0905,132.5109,133.8169,8208000
2021-07-27,132.7139,134.5581,132.1844,133.6404,11218700
2021-07-28,134.3817,134.8052,133.1375,133.8611,9217300
2021-07-29,135.1317,135.7759,134.0464,135.0082,9063500
2021-07-30,134.6376,135.5994,133.4199,133.9317,9805200
2021-08-02,134.1523,136.2877,133.3052,133.3934,10203200
2021-08-03,134.0817,135.2906,131.9374,134.9111,10394800
2021-08-04,133.4640,135.3347,133.1639,133.4551,10155000
2021-08-05,134.3729,135.6171,134.1346,135.1406,9151500
2021-08-06,136.9406,139.2614,136.8700,138.9790,13328800
2021-08-09,138.9966,139.9055,137.5671,138.8290,9516900
2021-08-10,138.3084,141.1673,137.9289,140.5320,8667000
2021-08-11,141.1850,142.5086,140.3732,142.2086,9156500
2021-08-12,142.8440,143.2763,141.6704,142.7645,8844200
2021-08-13,142.7645,143.0910,140.8056,141.1673,8980900
2021-08-16,140.2497,140.3291,138.3437,140.2409,8755800
2021-08-17,139.0408,140.1791,137.0113,138.5466,9347200
2021-08-18,137.9289,139.4290,137.0730,137.2848,8065500
2021-08-19,135.1494,137.2671,135.0170,136.1376,9517700
2021-08-20,136.1994,136.6848,135.1494,136.5259,6974100
2021-08-23,137.0642,138.6172,136.9848,138.2731,7934600
2021-08-24,138.5378,139.9055,138.4231,139.1290,7670900
2021-08-25,139.8702,142.7557,139.2437,141.9968,11335000
2021-08-26,143.1793,144.5647,142.1998,142.7293,11027500
2021-08-27,142.7292,143.9734,142.2968,143.8763,8780200
2021-08-30,144.0176,144.2646,141.0792,141.5733,7937600
2021-08-31,141.5733,142.3939,140.6115,141.1409,12340800
2021-09-01,141.3792,141.8557,140.2762,140.9380,8729900
2021-09-02,141.2027,142.6057,140.6820,141.5909,8813300
2021-09-03,141.5291,141.9703,140.4350,140.7350,7959700
2021-09-07,141.1762,142.4028,140.2673,140.4879,9285600
2021-09-08,140.2056,140.8144,139.4555,139.8614,7852700
2021-09-09,139.6585,141.9175,139.4908,140.4703,7904300
2021-09-10,141.6792,141.8204,138.7319,138.8555,8311600
2021-09-13,139.8879,141.2291,139.4820,141.0615,10052800
2021-09-14,141.5821,142.3674,137.8848,138.5996,11685600
2021-09-15,138.2907,140.0291,138.0701,139.5614,11691500
2021-09-16,140.6644,141.9351,138.7319,139.4996,10880900
2021-09-17,138.8731,140.3114,138.5378,139.1378,25581600
2021-09-20,135.7935,136.3847,132.7933,134.9729,15819900
2021-09-21,135.4759,136.3759,134.6376,134.9905,8999900
2021-09-22,136.9495,138.7584,136.8612,137.5760,11236200
2021-09-23,139.4202,142.6939,139.1290,142.2263,12336100
2021-09-24,142.4557,144.3528,141.9086,143.8675,10102400
2021-09-27,145.5971,147.7148,145.2529,147.3442,13220900
2021-09-28,147.9795,149.3914,146.1794,146.5500,13387900
2021-09-29,146.6648,147.2736,145.6323,146.4353,7777100
2021-09-30,147.2913,147.3531,143.6469,144.4411,13161200
2021-10-01,144.7147,148.5090,144.3617,147.4766,11285000
2021-10-04,147.3354,150.3974,146.2412,147.3177,14120000
2021-10-05,148.4363,151.0373,147.9569,149.7235,12292900
2021-10-06,149.1287,150.1141,147.3621,150.0431,8692600
2021-10-07,151.9783,152.2535,150.5047,150.9929,10195400
2021-10-08,150.9308,152.1026,150.2916,151.1083,8190100
2021-10-11,151.6232,152.0582,147.7705,147.9303,12154700
2021-10-12,147.1402,147.9746,146.2702,146.7940,13032600
2021-10-13,145.6488,146.8384,142.5684,142.9235,22753500
2021-10-14,143.5893,145.5955,142.0890,145.1161,15176800
2021-10-15,146.7851,148.4008,145.7110,147.9036,14267400
2021-10-18,147.7882,149.6791,147.2822,147.8504,12672900
2021-10-19,148.6050,149.7146,147.8770,149.6436,8053900
2021-10-20,149.4039,151.6853,148.6582,151.6587,8185600
2021-10-21,151.5877,152.0937,149.7413,150.4692,8415200
2021-10-22,150.9396,152.7683,150.6467,152.4931,8817900
2021-10-25,153.3188,153.5407,151.3391,151.7475,10159200
2021-10-26,151.8007,153.1235,151.3924,152.1558,8015100
2021-10-27,151.1971,151.5344,148.5517,148.9867,9847000
2021-10-28,149.4039,151.3658,149.1021,151.2326,7212900
2021-10-29,151.9605,152.9015,150.3715,150.8154,8140100
2021-11-01,152.7240,152.9814,150.0341,150.7355,7435500
2021-11-02,150.7355,152.4133,149.9543,151.3303,7173800
2021-11-03,151.0284,151.9162,150.1585,151.3835,8402700
2021-11-04,150.9130,151.0906,147.7971,149.3950,9574200
2021-11-05,149.9365,150.9929,148.6138,149.1820,7975600
2021-11-08,150.0697,151.7297,149.7945,150.0786,6413700
2021-11-09,148.5605,149.5548,147.8947,148.9422,7990300
2021-11-10,148.6493,149.9809,148.3297,148.8002,6999200
2021-11-11,148.7115,149.7412,148.1611,148.7914,5815300
2021-11-12,148.8269,148.9068,147.1136,148.1256,8113400
2021-11-15,148.4363,148.9511,147.3621,147.8592,6492500
2021-11-16,148.3031,148.3120,146.5809,146.7940,9706100
2021-11-17,146.6608,146.9715,145.0452,146.0039,9909600
2021-11-18,145.9329,146.3412,144.3083,144.7433,8122500
2021-11-19,143.1898,143.9089,141.5476,142.8525,12193600
2021-11-22,145.7287,147.3444,144.6901,145.8974,14549900
2021-11-23,146.9183,149.6347,146.8028,149.3861,12354400
2021-11-24,149.5460,150.4159,147.7528,148.2144,9629800
2021-11-26,143.9355,144.3882,140.9883,143.7491,13619300
2021-11-29,144.9741,146.2791,141.8760,143.1277,12104400
2021-11-30,141.2901,142.5951,140.5178,140.9972,18922600
2021-12-01,142.9235,144.9387,140.0828,140.1627,12253400
2021-12-02,141.8849,144.9209,140.9705,143.1099,12969900
2021-12-03,143.3674,143.6603,139.5413,140.5178,12681800
2021-12-06,142.9324,144.3528,141.5564,142.1778,11186500
2021-12-07,143.7047,145.0451,143.0655,144.3172,9851600
2021-12-08,144.3972,144.9387,142.1867,142.6661,11705700
2021-12-09,141.7251,142.8614,140.8373,142.4441,11189600
2021-12-10,143.2076,143.5449,141.2635,141.8760,10405400
2021-12-13,141.5919,141.8494,139.6212,140.1893,12069000
2021-12-14,139.7721,142.8258,139.6389,141.2634,12563600
2021-12-15,141.9026,141.9026,139.6833,140.2071,14014200
2021-12-16,142.3820,143.6514,140.8817,142.3997,19542800
2021-12-17,141.4321,141.4854,137.7569,139.1595,28082000
2021-12-20,137.1622,137.3308,134.7919,136.6562,15148000
2021-12-21,137.9611,139.5324,137.6771,138.5648,11291300
2021-12-22,138.2630,139.4259,137.8102,139.1063,7273000
2021-12-23,139.9141,141.2546,139.5590,139.6034,8055200
2021-12-27,139.9052,140.4379,138.7867,140.4024,6188100
2021-12-28,140.4379,142.1689,140.3314,140.8285,6342300
2021-12-29,141.0149,141.7073,140.3935,140.7574,6398900
2021-12-30,141.2457,142.2488,140.5888,140.6864,6948200
2021-12-31,140.6598,141.4055,140.2248,140.5710,5805900
2022-01-03,141.9115,144.3794,141.6008,143.5449,13120900
2022-01-04,145.8619,149.6525,145.7909,148.9867,20195800
2022-01-05,149.8708,150.3530,146.2182,146.2629,17539400
2022-01-06,149.0581,149.4689,146.3433,147.8168,14047500
2022-01-07,147.9508,149.6118,147.4060,149.2814,13913300
2022-01-10,150.9871,151.2014,147.8257,149.4243,12922500
2022-01-11,150.2637,150.4959,148.5223,149.5761,11854100
2022-01-12,150.4423,151.4515,149.2992,150.4245,12568000
2022-01-13,150.3352,151.6480,149.9333,150.2370,13623400
2022-01-14,143.5659,143.8070,140.1187,141.0029,40158400
2022-01-18,139.1186,139.1186,134.4390,135.0909,32324800
2022-01-19,135.3588,135.9482,132.6618,133.0012,22380000
2022-01-20,133.0548,134.5015,131.5991,131.8670,14860800
2022-01-21,131.7241,131.7330,128.8395,129.5629,20705400
2022-01-24,127.0624,129.9202,124.6423,129.4469,28471400
2022-01-25,128.2859,131.1436,125.7318,130.8579,18915900
2022-01-26,132.8137,134.4658,130.3489,132.0992,20709100
2022-01-27,133.4388,134.2961,128.7146,129.7684,17536800
2022-01-28,128.7681,131.0633,126.9642,130.9293,14117000
2022-01-31,130.0630,132.8761,129.1968,132.7065,13985700
2022-02-01,132.7868,135.2695,132.4385,134.9837,14584900
2022-02-02,134.4032,134.7962,132.2331,133.9031,12441100
2022-02-03,133.9567,135.4302,132.4296,132.7958,12474900
2022-02-04,133.1530,137.0824,132.8583,136.2429,16654400
2022-02-07,136.8770,137.1895,134.7158,136.6984,12572300
2022-02-08,138.4219,141.5297,138.2433,139.2703,20411400
2022-02-09,139.8419,140.5920,139.1543,139.8508,9131100
2022-02-10,139.9044,142.0209,138.6184,139.2703,16455600
2022-02-11,138.9667,141.2708,136.6091,137.4575,16830000
2022-02-14,136.3948,137.2431,134.2425,136.1804,17026500
2022-02-15,137.9844,139.2614,137.3950,138.1719,9500000
2022-02-16,137.2967,139.4043,137.2967,138.4219,9076500
2022-02-17,136.6359,137.2878,134.5551,135.2338,11367500
2022-02-18,135.8589,137.6539,134.9658,135.8678,11733300
2022-02-22,134.4925,136.8502,134.3229,135.6267,11333500
2022-02-23,136.7430,136.9038,132.1438,132.7868,11799000
2022-02-24,127.6518,129.4826,124.8298,129.0896,25655100
2022-02-25,129.7147,134.0728,129.4111,132.1438,18367700
2022-02-28,128.1966,129.5451,125.8122,126.6338,31315300
2022-03-01,125.0620,125.4549,119.2929,121.8560,36840400
2022-03-02,122.6061,125.0620,121.9989,124.3833,19405600
2022-03-03,124.8834,125.9015,122.4007,123.4992,16640800
2022-03-04,120.5075,120.9361,118.2391,120.0252,21016000
2022-03-07,118.0338,118.4981,115.1581,115.3904,27560100
2022-03-08,115.7743,117.6944,113.6578,114.5777,19207800
2022-03-09,118.6857,120.7754,118.2749,119.1679,17536200
2022-03-10,117.7569,119.1768,116.3816,117.7569,15604200
2022-03-11,118.3195,119.7395,114.6848,115.1045,20061800
2022-03-14,115.6136,118.7035,115.4082,116.2476,15786900
2022-03-15,117.7033,119.2661,117.1050,118.3106,15096600
2022-03-16,120.4450,123.6778,120.0520,123.5974,20354900
2022-03-17,122.2221,125.1960,121.3827,125.1602,17050500
2022-03-18,125.1960,125.7854,123.6510,125.1156,23656500
2022-03-21,125.3388,125.7050,123.8921,124.7137,12676100
2022-03-22,127.0535,128.5359,126.5623,127.3660,13548600
2022-03-23,125.9015,126.4462,124.3118,124.8298,12093200
2022-03-24,125.2942,125.6604,124.2315,125.6425,10017600
2022-03-25,125.9997,127.8661,125.7407,126.7409,8383500
2022-03-28,125.0263,125.8925,123.1509,125.8032,10818100
2022-03-29,128.0180,128.2412,125.2406,126.0800,11316500
2022-03-30,126.7231,126.9195,124.9459,125.5085,8771000
2022-03-31,124.8745,125.3388,121.6863,121.7399,17353900
2022-04-01,122.7043,122.7133,119.4894,120.8379,15721300
2022-04-04,119.7752,122.2936,118.6767,121.3737,17416400
2022-04-05,120.6180,121.8146,119.6644,119.9613,12110300
2022-04-06,118.3778,119.2595,117.8201,118.2969,12914700
2022-04-07,117.8111,118.6837,115.8138,117.9370,12994200
2022-04-08,118.4588,120.4651,118.2969,120.0962,13126900
2022-04-11,119.6554,121.3647,119.2685,119.6554,10466400
2022-04-12,118.8817,121.0768,117.5861,118.3419,12989900
2022-04-13,114.2034,116.2816,113.3667,114.5273,30838000
2022-04-14,113.8075,115.4269,112.4760,113.4657,18835200
2022-04-18,113.0608,116.2726,112.9439,115.5709,11834400
2022-04-19,115.5619,118.1439,115.3640,117.9640,15015400
2022-04-20,119.2235,120.1142,118.1619,118.3778,13430200
2022-04-21,118.9536,119.4844,116.9204,117.4602,12174200
2022-04-22,117.2083,117.4242,113.9785,114.0864,14318800
2022-04-25,113.3667,114.3653,110.7577,114.0505,17149000
2022-04-26,112.1342,113.7266,110.5418,110.6767,17209500
2022-04-27,110.0559,111.1625,109.0573,109.2373,17215200
2022-04-28,110.4878,111.2435,108.9854,110.9646,13015600
2022-04-29,110.7037,111.2075,106.9701,107.3839,14874800
2022-05-02,107.8517,108.5985,106.3583,108.3646,18545000
2022-05-03,109.3362,111.7114,108.6615,110.6857,15720900
2022-05-04,110.4788,114.6173,110.4248,114.3474,17128500
2022-05-05,112.6830,113.4477,109.9030,111.4864,15055400
2022-05-06,111.3785,111.8193,109.0213,111.3065,14417900
2022-05-09,109.8580,110.9556,108.4096,109.6331,14312300
2022-05-10,110.7577,111.3604,105.7645,106.9611,16382400
2022-05-11,107.3300,110.5598,106.1064,106.2864,14630300
2022-05-12,105.2607,106.4483,103.7943,106.1964,16318800
2022-05-13,107.4289,108.1846,106.1244,107.1410,10443200
2022-05-16,106.6462,107.4739,105.4677,106.3943,10269000
2022-05-17,108.8954,110.6317,108.6885,109.9210,11160200
2022-05-18,109.1293,109.7321,107.5369,108.0407,12664900
2022-05-19,106.3313,107.6448,105.8275,106.4393,12765800
2022-05-20,107.4739,107.6628,103.4794,105.5666,13150100
2022-05-23,108.3736,113.8705,108.3646,112.0982,24376700
2022-05-24,111.8823,114.6982,110.7577,113.6816,19324900
2022-05-25,113.6096,115.0311,112.6110,114.4733,12780400
2022-05-26,115.4899,117.1273,115.3460,116.4526,15990900
2022-05-27,117.1003,118.0990,116.1827,118.0990,11177800
2022-05-31,117.1183,119.7903,116.6955,118.9626,17015000
2022-06-01,119.5384,119.5384,115.7598,116.8754,10768000
2022-06-02,116.8664,118.7647,115.7598,118.7557,8374800
2022-06-03,118.0450,118.5488,116.9474,117.1003,8596000
2022-06-06,117.9370,119.1066,116.4706,116.7135,11323500
2022-06-07,115.9038,117.2443,115.7148,117.0193,6722200
2022-06-08,116.0567,116.4616,114.1674,115.1570,8422100
2022-06-09,114.5903,115.2470,112.7010,112.7369,13560100
2022-06-10,110.2899,111.0186,107.3480,107.5549,12945200
2022-06-13,105.1348,106.1154,103.5154,104.3521,16805600
2022-06-14,103.9562,105.5486,101.8600,102.6157,13357900
2022-06-15,104.0192,105.2158,101.8150,103.8303,14083500
2022-06-16,102.4358,102.7957,100.6455,102.0489,16724900
2022-06-17,102.1479,103.1285,100.9064,101.6891,30919900
2022-06-21,104.2441,105.2877,103.4974,104.2081,11680500
2022-06-22,103.3534,104.5410,102.9126,103.6233,9842700
2022-06-23,103.4704,103.6233,100.2946,102.4898,11851500
2022-06-24,101.8690,105.9984,101.5091,105.5486,14841100
2022-06-27,106.2144,106.6102,104.0372,104.7029,11280500
2022-06-28,105.8635,107.3210,104.0012,104.1991,11590900
2022-06-29,104.3611,105.0988,103.2185,103.7313,9338400
2022-06-30,101.8150,102.6337,99.7998,101.3112,15172600
2022-07-01,101.3472,102.9396,100.0067,102.6067,10573600
2022-07-05,100.5373,102.2981,99.2031,102.2164,12514200
2022-07-06,101.4087,102.5523,100.5555,101.5539,10656200
2022-07-07,103.0152,104.2858,102.9244,104.1225,10347400
2022-07-08,104.5218,104.9665,103.1150,103.7957,8807800
2022-07-11,103.0605,103.6777,101.8534,102.4343,7939500
2022-07-12,102.1801,104.5400,101.8897,102.5341,11250900
2022-07-13,101.4268,102.0894,100.1834,101.5720,12979900
2022-07-14,98.0141,98.2320,96.2624,98.0232,26204800
2022-07-15,99.0761,103.3601,97.7237,102.5160,18863900
2022-07-18,104.1678,105.1390,101.0093,101.4631,13977900
2022-07-19,102.6793,104.3221,102.2618,103.9772,11862300
2022-07-20,103.5597,104.1406,102.9970,103.9591,11667500
2022-07-21,103.8683,104.8576,102.8972,104.6670,11595900
2022-07-22,104.5944,105.5111,103.1695,104.1588,7645500
2022-07-25,105.1390,105.7017,104.1678,104.5763,9394000
2022-07-26,103.9954,104.9030,102.5886,102.9426,10675100
2022-07-27,103.4780,105.0482,102.8336,104.5944,9337400
2022-07-28,104.6035,105.2661,103.0424,104.2041,10384800
2022-07-29,104.9121,105.7380,104.1860,104.7033,12944500
2022-08-01,103.9228,104.4764,102.6249,103.6596,14740400
2022-08-02,103.3964,103.8320,101.8988,102.0440,14942900
2022-08-03,102.9698,103.5597,101.3905,103.1150,14394500
2022-08-04,102.4252,102.8518,100.7643,101.9805,18033900
2022-08-05,102.1348,105.4567,101.6991,105.0664,14174600
2022-08-08,105.5111,105.9195,103.6323,103.7866,10332500
2022-08-09,104.1497,105.2751,103.8048,104.7215,10233800
2022-08-10,107.0631,108.3429,106.6456,107.4534,12847300
2022-08-11,108.8239,110.0038,108.2884,109.0418,11684900
2022-08-12,109.5228,110.9568,108.4064,110.8479,9906700
2022-08-15,109.9494,111.3834,109.4593,111.1475,8456200
2022-08-16,110.9932,112.7630,110.6120,112.2094,9555000
2022-08-17,111.0022,111.7828,110.4486,111.2654,8149300
2022-08-18,110.9478,111.1565,109.4139,110.4032,9531800
2022-08-19,109.4774,109.8132,107.1993,107.6713,13464500
2022-08-22,105.9649,106.3371,104.8304,105.8923,8967600
2022-08-23,105.9105,106.4550,104.7215,104.8485,7607000
2022-08-24,104.6398,105.6563,103.8774,105.1027,9771300
2022-08-25,105.4294,107.7711,104.9938,107.5986,10758900
2022-08-26,108.4246,108.9056,104.0135,104.0771,11276200
2022-08-29,103.4690,104.2495,102.9788,103.8229,8117300
2022-08-30,104.3766,104.9030,102.8881,103.8411,10745400
2022-08-31,103.9046,104.4038,102.8699,103.2239,10738300
2022-09-01,102.8246,104.0408,101.5720,103.9319,9979800
2022-09-02,105.1662,106.6003,102.7338,103.2058,10666600
2022-09-06,103.7685,104.1497,101.7173,103.2330,9751900
2022-09-07,102.6793,105.3841,102.3435,105.1935,10647900
2022-09-08,104.6307,107.8165,104.0408,107.6440,11435000
2022-09-09,108.1341,108.9601,107.7076,108.1614,9299700
2022-09-12,109.4774,110.3215,108.7241,109.4411,8614600
2022-09-13,107.1630,107.9345,105.0845,105.6382,12904600
2022-09-14,105.9195,106.9542,104.2677,105.3931,9345700
2022-09-15,105.3931,108.3520,105.0664,106.9815,10821400
2022-09-16,106.5458,106.5549,104.7124,106.2645,14844100
2022-09-19,105.2842,107.7620,104.8395,107.2447,8201300
2022-09-20,106.5640,106.8181,104.0498,105.1299,9619000
2022-09-21,105.7743,105.8288,102.0349,102.0985,12606300
2022-09-22,102.9062,103.1059,100.8096,100.9367,11684500
2022-09-23,99.8839,100.1471,97.2608,99.0579,18138600
2022-09-26,98.0232,99.4845,96.2624,96.9250,15753600
2022-09-27,97.7963,98.1775,94.9827,96.0719,12793600
2022-09-28,96.1626,98.6858,95.8812,98.0142,12762600
2022-09-29,97.0702,97.3698,94.7558,96.3532,12713900
2022-09-30,96.2624,97.6783,94.7558,94.8465,15973400
2022-10-03,95.8631,98.3500,94.8102,97.7782,12248100
2022-10-04,100.3921,102.5523,99.7114,102.3526,16013600
2022-10-05,100.5028,101.6017,99.6603,101.0889,10943500
2022-10-06,100.2372,100.9057,98.8453,99.0284,11521400
2022-10-07,98.4607,98.6347,96.4003,97.0505,11681100
2022-10-10,97.7373,98.2684,95.7135,96.1439,8931700
2022-10-11,95.5761,95.7318,93.2684,93.3691,12739700
2022-10-12,93.2227,95.9058,92.7465,94.8801,13181000
2022-10-13,93.3875,100.6402,93.1860,100.1548,22398700
2022-10-14,102.5266,105.5302,101.3911,101.8215,33387100
2022-10-17,105.6859,107.1511,104.6877,106.0980,22276300
2022-10-18,109.5778,110.0174,107.1053,108.8269,21539700
2022-10-19,108.0485,108.8177,105.9240,106.6932,17072000
2022-10-20,107.2885,108.7079,105.9057,106.3452,12207400
2022-10-21,106.6474,112.0778,106.5284,111.9313,20593300
2022-10-24,111.7848,112.7280,111.1071,112.0686,12624200
2022-10-25,111.5833,112.8836,110.7041,112.3616,11289100
2022-10-26,112.6364,114.6510,112.5265,113.6529,11667000
2022-10-27,114.6510,115.5668,113.7444,114.1016,10727600
2022-10-28,114.7334,115.6400,113.5979,115.4569,11859500
2022-10-31,115.1089,116.6931,115.0082,115.2737,13295200
2022-11-01,116.1803,117.4715,115.6858,117.3525,13386900
2022-11-02,116.8946,119.3763,115.9697,116.2719,16546100
2022-11-03,115.6675,117.3799,115.3012,116.4825,12474400
2022-11-04,118.5795,119.8066,117.6363,119.6693,14953200
2022-11-07,119.9623,121.1436,119.4861,120.3011,12011200
2022-11-08,120.1821,120.9330,119.1748,120.3744,9884100
2022-11-09,120.2554,120.3561,118.3323,118.8085,9494000
2022-11-10,121.4550,123.8542,121.3634,123.6986,16351600
2022-11-11,123.7993,124.6967,122.5081,123.9000,10704700
2022-11-14,123.4422,124.2938,122.6271,122.6271,11085600
2022-11-15,123.3323,124.2755,120.5118,121.7389,14038300
2022-11-16,121.7938,122.3066,120.9056,121.9037,7893400
2022-11-17,120.8781,121.6931,120.2187,121.3726,8820200
2022-11-18,123.2315,123.3231,121.1345,122.5630,9468500
2022-11-21,122.4715,123.2224,121.5649,121.8396,7800500
2022-11-22,122.7096,123.8725,122.4257,123.6619,9185700
2022-11-23,123.5704,124.9989,123.4971,124.9806,7316200
2022-11-25,124.9806,125.5850,124.5960,125.2187,3220500
2022-11-28,124.6052,125.1913,122.8836,123.0301,9906900
2022-11-29,123.3140,125.1271,123.0850,125.0539,7925300
2022-11-30,124.6235,126.5374,121.9678,126.5374,14761200
2022-12-01,126.5373,126.9769,124.0191,124.7608,8858500
2022-12-02,123.1583,123.9458,122.1052,123.7718,8931900
2022-12-05,122.9293,123.2315,119.5960,120.3011,10154500
2022-12-06,122.1509,123.7260,118.9275,120.5026,13966700
2022-12-07,120.2462,121.8671,119.3488,120.4202,11739400
2022-12-08,121.1803,121.7755,120.3561,121.6840,8907300
2022-12-09,121.0612,122.4898,120.8781,121.0246,7957800
2022-12-12,121.2444,123.3048,120.5118,122.9019,8841600
2022-12-13,125.3560,125.5392,121.8671,122.7828,10025400
2022-12-14,122.5081,124.2755,121.5740,122.1693,9966100
2022-12-15,120.0997,120.9513,118.1766,119.1382,12087800
2022-12-16,118.2682,118.9550,117.6088,118.3964,21133700
2022-12-19,118.7261,120.2645,118.2132,119.1015,9017200
2022-12-20,119.9349,120.9239,119.2297,119.6784,8549900
2022-12-21,121.0429,121.7755,120.6675,121.0246,8051700
2022-12-22,120.0539,120.2371,117.5906,119.6510,8648200
2022-12-23,119.5777,120.3652,118.7169,120.2187,5091900
2022-12-27,120.4843,121.0795,119.5502,120.6400,5411000
2022-12-28,120.7407,122.1693,119.9715,121.2993,8827700
2022-12-29,121.7297,122.0411,121.1620,121.9953,6585200
2022-12-30,121.6198,123.0117,121.2810,122.8011,9292500
2023-01-03,123.8451,125.2187,122.6088,123.7352,11054800
2023-01-04,124.5319,126.0795,124.1473,124.8890,11687600
2023-01-05,125.1473,125.1935,123.3392,124.8614,8381300
2023-01-06,125.5809,127.6566,124.0680,127.2507,10029100
2023-01-09,127.8595,128.1178,126.2728,126.7248,8482300
2023-01-10,127.1123,127.9702,126.6695,127.8595,9048700
2023-01-11,128.1363,128.9204,127.3983,128.8097,8703700
2023-01-12,129.1510,129.9444,128.4314,128.6805,11001700
2023-01-13,125.0920,132.3706,124.3540,131.9278,20200000
2023-01-17,130.2303,130.5717,128.4407,129.8890,14292900
2023-01-18,128.1547,129.8244,125.8392,125.9868,13392600
2023-01-19,124.8337,125.3687,123.2377,124.3078,13303400
2023-01-20,124.6861,124.9905,123.2009,124.6123,13092500
2023-01-23,124.6492,127.2691,124.3724,126.6326,10487100
2023-01-24,125.8484,129.4185,124.5385,127.7211,6945000
2023-01-25,127.3521,128.3392,126.6141,128.3392,8967000
2023-01-26,128.6160,129.2064,127.6381,129.1326,7487600
2023-01-27,129.7137,130.3134,128.9204,129.4462,7489900
2023-01-30,128.4407,129.2340,128.1455,128.3484,6729300
2023-01-31,129.0403,129.2156,127.5366,129.1141,9188700
2023-02-01,127.4997,129.9628,127.4167,128.7728,8841800
2023-02-02,129.1510,129.5754,127.3060,128.1731,11822100
2023-02-03,127.4720,131.3004,127.4259,130.1565,11501200
2023-02-06,129.3632,131.2174,129.1787,130.9222,8406200
2023-02-07,130.4241,133.1547,130.2396,132.5182,10447900
2023-02-08,131.5956,132.8779,131.2543,131.5864,6958000
2023-02-09,132.0292,132.2322,129.0311,129.5385,6443100
2023-02-10,128.9480,130.3318,127.8503,130.1104,6582900
2023-02-13,130.3503,131.6695,129.8337,131.5219,7134600
2023-02-14,131.4573,132.6657,130.6270,132.1030,9249400
2023-02-15,130.6362,132.7395,130.3503,132.6565,6728300
2023-02-16,131.8355,132.2783,130.7008,130.8300,8165300
2023-02-17,130.0551,131.7617,129.2156,131.2174,7948800
2023-02-21,129.7875,130.3872,127.9979,128.8097,9996300
2023-02-22,128.1547,128.6251,126.7894,127.8226,11107500
2023-02-23,127.9794,129.3078,127.2507,128.8466,8068000
2023-02-24,128.3300,130.4056,128.1639,130.0089,9126900
2023-02-27,131.0975,132.2045,130.7377,131.1436,10014700
2023-02-28,131.8632,132.6196,130.9038,132.2414,11019800
2023-03-01,131.0883,132.3429,130.8115,131.5034,7139200
2023-03-02,131.2174,131.3927,128.7267,130.1381,11106800
2023-03-03,130.5440,132.6012,130.1473,132.5274,9513100
2023-03-06,132.3245,132.8780,131.6049,131.7525,9261300
2023-03-07,131.0053,131.2820,127.1307,127.8780,11747600
2023-03-08,127.3060,127.8503,126.2820,127.1215,10002500
2023-03-09,126.1621,126.7064,119.2064,120.2396,25888100
2023-03-10,118.9665,124.7783,117.9149,123.2931,37599700
2023-03-13,121.0422,123.5053,119.3817,121.0791,42901100
2023-03-14,124.7968,125.0274,121.1160,124.1879,29648100
2023-03-15,120.8300,120.8392,116.9093,118.3208,34280600
2023-03-16,118.0901,121.7248,116.2544,120.6178,24558500
2023-03-17,118.4315,118.5237,115.7285,116.0606,38396000
2023-03-20,117.1492,119.4370,116.2452,117.2876,22875500
2023-03-21,120.4702,121.5219,120.1012,120.4333,17807800
2023-03-22,120.4426,120.5348,117.2322,117.3245,17250200
2023-03-23,117.9887,119.4923,116.2543,117.0108,16677600
2023-03-24,115.8946,115.9407,113.5699,115.2304,22311100
2023-03-27,116.9647,119.3540,116.5034,118.5329,18853900
2023-03-28,118.7359,119.3171,117.8411,118.8927,10820500
2023-03-29,120.0182,120.1289,117.8687,119.1326,14595300
2023-03-30,119.8798,120.0366,117.7580,118.7728,12134700
2023-03-31,119.6123,120.2396,118.8651,120.2119,13105200
2023-04-03,119.8429,121.2543,119.3817,120.0735,11775400
2023-04-04,120.3872,120.4702,117.5366,118.4684,11579900
2023-04-05,117.8919,119.1471,117.5758,118.6450,9614700
2023-04-06,118.0779,119.0820,117.9477,118.5149,8760200
2023-04-10,117.6502,119.2215,117.3527,118.9054,9477300
2023-04-11,119.2866,119.8816,118.5799,119.4911,10516300
2023-04-12,120.1047,121.2669,119.0634,119.4725,11821000
2023-04-13,119.4353,119.9746,117.9198,119.9281,12450200
2023-04-14,125.6553,129.3464,125.4229,128.9838,43931300
2023-04-17,130.1181,130.2204,127.9890,130.0065,16050500
2023-04-18,130.4156,131.8196,129.2628,131.4662,13760100
2023-04-19,131.3082,131.5592,130.5365,131.2989,9158100
2023-04-20,130.0809,131.4941,130.0158,130.9177,10586200
2023-04-21,129.9229,131.1966,129.0303,130.6667,11842500
2023-04-24,130.5923,131.1873,130.2018,130.8433,7567500
2023-04-25,129.7927,130.1274,127.9611,127.9983,10629300
2023-04-26,127.9518,128.1284,124.5861,125.7297,14416100
2023-04-27,126.4456,128.2214,126.1295,127.4219,9041100
2023-04-28,126.9662,128.6026,126.1388,128.5282,9887300
2023-05-01,132.2658,133.2978,130.9363,131.2803,20415800
2023-05-02,131.4662,132.4053,128.7049,129.1605,14113400
2023-05-03,128.7142,128.9280,126.2225,126.4270,12930900
2023-05-04,125.4787,126.1853,122.5500,124.6977,17089200
2023-05-05,126.8547,128.1935,126.3619,127.1336,11261400
2023-05-08,127.8310,128.2772,126.8919,127.4405,7484900
2023-05-09,126.3805,127.3289,125.7111,126.8268,7343600
2023-05-10,128.2586,128.3609,125.3950,126.8919,8133400
2023-05-11,125.5159,127.1987,125.4229,126.4921,7057300
2023-05-12,127.2080,127.3660,123.7772,124.6791,9988600
2023-05-15,124.8371,126.1388,124.5489,125.7297,7639500
2023-05-16,125.9435,126.3898,124.5489,124.8836,6477200
2023-05-17,126.3526,128.8536,125.9435,128.7235,12711500
2023-05-18,128.5561,129.9135,128.0819,129.6997,10999600
2023-05-19,129.9693,130.6202,128.4260,129.4022,13492200
2023-05-22,131.0943,131.6894,127.9890,128.3330,11402500
2023-05-23,127.8774,129.2627,126.8733,126.9942,9514900
2023-05-24,125.8877,126.7710,125.5902,125.8320,8578000
2023-05-25,125.3485,126.6967,125.1254,126.1388,8472500
2023-05-26,126.5479,127.9332,126.1016,127.3195,8579900
2023-05-30,127.1894,128.0448,126.4642,127.8030,7399900
2023-05-31,127.1243,127.2266,124.9580,126.1760,14219900
2023-06-01,126.9291,128.5190,125.9343,127.9146,12248100
2023-06-02,129.7555,131.5406,129.5509,130.6015,12922500
2023-06-05,130.2669,130.2669,128.4260,129.3185,8511900
2023-06-06,128.9373,130.2576,128.5004,129.5510,9329500
2023-06-07,129.7462,131.3454,129.0768,130.8061,9281400
2023-06-08,130.7875,130.9921,129.6811,130.8433,7368100
2023-06-09,130.4900,131.8381,130.3598,131.1036,7249100
2023-06-12,131.1594,131.3919,129.9415,131.0943,7596600
2023-06-13,130.6109,132.8330,130.2947,132.0427,7701600
2023-06-14,132.9538,133.5210,130.8154,131.5499,9068700
2023-06-15,130.7131,133.3257,130.1925,133.0375,9343100
2023-06-16,133.0003,133.8557,132.4890,133.1956,13813500
2023-06-20,132.5912,132.9538,131.1315,132.5169,8428600
2023-06-21,132.8609,133.9022,131.7359,132.3216,9926500
2023-06-22,132.3123,132.5819,129.1883,129.7741,10075200
2023-06-23,128.8071,129.4022,127.9518,129.0954,9919500
2023-06-26,129.1140,130.1739,128.0169,129.4115,8429700
2023-06-27,129.2349,130.0158,128.8072,129.4208,8154000
2023-06-28,129.3836,129.4301,128.2680,128.8537,7558600
2023-06-29,130.2297,133.4745,130.0251,133.3536,15423200
2023-06-30,134.4414,135.7431,133.5674,135.2224,14212800
2023-07-03,135.9197,137.1191,135.7431,136.3102,8021600
2023-07-05,135.6830,136.1417,135.1400,135.4022,8934900
2023-07-06,133.8856,134.2320,132.4065,134.0635,9709500
2023-07-07,134.7188,136.5256,133.8669,135.1214,8981500
2023-07-10,135.2711,136.6660,135.2711,135.8796,9100100
2023-07-11,136.9936,138.3791,136.4038,138.0046,11260900
2023-07-12,138.0327,140.2981,137.6114,138.6880,11323200
2023-07-13,139.2029,139.8301,138.3136,139.3620,11234900
2023-07-14,141.8708,143.1253,138.9314,140.2045,27028400
2023-07-17,140.7475,143.9303,140.7475,143.5840,17262400
2023-07-18,143.5840,144.5388,143.0597,143.8461,13491700
2023-07-19,142.9942,145.2971,142.4980,144.3984,12510000
2023-07-20,144.6605,146.5890,144.5482,146.1771,9935900
2023-07-21,145.8494,146.1677,144.8103,145.0537,10636400
2023-07-24,145.0724,148.6484,144.8477,147.9089,14381400
2023-07-25,147.2536,147.6468,145.9992,146.8042,9944700
2023-07-26,146.7013,148.1429,146.2987,147.6842,8728600
2023-07-27,147.6936,148.6391,145.6154,146.0553,10778400
2023-07-28,147.2349,147.5345,146.4486,146.8885,9103800
2023-07-31,147.1413,149.2008,147.1132,147.8715,8892700
2023-08-01,147.3753,147.9089,146.1770,147.1413,6853900
2023-08-02,145.6247,145.7464,144.1082,145.4749,8299400
2023-08-03,145.1005,146.8979,144.4920,146.3643,6084000
2023-08-04,146.4111,147.7217,145.7558,146.0553,6209400
2023-08-07,146.5983,147.6280,146.5983,146.7481,7251800
2023-08-08,144.4639,146.0179,142.8444,145.9243,8623400
2023-08-09,145.4001,145.5873,143.6682,143.9678,6277800
2023-08-10,144.5201,145.5124,143.3125,143.7524,5995100
2023-08-11,143.2563,144.6512,142.8819,144.5856,5180700
2023-08-14,143.7993,145.0256,143.1533,144.8852,5044300
2023-08-15,143.0879,143.4811,140.6352,141.1969,10300300
2023-08-16,140.9815,141.3185,140.1203,140.5977,6978200
2023-08-17,141.2437,141.5994,138.9220,139.1374,9953900
2023-08-18,138.2199,139.9518,138.0233,139.4556,8517500
2023-08-21,140.0922,140.5134,138.5663,139.9330,8327000
2023-08-22,139.7271,140.0828,136.5349,137.0310,9673300
2023-08-23,137.0029,138.1637,136.1698,137.9578,7858000
2023-08-24,138.0795,139.8675,137.6021,137.8267,6534000
2023-08-25,137.8736,139.1280,136.5349,137.6582,6695500
2023-08-28,138.1450,139.1186,137.7331,138.1357,5094100
2023-08-29,138.2761,139.3433,137.7799,139.2590,6337000
2023-08-30,139.1280,139.6241,137.7893,138.6974,6277300
2023-08-31,138.7910,138.8752,136.6379,136.9842,10933900
2023-09-01,136.7595,138.6225,136.3945,137.4429,7903500
2023-09-05,137.7612,138.7442,135.7485,135.9264,7854700
2023-09-06,135.4583,136.2447,134.9060,135.7017,8629200
2023-09-07,134.9248,135.9919,134.2320,134.5409,8373700
2023-09-08,134.2133,134.9154,133.5392,134.6439,7107900
2023-09-11,135.5051,135.7860,134.5128,135.2337,6854200
2023-09-12,135.2711,137.9110,134.8499,136.9936,8363200
2023-09-13,137.9297,138.2667,136.5068,137.0591,8325900
2023-09-14,138.3978,140.3262,138.0982,139.7177,10034900
2023-09-15,139.4088,140.1671,138.8378,139.3058,19863400
2023-09-18,138.6973,139.6148,138.3135,139.5960,6512400
2023-09-19,139.9518,140.1577,137.8080,139.4182,7943400
2023-09-20,140.0922,140.6539,138.6786,138.8284,7332000
2023-09-21,138.1544,139.3433,137.2651,137.7425,8052400
2023-09-22,137.8829,138.0888,135.9170,136.4225,7071700
2023-09-25,136.0668,137.1621,134.5222,137.0966,7044700
2023-09-26,135.3647,136.5255,135.0183,135.6736,7468400
2023-09-27,135.9171,136.7596,135.2805,136.4694,6717800
2023-09-28,136.9374,139.3620,136.6847,138.1638,8868100
2023-09-29,139.1092,139.2590,135.6081,135.7579,11917800
2023-10-02,135.5800,136.3196,133.5205,134.5877,9170600
2023-10-03,134.0541,134.4192,133.2584,133.5954,9431100
2023-10-04,134.0448,134.3069,132.8652,134.1946,8128700
2023-10-05,133.9493,134.9490,132.8083,134.7603,8576200
2023-10-06,134.7698,137.5706,134.0437,136.8351,10270600
2023-10-09,135.4771,137.1180,135.3262,136.5239,6964900
2023-10-10,137.1368,138.4099,137.0048,137.3537,11288800
2023-10-11,138.1648,138.8438,136.7596,137.8253,8698200
2023-10-12,137.9667,138.5891,136.8634,137.5046,10484400
2023-10-13,140.0414,144.3888,139.4190,139.5699,29427000
2023-10-16,140.9373,141.0033,138.3628,139.4284,12663500
2023-10-17,139.1644,140.8053,138.4288,139.1266,11482700
2023-10-18,138.2402,139.0795,137.0897,137.5990,9620300
2023-10-19,137.1934,138.6457,136.6276,137.0143,11143600
2023-10-20,136.3353,136.8728,134.0248,134.8076,13332900
2023-10-23,134.7981,135.4960,132.7140,132.9686,10133400
2023-10-24,133.1478,133.6570,132.3650,133.1289,8881400
2023-10-25,132.5631,133.1384,131.5635,132.4028,8242600
2023-10-26,131.7992,133.6004,131.4880,132.7423,9109400
2023-10-27,131.0354,131.1768,127.4895,127.9611,17434700
2023-10-30,128.6684,130.1772,128.2911,129.5925,9855500
2023-10-31,129.8660,131.3089,129.6397,131.1391,9672500
2023-11-01,131.3183,132.5254,130.5827,131.0259,9432000
2023-11-02,132.1105,133.4213,131.2994,133.3647,10186200
2023-11-03,134.0908,135.5809,133.7702,134.8547,9538700
2023-11-06,135.0150,135.9769,134.6566,135.8732,7625100
2023-11-07,135.3356,136.0429,134.6849,135.8071,6297900
2023-11-08,135.9015,136.5899,135.4394,136.4767,7618200
2023-11-09,137.1557,137.3537,135.5148,136.0712,7992500
2023-11-10,136.6842,138.1364,135.8732,138.0893,7983300
2023-11-13,137.4009,137.9196,136.8917,137.4763,6676300
2023-11-14,138.3251,140.7487,138.1742,139.9848,9927700
2023-11-15,140.0037,141.6069,140.0037,141.2108,8365300
2023-11-16,141.5408,142.8988,141.5408,142.8234,8126200
2023-11-17,143.5307,144.1531,142.9083,144.1154,7812400
2023-11-20,143.4175,144.9924,143.2666,144.5586,7019000
2023-11-21,144.4737,144.8792,143.8796,144.2568,7083500
2023-11-22,144.6717,145.1150,144.1908,144.5963,5174500
2023-11-24,144.8415,145.6431,144.5491,144.7943,3496900
2023-11-27,144.6906,144.7849,144.0116,144.4643,6259100
2023-11-28,144.4925,145.1055,144.0210,144.7943,6582700
2023-11-29,145.3885,146.7653,145.2281,145.5299,9126100
2023-11-30,146.0863,147.2368,145.5865,147.1897,9869800
2023-12-01,146.9445,148.8682,146.9445,147.9063,8916000
2023-12-04,147.1331,149.0474,147.0010,148.9909,9607500
2023-12-05,148.3024,149.4718,148.0290,148.9720,9135600
2023-12-06,149.7924,150.1508,147.1142,147.4066,9366000
2023-12-07,147.7649,148.3496,147.2556,147.8592,8130900
2023-12-08,148.3024,149.7359,148.0384,149.4907,7369400
2023-12-11,149.4907,150.2262,149.1417,150.0376,8093900
2023-12-12,150.1602,151.4993,149.8302,151.3768,10223000
2023-12-13,151.3768,152.8007,150.6695,151.8860,12379100
2023-12-14,152.6121,155.4507,152.4990,154.6491,13643000
2023-12-15,153.7909,155.8656,153.1402,155.8185,20309300
2023-12-18,156.4691,157.6102,156.1957,156.7615,8469600
2023-12-19,156.5446,158.8739,156.1203,158.8551,10345700
2023-12-20,158.4213,159.7604,156.9690,157.0633,10734700
2023-12-21,157.3368,158.5156,156.2428,157.9592,7601700
2023-12-22,157.9591,158.6476,157.7045,157.8648,6576300
2023-12-26,157.9214,159.1568,157.6574,158.7985,4683600
2023-12-27,158.2798,159.8170,158.0346,159.7509,6428600
2023-12-28,159.7038,160.9392,159.3737,160.5997,6320100
2023-12-29,160.3168,160.9675,159.9679,160.4111,6435100
2024-01-02,159.4586,162.3632,159.2889,162.2783,9977400
2024-01-03,162.0708,162.2405,160.6657,161.5710,9852300
2024-01-04,161.9126,164.4840,161.8177,162.6432,11972500
2024-01-05,162.7001,164.5124,162.7001,163.4592,10066000
2024-01-08,163.2220,163.5446,160.8214,163.2220,11229900
2024-01-09,162.8425,163.0038,161.4002,161.9316,9923600
2024-01-10,161.3053,162.3301,160.3090,162.2732,9670200
2024-01-11,161.6185,161.6469,160.0149,161.5900,11919500
2024-01-12,164.9110,167.2926,160.2616,160.4039,19436500
2024-01-16,156.4377,159.4930,155.8969,159.3981,17206400
2024-01-17,158.7814,160.4229,157.9749,158.5442,11107500
2024-01-18,158.5726,158.9617,156.7888,158.8573,9382300
2024-01-19,158.9806,161.8462,158.5347,161.5995,13115700
2024-01-22,161.7418,163.1841,161.0302,161.4097,12837500
2024-01-23,160.9922,161.0681,159.8251,160.3470,8360800
2024-01-24,160.6980,162.2636,160.2236,161.7797,9967100
2024-01-25,163.4972,164.1424,162.1688,164.0950,8873500
2024-01-26,163.7818,164.2088,162.9943,163.4687,7443000
2024-01-29,163.4308,164.0001,162.5388,163.8957,6971200
2024-01-30,163.9906,167.7196,163.9906,167.2547,10822100
2024-01-31,167.1882,169.1808,165.4234,165.4424,11521800
2024-02-01,164.7592,165.8978,162.6622,164.8446,9354800
2024-02-02,164.4365,166.8277,164.3986,165.7934,8607600
2024-02-05,164.9679,166.1350,164.0760,165.5752,7820200
2024-02-06,165.6796,166.8751,164.8730,166.1445,6764800
2024-02-07,166.7043,166.8751,165.0628,166.4576,7225500
2024-02-08,166.0496,166.3438,164.6928,165.8598,6060300
2024-02-09,166.0496,166.1445,164.7876,166.0591,6296700
2024-02-12,165.8409,167.7670,164.8161,166.7992,8539300
2024-02-13,166.3533,167.2167,163.7913,165.3475,8397600
2024-02-14,166.1160,167.0933,165.4993,167.0269,7056700
2024-02-15,167.1408,170.9931,167.1408,170.6705,8723400
2024-02-16,170.4238,170.7749,169.0480,169.8735,8152600
2024-02-20,170.0253,171.2304,169.2852,170.5377,9668000
2024-02-21,170.7465,171.7333,169.3896,171.6479,7024000
2024-02-22,172.5208,174.0390,171.9705,173.7069,9296500
2024-02-23,174.4090,175.7279,173.8207,174.5798,7105800
2024-02-26,174.3521,175.0258,173.1470,173.9820,7145400
2024-02-27,173.9346,174.1528,172.9193,174.0674,5717100
2024-02-28,174.0485,175.7279,173.6025,174.9499,6131600
2024-02-29,176.1644,176.8950,174.4470,176.5439,9643000
2024-03-01,176.2023,176.9045,175.6330,175.8133,6311800
2024-03-04,175.2630,177.9957,174.8455,177.1322,7063600
2024-03-05,176.8286,179.6182,176.8286,178.9066,6617800
2024-03-06,179.5708,180.3489,178.0337,179.8365,7572900
2024-03-07,180.1970,180.7569,177.0848,178.2614,7618300
2024-03-08,178.8022,180.7189,178.3088,178.5934,6172200
2024-03-11,177.7015,178.8022,176.6958,178.6599,5762600
2024-03-12,179.2861,180.4342,178.2993,180.1306,5708400
2024-03-13,180.6240,181.9239,180.1306,181.5918,7795500
2024-03-14,181.2598,181.8291,177.5308,178.3563,10310900
2024-03-15,176.9425,181.1744,176.9425,180.5671,17214200
2024-03-18,180.8802,182.8443,180.1780,182.8064,9013800
2024-03-19,182.8538,184.0114,182.5407,183.8786,8478700
2024-03-20,184.2581,186.5069,183.7078,186.2887,9367000
2024-03-21,186.4690,189.2301,186.2887,188.8791,11203800
2024-03-22,188.8316,190.2264,186.4879,186.5639,8108800
2024-03-25,186.5449,186.8675,184.4194,184.8559,8620000
2024-03-26,184.6377,186.6018,184.1348,185.7194,5961500
2024-03-27,186.4500,189.3914,186.3361,189.3155,8725800
2024-03-28,189.2871,190.4542,188.3857,190.0556,8628300
2024-04-01,189.7615,190.6629,188.4141,188.7652,7309000
2024-04-02,188.2433,189.5622,187.9492,188.6893,7014700
2024-04-03,188.8601,189.3535,187.5886,188.1579,9353400
2024-04-04,190.0667,190.5725,186.6309,186.7263,9243800
2024-04-05,187.2131,189.0837,186.2110,188.4442,6532300
2024-04-08,188.6065,189.9045,188.6065,189.4273,8001000
2024-04-09,189.0360,189.8090,186.0201,188.1579,7351500
2024-04-10,186.6309,188.0816,185.3234,186.5546,7681400
2024-04-11,187.0604,187.6044,184.4263,186.5164,10137700
2024-04-12,179.7307,180.3128,174.2143,174.4529,31532300
2024-04-15,176.0849,178.9099,173.8898,174.5483,14766600
2024-04-16,174.5579,174.8060,171.4561,172.5536,16451800
2024-04-17,173.0977,174.0998,171.0266,171.8665,9017100
2024-04-18,172.8400,174.9969,171.7615,172.9831,9557700
2024-04-19,174.0807,177.4019,173.1358,177.3256,13402300
2024-04-22,177.5069,181.4581,177.4974,180.7710,11529700
2024-04-23,182.4125,183.4623,181.8303,183.3764,9144400
2024-04-24,181.8399,184.4167,181.4963,184.2736,6964900
2024-04-25,183.4814,185.0943,182.4602,184.5503,9802300
2024-04-26,184.7412,185.9819,184.2545,184.6649,6413700
2024-04-29,184.6553,185.3997,183.6532,184.4644,5387800
2024-04-30,184.0159,186.0964,182.8992,182.9947,8153700
2024-05-01,183.5005,185.5906,182.0880,183.1092,7445300
2024-05-02,184.2640,184.6744,180.8759,182.9183,6501700
2024-05-03,183.2428,183.7486,179.8643,181.8208,8922800
2024-05-06,182.9851,183.4337,181.1623,183.2428,7911100
2024-05-07,182.9565,184.1304,182.9088,183.0042,7688800
2024-05-08,182.2884,187.6807,182.2884,186.7263,9227600
2024-05-09,186.2682,188.5779,186.2014,188.4920,7977300
2024-05-10,189.4845,190.2480,189.2268,189.7040,7529800
2024-05-13,189.7327,190.7348,189.0073,189.6659,7049200
2024-05-14,189.9235,192.3859,189.1219,192.3191,8596200
2024-05-15,192.7963,193.4453,190.6584,192.8917,8370000
2024-05-16,192.9967,195.1536,192.7772,193.2353,8497900
2024-05-17,194.5142,195.6976,193.5598,195.4495,9260500
2024-05-20,195.0677,196.4897,186.4877,186.6595,17373300
2024-05-21,188.0148,190.7825,187.6330,190.4198,14420800
2024-05-22,189.9235,191.7751,188.6733,189.2650,9425300
2024-05-23,188.7878,189.2555,187.1272,187.9384,8069400
2024-05-24,188.7306,191.6033,188.5492,191.5556,7356200
2024-05-28,190.7443,191.2693,189.5991,190.4008,6910200
2024-05-29,188.9691,189.9140,187.9098,189.0741,6120000
2024-05-30,189.5036,190.7348,189.3509,190.2385,6829100
2024-05-31,190.2099,194.0274,189.3032,193.3880,14417900
2024-06-03,193.0826,193.1876,190.1049,192.6149,6444300
2024-06-04,191.0307,192.7676,189.2364,190.0763,6848300
2024-06-05,190.6489,190.7061,187.9384,188.2629,8351600
2024-06-06,188.2629,188.9882,186.4209,187.9289,7640300
2024-06-07,188.4251,191.7560,188.0243,190.8302,6964500
2024-06-10,190.1526,191.6796,189.3891,190.5057,6070800
2024-06-11,188.8833,188.9119,184.7699,185.4952,9235300
2024-06-12,187.0604,187.7476,182.5843,182.7943,12751300
2024-06-13,183.5482,185.7051,182.1739,184.8271,8587800
2024-06-14,182.7179,185.9724,182.6893,184.9416,6874000
2024-06-17,184.6553,186.6595,183.8536,186.0869,8725400
2024-06-18,185.7242,188.9310,185.2757,188.0148,9023000
2024-06-20,187.4326,190.3530,187.1653,189.6086,8731100
2024-06-21,187.7380,188.1770,185.3616,187.3467,20972100
2024-06-24,188.7878,190.1430,188.1102,189.8090,9785900
2024-06-25,189.0550,190.9447,188.7210,189.0360,6862500
2024-06-26,188.4442,188.9119,187.3276,188.4251,7758600
2024-06-27,188.4347,190.7443,187.9193,190.0858,7913500
2024-06-28,190.8875,193.3594,190.2099,193.0349,15307600
2024-07-01,193.5884,197.6445,193.4166,196.0793,10205800
2024-07-02,195.9267,199.3339,195.4304,199.3052,7802900
2024-07-03,199.9923,200.7845,198.1790,199.1716,5560900
2024-07-05,198.6438,199.0085,196.2734,196.5325,8093100
2024-07-08,196.7724,198.5574,195.7455,196.8971,8707000
2024-07-09,197.3386,201.3021,197.1659,199.2580,9058900
2024-07-10,197.8280,199.5842,197.2906,199.4211,8328500
2024-07-11,197.8952,199.7090,197.0987,199.0852,10658100
2024-07-12,195.7743,199.0852,193.9509,196.6764,15443400
2024-07-15,198.8357,203.0775,198.3846,201.5804,10719700
2024-07-16,201.5324,205.1216,199.6898,205.0064,11557000
2024-07-17,205.1792,208.7876,204.6705,208.1254,11572500
2024-07-18,206.9354,207.9046,200.8030,201.5132,12415100
2024-07-19,202.6840,203.7877,200.4960,201.3213,8095900
2024-07-22,201.9738,203.6149,201.2541,201.8011,7663200
2024-07-23,202.5113,202.9527,200.9086,201.8491,5557300
2024-07-24,201.1005,203.4805,199.6802,200.1792,7119000
2024-07-25,200.2368,201.7147,199.6610,200.2560,6403800
2024-07-26,200.8030,204.5650,200.2080,203.6821,8027800
2024-07-29,204.0756,204.9969,202.0602,202.3481,6533600
2024-07-30,204.6321,207.0889,204.3730,206.5131,8850700
2024-07-31,206.1196,207.6647,204.0947,204.2195,9071600
2024-08-01,204.6033,205.2079,198.0583,199.5746,10918600
2024-08-02,195.6592,196.4173,188.9510,191.1103,18041700
2024-08-05,186.2255,188.2601,183.2025,187.0413,13927000
2024-08-06,187.5211,194.4308,186.1775,192.2619,10605800
2024-08-07,195.3041,197.4537,192.1275,192.3195,9204400
2024-08-08,194.3060,196.6477,193.6535,195.8319,7761200
2024-08-09,195.2657,198.1447,194.7187,197.5017,5540200
2024-08-12,198.0872,198.7877,195.4480,197.8760,6936000
2024-08-13,199.3539,199.6994,197.1179,199.5555,6387800
2024-08-14,199.3635,202.2618,198.7685,201.7627,6999800
2024-08-15,204.4114,205.2655,202.5880,203.0199,7001000
2024-08-16,203.1542,205.4574,203.0582,205.3423,7931200
2024-08-19,205.3711,206.8394,205.1984,206.7626,6090800
2024-08-20,206.3308,207.2904,205.0640,205.8701,5640000
2024-08-21,205.7838,206.3308,204.2579,205.9469,5202300
2024-08-22,205.9277,208.0582,205.6974,207.8951,5247100
2024-08-23,208.8260,210.3518,207.7703,209.5073,7214000
2024-08-26,210.1791,210.8221,209.2578,210.3326,5105200
2024-08-27,210.6589,211.5322,210.3518,211.3019,5185200
2024-08-28,210.4094,213.2501,210.3518,212.3672,6506400
2024-08-29,213.1925,213.9890,210.1119,213.2500,6416100
2024-08-30,213.5284,216.3882,212.9814,215.7356,8574100
2024-09-03,213.3364,215.0638,210.3998,211.4171,8956100
2024-09-04,212.1272,213.1157,208.4517,210.4862,7389500
2024-09-05,211.2731,211.8969,207.3192,208.8547,8067900
2024-09-06,208.8260,209.9200,202.5785,203.8932,7777000
2024-09-09,206.5131,209.3537,205.5438,208.0678,8935100
2024-09-10,209.7856,209.8240,192.5210,197.2714,28406900
2024-09-11,196.9739,199.3251,193.6918,198.8741,13658700
2024-09-12,199.2771,200.3616,196.6284,198.2695,9054400
2024-09-13,198.5190,199.4691,194.8338,196.0814,10226700
2024-09-16,197.5305,199.8146,197.3002,199.4787,8634900
2024-09-17,199.3539,201.4652,199.2867,200.8126,7573300
2024-09-18,200.5823,202.8184,198.3655,199.1620,8259900
2024-09-19,201.3213,203.3654,198.9797,201.9930,11635200
2024-09-20,201.4652,202.8951,201.0526,202.5784,20885000
2024-09-23,202.4921,203.2598,201.5228,202.9143,7223500
2024-09-24,202.6360,204.3635,201.8875,203.0583,7323200
2024-09-25,203.1446,203.6821,200.1984,201.7147,8976500
2024-09-26,202.6168,203.1639,200.5823,201.3213,7807500
2024-09-27,202.1562,203.8740,200.8894,202.0123,7032500
2024-09-30,197.9912,202.4537,196.9835,202.3577,8663800
2024-10-01,200.4767,200.6591,197.8760,198.6917,8540100
2024-10-02,198.7301,200.5247,197.3962,198.9316,5810900
2024-10-03,197.8568,198.1639,196.1006,196.9547,7251300
2024-10-04,202.0915,204.3799,199.7838,203.9454,10211700
2024-10-07,203.7619,205.9827,202.4681,203.6653,6718900
2024-10-08,203.3274,204.0516,201.2032,203.4915,6021800
2024-10-09,202.4777,206.8614,202.1688,206.0696,7024000
2024-10-10,207.4117,207.4117,204.1868,205.5096,7927100
2024-10-11,208.2421,216.8935,207.7497,214.6341,18320700
2024-10-14,215.5128,215.9955,211.3415,213.8520,9048900
2024-10-15,215.9569,217.6853,214.1803,214.7307,9235800
2024-10-16,214.6727,215.9762,213.4272,215.9376,6382500
2024-10-17,216.5459,218.0715,215.6190,216.6908,6470200
2024-10-18,217.2508,218.1391,215.4162,217.6080,7000500
2024-10-21,217.4632,217.9267,215.2231,215.3197,5870000
2024-10-22,215.3390,217.5211,213.4851,216.4011,9586800
2024-10-23,215.9569,217.0577,214.8658,215.7155,6180500
2024-10-24,214.1900,217.3087,214.0258,217.2315,6002200
2024-10-25,217.2508,217.8494,213.2727,214.6534,6369700
2024-10-28,215.6576,217.8687,215.2714,217.7336,6843000
2024-10-29,217.4535,218.9405,215.1362,215.2231,6580000
2024-10-30,214.8755,218.5156,213.9486,216.6811,7110900
2024-10-31,216.9611,217.9170,214.1803,214.2769,7829900
2024-11-01,215.8604,218.3612,215.0300,215.2617,6923500
2024-11-04,214.9817,216.0535,211.6215,212.2105,8229600
2024-11-05,212.4519,214.3155,212.4230,213.8617,5600700
2024-11-06,226.9064,239.4586,226.6843,238.5510,23987800
2024-11-07,236.0792,236.1468,227.1188,228.2388,16451100
2024-11-08,231.0969,231.0969,227.6595,228.8182,9502100
2024-11-11,231.7342,233.7618,230.7686,231.0486,9017100
2024-11-12,232.2652,233.1439,230.5368,231.3093,6861000
2024-11-13,232.2942,235.6833,232.0335,232.8542,11472600
2024-11-14,234.0708,235.8764,232.7480,233.5397,10172200
2024-11-15,233.1439,237.9330,233.1439,236.8613,11518800
2024-11-18,239.2269,239.3910,234.3218,236.5909,9051400
2024-11-19,233.9067,236.7068,233.2308,234.7177,6792700
2024-11-20,235.9826,236.1854,230.4210,232.4873,9015300
2024-11-21,234.8529,237.0351,233.7715,236.3302,8783500
2024-11-22,235.2198,240.5690,234.6598,239.9897,7997300
2024-11-25,240.9939,245.5513,240.4821,241.6697,10295400
2024-11-26,241.8629,242.3553,239.7869,241.3608,6212100
2024-11-27,240.7621,242.5387,240.2021,241.1870,5472300
2024-11-29,241.2545,243.0988,240.8587,241.1194,5494800
2024-12-02,240.9553,241.6312,236.5909,237.7689,8899700
2024-12-03,239.6807,240.4628,236.2047,236.3882,6657700
2024-12-04,236.2723,236.8999,233.8873,235.0170,7346300
2024-12-05,236.9385,238.6669,236.1950,237.0254,6572500
2024-12-06,237.2378,239.2076,236.4075,238.8407,5519700
2024-12-09,238.6186,239.3331,235.3647,235.4129,7076500
2024-12-10,235.4902,239.4200,233.8777,234.4957,9108300
2024-12-11,235.5964,235.8571,233.8391,235.1426,7884400
2024-12-12,234.6309,235.6930,232.7384,233.2115,6113800
2024-12-13,233.7329,234.3605,230.9038,231.6762,10392700
2024-12-16,232.3231,232.3811,229.3396,231.3286,9032000
2024-12-17,230.4307,230.7879,228.4802,230.1507,8083600
2024-12-18,230.7686,230.8362,221.6248,222.4358,11322400
2024-12-19,224.2704,228.2195,224.2704,224.9366,11790800
2024-12-20,223.9324,230.9714,223.6138,229.4168,32348400
2024-12-23,227.9395,230.4017,226.7905,230.1796,8611500
2024-12-24,231.1838,234.1384,230.8362,233.9646,3729100
2024-12-26,233.1149,234.8819,232.4969,234.7660,4451800
2024-12-27,234.3605,235.0074,231.7728,232.8639,5730200
2024-12-30,230.5465,232.5452,228.9437,231.0776,5723800
2024-12-31,231.7824,233.1246,230.7976,231.4541,4871000
2025-01-02,232.6225,234.9012,231.2031,231.7342,9220900
2025-01-03,235.4902,236.4461,231.9852,234.9012,9491100
2025-01-06,236.5220,238.4534,233.4939,233.7560,9917800
2025-01-07,235.0079,238.0360,233.8045,236.0076,8753400
2025-01-08,235.6000,237.0558,233.4163,235.9688,8675300
2025-01-10,235.9300,236.6288,231.7081,232.8048,10256800
2025-01-13,232.6107,237.3373,231.9604,237.0170,10005300
2025-01-14,235.5127,240.4236,235.0565,240.1810,12407400
2025-01-15,243.0246,246.1983,236.5026,244.9172,18448500
2025-01-16,246.5186,249.4691,244.8978,246.7807,15292300
2025-01-17,246.6545,252.9436,244.7134,251.5266,17678100
2025-01-21,252.4098,256.4667,251.8566,255.2826,13712100
2025-01-22,255.1565,255.6223,252.5845,255.0982,9021900
2025-01-23,256.8937,258.9998,256.0397,258.1166,10749700
2025-01-24,255.9232,259.2327,255.2632,257.0393,7666300
2025-01-27,256.3891,258.1361,254.5353,258.0196,7522300
2025-01-28,258.0196,259.4560,257.0296,259.2716,7375400
2025-01-29,259.3395,262.7073,257.7867,258.7281,7684900
2025-01-30,260.7177,261.7562,258.7669,260.3295,8753500
2025-01-31,261.3001,262.8432,259.0969,259.4269,7193800
2025-02-03,254.1180,260.2713,253.9918,258.9513,8381400
2025-02-04,261.8921,261.8921,258.9707,260.0480,5626000
2025-02-05,260.9895,262.6685,260.4265,262.4647,5704400
2025-02-06,264.4252,268.8217,263.2023,268.7441,7264400
2025-02-07,269.1032,270.3455,266.6186,267.6765,6857900
2025-02-10,268.0162,268.0453,261.6494,263.0567,8627400
2025-02-11,262.2997,268.0841,261.7174,266.8904,7196400
2025-02-12,266.0072,268.3074,265.2016,267.3368,6683900
2025-02-13,267.3854,268.8121,265.7451,268.1812,8398700
2025-02-14,269.2003,271.0055,268.3074,268.4432,5688600
2025-02-18,268.6082,271.7237,267.8900,271.7043,7919800
2025-02-19,270.1806,271.9955,269.0547,271.0249,7007200
2025-02-20,270.4717,270.5299,257.9128,258.9416,13846700
2025-02-21,260.4169,261.2710,255.0983,256.4570,12835600
2025-02-24,257.6702,259.1357,250.9928,253.6424,10372800
2025-02-25,254.5062,255.2535,245.8878,249.8185,9608400
2025-02-26,249.5855,253.2251,249.3623,251.1675,5943600
2025-02-27,252.5166,255.8747,250.2649,251.4199,8204400
2025-02-28,253.0504,257.0102,250.2941,256.8549,10467100
2025-03-03,256.2241,258.4758,250.2261,252.9437,9058300
2025-03-04,247.7609,249.6535,238.7057,242.8791,13465600
2025-03-05,243.8496,245.5966,240.5304,244.1214,7861400
2025-03-06,240.8021,242.0153,236.6676,239.2783,9983200
2025-03-07,238.0069,239.4530,232.3681,235.1438,20498700
2025-03-10,229.2526,230.5143,221.9638,225.3801,18887200
2025-03-11,224.9240,226.4477,220.0130,222.3908,18143000
2025-03-12,227.1077,227.4183,220.5662,221.1873,16054000
2025-03-13,222.5461,222.7402,217.6255,218.5572,16467900
2025-03-14,221.4009,226.2731,220.8768,225.5937,11962100
2025-03-17,224.3707,228.7285,223.6720,227.0397,9586000
2025-03-18,227.4183,229.2138,226.6418,228.0491,10344900
2025-03-19,228.7965,235.1923,227.9715,232.0672,10120600
2025-03-20,229.5923,234.6391,229.2429,231.9701,8328500
2025-03-21,230.8055,235.1632,229.5341,234.5130,19326900
2025-03-24,238.2496,241.3650,237.2111,240.7536,9422700
2025-03-25,241.9667,244.4028,240.3265,243.7331,9287700
2025-03-26,245.1599,247.1689,242.4229,243.6361,12779300
2025-03-27,242.1803,243.2576,239.8995,240.8118,8022500
2025-03-28,239.6666,242.1609,234.0083,235.6971,11978400
2025-03-31,232.3584,238.6184,230.3688,238.0749,13603000
2025-04-01,235.4738,238.4534,233.7851,236.4832,8054700
2025-04-02,234.4839,239.9674,234.3480,238.5796,7758800
2025-04-03,227.3698,228.2141,220.6051,221.9541,17188500
2025-04-04,210.2553,212.5892,204.0251,205.3434,27170700
2025-04-07,200.9393,216.8371,197.4141,209.4058,22914400
2025-04-08,218.2726,222.4912,208.2437,211.7787,19485700
2025-04-09,207.5113,231.9049,206.0465,228.8386,24022400
2025-04-10,224.6005,224.9423,214.9329,221.7783,18896400
2025-04-11,220.9971,232.9791,219.7179,230.6549,20284500
2025-04-14,231.5338,234.1509,228.1452,229.2097,13017800
2025-04-15,230.5573,233.0474,227.3543,227.6570,10912900
2025-04-16,226.5535,228.0964,222.5791,224.2196,9322300
2025-04-17,225.3817,228.8386,225.1376,226.5145,9557900
2025-04-21,225.2157,226.3680,221.0264,223.6142,8716200
2025-04-22,226.5340,230.4499,225.9383,230.0593,10701400
2025-04-23,234.5806,240.9963,234.3657,235.2251,14126800
2025-04-24,234.1118,239.7073,232.0025,238.8968,9055200
2025-04-25,238.9065,239.8538,236.0746,237.8324,8588600
2025-04-28,238.8187,241.0451,235.1860,237.5101,7394300
2025-04-29,236.5043,239.4925,236.0161,238.8773,7216800
2025-04-30,235.5473,239.4632,232.8326,238.8773,12991700
2025-05-01,237.1391,242.6174,236.4848,241.0940,8689600
2025-05-02,245.3614,247.6660,243.6037,246.5820,7165000
2025-05-05,245.2833,249.1698,244.7071,246.6309,5450700
2025-05-06,244.1310,246.7187,243.1544,243.3986,6369900
2025-05-07,243.9845,246.5235,242.9884,243.5353,8724100
2025-05-08,245.6641,249.8729,245.6446,247.5195,8320100
2025-05-09,248.5253,249.5116,246.4160,247.1387,5087600
2025-05-12,256.7281,257.4117,252.6267,253.9450,9603900
2025-05-13,254.9020,257.4801,254.2771,256.8356,8589000
2025-05-14,256.8258,260.3803,256.1324,259.4038,8643100
2025-05-15,260.7026,263.1927,258.5445,261.2104,9214600
2025-05-16,261.2202,262.1576,258.4956,261.2787,8932900
2025-05-19,259.3159,262.0209,255.7809,258.6617,12145000
2025-05-20,256.3570,260.3998,256.1422,259.4428,8436300
2025-05-21,258.1441,259.4136,254.6091,254.9118,7464000
2025-05-22,253.3494,256.1422,252.7927,254.5505,6514100
2025-05-23,250.7811,255.8395,249.9901,254.5895,6671800
2025-05-27,255.8883,259.0718,255.8395,259.0620,7506600
2025-05-28,259.9897,260.4584,256.7281,257.3043,5535400
2025-05-29,258.5835,259.1792,256.3668,258.1636,5081200
2025-05-30,257.2652,259.1010,256.5621,257.8023,10977700
2025-06-02,256.8453,258.8081,255.7516,258.4468,6011200
2025-06-03,257.5386,260.3217,256.7086,260.0190,6998400
2025-06-04,259.6773,260.8491,257.9781,258.0172,5915700
2025-06-05,258.5249,258.5249,254.1989,255.8004,8173800
2025-06-06,258.1245,260.3901,258.0562,259.4917,7738100
2025-06-09,259.7553,261.6107,257.1675,260.4779,8285000
2025-06-10,259.6381,262.5872,259.6088,262.2943,7538100
2025-06-11,262.3724,263.2903,259.5502,261.8548,7434100
2025-06-12,260.5951,261.9916,258.9155,261.9427,6618000
2025-06-13,258.8569,260.7514,256.5426,258.7300,7098300
2025-06-16,260.7319,265.3509,260.5854,264.0130,8566000
2025-06-17,261.8744,264.2376,261.5131,263.1927,6739300
2025-06-18,263.6614,271.2002,263.3880,267.5284,9586400
2025-06-20,269.1007,270.7900,267.3820,268.5440,13969700
2025-06-23,268.6026,272.0107,265.7219,271.7373,8094600
2025-06-24,273.6317,276.0730,272.9482,274.6571,9267900
2025-06-25,274.8914,277.6062,274.3153,277.3913,6826900
2025-06-26,278.0163,282.6158,277.7917,281.9713,8942100
2025-06-27,279.1003,281.9225,278.3484,280.3698,17868600
2025-06-30,283.5825,285.7797,282.1373,283.1040,12689200
2025-07-01,284.0611,284.2954,279.8620,283.5923,9338300
2025-07-02,285.1840,285.9457,282.8989,285.1449,8158700
2025-07-03,286.6659,290.8361,285.7435,290.4436,6541600
2025-07-07,289.7077,290.4829,284.6348,286.4893,8825700
2025-07-08,283.8399,284.2619,275.0481,277.4717,15440900
2025-07-09,281.7891,281.8088,277.1774,277.8446,11273800
2025-07-10,277.6877,282.8980,277.6877,282.7802,8410900
2025-07-11,280.1603,281.9854,278.3254,281.4751,7384700
2025-07-14,281.6812,283.8694,279.9052,283.2806,9079900
2025-07-15,282.5938,286.4696,280.1211,281.1710,12526100
2025-07-16,282.9862,285.2725,277.6974,280.4547,9979800
2025-07-17,278.1194,284.8506,278.1194,284.4581,8509500
2025-07-18,284.0852,287.0093,282.8194,285.8023,12217000
2025-07-21,285.5375,288.6578,285.1253,285.5080,7898100
2025-07-22,286.0281,288.1181,283.7516,285.9594,6717500
2025-07-23,287.3429,291.4150,287.0584,291.1894,7083500
2025-07-24,291.8369,293.9662,290.6398,290.9832,7001200
2025-07-25,291.1305,293.2891,290.4043,293.0144,5918500
2025-07-28,292.0724,293.8092,291.2482,292.6808,5840400
2025-07-29,294.3685,295.6343,290.6399,291.4641,7635700
2025-07-30,291.8370,294.9671,291.7977,294.0055,8061700
2025-07-31,293.5247,295.3301,289.9530,290.6791,14749700
2025-08-01,284.9487,286.3224,278.9043,283.9380,12007100
2025-08-04,284.8114,288.7951,284.8114,288.7363,6649500
2025-08-05,289.1582,290.2376,281.8481,285.9005,7182300
2025-08-06,286.8130,287.7845,284.7132,285.8809,6330200
2025-08-07,287.4411,287.9513,281.0336,281.5537,8057100
2025-08-08,283.5554,285.7631,279.3655,283.3395,6634100
2025-08-11,283.9675,285.8515,283.3591,284.1245,5510100
2025-08-12,286.0281,289.2171,284.8898,287.3527,8570900
2025-08-13,288.4321,289.0208,281.7695,285.0763,8420400
2025-08-14,285.1253,288.6774,284.2030,288.6382,6322400
2025-08-15,289.3054,289.9530,284.3796,285.0370,7340500
2025-08-18,284.5562,286.4205,282.9960,286.0575,5386900
2025-08-19,285.3706,286.9897,284.0951,285.2039,6031500
2025-08-20,285.3510,287.8237,281.8774,286.7542,7374200
2025-08-21,286.4598,287.2742,284.0362,285.9986,6624000
2025-08-22,287.6962,291.5818,284.6838,290.6791,8552800
2025-08-25,290.6791,291.7683,288.6185,289.3643,5856300
2025-08-26,288.6381,293.1322,287.9905,292.9654,6714700
2025-08-27,291.6701,295.4184,291.4640,293.6620,6056500
2025-08-28,294.3881,295.5852,293.0930,295.4185,6410500
2025-08-29,296.3702,297.2631,294.1036,295.7619,6796400
2025-09-02,294.6236,294.8199,288.9718,294.0742,7221900
2025-09-03,294.9278,294.9278,290.8164,293.8877,6316900
2025-09-04,294.3685,298.7154,292.6808,298.1168,6605800
2025-09-05,297.9500,299.4218,288.7853,288.8540,9837700
2025-09-08,289.3544,290.8949,285.9692,287.4116,8188500
2025-09-09,287.1074,293.3873,286.8229,292.2589,7848200
2025-09-10,291.1305,295.8796,289.8548,294.8984,7787300
2025-09-11,295.5852,299.9909,295.1437,299.8241,7942500
2025-09-12,299.2747,301.7768,297.9991,301.1488,6846700
2025-09-15,301.4039,304.1317,301.4039,303.1014,7122000
2025-09-16,304.1808,305.0639,301.3647,303.3860,10525600
2025-09-17,304.5635,307.0362,302.9739,305.8979,8657800
2025-09-18,305.9372,307.5562,303.7981,307.3502,8050700
2025-09-19,307.7132,309.8719,303.3173,308.8710,23568600
2025-09-22,303.9845,307.8113,303.7490,306.5750,7520200
2025-09-23,305.9666,310.3723,304.7499,306.8694,8584400
2025-09-24,308.1548,310.6373,305.8195,307.5366,7310500
2025-09-25,308.2234,309.7247,305.9470,307.5660,7083200
2025-09-26,308.9888,311.8442,307.8114,310.1270,7258100
2025-09-29,311.1083,312.0404,307.7721,309.7640,6462400
2025-09-30,310.3135,311.4517,304.2887,309.5089,11823300
2025-10-01,308.0763,308.6846,301.6394,304.8775,9235200
2025-10-02,304.1808,304.7303,300.3933,301.7768,7600000
2025-10-03,302.7188,305.8097,302.4244,304.2103,6029900
2025-10-06,305.8371,307.3851,300.8578,304.8511,7214500
2025-10-07,305.0188,305.6695,300.4339,303.3820,8454200
2025-10-08,303.8947,304.4567,299.2999,299.7732,6489900
2025-10-09,300.7789,303.7271,299.1422,301.2522,7060300
2025-10-10,301.3805,306.1231,296.5983,296.6772,8597400
2025-10-13,301.3213,305.1272,301.1734,303.6581,10788700
2025-10-14,301.5579,302.7017,290.0907,297.8505,16178800
2025-10-15,302.1002,307.7499,301.1635,301.4100,11354800
2025-10-16,301.0748,304.3581,292.9107,294.3601,10549400
2025-10-17,294.9714,295.3560,290.0809,293.3938,10153500
2025-10-20,294.3206,299.4380,293.9854,298.1266,6894900
2025-10-21,297.4364,299.7929,292.8417,292.9304,7372700
2025-10-22,293.6009,293.8868,286.4721,289.9921,8054100
2025-10-23,290.2583,292.2205,288.4145,290.4161,5438800
2025-10-24,291.9345,298.3633,291.3134,296.2335,7228300
2025-10-27,297.9294,300.2663,296.7956,299.8916,5642200
2025-10-28,300.5916,303.6581,298.9154,301.0846,6336000
2025-10-29,299.2605,303.9341,298.7675,301.2325,7520300
2025-10-30,301.5086,308.2331,300.8283,305.1075,7514600
2025-10-31,304.2201,308.4894,302.9481,306.7639,7721300
2025-11-03,306.6456,307.9472,301.9227,305.0187,7770000
2025-11-04,302.4157,307.8486,300.8282,304.9201,7085200
2025-11-05,305.2751,308.7162,301.3508,307.3161,6865200
2025-11-06,306.6358,310.4319,305.9160,309.0318,7206100
2025-11-07,307.5232,310.0276,303.3327,309.8107,7302300
2025-11-10,310.5896,315.0858,309.8107,312.4532,5794100
2025-11-11,313.0546,314.5829,310.8657,311.2010,5030200
2025-11-12,311.8320,317.7381,311.7827,315.9239,10578300
2025-11-13,314.7604,316.1408,304.7723,305.1469,8973300
2025-11-14,303.2045,303.3327,297.0124,299.3591,10327000
2025-11-17,299.7436,301.3114,293.5023,296.1645,8344000
2025-11-18,295.3066,298.7083,292.8613,295.2179,8077300
2025-11-19,295.5433,300.1874,295.0799,299.0239,5546600
2025-11-20,302.0509,305.5808,293.9854,294.2023,7501600
2025-11-21,297.0716,297.4561,288.7103,293.8474,11766800
2025-11-24,294.0643,295.6222,290.3865,293.8277,10940200
2025-11-25,295.8490,300.2367,291.4218,298.7577,8877200
2025-11-26,300.7297,304.2102,298.9549,303.3327,7910900
2025-11-28,304.7722,309.3276,303.9243,308.6965,4322400
2025-12-01,308.5684,309.6431,304.2201,304.5948,7727300
2025-12-02,304.4173,306.1329,302.7904,303.5693,7249000
2025-12-03,302.8989,307.9866,302.5045,307.7599,8535300
2025-12-04,308.8740,314.0307,308.6176,311.6742,9627800
2025-12-05,311.2207,314.0209,310.2741,310.6291,6518900
2025-12-08,310.6488,312.0391,308.9627,310.7967,7417200
2025-12-09,310.5404,314.3365,295.8194,296.3026,18049200
2025-12-10,296.2927,306.8330,294.2812,305.7681,18874100
2025-12-11,304.9103,313.5476,304.9103,312.9363,9721900
2025-12-12,315.2041,315.7858,312.1672,314.0603,8982900
2025-12-15,315.1154,318.3593,313.9322,315.5393,10864100
2025-12-16,314.6224,315.0463,309.9980,311.1319,8331300
2025-12-17,313.9716,314.8984,310.2544,310.5699,8718700
2025-12-18,311.5756,313.2519,307.8486,308.6176,11444900
2025-12-19,309.3966,314.0998,308.8050,312.7687,24494400
2025-12-22,313.0645,318.7044,313.0645,318.5663,8354600
2025-12-23,319.0791,323.1907,318.5663,321.3666,6668300
2025-12-24,321.6722,325.3697,320.9426,324.5612,4289300
2025-12-26,324.5021,326.2276,321.9681,323.3189,4158300
2025-12-29,322.4216,323.1808,319.0002,319.2171,8635300
2025-12-30,320.2623,320.3905,317.9748,318.8918,7904300
2025-12-31,319.7989,320.3313,317.5311,317.7086,5048500
2026-01-02,317.9846,321.1694,316.2493,320.9229,8054000
2026-01-05,320.9426,332.5281,320.6369,329.3630,10752600
2026-01-06,329.4423,332.6612,327.4911,331.4133,7660800
2026-01-07,327.9764,328.9768,321.4989,323.8661,9815200
2026-01-08,323.2718,328.2339,322.5389,326.6393,11737100
2026-01-09,326.1936,328.7292,325.0348,326.0451,6738100
2026-01-12,318.8049,322.9054,318.1611,321.3900,12805100
2026-01-13,321.2018,323.7373,307.6030,307.9298,19371200
2026-01-14,305.2556,308.7816,303.1955,304.9287,25951500
2026-01-15,305.5230,309.9503,304.8099,306.3055,14751400
2026-01-16,307.3851,314.1795,307.0384,309.4848,14652500
2026-01-20,303.2846,308.1774,298.9762,299.8477,12900600
2026-01-21,300.5312,302.4824,298.2730,299.1545,10270100
2026-01-22,301.9475,305.2556,300.0062,300.7292,10535800
2026-01-23,299.1148,299.4813,293.6773,294.8757,11107900
2026-01-26,294.9649,298.8970,294.6083,298.1640,11752700
2026-01-27,298.4512,299.0851,295.3016,297.4410,11527400
2026-01-28,297.4013,299.0356,295.2025,297.8965,9556700
2026-01-29,299.5110,303.8987,299.3327,303.4926,11580000
2026-01-30,302.3338,304.9882,299.6695,302.9677,11953200
2026-02-02,301.5513,306.3451,298.4908,305.1962,9839400
2026-02-03,306.7710,313.2287,306.1470,311.8421,12688000
2026-02-04,311.4063,316.2595,311.4063,314.2390,9848800
2026-02-05,311.9906,312.9910,302.6210,307.1969,9388000
2026-02-06,311.7034,321.1523,311.7034,319.3199,17797400
2026-02-09,318.2701,323.2817,317.0518,319.0228,11477500
2026-02-10,319.4685,323.0143,312.1095,315.2393,9902200
2026-02-11,320.1519,322.1724,305.7805,307.8506,8703500
2026-02-12,309.2966,310.6238,297.1538,299.7487,13443400
2026-02-13,295.6681,301.3830,293.6872,299.6596,9114500
2026-02-17,299.8676,305.2952,299.6101,304.1958,8896800
2026-02-18,305.5131,309.2966,304.2850,305.8300,7209600
2026-02-19,304.2354,306.2262,302.2050,305.1070,6737700
2026-02-20,305.4537,308.0288,302.7597,307.8209,7792700
2026-02-23,305.8498,308.0288,292.2807,294.8262,12955400
2026-02-24,293.9843,296.8863,288.5963,294.4597,13554100
2026-02-25,295.7870,300.7590,294.1725,300.4024,8095500
2026-02-26,301.6702,306.0579,300.7392,303.2054,7007800
2026-02-27,297.1339,300.0558,291.6370,297.4311,18620800
2026-03-02,291.9935,297.1141,290.4088,294.7173,8508900
2026-03-03,289.4976,299.5011,286.7342,297.3914,10278200
2026-03-04,297.1240,298.1244,292.9939,296.5298,8055700
2026-03-05,295.1332,298.3621,289.6362,290.7455,12732500
2026-03-06,283.6044,287.2196,280.9996,286.7144,13496500
2026-03-09,282.7725,288.3190,277.7707,287.1503,12241100
2026-03-10,286.5263,289.9532,284.4364,285.9716,8344900
2026-03-11,286.0508,287.7049,282.1385,284.7731,10205000
2026-03-12,280.1280,281.1679,276.4336,280.1874,13760500
2026-03-13,281.9504,284.4463,280.2468,280.7321,9091200
2026-03-16,283.6044,286.5064,281.8909,283.4261,8149000
2026-03-17,286.2390,288.9727,283.2182,284.1492,8961200
2026-03-18,284.0897,286.6451,282.3961,284.9911,10057000
2026-03-19,284.1393,286.7441,281.9008,285.2188,9846700
2026-03-20,285.3278,287.9327,282.5447,283.8224,22436500
2026-03-23,291.4983,292.9245,285.2189,287.1403,11470800
2026-03-24,283.4361,292.6571,282.6437,289.6065,11092300
2026-03-25,291.3398,294.7965,289.6462,292.5977,12188200
2026-03-26,289.7848,292.1718,287.9525,288.8736,8669200
2026-03-27,286.3777,287.3384,279.0583,280.1379,9873300
2026-03-30,282.0197,284.5058,279.6327,281.0590,11734400
2026-03-31,285.7141,292.2510,282.2277,291.3497,12956900
2026-04-01,292.5680,295.8662,290.1117,292.5581,11267200
2026-04-02,289.1212,292.7958,285.9617,291.7855,6669300
2026-04-06,292.7412,295.4988,291.8851,294.1250,7142600
2026-04-07,291.8254,296.8428,291.3873,296.0663,7849100
2026-04-08,306.5888,309.8641,303.9607,306.5888,10590200
2026-04-09,305.5734,309.8641,304.7372,308.9382,6586600
2026-04-10,308.6097,308.9582,305.3444,308.4803,6069700
2026-04-13,306.0911,312.3330,304.0901,312.2732,8318200
2026-04-14,308.4305,312.9104,307.4848,309.7247,11455500
2026-04-15,312.5420,312.8307,302.8955,304.5580,9885800
2026-04-16,303.9806,308.5600,303.8313,308.5600,8208600
2026-04-17,311.0687,313.4877,308.6993,308.8984,11082400
2026-04-20,309.4559,315.7078,308.9781,315.5684,10772000
2026-04-21,316.0661,318.8038,311.3474,311.5963,7084300
2026-04-22,313.4380,313.7366,310.5410,311.6162,5545900
2026-04-23,312.1140,313.5774,307.5047,310.2922,6969700
2026-04-24,309.7546,309.7546,306.5092,306.8975,5215300
2026-04-27,305.5037,311.1781,305.5037,310.2324,7925300
2026-04-28,313.7864,314.0353,309.7745,310.0533,7398600
2026-04-29,309.1772,310.6505,305.9119,307.8631,8031800
2026-04-30,305.6929,312.6913,305.1951,311.8253,8865400
2026-05-01,312.5420,314.6625,310.4315,311.0687,6135400
2026-05-04,309.2269,309.2568,305.1354,306.2703,7338200
2026-05-05,306.3300,309.5754,305.4241,308.0124,6316800
2026-05-06,310.0533,314.8417,309.9537,313.4878,8629500
2026-05-07,313.2389,314.8815,304.7671,304.8965,8359600
2026-05-08,306.8676,307.6043,299.1523,300.7452,9464300
2026-05-11,300.7452,301.8303,297.5396,298.6546,9512000
2026-05-12,298.6745,304.6874,294.2245,303.5127,9498200
2026-05-13,300.9144,301.6411,298.7243,298.9035,7709500
2026-05-14,300.8945,302.3878,297.4699,298.5650,7364300
2026-05-15,298.8636,299.4410,295.1205,296.4744,8699300
2026-05-18,296.6635,299.9089,295.8870,299.3813,7546300
2026-05-19,299.7397,300.4366,293.9358,294.3739,8066900
2026-05-20,295.3694,301.5715,292.3530,300.6257,9327000
2026-05-21,299.8791,302.6168,298.8636,301.6411,7874400
2026-05-22,303.3136,306.0712,302.4774,305.0060,5973900
2026-05-26,307.1065,308.5400,304.0702,305.3643,7725400
2026-05-27,303.6322,304.5281,294.4236,297.9378,11779200
2026-05-28,296.2355,299.7198,294.4236,295.3993,9757700
2026-05-29,295.0707,298.5351,293.8761,297.9677,13969000
2026-06-01,296.3549,298.2066,293.9458,295.2499,7930000
2026-06-02,295.1703,300.7153,293.9458,299.6103,8296200
2026-06-03,298.5750,300.6058,295.2300,299.5008,7003900
2026-06-04,304.3688,311.5067,303.0747,309.4958,10345200
2026-06-05,312.8805,313.5873,308.2115,310.9691,9118800
2026-06-08,311.8452,314.8815,309.3862,309.7148,6827000
2026-06-09,312.1040,315.0010,307.6242,311.2976,11594600
2026-06-10,311.1582,313.3384,307.6441,307.7536,7446200
2026-06-11,308.1717,313.3086,307.4948,312.0841,9116600
2026-06-12,314.5530,319.8591,314.1348,319.2817,7426200
2026-06-15,322.4673,324.4584,317.4101,317.9676,7988900
2026-06-16,322.8456,330.2622,322.5668,329.6549,11094900
2026-06-17,330.6902,336.2552,330.0133,331.9645,12246400
2026-06-18,335.4389,336.5738,322.7062,323.7615,20111000
2026-06-22,328.2214,331.2776,325.2846,329.9934,10182500
2026-06-23,327.9924,333.8659,325.7425,332.6415,7582200
2026-06-24,331.5763,333.0297,328.2911,331.9546,7907400
2026-06-25,333.4578,341.9097,333.2587,333.6171,10043100
2026-06-26,334.4931,334.8913,326.0312,327.5743,17640900
2026-06-29,326.8077,330.8993,325.7326,327.9128,7981800
2026-06-30,327.4150,328.9581,325.2149,325.8620,8080100
2026-07-01,326.8974,334.1348,323.5524,332.5718,15210200
2026-07-02,336.5041,338.4752,330.2821,332.9700,8413900
2026-07-06,335.0000,339.7200,334.1100,337.7200,8673500
2026-07-07,340.9800,341.4000,337.0900,339.2200,7115800
2026-07-08,336.5300,336.5300,330.1300,330.6200,18505200
2026-07-09,331.4600,337.0000,330.8100,335.4700,15570600
2026-07-10,337.4700,338.5900,335.7700,336.4700,6299000
2026-07-13,338.3400,338.3500,332.5000,334.5300,7120300
2026-07-14,327.0000,344.7300,325.7500,342.8900,14537900
2026-07-15,345.8500,351.2400,344.0500,346.9100,10750000
2026-07-16,349.2800,349.3400,341.1100,343.1500,12432400
2026-07-17,339.0300,346.1300,335.0500,341.1000,9249100
2026-07-20,341.8000,344.2600,337.3700,338.8700,5452792
