Date,Open,High,Low,Close,Volume
2016-07-21,33.1821,33.3065,33.1235,33.2626,8045100
2016-07-22,33.2991,33.5480,33.2699,33.5407,8836100
2016-07-25,33.5260,33.5407,33.2772,33.3504,9134300
2016-07-26,33.3211,33.4089,32.8088,32.8454,15819900
2016-07-27,32.1282,32.2453,31.5427,31.7623,37461100
2016-07-28,31.6671,31.9745,31.6305,31.9452,13077800
2016-07-29,31.9964,32.0184,31.8208,31.9306,16530500
2016-08-01,31.9745,32.0770,31.7842,31.7989,12349700
2016-08-02,31.7257,31.8940,31.6964,31.8574,12825200
2016-08-03,31.9526,31.9818,31.7403,31.9379,12119100
2016-08-04,31.8793,32.0550,31.7623,31.8428,11244100
2016-08-05,31.9452,32.0184,31.7696,31.8208,10398200
2016-08-08,31.7842,31.8501,31.6305,31.7915,8680300
2016-08-09,31.8355,31.9379,31.7476,31.8135,7281300
2016-08-10,31.9379,31.9745,31.8355,31.9160,8412100
2016-08-11,31.9965,32.1062,31.9233,32.0184,11303300
2016-08-12,32.1355,32.3404,32.0477,32.2233,10928900
2016-08-15,32.2746,32.4429,32.2087,32.3770,10390600
2016-08-16,32.3843,32.3843,32.0770,32.0770,9706100
2016-08-17,32.2087,32.2526,32.0404,32.2453,11208500
2016-08-18,32.2087,32.3917,32.2014,32.2746,9144300
2016-08-19,32.2380,32.2453,32.0111,32.1428,9385900
2016-08-22,32.1575,32.1648,32.0038,32.0111,8687500
2016-08-23,32.0916,32.1868,32.0111,32.0916,8421100
2016-08-24,32.0697,32.1575,31.9526,32.0916,11508900
2016-08-25,32.0916,32.1575,31.9306,31.9599,9815700
2016-08-26,31.9965,32.1428,31.6964,31.7037,11824900
2016-08-29,31.7184,31.9160,31.7110,31.8647,9544600
2016-08-30,31.8062,31.8574,31.5573,31.6452,9720100
2016-08-31,31.7842,31.8062,31.5281,31.7842,10217900
2016-09-01,31.6232,31.7696,31.6159,31.7257,8457800
2016-09-02,31.8501,32.0770,31.8135,31.9525,9026000
2016-09-06,32.0111,32.0550,31.7623,32.0477,8600400
2016-09-07,31.9965,32.0550,31.8574,31.9379,8656600
2016-09-08,31.9599,32.0038,31.7988,31.9306,10020400
2016-09-09,31.7842,31.7842,30.9353,30.9353,23624200
2016-09-12,31.0011,31.6379,30.9865,31.6086,15932300
2016-09-13,31.5569,31.5569,31.1437,31.1954,12962700
2016-09-14,31.1880,31.2913,30.9814,31.0700,9823900
2016-09-15,30.9962,31.2766,30.9003,31.2544,10158500
2016-09-16,31.1142,31.1806,30.9667,31.0921,16354000
2016-09-19,31.1069,31.2618,31.0478,31.0626,7659900
2016-09-20,31.2175,31.3798,31.1659,31.2397,8407200
2016-09-21,31.1954,31.4389,31.0626,31.3798,13654700
2016-09-22,31.5127,31.7340,31.4979,31.6971,9288300
2016-09-23,31.5864,31.6824,31.4684,31.5348,8852700
2016-09-26,31.5127,31.5200,30.9962,31.0257,15036000
2016-09-27,31.1290,31.4536,30.9888,31.4241,11920400
2016-09-28,31.4536,31.5496,31.0109,31.0995,15523800
2016-09-29,31.0036,31.2766,30.8781,31.0109,12671700
2016-09-30,31.1437,31.3577,31.0331,31.2249,14375700
2016-10-03,31.2175,31.2175,30.9076,31.0109,11152800
2016-10-04,31.2397,31.2397,30.8265,30.8708,13682700
2016-10-05,30.9371,31.0404,30.7453,30.8486,9607300
2016-10-06,30.7527,30.9445,30.6789,30.7748,9722900
2016-10-07,30.8634,30.9445,30.6715,30.7896,8122800
2016-10-10,30.9298,30.9814,30.6937,30.7896,8983600
2016-10-11,30.7379,30.7675,30.5461,30.6494,12249100
2016-10-12,30.7158,30.8707,30.6199,30.8265,12216300
2016-10-13,30.7306,30.9076,30.6273,30.8117,17655600
2016-10-14,30.8781,30.9224,30.7084,30.7453,9893800
2016-10-17,30.7896,30.8855,30.6715,30.6937,10792500
2016-10-18,30.8486,30.9888,30.7896,30.9667,11297300
2016-10-19,30.9372,31.0773,30.8486,31.0257,16367400
2016-10-20,30.9667,31.0700,30.9076,30.9372,10620500
2016-10-21,30.8781,31.1142,30.7527,31.0847,14401500
2016-10-24,31.2249,31.5569,31.1733,31.4020,13439200
2016-10-25,31.4610,31.6381,31.3061,31.3872,16484700
2016-10-26,31.7266,31.7488,31.2913,31.3134,16886200
2016-10-27,31.4536,31.4684,30.9150,31.0773,14537000
2016-10-28,31.1806,31.3356,31.0626,31.1585,13398400
2016-10-31,31.0773,31.2913,31.0773,31.2839,13327500
2016-11-01,31.2839,31.3061,30.9224,31.0773,12223400
2016-11-02,31.0626,31.2397,30.9962,31.0257,12034300
2016-11-03,31.1511,31.1511,30.9593,31.0109,11258000
2016-11-04,30.8781,31.0183,30.7601,30.7601,14464200
2016-11-07,31.0183,31.3577,31.0183,31.3282,14038500
2016-11-08,31.2618,31.7119,31.2618,31.6381,12036600
2016-11-09,30.8117,31.2249,30.7674,31.1880,21351000
2016-11-10,30.8855,31.1806,30.1403,30.2067,33245500
2016-11-11,30.2141,30.3469,29.9780,30.2731,13421000
2016-11-14,30.3469,30.5609,30.1403,30.3764,19514200
2016-11-15,30.3838,30.6346,30.3764,30.5756,16554000
2016-11-16,30.5461,30.7306,30.3690,30.4428,12681400
2016-11-17,30.4576,30.4723,30.2510,30.3395,12398800
2016-11-18,30.2731,30.3985,30.1772,30.1846,16345300
2016-11-21,30.1846,30.5166,30.0518,30.5166,12307000
2016-11-22,30.5830,30.7675,30.4281,30.5240,12743500
2016-11-23,30.4133,30.4797,30.2731,30.3395,9281300
2016-11-25,30.5387,30.6789,30.4281,30.6420,7402300
2016-11-28,30.6273,30.8338,30.4502,30.8043,19424400
2016-11-29,30.8936,30.8936,30.6109,30.6183,11421900
2016-11-30,30.5067,30.6555,30.0231,30.0231,22410400
2016-12-01,29.9933,30.0528,29.6734,29.8891,20409900
2016-12-02,29.9859,30.1272,29.9040,30.0305,11176300
2016-12-05,30.0156,30.2760,29.9933,30.2240,15977800
2016-12-06,30.3207,30.3356,30.0752,30.1868,11303500
2016-12-07,30.1644,30.7225,30.1421,30.7225,13726500
2016-12-08,30.5588,30.6630,30.3951,30.4918,13077100
2016-12-09,30.8787,31.4145,30.7225,31.2508,28125800
2016-12-12,31.2508,31.2582,31.0424,31.1764,17561900
2016-12-13,31.0424,31.2210,30.9085,31.0722,18986000
2016-12-14,31.1689,31.2433,30.5514,30.6630,17937900
2016-12-15,30.5811,31.1094,30.5811,30.9160,14265300
2016-12-16,30.9606,31.0722,30.8639,31.0573,19675200
2016-12-19,31.0201,31.1020,30.9383,31.0052,8687300
2016-12-20,31.0276,31.0425,30.8341,30.9978,10603500
2016-12-21,30.9532,31.1243,30.8936,30.9308,9693600
2016-12-22,30.9308,30.9680,30.5662,30.9160,11894100
2016-12-23,30.9680,31.0201,30.7671,30.9531,6436600
2016-12-27,30.9234,31.0722,30.9085,30.9606,6999200
2016-12-28,30.8713,31.0052,30.7969,30.7969,8988000
2016-12-29,30.7895,31.0201,30.7895,30.9531,6875300
2016-12-30,31.0201,31.1317,30.7671,30.8490,11470200
2017-01-03,30.8787,31.1094,30.7151,31.1020,14711000
2017-01-04,31.1615,31.2285,30.9457,30.9904,9959400
2017-01-05,30.9978,31.1466,30.9011,31.0648,8968300
2017-01-06,31.0276,31.1094,30.9085,31.0573,10246600
2017-01-09,30.6779,30.9383,30.6630,30.7448,14822500
2017-01-10,30.8341,30.8341,30.4026,30.5365,19706800
2017-01-11,30.3951,30.5960,30.3802,30.5439,9266200
2017-01-12,30.5142,30.5365,30.3579,30.4695,8541200
2017-01-13,30.5067,30.5365,30.2760,30.4174,8123500
2017-01-17,30.3877,30.7299,30.3579,30.6704,12469400
2017-01-18,30.6927,30.7895,30.6109,30.7225,10390500
2017-01-19,30.6109,30.7225,30.5290,30.6109,10987100
2017-01-20,30.7076,30.8341,30.6034,30.7448,14695400
2017-01-23,30.7374,30.8787,30.6630,30.8267,11628900
2017-01-24,30.8564,31.2285,30.8564,31.1764,17040100
2017-01-25,31.2061,31.4368,31.1764,31.3401,12538200
2017-01-26,31.2731,31.3326,31.0945,31.1094,8976800
2017-01-27,31.1838,31.2136,30.8192,30.8415,12967400
2017-01-30,30.7299,30.8639,30.6630,30.7895,11626200
2017-01-31,30.7969,31.0201,30.7746,30.9308,12678000
2017-02-01,30.8936,30.9978,30.6927,30.7002,11136100
2017-02-02,30.8118,30.8713,30.6927,30.8043,9459700
2017-02-03,30.9383,31.0945,30.8490,30.9085,11882400
2017-02-06,30.9011,31.0052,30.8043,30.9234,15742800
2017-02-07,31.0276,31.2359,31.0052,31.1764,13315200
2017-02-08,31.1838,31.3624,31.1317,31.2657,14219700
2017-02-09,31.2657,31.2657,30.2984,30.6927,27240300
2017-02-10,30.5216,30.6555,30.1719,30.1942,28847300
2017-02-13,30.3356,30.3802,30.1347,30.2240,23617100
2017-02-14,30.0454,30.2091,29.9263,30.1570,32177800
2017-02-15,30.0752,30.2314,30.0603,30.0900,26600800
2017-02-16,30.1719,30.7150,30.1347,30.6555,22214800
2017-02-17,30.6035,30.7746,30.5439,30.6779,15065100
2017-02-21,30.6555,30.8788,30.6555,30.8490,17072600
2017-02-22,30.8862,31.0127,30.8043,30.9531,11186800
2017-02-23,31.0052,31.2508,30.9680,30.9978,12856800
2017-02-24,31.0276,31.1838,30.9532,31.0871,13215300
2017-02-27,31.0648,31.0648,30.9457,31.0052,12186400
2017-02-28,31.0127,31.3029,30.9829,31.2210,15946800
2017-03-01,31.2582,31.5112,31.1615,31.3698,14662000
2017-03-02,31.3103,31.6675,31.3029,31.6005,15507600
2017-03-03,31.6005,31.6154,31.4368,31.6079,11740000
2017-03-06,31.5038,31.5707,31.3401,31.3847,16307800
2017-03-07,31.2508,31.4294,31.2136,31.2433,11273700
2017-03-08,31.2508,31.2731,31.0573,31.2433,14636000
2017-03-09,31.3178,31.3326,31.1913,31.2731,14496400
2017-03-10,31.4219,31.5484,31.3624,31.4666,16369700
2017-03-13,31.4666,31.6167,31.4065,31.5491,12831500
2017-03-14,31.5116,31.6017,31.3990,31.5041,9844500
2017-03-15,31.5116,31.7368,31.5041,31.6167,22757800
2017-03-16,31.5491,31.8194,31.4515,31.7143,16004200
2017-03-17,31.7368,31.7893,31.5341,31.5491,37526500
2017-03-20,31.6017,31.7818,31.5792,31.6617,11484200
2017-03-21,31.7593,31.9995,31.6842,31.9019,17187300
2017-03-22,31.9470,32.0520,31.7143,31.8118,11605500
2017-03-23,31.6843,31.8194,31.5717,31.6542,11503300
2017-03-24,31.6993,31.7143,31.4591,31.6167,13804400
2017-03-27,31.6092,31.7818,31.5641,31.7668,12387400
2017-03-28,31.7068,31.9470,31.7068,31.8494,14123800
2017-03-29,31.9094,31.9244,31.7443,31.8419,9580100
2017-03-30,31.7893,31.9920,31.7218,31.9770,11999900
2017-03-31,31.9395,32.0145,31.8494,31.8569,11551800
2017-04-03,31.9620,31.9995,31.7293,31.8344,11240000
2017-04-04,31.9094,32.0445,31.8043,32.0370,10946200
2017-04-05,32.0145,32.1722,31.9245,31.9545,10142800
2017-04-06,31.9620,32.0971,31.8794,32.0295,14597800
2017-04-07,32.0070,32.0821,31.9094,31.9845,11028800
2017-04-10,32.0746,32.1271,31.9470,32.0446,9426900
2017-04-11,32.0370,32.0896,31.9169,32.0220,8909400
2017-04-12,31.9320,32.2697,31.9094,32.2322,13417200
2017-04-13,32.1797,32.3373,32.1121,32.1196,9891900
2017-04-17,32.1196,32.3298,32.1121,32.3298,11318100
2017-04-18,32.3598,32.7201,32.3448,32.6376,13181600
2017-04-19,32.8327,32.8703,32.4199,32.4499,13893100
2017-04-20,32.4274,32.5024,32.3148,32.3448,10838300
2017-04-21,32.2622,32.3523,32.1947,32.3298,13833800
2017-04-24,32.4574,32.6000,32.3898,32.4874,16703800
2017-04-25,32.1647,32.6000,32.1421,32.3598,18745100
2017-04-26,32.3223,32.6000,32.2622,32.4574,13626600
2017-04-27,32.4048,32.4874,32.2172,32.2847,10386200
2017-04-28,32.2472,32.4274,32.1647,32.3899,10337800
2017-05-01,32.3898,32.6526,32.3523,32.4424,13208200
2017-05-02,32.4424,32.6075,32.3974,32.5700,11823900
2017-05-03,32.5250,32.6451,32.3898,32.5175,10389000
2017-05-04,32.5925,32.8853,32.5775,32.7727,10193100
2017-05-05,32.8702,32.9078,32.6976,32.7952,8133000
2017-05-08,32.7201,32.9603,32.6826,32.9453,14284300
2017-05-09,32.9453,32.9453,32.5625,32.6601,8694400
2017-05-10,32.6376,32.7426,32.5475,32.7051,7597700
2017-05-11,32.6451,32.7877,32.6000,32.7802,6860100
2017-05-12,32.7576,32.7877,32.6225,32.7201,7275800
2017-05-15,32.6225,32.8477,32.6225,32.8252,8493000
2017-05-16,32.9303,33.1105,32.8552,32.9153,10454100
2017-05-17,32.9153,33.1555,32.8102,32.9753,14538800
2017-05-18,32.9303,32.9979,32.7577,32.8778,13832200
2017-05-19,32.9153,33.0279,32.8477,32.9528,11796800
2017-05-22,32.9453,33.1930,32.8852,33.1630,12857900
2017-05-23,33.2155,33.4783,33.1855,33.3206,11996100
2017-05-24,33.4107,33.8461,33.4107,33.8010,12738300
2017-05-25,33.7785,34.1388,33.7560,34.0863,16704200
2017-05-26,34.0412,34.1989,34.0262,34.0713,11341400
2017-05-30,33.8986,34.1238,33.8611,34.1013,13093500
2017-05-31,34.1013,34.3040,34.0563,34.1313,14148000
2017-06-01,34.1163,34.3715,33.9512,34.3715,11049300
2017-06-02,34.4015,34.4466,34.2364,34.4466,9923700
2017-06-05,34.3640,34.5216,34.2964,34.5216,10015200
2017-06-06,34.4541,34.5742,34.3640,34.5141,9836700
2017-06-07,34.1538,34.3040,34.0412,34.1613,12776300
2017-06-08,34.1613,34.1613,33.8010,33.8761,12879000
2017-06-09,33.8236,34.0412,33.7560,34.0187,9358800
2017-06-12,34.0187,34.1388,33.9286,34.0262,11228500
2017-06-13,34.0565,34.1397,33.9051,34.0792,10023400
2017-06-14,34.1927,34.4122,34.1776,34.2835,11497500
2017-06-15,34.1927,34.3138,34.0868,34.2457,9908700
2017-06-16,34.2911,34.3214,34.0641,34.2911,27025300
2017-06-19,34.3214,34.3441,34.1322,34.3441,7624700
2017-06-20,34.3214,34.7149,34.2987,34.5182,14920900
2017-06-21,34.5257,34.5711,34.1851,34.2230,9515800
2017-06-22,34.1852,34.2684,34.0792,34.1095,7446300
2017-06-23,34.0943,34.3441,34.0792,34.2457,9544800
2017-06-26,34.2987,34.4425,34.2835,34.3819,7747100
2017-06-27,34.3138,34.3592,34.0565,34.0943,11432200
2017-06-28,34.2457,34.4349,34.2306,34.2987,9218800
2017-06-29,34.1549,34.2381,33.7916,33.9278,9283500
2017-06-30,33.9732,34.1473,33.9430,33.9430,9352800
2017-07-03,34.1398,34.2608,33.8749,33.8749,6434500
2017-07-05,33.8976,34.0489,33.8522,33.9203,6853600
2017-07-06,33.8446,33.9430,33.5192,33.6024,13113000
2017-07-07,33.6554,33.6932,33.4813,33.5949,9566000
2017-07-10,33.6402,33.7386,33.4737,33.5873,9672000
2017-07-11,33.5419,33.6630,33.4132,33.5494,10300700
2017-07-12,33.7462,33.8824,33.6327,33.6857,7737400
2017-07-13,33.6705,33.7008,33.5797,33.6251,6371900
2017-07-14,33.6932,33.8446,33.6781,33.8143,8558700
2017-07-17,33.7992,33.8976,33.7613,33.8522,7189200
2017-07-18,33.8900,33.9430,33.7689,33.8067,9037200
2017-07-19,33.8067,33.9354,33.7159,33.9278,6986900
2017-07-20,33.9808,34.0414,33.8673,33.9203,7430300
2017-07-21,33.8900,34.1095,33.8067,34.0792,8545600
2017-07-24,34.0868,34.0943,33.9278,33.9354,9103600
2017-07-25,34.0716,34.2760,34.0111,34.2381,14096300
2017-07-26,33.7159,34.6544,33.5343,34.6165,13608900
2017-07-27,34.6619,35.1387,34.5863,34.9041,15195200
2017-07-28,34.8133,34.9041,34.6090,34.8209,11945300
2017-07-31,34.8133,34.8739,34.6544,34.6922,13622900
2017-08-01,34.7906,34.8587,34.5484,34.5863,10306800
2017-08-02,34.5106,34.8133,34.3441,34.5030,10187900
2017-08-03,34.5484,34.7755,34.5333,34.5636,14261400
2017-08-04,34.5636,34.6317,34.4122,34.4349,9523600
2017-08-07,34.4500,34.6317,34.4349,34.5408,6226300
2017-08-08,34.5409,34.6771,34.4727,34.5106,5747900
2017-08-09,34.4803,34.5560,34.3063,34.5030,9635300
2017-08-10,34.4803,34.6922,34.4046,34.6165,8901600
2017-08-11,34.7074,34.7376,34.4879,34.5030,8357600
2017-08-14,34.5636,34.7679,34.5257,34.6620,8421200
2017-08-15,34.6619,35.0025,34.6619,34.9571,9638100
2017-08-16,34.9268,35.0706,34.9041,34.9647,8087300
2017-08-17,34.9041,35.0631,34.6998,34.7074,8477000
2017-08-18,34.6619,34.7376,34.5333,34.5636,10879800
2017-08-21,34.5636,34.6619,34.4803,34.5711,9429700
2017-08-22,34.5863,34.6241,34.4652,34.5106,10536700
2017-08-23,34.5333,34.5560,34.3895,34.4652,6528400
2017-08-24,34.4652,34.5181,34.2911,34.3668,7534400
2017-08-25,34.5106,34.6317,34.4803,34.4879,8807100
2017-08-28,34.5333,34.5787,34.3441,34.3744,8024000
2017-08-29,34.3592,34.4879,34.2457,34.3971,7762200
2017-08-30,34.3289,34.4652,34.2760,34.3517,7134900
2017-08-31,34.3592,34.5484,34.3138,34.4728,14264600
2017-09-01,34.5409,34.6620,34.4652,34.6468,7391200
2017-09-05,34.6241,34.7603,34.5484,34.7528,9916700
2017-09-06,34.7982,34.8436,34.6544,34.7830,9238900
2017-09-07,34.8209,35.0555,34.7830,35.0252,9418400
2017-09-08,34.9571,35.0933,34.8284,35.0404,10534900
2017-09-11,35.0782,35.2598,34.9798,35.2068,10430300
2017-09-12,35.1917,35.3809,35.1539,35.3582,8567600
2017-09-13,35.3279,35.5550,35.3052,35.4717,10218000
2017-09-14,35.3955,35.4489,35.0446,35.1742,13768800
2017-09-15,35.3192,35.3649,35.0903,35.2276,16141400
2017-09-18,35.2048,35.2734,35.0217,35.1742,8535300
2017-09-19,35.1971,35.2352,35.0064,35.0751,7297900
2017-09-20,34.9072,35.2048,34.7470,34.9225,11026600
2017-09-21,34.8691,34.9301,34.6021,34.6326,7555300
2017-09-22,34.6708,34.8081,34.6097,34.7013,8024800
2017-09-25,34.7089,34.9072,34.5945,34.8538,9215300
2017-09-26,34.8538,34.9911,34.7547,34.7623,6480100
2017-09-27,34.6860,34.7089,33.8545,34.0529,14816200
2017-09-28,34.0757,34.3275,34.0605,34.2588,8789500
2017-09-29,34.2207,34.4114,34.1673,34.3351,10082200
2017-10-02,34.3656,34.5334,34.1368,34.1749,10707800
2017-10-03,34.2207,34.5258,34.1444,34.4724,12038100
2017-10-04,34.4114,34.7547,34.2817,34.7089,14060300
2017-10-05,34.7165,34.8996,34.7089,34.7242,10215300
2017-10-06,34.6250,34.7242,34.5411,34.7013,5437900
2017-10-09,34.7470,34.8233,34.5868,34.6402,5268300
2017-10-10,34.7852,35.0140,34.7318,34.9911,6310400
2017-10-11,34.9988,35.1666,34.9912,35.1666,6638200
2017-10-12,35.0751,35.1971,35.0446,35.1742,7710200
2017-10-13,35.2810,35.3802,35.2047,35.2276,7126000
2017-10-16,35.1819,35.6624,35.1666,35.5633,12708600
2017-10-17,35.4946,35.5709,35.3268,35.4870,7699400
2017-10-18,35.4031,35.5022,35.2734,35.3954,6272200
2017-10-19,35.3726,35.6930,35.3344,35.5404,7515500
2017-10-20,35.5328,35.5404,35.3039,35.3802,9646800
2017-10-23,35.3802,35.5862,35.2658,35.3344,7153600
2017-10-24,35.2887,35.3115,35.0522,35.2276,9539500
2017-10-25,35.3725,35.6701,35.0369,35.1284,11994200
2017-10-26,35.3344,35.6624,35.2581,35.2658,10569100
2017-10-27,35.1895,35.3421,35.0217,35.1437,9988000
2017-10-30,35.0903,35.1437,34.9530,34.9835,7201900
2017-10-31,35.0293,35.2200,34.9683,35.0751,6560500
2017-11-01,34.8996,35.1590,34.8081,34.9378,7067600
2017-11-02,34.9454,35.0522,34.8996,34.9988,8317800
2017-11-03,35.0674,35.2124,35.0293,35.0674,4730400
2017-11-06,35.0217,35.0293,34.6479,34.6860,7451300
2017-11-07,34.6403,35.0522,34.5640,35.0446,9868000
2017-11-08,35.0751,35.2353,34.9912,35.2276,7586900
2017-11-09,35.1819,35.3878,35.1056,35.2658,6532400
2017-11-10,35.2429,35.5785,35.1971,35.5023,8022900
2017-11-13,35.5480,35.7158,35.5023,35.6396,7653600
2017-11-14,35.6319,36.2193,35.5633,36.1812,17200700
2017-11-15,36.0973,36.2040,35.6853,35.7082,12419100
2017-11-16,35.8150,35.8379,35.4794,35.5099,12506400
2017-11-17,35.3497,35.3802,34.5182,34.8691,19720700
2017-11-20,34.8233,34.9988,34.6479,34.6784,19160900
2017-11-21,34.7547,35.0522,34.7394,34.9225,10280800
2017-11-22,35.0064,35.0369,34.7394,34.9683,8434400
2017-11-24,35.0064,35.1285,34.9835,34.9988,2996300
2017-11-27,34.9988,35.0827,34.9454,35.0140,5649200
2017-11-28,35.0827,35.2047,34.9225,34.9606,8432800
2017-11-29,34.9149,34.9530,34.4877,34.7089,16502100
2017-11-30,34.7166,35.2550,34.6320,35.2011,17147600
2017-12-01,35.2242,35.3934,34.7704,35.3549,12468800
2017-12-04,35.3703,35.6703,35.2011,35.5549,17523600
2017-12-05,35.5703,35.7164,35.4242,35.5780,13670800
2017-12-06,35.6549,35.7472,35.5780,35.7241,8154000
2017-12-07,35.6011,35.6241,35.1627,35.2088,9106500
2017-12-08,35.1473,35.1703,34.6474,34.8473,13238600
2017-12-11,34.8473,34.9242,34.5474,34.8627,9698700
2017-12-12,34.8012,35.0088,34.6551,34.8320,13999300
2017-12-13,34.9550,35.4165,34.9166,35.3011,12418700
2017-12-14,35.2319,35.5087,35.2242,35.4011,9029000
2017-12-15,35.6010,35.7010,35.4088,35.5241,21181600
2017-12-18,35.5318,35.6702,35.3088,35.3242,10156800
2017-12-19,35.4088,35.6703,35.3088,35.4780,8253200
2017-12-20,35.5395,35.6087,35.3472,35.4395,7311000
2017-12-21,35.4857,35.5472,35.0396,35.0704,9657100
2017-12-22,35.1396,35.1704,35.0319,35.0627,5406300
2017-12-26,35.1473,35.2703,35.0781,35.2319,6100400
2017-12-27,35.3011,35.3318,35.1627,35.3242,5660600
2017-12-28,35.3088,35.3703,35.1011,35.1627,6538900
2017-12-29,35.1473,35.5164,35.1396,35.2857,8371500
2018-01-02,35.3088,35.3319,35.0012,35.0242,10872200
2018-01-03,34.9858,35.1396,34.8704,34.9473,12635600
2018-01-04,35.0396,35.5472,34.9550,35.4395,12709400
2018-01-05,35.3934,35.5318,35.2165,35.4319,13113100
2018-01-08,35.3396,35.4549,35.2857,35.3780,7068600
2018-01-09,35.3780,35.6549,35.3319,35.5549,9962400
2018-01-10,35.5549,35.5780,35.3242,35.4319,10700700
2018-01-11,35.5549,35.5549,35.2703,35.4088,7583200
2018-01-12,35.5933,35.6779,35.4011,35.4934,14570100
2018-01-16,35.4934,35.8548,35.4857,35.7856,16459300
2018-01-17,35.8241,36.1471,35.8010,36.0087,12143100
2018-01-18,35.9548,36.2009,35.8471,36.0548,11952900
2018-01-19,36.1394,36.3394,36.0471,36.2701,16187400
2018-01-22,36.2548,36.5316,36.2163,36.4394,9577400
2018-01-23,36.3086,36.6854,36.2471,36.4932,11463700
2018-01-24,36.5547,36.8777,36.5163,36.7854,15964500
2018-01-25,36.6854,36.9162,36.6854,36.7931,11755000
2018-01-26,36.7470,37.3930,36.7162,37.3238,16671200
2018-01-29,37.0777,37.2700,36.5932,36.6855,11662600
2018-01-30,36.7085,37.0392,36.4547,36.4624,12404800
2018-01-31,36.4932,36.8393,36.4316,36.6008,10960100
2018-02-01,36.4624,36.7085,36.2317,36.4932,10279400
2018-02-02,36.4163,36.4624,35.8625,35.9394,12912300
2018-02-05,35.8779,36.0856,34.1552,34.5243,23261500
2018-02-06,33.7398,34.4090,33.4091,34.3551,25184300
2018-02-07,34.2859,34.9935,34.0552,34.2705,18041600
2018-02-08,34.3167,34.3167,33.1246,33.1477,23295300
2018-02-09,33.3476,33.4245,32.4478,33.1707,22853100
2018-02-12,33.5014,34.0167,33.3553,33.8168,14689000
2018-02-13,33.7783,34.1552,33.6014,33.9860,13163200
2018-02-14,33.8552,33.9860,33.5553,33.9167,13457900
2018-02-15,34.0321,34.4782,33.9321,34.4397,13467300
2018-02-16,35.0473,35.1011,34.3936,34.5935,17202300
2018-02-20,34.4167,34.4782,33.7937,33.8321,14137300
2018-02-21,33.9244,34.0398,33.3245,33.3322,12792900
2018-02-22,33.4015,33.7014,33.2399,33.4707,12377800
2018-02-23,33.5168,33.8860,33.3938,33.8706,8277200
2018-02-26,34.0167,34.1398,33.6937,33.8629,12713300
2018-02-27,33.9552,34.0782,33.5476,33.5476,12774400
2018-02-28,33.7091,33.7706,33.2399,33.2399,11929400
2018-03-01,33.1477,33.5630,32.9323,33.4015,17746800
2018-03-02,33.2630,33.6860,33.2553,33.6245,14050100
2018-03-05,33.5091,33.7937,33.4553,33.7552,11992700
2018-03-06,33.8014,33.8783,33.5245,33.7860,10010500
2018-03-07,33.5245,33.7783,33.4322,33.7014,10881700
2018-03-08,33.7629,34.1936,33.6860,34.1859,12361100
2018-03-09,34.2782,34.4705,34.1398,34.4705,9778600
2018-03-12,34.5705,34.6781,34.0936,34.2474,11857700
2018-03-13,34.3551,34.4782,34.1475,34.2782,11342100
2018-03-14,34.4334,34.4722,33.9291,33.9679,15321200
2018-03-15,34.0454,34.1385,33.7894,33.8825,12456700
2018-03-16,33.9058,34.1541,33.7118,33.7196,26603300
2018-03-19,33.7196,33.9135,33.5023,33.5644,12380300
2018-03-20,33.6110,33.7351,33.3704,33.4868,13559800
2018-03-21,33.4635,33.7118,33.1997,33.3627,13054000
2018-03-22,33.2696,33.6497,33.1299,33.1765,12274100
2018-03-23,33.2230,33.4868,32.8118,32.8428,13475200
2018-03-26,33.0601,33.2153,32.7808,33.1222,11276100
2018-03-27,33.1299,33.6032,32.9980,33.2773,11627000
2018-03-28,33.3627,33.9058,33.3627,33.6109,16277400
2018-03-29,33.7817,34.0765,33.5877,33.6963,10450500
2018-04-02,33.7041,33.7506,32.9515,33.1066,14207900
2018-04-03,33.3472,33.7816,33.2385,33.6575,15484600
2018-04-04,33.4713,34.4489,33.4480,34.3248,13563300
2018-04-05,34.3558,34.6118,34.0920,34.4489,11707800
2018-04-06,34.3558,34.5420,33.9135,34.0765,11495100
2018-04-09,34.1618,34.3791,33.9679,34.0067,11913400
2018-04-10,34.1929,34.2782,33.9213,34.1308,10379500
2018-04-11,33.9911,34.2472,33.9523,34.1308,8424300
2018-04-12,34.2006,34.4567,34.0998,34.1618,8476400
2018-04-13,34.2860,34.6739,34.2472,34.5342,10774200
2018-04-16,34.6429,34.8291,34.4489,34.6662,8962100
2018-04-17,34.8756,34.9377,34.6429,34.8213,8406400
2018-04-18,34.8368,34.8911,34.3946,34.5342,7429000
2018-04-19,34.4023,34.5032,34.1541,34.3791,10370400
2018-04-20,34.3791,34.4567,33.8127,33.9368,14690700
2018-04-23,33.9368,34.1308,33.7972,34.1230,11878500
2018-04-24,34.1230,34.2161,33.1532,33.4170,18523900
2018-04-25,33.1610,33.2773,32.5170,32.9204,20774700
2018-04-26,32.8972,33.4403,32.7885,33.1687,13561000
2018-04-27,33.1532,33.6265,33.1377,33.6032,9777900
2018-04-30,33.7506,33.8980,33.3394,33.5256,16037700
2018-05-01,33.3316,33.3549,32.7265,33.0446,11514200
2018-05-02,32.8972,33.0446,32.5402,32.6334,13736400
2018-05-03,32.7575,32.8971,32.2144,32.5014,18352200
2018-05-04,32.4239,32.9747,32.4084,32.8661,10946200
2018-05-07,32.8506,32.9670,32.5558,32.6954,9336000
2018-05-08,32.5635,32.6566,32.3463,32.4394,15062200
2018-05-09,32.5635,32.7652,32.3308,32.4161,9295200
2018-05-10,32.5790,32.8661,32.5402,32.7265,7924200
2018-05-11,32.7730,32.9515,32.6178,32.6954,6331900
2018-05-14,32.7808,32.8351,32.5092,32.6178,10715500
2018-05-15,32.4161,32.5247,32.1601,32.3696,16449700
2018-05-16,32.3851,32.5402,32.2299,32.2377,11590500
2018-05-17,32.5946,32.8584,32.4859,32.8196,14857400
2018-05-18,32.8196,32.8816,32.6489,32.7265,11950200
2018-05-21,32.8273,32.9902,32.7963,32.9049,9110200
2018-05-22,32.9747,33.0523,32.7497,32.7808,8222900
2018-05-23,32.7808,32.9360,32.5325,32.8972,8971400
2018-05-24,32.8972,32.9515,32.7342,32.8351,9269600
2018-05-25,32.8506,33.0368,32.7420,32.8972,8806500
2018-05-29,32.6799,33.2463,32.6644,33.1144,14826900
2018-05-30,33.1842,33.5799,33.1299,33.4635,10114200
2018-05-31,33.5179,33.5256,33.1144,33.3627,15571300
2018-06-01,33.4403,33.6110,33.3937,33.4558,10664700
2018-06-04,33.6420,33.8204,33.5877,33.7429,11727600
2018-06-05,33.7506,33.7817,33.4403,33.4480,9975900
2018-06-06,33.4092,33.7196,33.3937,33.7196,9202900
2018-06-07,33.6187,33.9291,33.6187,33.7041,11948100
2018-06-08,33.8049,34.1386,33.7972,34.0998,12078800
2018-06-11,34.0998,34.3325,34.0532,34.2394,7526100
2018-06-12,34.2394,34.4644,34.2006,34.4567,8243300
2018-06-13,34.4101,34.5420,34.2549,34.2782,16745000
2018-06-14,34.2469,34.3252,34.0669,34.1138,12696200
2018-06-15,34.0982,34.5600,34.0121,34.5365,21562500
2018-06-18,34.3487,34.4113,33.9729,34.0903,12161900
2018-06-19,33.8947,34.2469,33.8164,34.1295,12936400
2018-06-20,34.1451,34.2704,33.8398,33.8633,10893700
2018-06-21,33.8712,33.8946,33.6285,33.7303,10465200
2018-06-22,33.7772,33.9807,33.7224,33.8555,14924400
2018-06-25,33.7850,34.2469,33.7850,34.1138,12092400
2018-06-26,34.0982,34.3173,33.8790,33.9181,13974700
2018-06-27,33.9181,34.1373,33.6520,33.7146,15332600
2018-06-28,33.8477,34.1921,33.7929,34.0277,12668900
2018-06-29,34.1060,34.5209,33.9025,34.3330,11485600
2018-07-02,34.2704,34.5679,34.1138,34.2469,9232500
2018-07-03,34.4896,34.7009,34.4348,34.4348,8214300
2018-07-05,34.5678,34.9671,34.5444,34.9592,11653000
2018-07-06,34.9671,35.1784,34.8966,34.9436,8733900
2018-07-09,34.8653,35.0140,34.7087,34.7557,7373100
2018-07-10,34.8418,35.2254,34.8340,35.2019,10606100
2018-07-11,35.2176,35.2254,34.9436,35.0610,7715600
2018-07-12,35.0923,35.1941,34.8262,34.9671,6331600
2018-07-13,34.9905,35.0532,34.8105,35.0219,5585900
2018-07-16,35.0140,35.0688,34.8575,35.0140,5831400
2018-07-17,35.0297,35.5307,34.9749,35.4211,11592200
2018-07-18,35.3741,35.4524,35.1001,35.3193,7351600
2018-07-19,35.2176,35.5620,35.1628,35.3115,10097500
2018-07-20,35.2410,35.4446,35.1471,35.4446,8588400
2018-07-23,35.4446,35.5072,35.0453,35.1862,9055700
2018-07-24,35.0532,35.4367,34.9201,35.4289,13786100
2018-07-25,36.0082,36.4622,35.8125,36.0786,21330600
2018-07-26,36.2900,36.4700,36.1647,36.1960,12673100
2018-07-27,36.2587,36.3996,36.0551,36.1725,10516900
2018-07-30,36.0864,36.3526,36.0473,36.1882,8967900
2018-07-31,36.3213,36.5326,36.2508,36.5013,12438800
2018-08-01,36.3604,36.3917,36.1412,36.3135,9904100
2018-08-02,36.3839,36.5013,36.1491,36.1491,12009700
2018-08-03,36.1882,36.6031,36.1178,36.4935,11462800
2018-08-06,36.4778,36.6892,36.4387,36.5170,10056100
2018-08-07,36.4152,36.4857,36.1099,36.3996,8632900
2018-08-08,36.3917,36.4465,36.1021,36.1256,6810000
2018-08-09,36.2039,36.3369,36.0708,36.2821,8924100
2018-08-10,36.1726,36.3369,35.9847,36.0708,7535400
2018-08-13,36.0473,36.1099,35.7733,35.8751,8143400
2018-08-14,35.9377,36.0864,35.9064,35.9221,6846100
2018-08-15,35.8281,36.1256,35.7342,36.0708,9686400
2018-08-16,36.0943,36.3056,35.9847,36.1804,10600700
2018-08-17,36.2352,36.5796,36.1960,36.4778,8885700
2018-08-20,36.5405,36.6892,36.4700,36.5796,6392000
2018-08-21,36.5796,36.5952,36.1725,36.1804,13986300
2018-08-22,36.2743,36.3056,35.9456,35.9534,7159100
2018-08-23,35.9221,36.0708,35.7655,35.7733,13144900
2018-08-24,35.7342,35.8516,35.6794,35.7185,10952900
2018-08-27,36.0473,36.0473,35.6637,35.7655,9581200
2018-08-28,35.7342,35.7968,35.4446,35.5150,8476800
2018-08-29,35.4211,35.5541,35.3976,35.4837,12410900
2018-08-30,35.4446,35.4759,35.1393,35.1862,9716500
2018-08-31,35.2254,35.2802,34.7479,34.8888,19834100
2018-09-04,34.9123,35.1471,34.8418,35.0375,11138500
2018-09-05,34.9592,35.5541,34.9592,35.5228,10554900
2018-09-06,35.5385,36.0082,35.4602,35.8281,11439400
2018-09-07,35.6950,35.8673,35.4446,35.7890,10208100
2018-09-10,35.9377,36.2508,35.8516,36.0551,8568900
2018-09-11,36.0864,36.1256,35.9142,36.0238,9278300
2018-09-12,36.1334,36.2430,36.0238,36.1960,13216400
2018-09-13,36.3223,36.4092,36.0855,36.1802,8294800
2018-09-14,36.2513,36.3381,36.0066,36.3066,7612900
2018-09-17,36.3145,36.5750,36.2434,36.5671,8527300
2018-09-18,36.6223,36.7329,36.2592,36.2592,9847400
2018-09-19,36.3144,36.4013,36.2118,36.2829,7119000
2018-09-20,36.4881,36.8513,36.4329,36.8197,9736700
2018-09-21,36.8197,36.8592,36.6144,36.7723,19240300
2018-09-24,36.7013,36.7329,36.1881,36.3697,10778900
2018-09-25,36.3618,36.4565,36.0066,36.0618,7919100
2018-09-26,36.1329,36.3697,35.9750,36.1960,10162600
2018-09-27,36.1013,36.4566,36.0618,36.3223,10826900
2018-09-28,36.3144,36.4644,36.2908,36.4644,9071900
2018-10-01,36.4486,36.5907,36.3539,36.4960,9364700
2018-10-02,36.5355,36.7565,36.3618,36.7171,7462700
2018-10-03,36.6776,36.7486,36.1566,36.2118,10542300
2018-10-04,36.0460,36.2355,35.8645,36.1960,9582300
2018-10-05,36.2671,36.4408,36.0697,36.2197,8734100
2018-10-08,36.3066,36.7723,36.2908,36.6934,9808100
2018-10-09,36.6144,36.7486,36.4881,36.6223,10824500
2018-10-10,36.5513,36.8671,36.0539,36.0618,13917000
2018-10-11,36.1566,36.2908,35.1303,35.2408,17677900
2018-10-12,35.1145,35.4303,34.9329,35.2724,12420100
2018-10-15,35.2408,35.7382,35.2013,35.4540,11608500
2018-10-16,35.5408,35.9987,35.4145,35.9118,10442500
2018-10-17,35.8487,36.3066,35.8092,36.2039,11055800
2018-10-18,36.2355,36.3776,35.8882,36.0066,12716900
2018-10-19,36.1803,36.7013,36.1803,36.5750,13989200
2018-10-22,36.6065,36.6776,36.1645,36.2908,14283600
2018-10-23,36.0145,36.6776,35.8803,36.5986,17483900
2018-10-24,36.5750,37.4118,36.5039,36.8908,21626000
2018-10-25,36.8276,36.8986,36.4092,36.7171,14220200
2018-10-26,36.6066,36.6934,35.8645,36.2513,21458000
2018-10-29,36.4329,36.7565,36.3539,36.6776,20932200
2018-10-30,36.8039,37.6881,36.3460,37.6012,20895400
2018-10-31,37.4986,37.9565,37.2776,37.7986,25309400
2018-11-01,37.7434,38.0118,37.3407,37.6881,16494500
2018-11-02,37.7512,37.8933,37.4512,37.8933,17584900
2018-11-05,37.8933,38.5091,37.8302,38.4380,16543500
2018-11-06,38.4065,38.7854,38.3670,38.7696,14373400
2018-11-07,38.9907,39.1170,38.7065,38.9749,12239700
2018-11-08,38.7775,38.9749,38.7617,38.9433,9762800
2018-11-09,38.9907,39.3854,38.9670,39.2196,12398100
2018-11-12,39.1643,39.6617,39.1091,39.3696,13918300
2018-11-13,39.3222,39.4722,39.1407,39.3617,13872900
2018-11-14,39.3538,39.4249,39.1486,39.2828,12106800
2018-11-15,39.2038,39.2749,38.8959,39.2670,12080100
2018-11-16,39.2038,39.6696,39.1801,39.6064,13405800
2018-11-19,39.7170,40.0722,39.6696,39.8748,13575800
2018-11-20,40.1196,40.1354,38.8486,38.9828,16255300
2018-11-21,38.8644,39.0301,38.3591,38.4696,13559200
2018-11-23,38.4854,38.8643,38.3275,38.6986,4792500
2018-11-26,38.6907,38.8644,38.4223,38.5802,9341900
2018-11-27,38.5881,39.0065,38.4696,38.9749,9180700
2018-11-28,38.8486,39.2512,38.8486,39.2433,11368700
2018-11-29,39.2115,39.3308,38.9648,38.9728,11564300
2018-11-30,38.9887,40.1743,38.9807,40.1026,25538200
2018-12-03,39.6809,39.7525,38.9011,39.5377,14877200
2018-12-04,39.7605,40.1902,39.3865,39.4502,19059900
2018-12-06,39.3945,39.4900,38.7181,39.2910,17674900
2018-12-07,39.4422,39.5297,38.8932,39.0603,15565700
2018-12-10,39.3467,39.3467,38.5670,39.1796,12331100
2018-12-11,39.4581,39.7923,39.1319,39.4183,18083600
2018-12-12,39.7446,39.8003,39.1399,39.1637,12316900
2018-12-13,38.7659,39.4740,38.6465,39.3626,13766200
2018-12-14,39.1717,39.4024,39.0046,39.2592,13835900
2018-12-17,39.2592,39.4104,38.2089,38.4556,18482700
2018-12-18,38.6784,38.8534,38.0736,38.4476,14765700
2018-12-19,38.3840,38.7977,37.8906,38.1134,17903800
2018-12-20,38.0418,38.2964,37.4769,37.8270,21130000
2018-12-21,37.6042,38.7898,37.5803,37.8508,32477700
2018-12-24,37.8906,38.0895,36.4663,36.5698,10733700
2018-12-26,36.5061,37.3655,36.3311,37.3495,14342600
2018-12-27,37.1904,37.8349,36.6255,37.8190,16966500
2018-12-28,38.1055,38.2009,37.4212,37.5564,13218200
2018-12-31,37.7872,37.8270,37.3655,37.6758,10576300
2019-01-02,37.3496,37.5723,37.0472,37.3416,11603700
2019-01-03,37.2541,37.6917,37.0233,37.1108,14714400
2019-01-04,37.1984,37.8508,37.1109,37.8508,13013700
2019-01-07,37.8508,37.9941,37.3177,37.3575,13135500
2019-01-08,37.5962,37.8508,37.4291,37.7792,15420700
2019-01-09,37.4610,37.6201,36.9438,37.0552,18032500
2019-01-10,37.1268,37.4689,36.8721,37.4530,15976600
2019-01-11,37.6281,37.6837,37.3734,37.6678,11088600
2019-01-14,37.5962,37.7156,37.3893,37.5167,11514300
2019-01-15,37.3098,37.8747,37.2461,37.8508,11342900
2019-01-16,37.7156,37.7713,37.2859,37.3336,16907800
2019-01-17,37.3336,37.5087,37.3018,37.4450,12044600
2019-01-18,37.5962,37.9463,37.4928,37.8827,12760700
2019-01-22,37.9543,38.0259,37.5644,37.9702,11700400
2019-01-23,38.0498,38.4237,37.9145,38.4078,12058300
2019-01-24,38.2805,38.2805,37.6997,37.9463,10272000
2019-01-25,38.0975,38.2169,37.5883,37.6917,12066500
2019-01-28,37.5723,37.6360,37.3496,37.5326,9966900
2019-01-29,37.5564,37.8986,37.5007,37.7156,11998600
2019-01-30,37.5962,38.1055,37.5485,38.0816,12952500
2019-01-31,38.0736,38.8136,37.7713,38.2964,32181500
2019-02-01,38.5749,38.8136,38.5113,38.7500,19130100
2019-02-04,38.7500,39.3467,38.6227,39.1876,15105700
2019-02-05,39.2512,39.3626,39.0682,39.1955,12651900
2019-02-06,39.1558,39.2751,39.0046,39.1955,8689100
2019-02-07,39.1239,39.3547,38.9887,39.3228,10047800
2019-02-08,39.2831,39.3865,39.0762,39.3865,9813300
2019-02-11,39.4422,39.6889,39.3706,39.4740,9369300
2019-02-12,39.5377,39.6252,39.3547,39.5138,10983300
2019-02-13,39.4740,39.7366,39.4343,39.6173,12748800
2019-02-14,37.1586,37.3655,36.2038,36.2754,58905400
2019-02-15,36.5220,36.8085,35.9651,35.9969,35701600
2019-02-19,36.0605,36.2754,35.6229,35.6707,25511300
2019-02-20,35.7343,35.9969,35.6468,35.8855,27464000
2019-02-21,35.8059,36.5300,35.7741,36.4902,23121200
2019-02-22,36.4106,36.5618,35.9651,36.0287,24728400
2019-02-25,36.1560,36.2595,35.6786,35.7582,23774400
2019-02-26,35.8855,35.9173,35.5354,35.5593,20463200
2019-02-27,35.4876,35.8218,35.3444,35.7582,17827500
2019-02-28,35.9014,36.2913,35.8935,36.0765,22533900
2019-03-01,36.1799,36.3152,35.9651,36.1083,16291600
2019-03-04,36.2276,36.3390,36.0446,36.3231,15973800
2019-03-05,36.3231,36.3629,36.1242,36.2833,13062300
2019-03-06,36.3390,36.4345,36.1560,36.1640,14232100
2019-03-07,36.1958,36.2276,35.9094,36.0287,12084000
2019-03-08,35.9253,36.0049,35.4956,35.6786,15579100
2019-03-11,35.9173,36.7926,35.8855,36.7448,22126900
2019-03-12,36.5618,36.8005,36.5220,36.6414,19348500
2019-03-13,36.7050,36.8721,36.5300,36.7767,16222500
2019-03-14,36.7927,37.0094,36.6242,36.6803,18504100
2019-03-15,36.6964,36.8409,36.2309,36.3593,47254500
2019-03-18,36.4636,36.6643,36.4074,36.4476,24006400
2019-03-19,36.5599,36.6723,36.3914,36.5680,14987000
2019-03-20,36.4396,36.8409,36.2630,36.5439,13376100
2019-03-21,36.5439,36.7285,36.4717,36.5279,20043000
2019-03-22,36.4877,37.0094,36.4877,36.8650,19055900
2019-03-25,36.8088,37.0817,36.7526,36.9452,11668200
2019-03-26,37.0576,37.5552,37.0576,37.4348,11434900
2019-03-27,37.4428,37.6515,37.1860,37.4107,11543600
2019-03-28,37.4669,37.6596,37.3064,37.3867,11121100
2019-03-29,37.4589,37.6515,37.3064,37.6114,16045600
2019-04-01,37.7157,37.8602,37.3947,37.4990,11522700
2019-04-02,37.5231,37.6676,37.3786,37.3786,8495000
2019-04-03,37.2582,37.3947,36.9532,37.0656,12854500
2019-04-04,37.1940,37.3546,37.0094,37.3064,7814900
2019-04-05,37.3144,37.3867,37.0817,37.2984,7677600
2019-04-08,37.3546,37.3786,37.1378,37.3626,9421300
2019-04-09,37.2823,37.4990,37.1379,37.4589,8641800
2019-04-10,37.5953,37.7238,37.3706,37.4348,8059900
2019-04-11,37.4990,37.5231,37.3546,37.4910,7352400
2019-04-12,37.4589,37.6676,37.3786,37.5151,10690000
2019-04-15,37.6275,37.7559,37.4830,37.7238,10261300
2019-04-16,37.7639,37.8040,37.4830,37.6836,10804600
2019-04-17,37.8843,38.1652,37.8442,37.9485,11849300
2019-04-18,37.9886,38.1893,37.9405,38.1090,12167000
2019-04-22,38.0448,38.2134,37.7398,38.0448,9834700
2019-04-23,38.5986,39.1043,38.1652,38.6949,25327800
2019-04-24,38.5505,38.7110,38.4622,38.5104,15997300
2019-04-25,38.3177,38.4381,38.1010,38.3980,11444400
2019-04-26,38.5184,38.8876,38.5104,38.7351,10154300
2019-04-29,38.6628,38.8876,38.6147,38.8635,9731500
2019-04-30,38.9518,39.4735,38.8394,39.3772,17912900
2019-05-01,39.2889,39.3932,38.9679,39.0000,10551200
2019-05-02,38.9518,39.1444,38.7431,38.8394,8724600
2019-05-03,39.0080,39.2969,38.9438,39.1043,7076900
2019-05-06,38.7913,39.0160,38.7351,38.9036,8657800
2019-05-07,38.7110,38.7592,38.3418,38.5264,12487500
2019-05-08,38.5665,38.7110,38.3819,38.4060,9281400
2019-05-09,38.3659,38.5103,37.7799,38.0448,11450500
2019-05-10,38.0529,38.7672,38.0448,38.6789,9653800
2019-05-13,38.4542,38.6307,38.3097,38.5665,11911500
2019-05-14,38.9518,39.5859,38.8073,39.0802,16844200
2019-05-15,39.0642,39.6340,39.0080,39.4735,11422500
2019-05-16,39.5457,39.8588,39.4976,39.7946,17771300
2019-05-17,39.5458,39.7705,39.4655,39.4896,11257000
2019-05-20,39.3612,39.4414,39.1364,39.2086,13850500
2019-05-21,39.3290,39.3531,38.8876,39.0080,10587400
2019-05-22,39.1525,39.8989,39.1043,39.8507,16050400
2019-05-23,39.7304,40.0514,39.6983,40.0113,12199400
2019-05-24,39.9872,40.0434,39.7544,39.8186,6887600
2019-05-28,39.8106,39.8668,39.3531,39.4093,18614000
2019-05-29,39.1204,39.3531,38.8555,39.0160,12534600
2019-05-30,39.1043,39.5779,39.0642,39.5297,9087200
2019-05-31,39.3290,39.5779,39.1525,39.4334,11368600
2019-06-03,39.4575,40.1156,39.3451,40.1156,14167200
2019-06-04,40.1317,40.3564,39.8267,40.1317,12010600
2019-06-05,40.1397,41.0467,39.8829,40.7577,15837600
2019-06-06,40.8621,41.3677,40.6052,41.2554,15190400
2019-06-07,41.3115,41.8894,41.2955,41.3276,15293600
2019-06-10,41.3677,41.3677,41.0065,41.2393,9737400
2019-06-11,41.2955,41.4078,41.0788,41.1992,9915600
2019-06-12,41.3356,41.8493,41.3115,41.4480,11088100
2019-06-13,41.6259,41.8201,41.0759,41.3590,10353600
2019-06-14,41.2943,41.6826,41.2943,41.5046,8694300
2019-06-17,41.4561,41.6421,40.9384,41.1487,12322400
2019-06-18,41.4561,41.4965,40.8737,40.9626,9221100
2019-06-19,40.8818,41.4480,40.8251,41.3509,9414100
2019-06-20,41.6583,41.8929,41.5370,41.7877,10656600
2019-06-21,41.6826,41.9738,41.5855,41.6987,21264400
2019-06-24,41.8524,42.2245,41.8201,41.9980,10780000
2019-06-25,42.0627,42.1436,41.7715,41.8686,11519900
2019-06-26,41.6745,41.7715,41.3266,41.3509,12405100
2019-06-27,41.4884,41.5774,41.2296,41.3186,12374900
2019-06-28,41.4722,41.5774,40.8656,41.1891,16339900
2019-07-01,41.3105,41.7635,41.0759,41.7392,14976400
2019-07-02,41.8848,42.1032,41.6987,42.0466,8569200
2019-07-03,42.0627,42.3297,42.0627,42.1436,7253700
2019-07-05,41.9738,42.1598,41.6421,42.1517,8916300
2019-07-08,42.2245,42.3297,41.9738,42.0627,9495100
2019-07-09,41.8363,42.0385,41.6017,41.7311,10584900
2019-07-10,41.9010,42.0385,41.7877,41.9171,7620900
2019-07-11,42.0547,42.1113,41.7877,42.0951,10376500
2019-07-12,42.2650,42.2973,41.9899,42.1598,7347400
2019-07-15,42.2892,42.2973,41.9576,42.1679,5876100
2019-07-16,42.0304,42.4429,41.9091,42.1760,7132500
2019-07-17,42.2407,42.2731,42.0708,42.2083,8264200
2019-07-18,42.0951,42.2003,41.7958,42.0870,11911800
2019-07-19,42.1760,42.1841,41.5531,41.5693,10355500
2019-07-22,41.6745,41.6745,41.3590,41.4318,12090700
2019-07-23,43.0739,44.1982,42.6775,43.9475,33417900
2019-07-24,43.7776,44.3438,43.3732,43.5026,15633400
2019-07-25,43.3813,43.5188,42.6452,42.9283,19135000
2019-07-26,43.1467,43.9313,43.0253,43.8181,11451900
2019-07-29,43.8181,43.9232,43.5997,43.6725,12283900
2019-07-30,43.6482,43.9232,43.3327,43.4541,8127100
2019-07-31,43.2842,43.2842,42.0951,42.5724,16865500
2019-08-01,42.6937,43.0334,42.0708,42.0870,19527200
2019-08-02,41.9899,42.6532,41.9899,42.3297,13102300
2019-08-05,42.3782,42.5966,41.5774,41.7796,19986500
2019-08-06,41.9576,42.6775,41.7473,42.2812,19903100
2019-08-07,42.2812,43.1871,41.8767,43.0173,17937000
2019-08-08,43.0415,43.5026,42.7503,43.4298,10799000
2019-08-09,43.5107,43.5997,42.9364,43.2114,9260900
2019-08-12,43.0981,43.2276,42.8636,43.0334,6588600
2019-08-13,42.7908,43.3651,42.7665,43.2761,8581200
2019-08-14,43.1467,43.6563,42.8474,42.8636,17088900
2019-08-15,43.2195,43.6805,43.0577,43.5754,12393200
2019-08-16,43.6644,44.0769,43.6401,44.0122,14288700
2019-08-19,44.0365,44.3115,43.9313,44.2387,10936200
2019-08-20,44.1821,44.2306,43.5511,43.5835,8176700
2019-08-21,43.8828,44.0122,43.5592,43.7614,10886500
2019-08-22,43.7776,44.1982,43.7614,44.0769,7467900
2019-08-23,44.0203,44.2549,43.1871,43.4702,14160400
2019-08-26,43.6805,44.1173,43.4621,44.1173,9226900
2019-08-27,44.2468,44.4490,44.0122,44.2630,13537000
2019-08-28,44.2144,44.6108,44.0203,44.5784,10046400
2019-08-29,44.6998,44.7645,44.1659,44.5299,9262800
2019-08-30,44.6189,44.6674,44.3358,44.5218,8746700
2019-09-03,44.4733,44.7564,44.3843,44.7321,12991400
2019-09-04,44.7726,45.2336,44.7321,45.1123,10718100
2019-09-05,45.0961,45.1123,44.5137,44.5865,13677000
2019-09-06,44.8454,44.8454,44.2953,44.6755,9093500
2019-09-09,44.5137,44.5542,43.9717,44.1012,10814900
2019-09-10,43.8666,44.0365,43.5592,44.0041,12038200
2019-09-11,43.9151,44.3277,43.6563,44.3034,9740400
2019-09-12,44.5703,44.7402,44.4733,44.5784,12357900
2019-09-13,44.3910,44.6436,44.0569,44.2118,11486100
2019-09-16,44.0814,44.2770,43.6984,43.9673,11172000
2019-09-17,44.0814,44.5703,43.9673,44.1955,11347400
2019-09-18,44.1629,44.2362,43.8533,44.1873,9700400
2019-09-19,44.1873,44.4888,44.1058,44.4236,7560300
2019-09-20,44.5621,44.5621,43.9184,43.9266,19211500
2019-09-23,43.9266,44.2932,43.9021,44.1140,6485300
2019-09-24,44.2036,44.4969,44.0325,44.2444,10093000
2019-09-25,44.3584,44.3910,43.9999,44.1384,10248400
2019-09-26,44.3829,44.4725,44.1058,44.3177,10031200
2019-09-27,44.4562,44.5214,43.9999,44.2525,7939900
2019-09-30,44.1221,44.5540,44.1221,44.3584,9808700
2019-10-01,44.4317,44.6354,44.0080,44.5295,14261500
2019-10-02,44.1710,44.3584,43.1036,43.2503,14343600
2019-10-03,43.5925,43.9836,43.0384,43.8695,13817500
2019-10-04,43.9999,44.4399,43.9103,44.4399,9295400
2019-10-07,44.2688,44.2932,43.8125,43.8940,5964900
2019-10-08,43.9021,44.0569,43.5518,43.6577,13301900
2019-10-09,44.0488,44.0570,43.6251,43.8614,7135000
2019-10-10,43.6332,43.9021,43.4784,43.7229,8942900
2019-10-11,43.7147,43.7555,43.3481,43.4295,8981700
2019-10-14,43.5844,43.7392,43.3644,43.4295,7306300
2019-10-15,43.5355,43.7392,43.4051,43.6007,9564300
2019-10-16,43.5599,43.6495,43.2910,43.5844,10454800
2019-10-17,43.7473,44.0977,43.6577,43.8288,13190300
2019-10-18,44.8147,45.1325,44.3666,44.6355,18122400
2019-10-21,44.3666,44.4562,43.7392,44.1873,12778900
2019-10-22,44.1873,44.3421,43.7881,43.8777,9533400
2019-10-23,44.0488,44.5377,44.0080,44.5214,8556600
2019-10-24,44.4643,44.6681,44.3992,44.4969,11051400
2019-10-25,44.4481,44.4562,43.7310,43.7962,9782400
2019-10-28,43.7881,43.9592,43.4866,43.6495,8866100
2019-10-29,43.5029,43.7229,43.3969,43.5192,7999700
2019-10-30,43.6088,44.0406,43.3155,43.9510,8620900
2019-10-31,43.9673,44.3829,43.8777,44.3503,13982000
2019-11-01,44.5132,44.6029,43.8777,43.9184,9889500
2019-11-04,43.9673,43.9999,43.1606,43.2992,17515100
2019-11-05,43.0955,43.0955,42.4681,42.7125,19284000
2019-11-06,42.8021,43.0221,42.7044,43.0221,13288900
2019-11-07,43.0873,43.1851,42.3377,42.6066,11725500
2019-11-08,42.7451,42.8592,42.4436,42.5414,7141800
2019-11-11,42.6392,42.6718,42.1910,42.2399,8198300
2019-11-12,42.2970,42.2970,42.0281,42.1340,12656900
2019-11-13,42.5169,42.7369,42.3377,42.7044,12257900
2019-11-14,42.8021,42.9162,42.6555,42.8836,8660300
2019-11-15,42.8918,42.9244,42.6799,42.9162,8982400
2019-11-18,42.9244,43.5436,42.9162,43.2095,13782000
2019-11-19,43.3073,43.4377,43.0792,43.2503,12679500
2019-11-20,43.2666,43.5110,43.1932,43.3643,11970300
2019-11-21,43.2747,43.4621,43.0058,43.1525,7856100
2019-11-22,43.1525,43.3399,42.9814,43.2095,9113300
2019-11-25,43.4132,43.5029,42.9977,43.3643,10963500
2019-11-26,43.4377,43.9510,43.3644,43.9184,13219800
2019-11-27,43.9429,44.0814,43.6740,43.9592,9595200
2019-11-29,44.0823,44.1069,43.6883,43.8360,7222300
2019-12-02,43.7704,44.1233,43.3845,44.1233,13173800
2019-12-03,44.0905,44.1972,43.8360,44.1644,14498300
2019-12-04,44.1644,44.5831,44.0987,44.5666,13624000
2019-12-05,44.5010,44.5666,44.1890,44.4845,14068100
2019-12-06,44.5831,44.7390,44.4681,44.6733,7843500
2019-12-09,44.5748,44.7472,44.3450,44.3860,13887200
2019-12-10,44.3614,44.3860,44.1069,44.1398,8993900
2019-12-11,44.2793,44.4517,44.0495,44.2875,8879100
2019-12-12,44.3368,44.6980,44.2793,44.4435,11233300
2019-12-13,44.2793,44.7801,44.1972,44.6733,13072200
2019-12-16,44.8950,45.0099,44.6323,44.6733,9538100
2019-12-17,44.6569,44.8047,44.5666,44.6733,9230000
2019-12-18,44.7636,44.9442,44.2383,44.2547,15132100
2019-12-19,44.3614,44.6077,44.2629,44.5913,13385900
2019-12-20,45.1002,45.3137,44.7144,45.1248,23832800
2019-12-23,45.1495,45.3465,45.0181,45.0756,9300800
2019-12-24,44.9853,45.1495,44.8539,44.9114,3359300
2019-12-26,45.0838,45.1659,44.9771,45.1659,6228500
2019-12-27,45.1577,45.5189,45.1495,45.4368,6895500
2019-12-30,45.2972,45.4696,45.1987,45.3711,6431700
2019-12-31,45.3137,45.4614,45.1331,45.4368,7982600
2020-01-02,45.4122,45.5025,44.9525,45.1413,11867700
2020-01-03,44.5913,45.1413,44.4025,44.8950,11354500
2020-01-06,44.8622,45.0756,44.7554,44.8786,14698300
2020-01-07,44.6980,44.8211,44.4517,44.5338,9973900
2020-01-08,44.5502,44.8540,44.4517,44.6159,10676000
2020-01-09,45.1495,45.4778,45.0181,45.4286,15398000
2020-01-10,45.5435,45.9129,45.5189,45.5845,13040100
2020-01-13,45.5845,46.1592,45.4943,46.0771,14302900
2020-01-14,46.1674,46.2084,45.8308,45.9704,16345300
2020-01-15,45.9704,46.7749,45.9704,46.5450,17735400
2020-01-16,46.6681,46.7502,46.4711,46.6435,10234100
2020-01-17,46.6846,46.9144,46.6271,46.7420,14264300
2020-01-21,46.6681,46.9965,46.4383,46.9308,11968900
2020-01-22,46.9965,47.3167,46.9390,47.2920,12869600
2020-01-23,47.1032,47.4890,46.9883,47.4726,12858900
2020-01-24,47.4890,47.5055,47.1689,47.3495,8594300
2020-01-27,46.9637,47.4890,46.8980,47.1853,14359900
2020-01-28,47.1607,47.4069,46.7666,46.7995,15240200
2020-01-29,46.7913,47.0047,46.5122,46.7995,13163600
2020-01-30,47.5547,48.4167,47.4152,48.3181,20225600
2020-01-31,48.4084,48.4987,47.7353,47.9405,17685200
2020-02-03,48.2278,48.4084,48.0390,48.0883,12333600
2020-02-04,48.2279,48.8025,48.1211,48.3017,15417900
2020-02-05,48.3510,48.4987,48.0555,48.3099,11414900
2020-02-06,48.4167,48.7122,48.3017,48.4249,9347000
2020-02-07,48.3346,48.6958,48.3099,48.5890,8757800
2020-02-10,48.6958,49.1226,48.6711,49.0487,7984900
2020-02-11,49.0241,49.0898,48.6958,48.9174,7431200
2020-02-12,48.8271,49.0652,48.6958,48.7696,9179100
2020-02-13,48.7450,49.1226,48.6055,48.9338,8173200
2020-02-14,48.9502,49.3114,48.9420,49.2129,9965500
2020-02-18,49.0980,49.1965,48.8025,48.8681,10075700
2020-02-19,48.8517,49.2540,48.8189,49.0652,6265700
2020-02-20,48.9913,49.1390,48.5234,49.0241,7597200
2020-02-21,48.8517,49.3607,48.7861,49.3607,10842400
2020-02-24,48.5234,49.0898,48.0801,48.1458,14415500
2020-02-25,48.1868,48.5973,47.3002,47.4644,15915100
2020-02-26,47.5958,47.9980,47.1853,47.2838,15837800
2020-02-27,46.9144,47.5219,45.0510,45.0920,23754000
2020-02-28,44.1890,44.2383,42.3420,43.9099,40890600
2020-03-02,44.2711,45.9375,44.0823,45.9047,25698600
2020-03-03,46.5942,47.1935,45.6748,46.0196,27099200
2020-03-04,46.3069,48.4331,46.3069,48.3674,20526100
2020-03-05,47.4480,47.7517,46.1263,46.5778,17948500
2020-03-06,45.1002,45.8965,44.3122,45.3629,22353900
2020-03-09,42.7278,43.9838,42.2599,42.5718,27898300
2020-03-10,43.6883,44.1644,42.0054,44.0495,27457400
2020-03-11,42.9741,43.2204,41.9808,42.8592,22653900
2020-03-12,39.8465,40.9875,38.3278,38.7136,31913100
2020-03-13,40.9992,41.0406,38.5977,40.1380,33697200
2020-03-16,34.9789,39.6494,34.0928,37.4798,28682300
2020-03-17,37.9932,39.3347,37.5708,39.0697,32106700
2020-03-18,37.0491,37.3887,34.4406,37.1402,35408300
2020-03-19,36.7345,36.9829,33.9852,34.6394,41956900
2020-03-20,34.7388,34.8381,31.0620,31.7162,51513500
2020-03-23,32.0971,32.2048,30.0351,31.1034,44978500
2020-03-24,34.1342,34.2833,32.1551,32.6685,49096200
2020-03-25,33.6457,35.9809,33.0494,34.4572,42511700
2020-03-26,35.4757,37.4880,35.1528,36.6765,37821700
2020-03-27,36.1548,36.4612,35.1114,35.4509,23297900
2020-03-30,35.6414,37.7282,35.6414,37.2645,23446000
2020-03-31,37.3224,37.6868,36.4860,36.6434,25373900
2020-04-01,35.1776,36.1465,34.6145,34.8795,21936400
2020-04-02,34.9623,36.5937,34.6642,36.3949,17621900
2020-04-03,36.0885,36.7179,35.8650,36.2956,14207100
2020-04-06,37.5874,38.9289,37.0077,38.6474,22850000
2020-04-07,40.1628,40.2456,38.4900,38.5149,21279600
2020-04-08,38.6225,39.8233,38.3658,39.5997,18937100
2020-04-09,40.1131,41.1813,40.0386,40.5768,19165300
2020-04-13,40.0386,40.2787,38.5066,38.8627,19586000
2020-04-14,39.6991,40.7839,38.8627,40.5106,21801900
2020-04-15,39.5086,40.0800,39.2602,39.4258,12893200
2020-04-16,39.2519,39.6245,38.7219,39.0035,17606800
2020-04-17,39.9972,39.9972,39.2270,39.7984,19844600
2020-04-20,39.5748,39.7487,38.3492,38.5314,18957900
2020-04-21,37.9932,38.8378,36.6517,37.5791,26863700
2020-04-22,38.1339,38.2168,37.6785,37.8275,15811600
2020-04-23,38.0511,38.1754,37.2396,37.3224,17668200
2020-04-24,37.6785,37.8855,37.3638,37.6205,15175000
2020-04-27,38.0925,38.9041,37.8524,38.7385,19175500
2020-04-28,39.6659,39.7487,38.5646,38.7053,17246700
2020-04-29,39.1442,39.6328,38.8213,39.0200,15780000
2020-04-30,38.9206,38.9206,37.8441,38.0014,20801100
2020-05-01,37.7779,38.4155,37.4383,37.7613,14290400
2020-05-04,37.5294,37.6619,36.9332,37.3804,22544200
2020-05-05,37.5626,38.1754,37.3887,37.5957,13370500
2020-05-06,37.5957,37.7862,37.0326,37.0574,11892900
2020-05-07,37.3887,37.4632,36.8504,36.9332,16466000
2020-05-08,37.3307,38.2747,37.1651,38.1836,13985100
2020-05-11,37.8358,38.1836,37.6951,37.7116,10874600
2020-05-12,37.7613,37.9683,37.0988,37.1154,13424400
2020-05-13,37.0243,37.0823,36.0389,36.3867,15854800
2020-05-14,35.9229,36.4860,35.7987,36.1879,18000800
2020-05-15,36.4032,37.0077,35.7739,35.8236,31579400
2020-05-18,37.1154,37.5874,36.5440,37.2396,26118500
2020-05-19,37.2727,37.5377,36.6434,36.8835,17839900
2020-05-20,37.4301,38.2333,37.2810,38.0014,22295900
2020-05-21,38.1588,38.1671,37.2893,37.4052,13193500
2020-05-22,37.4466,37.5212,36.9746,37.2893,13008400
2020-05-26,38.8544,38.8627,38.0346,38.1671,22223100
2020-05-27,38.9206,38.9952,38.2333,38.6971,18447600
2020-05-28,39.1691,39.3016,38.7716,38.9952,16230600
2020-05-29,38.6557,39.0780,38.2085,38.6557,51125000
2020-06-01,38.6391,39.1111,38.5811,38.9124,17010700
2020-06-02,39.0531,39.1525,38.5563,38.8378,15255100
2020-06-03,39.1442,39.8481,39.0200,39.6659,15508300
2020-06-04,39.6991,39.9723,39.2353,39.6825,13604700
2020-06-05,40.1959,40.9826,40.1297,40.6514,20504800
2020-06-08,41.0240,41.3801,40.9661,41.2807,19896700
2020-06-09,41.0654,41.0654,40.3118,40.5768,16713700
2020-06-10,40.7093,40.8004,40.2208,40.2622,15716600
2020-06-11,39.5914,39.6825,37.6454,37.7116,26070400
2020-06-12,38.6141,38.6475,37.6113,38.1044,21822700
2020-06-15,37.2437,38.8146,37.1601,38.6893,15622300
2020-06-16,39.7422,39.8508,38.5974,39.0820,18803500
2020-06-17,39.0904,39.3244,38.8063,38.9233,12602800
2020-06-18,38.6893,39.3077,38.4971,39.2659,9380800
2020-06-19,39.9177,39.9344,38.4553,38.4553,30464600
2020-06-22,38.4637,38.5640,37.9205,38.2214,20876200
2020-06-23,38.4386,38.6809,38.0877,38.1378,14675300
2020-06-24,37.9122,37.9707,37.1852,37.3105,17631800
2020-06-25,37.1601,37.5863,36.7924,37.5445,13829700
2020-06-26,37.5361,37.6113,36.3579,36.4080,21955100
2020-06-29,36.7674,37.2437,36.3913,37.0682,17603900
2020-06-30,36.9763,37.4609,36.8008,37.3356,23679800
2020-07-01,37.5445,38.0459,37.3607,37.4526,14316500
2020-07-02,37.8453,37.9623,37.4359,37.5027,15111900
2020-07-06,37.7200,37.8286,37.2771,37.7952,15146000
2020-07-07,37.6030,38.0208,37.4359,37.7785,13043600
2020-07-08,37.7200,37.7534,37.1601,37.6615,13851200
2020-07-09,37.6448,37.6448,36.6253,36.6922,16087100
2020-07-10,36.6671,37.8119,36.6504,37.7283,15627800
2020-07-13,38.0459,38.1712,37.5696,37.8119,16705300
2020-07-14,37.5278,38.3885,37.3272,38.3300,17080100
2020-07-15,38.6893,39.4330,38.6057,38.7729,23738000
2020-07-16,38.6559,39.0152,38.3885,38.5640,13306100
2020-07-17,38.8314,39.1990,38.5472,39.1238,13899800
2020-07-20,39.0403,39.1322,38.3133,38.5389,16633200
2020-07-21,39.7088,40.1015,39.2157,39.4414,25681500
2020-07-22,40.0514,40.5444,39.2993,40.5110,29831200
2020-07-23,40.5026,40.5862,40.1349,40.3438,15935000
2020-07-24,40.4441,40.7784,40.1683,40.5193,16196800
2020-07-27,40.2603,40.5360,40.2603,40.5110,17346500
2020-07-28,40.3940,41.1795,40.1934,40.2603,13872700
2020-07-29,40.2268,40.5277,39.9594,40.1266,13758100
2020-07-30,39.8341,40.3020,39.4414,39.8508,17276500
2020-07-31,39.6419,39.9177,39.0486,39.4748,14849200
2020-08-03,39.3912,39.5751,38.6308,38.6893,14137500
2020-08-04,38.6809,39.1573,38.6225,39.0152,11717200
2020-08-05,39.1907,39.4999,39.1155,39.4581,10498700
2020-08-06,38.9901,39.7171,38.9400,39.6753,10745000
2020-08-07,39.6670,40.1767,39.4497,39.9427,11669700
2020-08-10,40.1600,40.3438,39.8258,39.8759,11888000
2020-08-11,40.4942,40.6530,39.8592,40.0514,16531600
2020-08-12,40.3605,40.6864,40.2101,40.4692,9562200
2020-08-13,40.3271,40.7198,40.1600,40.4274,9882900
2020-08-14,40.3940,40.6864,40.1349,40.4859,10075800
2020-08-17,40.3773,40.7366,40.2770,40.2853,9102400
2020-08-18,40.2770,40.5277,40.0764,40.4608,9829000
2020-08-19,40.2101,40.4274,39.4581,39.5834,17371000
2020-08-20,39.4998,39.7756,39.3494,39.5667,11308700
2020-08-21,39.5584,39.6921,39.2492,39.5082,14734100
2020-08-24,39.6336,40.0931,39.4246,40.0848,9257700
2020-08-25,40.1099,40.1516,39.8174,40.0347,7827800
2020-08-26,39.9093,40.2603,39.6670,40.2436,10124200
2020-08-27,40.3188,40.7951,40.2770,40.3020,10931600
2020-08-28,40.7366,41.6558,40.5527,41.6390,16420300
2020-08-31,41.6140,41.8396,41.2379,41.3884,18510800
2020-09-01,41.2045,41.2379,40.8034,41.0457,12588400
2020-09-02,41.2463,42.9176,41.2463,42.7755,26332600
2020-09-03,42.9510,43.5693,41.8647,42.1822,22289400
2020-09-04,42.5666,43.0095,42.0151,42.6501,21019500
2020-09-08,42.5582,42.6502,41.2463,41.6223,17776700
2020-09-09,41.4468,42.4162,41.4051,41.9399,15252300
2020-09-10,42.0736,42.3493,41.7393,41.7811,15439500
2020-09-11,42.1154,42.7838,41.8647,42.6669,18272300
2020-09-14,42.9364,43.1554,42.5995,42.7174,10911700
2020-09-15,42.9617,43.2818,42.8269,43.0038,12838400
2020-09-16,42.9196,43.3408,42.7427,42.7848,15353900
2020-09-17,42.3046,42.6500,42.0688,42.5826,13287100
2020-09-18,42.7511,43.0965,42.2962,42.4984,23816600
2020-09-21,41.9087,42.1362,40.9484,41.3527,17514800
2020-09-22,41.3696,42.1530,41.3359,41.8329,13034600
2020-09-23,41.8919,42.0519,40.5777,40.6114,17121200
2020-09-24,40.6114,41.3612,40.0639,41.0242,16788100
2020-09-25,40.6030,41.0748,40.4177,41.0411,12603400
2020-09-28,41.5381,41.8750,41.3949,41.5128,11215700
2020-09-29,41.6054,41.7487,41.2011,41.2095,12426600
2020-09-30,41.5044,41.7992,41.1843,41.5886,15755900
2020-10-01,41.6476,41.8329,40.9316,41.4286,17577300
2020-10-02,41.0748,41.7655,40.8979,41.5802,13610100
2020-10-05,41.6391,41.7402,41.3780,41.5970,10628700
2020-10-06,41.7402,41.8919,41.1337,41.2264,10077400
2020-10-07,41.2938,41.9171,41.2348,41.7487,10135600
2020-10-08,41.8750,42.5742,41.7318,42.5068,12143900
2020-10-09,42.6837,43.1554,42.6247,42.8016,11407800
2020-10-12,42.8269,43.4082,42.8185,43.0375,11386500
2020-10-13,42.9533,42.9533,42.0351,42.3046,14365300
2020-10-14,42.1614,42.5321,41.8245,42.2204,10582100
2020-10-15,41.6139,42.2288,41.5296,42.1109,9961700
2020-10-16,42.1109,42.4141,42.0098,42.1446,13569800
2020-10-19,42.1446,42.5237,41.6644,41.7992,9930400
2020-10-20,42.0266,42.6416,41.9424,42.3299,10970700
2020-10-21,42.0856,42.4815,41.9256,42.1109,12517400
2020-10-22,43.1049,43.1302,42.4394,42.6921,20189200
2020-10-23,42.9617,43.1133,42.5152,42.5574,13491300
2020-10-26,42.4057,42.5489,41.4454,41.9508,14696400
2020-10-27,41.9593,42.3636,41.7402,42.0351,13892100
2020-10-28,41.2769,41.4033,40.2492,40.4008,19886200
2020-10-29,40.2071,40.8389,39.8449,40.4514,15369900
2020-10-30,40.2745,40.5356,39.9038,40.4851,15804000
2020-11-02,41.0663,41.2348,40.6367,40.9568,15156100
2020-11-03,41.4623,42.0856,41.2769,41.5718,15285100
2020-11-04,41.6391,42.2962,41.3443,41.4201,12930800
2020-11-05,41.9171,42.2962,41.5633,41.6476,12452400
2020-11-06,41.8245,42.1109,41.4875,41.6560,9294900
2020-11-09,44.2253,44.8655,43.8630,44.2842,33442000
2020-11-10,44.2842,45.7247,44.1832,45.4720,29706700
2020-11-11,45.4299,45.7416,44.9244,45.1350,17399900
2020-11-12,44.6886,44.8234,44.3179,44.6549,15024400
2020-11-13,44.8571,45.0677,44.5538,45.0255,12447900
2020-11-16,45.9100,46.0111,44.8823,45.3625,14908200
2020-11-17,45.2025,45.2783,44.6717,45.2193,14248400
2020-11-18,45.2783,45.5057,44.2758,44.3179,15278200
2020-11-19,44.2169,44.8402,43.7620,44.7560,17189500
2020-11-20,44.8065,44.8571,44.3011,44.3685,15645600
2020-11-23,44.6044,44.7897,43.9726,44.3769,13191900
2020-11-24,44.7644,45.1435,44.6633,44.8318,13827600
2020-11-25,44.7054,44.8823,44.4696,44.5875,10194800
2020-11-27,44.7391,44.8065,44.3179,44.3938,8499300
2020-11-30,44.2240,44.3089,43.3665,43.8080,43203600
2020-12-01,44.2664,44.4277,43.9693,44.1815,18968800
2020-12-02,44.0626,44.2579,43.8419,44.2409,14913100
2020-12-03,44.0627,44.9456,44.0627,44.8098,17318900
2020-12-04,44.8097,45.7352,44.7928,45.7182,18122400
2020-12-07,45.6418,45.6588,44.7418,44.9881,16210900
2020-12-08,44.9456,45.4041,44.8183,45.1494,12485800
2020-12-09,45.3107,45.5059,44.9965,45.2767,11508400
2020-12-10,45.3361,45.4295,44.9796,45.0390,12097300
2020-12-11,44.8267,45.4550,44.8097,45.2937,10638100
2020-12-14,45.5484,45.7097,45.1494,45.2258,22292000
2020-12-15,45.6672,46.0323,45.5059,45.7097,16193700
2020-12-16,45.5059,45.6757,44.9456,45.0475,15679600
2020-12-17,45.2512,45.5993,45.1239,45.2258,12677300
2020-12-18,45.0645,45.7097,44.6739,45.6248,35480100
2020-12-21,44.7249,44.9965,44.1306,44.8352,14926600
2020-12-22,44.8352,45.1494,44.4787,44.7928,9689500
2020-12-23,44.9541,45.3276,44.9456,45.0645,7040300
2020-12-24,45.0135,45.4635,45.0135,45.3701,3265500
2020-12-28,45.7182,46.2191,45.6163,45.9814,9020500
2020-12-29,46.2276,46.2615,45.8625,45.9559,8320600
2020-12-30,45.8880,46.3804,45.8710,46.2191,8142700
2020-12-31,46.2276,46.6351,46.0748,46.5587,8495000
2021-01-04,46.0748,46.3804,44.1730,44.7928,25611100
2021-01-05,44.4277,44.6739,44.1730,44.3004,20323800
2021-01-06,44.1221,44.1645,42.6109,42.8910,38724500
2021-01-07,42.5260,42.6703,42.0420,42.4156,53225700
2021-01-08,42.4750,43.4089,42.3137,43.3665,29674000
2021-01-11,42.9759,43.1797,42.4071,42.6194,19304400
2021-01-12,42.4835,42.7637,42.2458,42.5429,18538700
2021-01-13,42.4326,42.7552,42.4071,42.5854,18864100
2021-01-14,42.5854,42.6024,41.7874,41.7958,34303600
2021-01-15,41.7364,41.7534,41.2016,41.3459,24366800
2021-01-19,41.3798,41.6345,40.9553,41.1846,29114500
2021-01-20,41.2100,41.4478,41.0148,41.3289,23115800
2021-01-21,41.4138,41.6770,41.1421,41.5581,19702500
2021-01-22,41.4393,41.5496,41.1676,41.1676,15400300
2021-01-25,41.1082,41.4647,40.9553,41.4138,16604200
2021-01-26,41.5242,41.9402,41.2695,41.8468,12922600
2021-01-27,41.5072,41.8723,40.9469,41.2015,21242400
2021-01-28,41.3374,42.0251,41.2695,41.7279,17498900
2021-01-29,41.6260,41.7025,40.8450,40.8789,18670300
2021-02-01,40.9808,41.3374,40.9044,41.1591,12183600
2021-02-02,41.4308,41.8977,41.2865,41.5666,13319800
2021-02-03,41.5581,41.6770,41.3204,41.4053,12274100
2021-02-04,41.5666,41.6600,41.3034,41.6091,20597400
2021-02-05,42.0251,42.2628,41.8298,42.1524,12742000
2021-02-08,42.4156,42.5939,42.0166,42.3816,17833200
2021-02-09,42.3222,42.4665,42.1354,42.1949,14592900
2021-02-10,42.7976,42.9420,42.0505,42.1100,22965400
2021-02-11,42.2883,42.9505,42.2798,42.7043,21928600
2021-02-12,42.9335,43.1712,42.7807,43.0354,13137100
2021-02-16,42.9759,43.0608,42.5854,42.6788,15093400
2021-02-17,42.4496,42.8656,42.3562,42.5599,12794300
2021-02-18,42.5854,43.1712,42.4750,43.1033,12747100
2021-02-19,43.1203,43.1542,42.4241,42.5429,15968800
2021-02-22,42.3222,43.1967,42.1694,42.9844,14370900
2021-02-23,43.2986,43.7315,42.8061,42.9080,16222300
2021-02-24,42.7807,43.2137,42.5599,43.0523,14442000
2021-02-25,42.8486,43.0863,42.4326,42.5939,14211100
2021-02-26,42.6194,42.6279,41.5751,41.5921,23638400
2021-03-01,41.9741,42.8231,41.9402,42.3647,13901200
2021-03-02,42.3137,42.9250,42.1949,42.5345,11755100
2021-03-03,42.2118,42.9250,42.2034,42.4326,15410700
2021-03-04,42.7128,43.3750,42.1269,42.3986,22036400
2021-03-05,42.4920,43.2561,42.3647,43.1203,21310800
2021-03-08,43.6976,44.5636,43.4344,43.8419,25084900
2021-03-09,43.9098,44.0457,43.1457,43.1797,23082700
2021-03-10,43.4514,43.8334,43.0608,43.6721,21331600
2021-03-11,43.6466,43.6636,43.1372,43.1967,17417700
2021-03-12,43.3080,43.3850,42.9741,43.1111,17598600
2021-03-15,43.2309,43.7617,43.2052,43.6846,13411900
2021-03-16,43.8302,44.1041,43.6932,43.8473,14214200
2021-03-17,43.8730,44.1897,43.7874,43.8644,17502700
2021-03-18,43.7103,43.8216,43.2224,43.2908,18007300
2021-03-19,43.1967,43.7274,42.9484,43.4963,67845700
2021-03-22,43.0768,43.7274,43.0768,43.6590,17911400
2021-03-23,43.6504,44.2154,43.5134,43.9928,16936700
2021-03-24,43.8045,44.4208,43.7874,44.1041,14997400
2021-03-25,44.2582,44.5664,43.8045,44.5321,17091900
2021-03-26,44.6349,45.4652,44.3096,45.4053,17126700
2021-03-29,45.1399,46.1758,45.1228,46.0987,17514100
2021-03-30,46.0131,46.0474,45.3111,45.4995,14871800
2021-03-31,45.3967,45.5166,44.9430,45.1228,15826500
2021-04-01,45.3368,45.4995,44.9088,44.9516,15834700
2021-04-05,44.8146,45.5594,44.7633,45.2084,16368700
2021-04-06,45.4053,45.9275,45.2855,45.5337,15614300
2021-04-07,45.6108,45.7991,45.4738,45.6108,10062700
2021-04-08,45.5166,45.6964,45.3454,45.4738,9695600
2021-04-09,45.5166,45.6108,45.2084,45.5252,10828200
2021-04-12,45.6536,45.8419,45.4567,45.6707,8565300
2021-04-13,45.4053,45.6193,45.2084,45.4481,11071700
2021-04-14,45.3539,45.5337,45.0715,45.4396,9787600
2021-04-15,45.4823,45.9361,45.4738,45.6536,13078100
2021-04-16,46.0045,46.0559,45.6964,45.9532,17974100
2021-04-19,46.2271,46.5353,45.6279,46.2271,19352900
2021-04-20,46.0901,46.7322,46.0645,46.3726,14419200
2021-04-21,46.4326,46.8606,46.4326,46.7493,13866500
2021-04-22,46.6295,46.9719,46.5011,46.6038,12558900
2021-04-23,46.5695,46.7322,46.3727,46.6295,9020500
2021-04-26,46.6295,46.6637,45.8676,45.9361,11684600
2021-04-27,45.8505,45.9703,45.6450,45.8676,9852400
2021-04-28,46.2100,46.2699,45.7477,45.8761,10868100
2021-04-29,45.8333,46.5353,45.7392,46.4497,15391000
2021-04-30,46.4411,46.4583,45.9617,46.2100,14912600
2021-05-03,46.4582,46.9120,46.3641,46.6380,10417900
2021-05-04,46.7151,46.7579,46.1758,46.3470,14151000
2021-05-05,46.3470,46.4326,45.9789,46.2271,9665900
2021-05-06,46.3298,46.7493,46.2699,46.6894,11572700
2021-05-07,46.6038,46.8863,46.3641,46.6637,10637500
2021-05-10,46.9805,47.5112,46.9377,47.0061,15545800
2021-05-11,47.1089,47.2030,46.2699,46.5011,12986700
2021-05-12,46.5353,46.7065,46.1244,46.2614,15836500
2021-05-13,46.2014,46.8949,46.0816,46.6637,15475800
2021-05-14,46.9976,47.1688,46.8178,46.8520,11725300
2021-05-17,46.9462,47.1003,46.6551,46.7750,12119800
2021-05-18,46.5610,46.7065,46.3127,46.5182,13232500
2021-05-19,46.3298,46.3812,45.8933,46.3726,15126100
2021-05-20,46.3298,46.9120,46.3298,46.7836,10948400
2021-05-21,46.9120,47.1859,46.4155,46.7579,16033200
2021-05-24,46.7664,47.0232,46.6466,46.9120,10326100
2021-05-25,46.9291,46.9291,46.5267,46.9034,11916500
2021-05-26,47.0660,47.1260,46.7322,47.1088,16064300
2021-05-27,47.2629,47.5711,46.8948,47.5026,59109600
2021-05-28,47.3828,47.6910,47.2544,47.3314,17011600
2021-06-01,47.3742,47.6396,47.1688,47.3229,13304000
2021-06-02,47.5112,47.5626,47.3058,47.5112,11328500
2021-06-03,47.2373,47.7167,47.1688,47.6311,17364300
2021-06-04,47.8536,48.3501,47.7509,48.1447,18935100
2021-06-07,48.2046,48.2303,47.7766,47.9735,14010800
2021-06-08,48.1532,48.1532,47.5540,47.6396,10968300
2021-06-09,47.7252,47.8708,47.4941,47.4941,9838800
2021-06-10,47.8622,48.0420,47.7338,47.8622,12444400
2021-06-11,47.9307,48.1190,47.6482,48.0762,11825800
2021-06-14,48.0331,48.0503,47.6105,47.9123,9710800
2021-06-15,48.1107,48.1193,47.6018,47.7916,11154200
2021-06-16,47.8175,47.8347,47.1274,47.1533,15211700
2021-06-17,47.1533,47.5673,47.1361,47.3948,10658400
2021-06-18,47.0153,47.1102,46.3339,46.3771,31445600
2021-06-21,46.7652,46.9463,46.5754,46.8859,14404300
2021-06-22,46.8687,47.3086,46.7997,47.0585,13072800
2021-06-23,47.0584,47.0929,46.6703,46.6789,12339200
2021-06-24,46.7997,46.9377,46.5754,46.9118,11488400
2021-06-25,46.7824,46.9808,46.5841,46.8514,18880300
2021-06-28,46.7911,46.8946,46.5754,46.7997,10556900
2021-06-29,46.6876,46.8687,46.3339,46.4547,12300900
2021-06-30,46.4029,46.7307,46.3598,46.6703,14614200
2021-07-01,46.8687,46.9894,46.4547,46.5409,13214700
2021-07-02,46.5754,46.9636,46.5754,46.7307,10604600
2021-07-06,46.5668,46.6531,46.1873,46.4720,15278200
2021-07-07,46.3339,46.9032,46.3339,46.8514,14377700
2021-07-08,46.5841,46.7221,46.3512,46.6876,11943900
2021-07-09,46.7911,47.0239,46.7307,46.9722,10847000
2021-07-12,46.8514,47.0929,46.8083,46.9894,15107600
2021-07-13,47.3948,47.6967,47.2223,47.4552,15170800
2021-07-14,47.4552,48.6023,47.4034,48.5247,22002700
2021-07-15,48.5075,48.7058,48.2228,48.6800,15068200
2021-07-16,48.6972,48.8870,48.5247,48.6455,14860500
2021-07-19,48.3695,48.6023,47.5759,48.0676,19527000
2021-07-20,48.0676,48.5851,47.8865,48.1538,16257900
2021-07-21,49.4476,49.6460,48.6713,48.7748,20918200
2021-07-22,48.8352,48.9387,48.3436,48.7058,13402700
2021-07-23,48.8093,49.4476,48.6886,49.1716,12144000
2021-07-26,49.0681,49.2665,48.7835,49.2147,8681100
2021-07-27,49.2578,49.6287,49.0940,49.3872,12794400
2021-07-28,49.1543,49.3010,48.8438,48.9387,9858000
2021-07-29,49.2233,49.3786,49.0422,49.2061,9599100
2021-07-30,49.2923,49.3786,49.0767,49.1888,11727000
2021-08-02,49.3355,49.3700,48.9128,49.0595,9778000
2021-08-03,49.1630,49.1630,48.9473,49.0940,8825500
2021-08-04,48.9473,49.1198,48.3091,48.3867,11888400
2021-08-05,48.6800,48.8093,48.5506,48.7317,9806800
2021-08-06,48.8180,48.9387,48.6800,48.8525,10409300
2021-08-09,48.9905,49.0595,48.6713,48.8611,8859900
2021-08-10,49.0250,49.3096,48.8697,48.9905,10906900
2021-08-11,49.0681,49.3182,48.9128,48.9301,8370700
2021-08-12,48.9301,49.1457,48.9301,49.0250,6169200
2021-08-13,48.9991,49.4217,48.9646,49.3613,7714200
2021-08-16,49.3355,49.5856,49.1888,49.5770,7972000
2021-08-17,49.5597,49.6460,49.1716,49.4045,10346400
2021-08-18,49.3268,49.3613,48.6627,48.7317,13873700
2021-08-19,48.3522,49.1457,48.2573,49.0422,9223700
2021-08-20,49.0250,49.1888,48.8007,48.8525,10543600
2021-08-23,48.8783,48.9473,48.6282,48.6800,8912800
2021-08-24,48.8525,48.8525,48.2142,48.3091,12067200
2021-08-25,48.3522,48.4471,48.0676,48.3608,11270700
2021-08-26,48.2573,48.2832,47.8778,47.9037,10331500
2021-08-27,48.0072,48.1193,47.8261,47.9986,8844100
2021-08-30,48.0331,48.4730,47.9900,48.4557,10034700
2021-08-31,48.4385,48.7490,48.3005,48.5678,14185700
2021-09-01,48.6282,48.9905,48.5420,48.8956,9518900
2021-09-02,48.9646,49.1888,48.6541,48.9646,11653200
2021-09-03,48.6972,48.9646,48.5161,48.9301,13220400
2021-09-07,48.8180,48.8956,47.8778,48.0158,20035300
2021-09-08,47.9641,48.7145,47.9641,48.6627,12040100
2021-09-09,48.4557,48.6627,48.1280,48.1797,12545400
2021-09-10,48.3091,48.4126,47.8865,47.9641,10573700
2021-09-13,48.0762,48.6455,48.0762,48.3608,20274300
2021-09-14,48.5955,48.6476,48.2739,48.3956,13918900
2021-09-15,48.3869,48.6650,48.1610,48.5607,15746000
2021-09-16,48.4217,48.6563,47.6395,48.1001,17430400
2021-09-17,47.8134,47.9611,47.2485,47.3093,33370200
2021-09-20,47.0225,47.2746,46.6923,46.9791,27542500
2021-09-21,47.2659,47.6395,46.8748,46.9704,16418200
2021-09-22,47.3701,47.4136,46.9791,47.0399,12719700
2021-09-23,47.1529,47.4657,46.9270,46.9617,13836200
2021-09-24,46.9270,47.1355,46.8053,46.8314,9682200
2021-09-27,46.7966,47.1442,46.5533,46.5880,12429500
2021-09-28,46.4577,46.4577,45.5626,45.7451,19926100
2021-09-29,45.7451,46.1970,45.6756,46.0232,13941500
2021-09-30,46.2057,46.3447,45.5626,45.5974,17672000
2021-10-01,45.8668,46.2317,45.6843,46.0753,16277400
2021-10-04,46.1101,46.5185,45.5365,46.0493,18973400
2021-10-05,46.0753,46.4664,45.9971,46.1275,17173100
2021-10-06,45.8581,46.7271,45.6321,46.6749,21284500
2021-10-07,46.9183,47.1703,46.7619,46.8227,13774400
2021-10-08,46.9270,47.2659,46.8401,47.0312,13786800
2021-10-11,47.1094,47.2659,46.9356,47.1268,12378500
2021-10-12,47.2919,47.6482,47.1181,47.1268,19474400
2021-10-13,47.0747,47.3006,46.7445,47.1355,12143300
2021-10-14,47.2659,47.6309,47.1964,47.4571,13704000
2021-10-15,47.4831,47.6917,47.1790,47.3441,17867000
2021-10-18,47.2311,47.2659,46.8053,46.8748,15861800
2021-10-19,46.9617,47.1008,46.7271,47.0573,11068500
2021-10-20,47.0834,47.5874,47.0225,47.4744,12474800
2021-10-21,47.4484,47.5092,47.1094,47.2311,14388300
2021-10-22,47.2659,47.3875,46.9878,47.3180,12828600
2021-10-25,47.2572,47.3354,46.9443,47.1268,11855000
2021-10-26,47.2050,47.4310,47.1268,47.3354,12086700
2021-10-27,48.6389,48.7345,48.0306,48.2479,24019800
2021-10-28,48.4477,48.7606,48.3348,48.6998,15928000
2021-10-29,48.5520,49.0734,48.4738,48.9865,24463700
2021-11-01,49.0039,49.0126,48.5781,48.8127,11651100
2021-11-02,49.0734,49.0995,48.6389,48.7519,11498900
2021-11-03,48.6650,48.9518,48.4738,48.9170,10788300
2021-11-04,48.7606,49.2125,48.6911,49.1864,10820200
2021-11-05,49.3950,49.6730,49.1777,49.3950,12886700
2021-11-08,49.3168,49.4384,48.7780,48.9518,12828000
2021-11-09,49.0213,49.1169,48.7432,49.0908,10155800
2021-11-10,49.1343,49.4645,48.9170,49.2907,8813600
2021-11-11,49.3863,49.4297,49.1603,49.3081,7257700
2021-11-12,49.3168,49.5253,49.1430,49.1951,10162500
2021-11-15,49.1256,49.2559,48.8996,49.2038,10289200
2021-11-16,49.2038,49.4819,48.8301,48.8562,13756500
2021-11-17,48.6998,48.7084,48.3608,48.5868,13288700
2021-11-18,48.5173,48.6042,47.9176,48.1523,15380100
2021-11-19,48.1783,48.2218,47.7091,47.9089,15813700
2021-11-22,47.8829,48.6824,47.8655,48.2044,16905600
2021-11-23,48.3695,48.7606,48.2305,48.5607,13835900
2021-11-24,48.4130,48.5259,47.8220,48.1697,12598900
2021-11-26,47.4397,47.5787,46.5620,46.6923,14754300
2021-11-29,46.9704,47.5613,46.8661,47.4310,22712500
2021-11-30,46.9406,46.9668,45.9247,45.9334,30485200
2021-12-01,46.3976,46.8705,45.7846,45.8021,18719600
2021-12-02,46.0648,46.7129,45.9860,46.4764,17074200
2021-12-03,46.7041,46.9493,46.3976,46.8880,21064400
2021-12-06,47.5624,48.3856,47.4135,48.0878,26624100
2021-12-07,48.1841,48.5344,48.0353,48.3505,23832700
2021-12-08,48.2717,48.4731,47.6061,48.1666,18026300
2021-12-09,47.9477,48.2805,47.8076,48.0440,13846400
2021-12-10,48.3856,49.3226,48.2279,49.2876,23153600
2021-12-13,49.9006,50.7326,49.8831,50.5837,31362800
2021-12-14,50.2684,50.9428,50.2684,50.6187,24806600
2021-12-15,50.7326,51.0128,50.4874,50.8464,24923800
2021-12-16,50.7764,51.5646,50.7063,51.3631,24696900
2021-12-17,51.2230,51.5996,50.5312,50.5574,51874400
2021-12-20,50.0933,50.6012,49.9181,50.3910,20879500
2021-12-21,50.4523,50.7676,50.3823,50.5925,15864900
2021-12-22,50.5399,50.9603,50.3473,50.9515,12447400
2021-12-23,51.2493,51.3281,50.7413,50.9866,11027300
2021-12-27,50.7939,51.3982,50.7939,51.3631,9860000
2021-12-28,51.1442,51.6171,51.0566,51.5646,8979900
2021-12-29,51.6259,51.7572,51.3719,51.6259,9996000
2021-12-30,51.7222,51.8711,51.4595,51.4770,7703900
2021-12-31,51.4507,51.9762,51.4069,51.8536,10021300
2022-01-03,51.5120,51.9411,51.1267,51.9324,20187300
2022-01-04,52.3089,53.0183,52.1863,52.7994,26141600
2022-01-05,52.6242,53.5963,52.5892,53.2373,22507300
2022-01-06,52.9570,53.5262,52.9307,52.9570,17902300
2022-01-07,52.7906,53.1760,52.5980,52.8344,12307900
2022-01-10,53.0271,53.2635,52.7030,52.9220,20954300
2022-01-11,52.9220,52.9745,52.4053,52.9395,19369600
2022-01-12,53.0096,53.1497,52.7118,53.0183,15753800
2022-01-13,53.0183,53.4562,52.8869,53.3336,14318000
2022-01-14,53.3686,53.8153,52.8607,53.7627,19729600
2022-01-18,53.4737,53.5876,52.9395,53.3336,21976700
2022-01-19,53.1234,53.5788,53.0358,53.4212,18654700
2022-01-20,53.4211,53.8065,53.1759,53.2022,23002400
2022-01-21,53.4912,53.6839,52.8957,52.9395,26643200
2022-01-24,52.4578,52.8519,51.2931,52.5104,30185100
2022-01-25,51.9849,52.5892,51.3982,52.3878,19027100
2022-01-26,52.3615,52.8519,51.8536,52.1951,19190200
2022-01-27,52.4403,53.3599,52.1075,52.2389,18893800
2022-01-28,52.0112,53.3248,51.6171,53.2810,19101500
2022-01-31,52.8081,53.5438,52.6768,53.4299,22045300
2022-02-01,53.3423,53.5438,52.6855,53.0358,20841700
2022-02-02,53.0884,53.6576,53.0358,53.5788,20225600
2022-02-03,53.3686,54.1042,53.0621,53.9554,19440500
2022-02-04,53.8503,54.0167,53.0446,53.3861,17403700
2022-02-07,53.7540,54.0517,53.2986,53.9466,17846400
2022-02-08,54.1480,54.5859,54.0692,54.2969,18771700
2022-02-09,54.4458,54.5772,53.3336,53.4562,23595600
2022-02-10,52.8607,54.5596,52.7206,53.7539,23561500
2022-02-11,54.0955,54.2794,52.6768,52.7994,22781400
2022-02-14,52.6855,53.2373,51.9149,53.1409,23641300
2022-02-15,53.3861,54.1042,53.0971,53.3423,13408700
2022-02-16,53.2986,53.7715,53.0358,53.3336,15484700
2022-02-17,53.0271,54.5421,52.9045,54.4020,21468700
2022-02-18,54.4020,55.0150,54.2882,54.7698,21975000
2022-02-22,54.6735,54.8574,54.0517,54.5421,21731400
2022-02-23,54.5071,54.5859,53.7189,53.9379,19248500
2022-02-24,52.5191,53.0884,51.8623,52.9920,27207400
2022-02-25,53.3686,55.0851,53.3511,55.0413,21487800
2022-02-28,53.9904,54.5947,53.7802,54.5071,25879100
2022-03-01,54.4195,54.9537,53.8678,54.2706,15871100
2022-03-02,54.4983,55.0676,54.1042,54.6735,17319100
2022-03-03,54.8311,55.1902,54.5509,54.7085,21262800
2022-03-04,53.8240,54.8136,53.5963,54.7961,17163000
2022-03-07,54.3057,54.3582,53.1760,53.4912,29151400
2022-03-08,53.8153,53.8941,51.3106,51.3719,30242100
2022-03-09,52.3878,52.4053,51.3719,51.6346,23022700
2022-03-10,51.2143,51.3719,50.3560,50.6888,20887300
2022-03-11,50.7589,51.5383,50.6713,50.7238,19855600
2022-03-14,51.1562,52.1005,51.1562,51.6592,17799400
2022-03-15,52.1358,52.8506,52.0475,52.6123,18607200
2022-03-16,52.7535,52.8947,51.7210,52.4711,17347300
2022-03-17,52.4711,53.0712,52.2681,53.0271,15586200
2022-03-18,53.2124,53.2124,52.6917,53.0359,30197800
2022-03-21,53.3889,53.9183,53.1682,53.4595,17440100
2022-03-22,53.7683,53.7860,53.0006,53.6536,17559500
2022-03-23,53.6095,53.8124,52.9476,53.3006,15529200
2022-03-24,53.5124,53.8477,53.3536,53.8124,13151300
2022-03-25,53.9360,54.3684,53.8742,54.2978,12259800
2022-03-28,54.2978,54.6596,54.0154,54.6420,11485200
2022-03-29,54.8979,55.1803,54.4831,54.8537,14720600
2022-03-30,54.7214,54.8979,54.3243,54.8979,13641000
2022-03-31,54.9067,55.2773,54.7126,54.7126,16822900
2022-04-01,55.0038,55.5509,54.7920,55.4803,12644900
2022-04-04,55.2420,55.4097,54.4655,55.1891,11505800
2022-04-05,55.0655,55.8068,55.0391,55.1273,15721200
2022-04-06,55.3920,55.8244,54.9773,55.6833,19267400
2022-04-07,55.7097,56.1863,55.3391,55.9833,13960800
2022-04-08,56.0186,56.5128,55.7362,56.3274,12703500
2022-04-11,56.3980,56.7422,56.1598,56.3098,12720100
2022-04-12,56.8128,57.1923,56.3804,56.9716,18089900
2022-04-13,56.8658,57.2452,56.6804,57.1217,11883000
2022-04-14,57.3246,57.8629,57.2011,57.3776,16388400
2022-04-18,57.1570,57.5188,56.6363,56.8658,11679400
2022-04-19,56.9187,57.5806,56.8658,57.4217,11993800
2022-04-20,57.7482,58.4542,57.7129,58.2071,14827100
2022-04-21,58.2247,59.1248,57.9953,58.4277,15120400
2022-04-22,58.3130,58.5424,57.5188,57.5806,14902200
2022-04-25,59.1249,59.3013,57.1658,58.1894,25082000
2022-04-26,57.8188,58.5689,57.3952,57.4040,21982600
2022-04-27,57.3599,58.4895,57.3599,57.8541,16971000
2022-04-28,57.0599,58.4895,56.9187,58.4101,22010600
2022-04-29,58.1277,58.2689,56.9099,57.0158,20137100
2022-05-02,57.6070,57.6335,55.2244,55.9833,24970300
2022-05-03,56.2304,56.4245,55.3038,55.6656,21686300
2022-05-04,55.5950,57.4658,55.5421,57.3864,19780200
2022-05-05,57.0864,57.3864,56.4863,56.9275,20155200
2022-05-06,56.6540,57.6335,56.5392,57.1305,18984000
2022-05-09,56.8922,57.6776,56.5128,57.0158,20055300
2022-05-10,56.9187,57.6423,56.3451,56.4863,21322200
2022-05-11,56.7687,57.5364,56.4422,56.7510,19648400
2022-05-12,56.6187,56.9452,55.7803,56.9275,22574700
2022-05-13,57.1923,58.0659,56.5834,57.9953,16167000
2022-05-16,57.7482,58.5777,57.7482,58.2071,13223200
2022-05-17,58.3306,58.3306,57.3688,58.0483,21300600
2022-05-18,57.7306,57.8188,53.7948,54.0066,31437300
2022-05-19,53.7948,53.7948,52.6476,52.9476,31493900
2022-05-20,53.3800,54.0419,52.6476,53.8124,29133800
2022-05-23,54.4037,55.6833,54.3507,55.4715,19406900
2022-05-24,55.4891,56.6451,55.3744,56.4951,16154200
2022-05-25,56.4775,56.8922,56.1245,56.5392,15360500
2022-05-26,56.5392,57.4482,56.4422,56.7422,16159800
2022-05-27,56.7069,57.2099,56.6010,57.0775,17709000
2022-05-31,56.5481,56.7599,55.6391,55.9304,43159000
2022-06-01,55.9656,56.1951,54.8273,55.6568,15408300
2022-06-02,55.7539,56.2480,54.8096,56.2392,14586000
2022-06-03,56.0980,56.1510,55.4273,55.5685,13539900
2022-06-06,55.8862,56.2745,55.2950,55.4803,15112800
2022-06-07,55.0479,55.9215,54.9067,55.8156,17886300
2022-06-08,55.5862,55.7803,55.2067,55.4979,10211500
2022-06-09,55.4803,55.9039,54.5184,54.5361,13382200
2022-06-10,53.8389,54.6155,53.3536,54.1919,14967600
2022-06-13,53.6095,54.9685,53.5389,54.1301,23064200
2022-06-14,53.9790,54.1212,52.1391,52.6458,24620000
2022-06-15,53.3302,53.8990,52.4147,53.0369,19684700
2022-06-16,52.1214,52.9035,51.7747,52.5036,15053800
2022-06-17,53.0635,53.4457,52.5569,52.8235,34781900
2022-06-21,52.8769,54.1123,52.4502,53.9524,17705000
2022-06-22,53.8635,54.6190,53.6146,54.3523,15207100
2022-06-23,54.4857,55.0279,54.4234,55.0012,17190900
2022-06-24,55.2056,56.0500,55.2056,56.0322,18147100
2022-06-27,55.9789,56.2544,55.6678,55.9167,12142100
2022-06-28,56.0678,56.6722,55.2056,55.3567,13150100
2022-06-29,55.5878,56.0945,55.4900,55.7567,11795500
2022-06-30,55.3923,56.0945,55.2501,55.9167,15514200
2022-07-01,56.1033,57.2855,55.8367,57.2233,15143200
2022-07-05,57.0455,57.0455,55.4812,56.2456,15921200
2022-07-06,56.5300,56.9655,56.1656,56.3611,13450500
2022-07-07,56.2278,56.5122,55.7300,55.9167,14828400
2022-07-08,56.0234,56.3700,55.8900,56.1211,11311500
2022-07-11,55.9878,56.4055,55.6323,55.9433,12702100
2022-07-12,55.9967,56.3967,55.5256,55.7034,14731100
2022-07-13,55.4012,55.9967,55.0901,55.4456,13145300
2022-07-14,54.5123,55.3301,54.4857,55.2678,14433000
2022-07-15,55.7745,55.9700,55.1701,55.5523,21968400
2022-07-18,55.5700,55.6056,54.6723,54.7968,10780800
2022-07-19,55.1878,55.6856,55.0456,55.5789,10998200
2022-07-20,55.4634,55.6234,54.3523,54.6634,11010500
2022-07-21,54.4501,55.0012,54.0323,54.5390,11959600
2022-07-22,54.5568,54.9923,54.5034,54.7434,11644700
2022-07-25,54.7079,55.3745,54.4946,55.2767,14941700
2022-07-26,55.7745,56.7077,55.5789,56.1833,20118000
2022-07-27,55.8900,56.1656,54.9212,56.0056,12142900
2022-07-28,55.9256,57.1077,55.8989,56.9388,10837000
2022-07-29,56.6278,57.1433,56.5567,57.0366,13734200
2022-08-01,56.9655,57.8099,56.9122,57.3477,12831500
2022-08-02,57.4099,57.4188,56.3789,56.5655,15241900
2022-08-03,56.4855,56.9744,56.2722,56.8144,11317000
2022-08-04,56.5655,56.6455,55.9256,56.5922,11795600
2022-08-05,56.5567,56.5567,55.7034,56.3344,10445400
2022-08-08,56.4411,56.7166,55.7745,55.9700,9165200
2022-08-09,56.1567,56.2722,55.8634,56.0411,7910900
2022-08-10,56.5566,56.6989,56.0856,56.5744,8857300
2022-08-11,56.6100,56.8766,56.0678,56.1922,8507800
2022-08-12,56.3789,56.6722,56.0767,56.6189,9489300
2022-08-15,56.5655,57.4988,56.5033,57.3299,9863300
2022-08-16,57.3922,57.9788,57.1789,57.8010,9569600
2022-08-17,57.6233,57.9699,57.5610,57.6677,8144000
2022-08-18,57.7388,58.0854,57.5166,57.9699,6532000
2022-08-19,57.9610,58.1921,57.7388,57.9255,8921100
2022-08-22,57.6321,57.7032,56.8766,57.0633,9087900
2022-08-23,56.7255,57.2144,56.6011,57.1255,8443800
2022-08-24,57.0988,57.4011,56.9300,57.2055,6844700
2022-08-25,57.2055,57.5166,56.7966,57.4810,7913900
2022-08-26,57.5344,57.5966,55.9789,56.0945,10089500
2022-08-29,55.7211,56.0233,55.4723,55.7567,9115900
2022-08-30,55.9167,55.9167,55.0990,55.2412,8456800
2022-08-31,55.4456,55.5789,54.8412,54.8501,14633600
2022-09-01,54.7345,55.1434,54.4768,55.1079,14939700
2022-09-02,55.4545,55.7923,54.1301,54.3523,11809800
2022-09-06,54.4768,55.0812,54.2101,54.3790,12181800
2022-09-07,54.5034,55.5434,54.5034,55.3834,13290700
2022-09-08,55.1789,55.3745,54.5212,55.2145,17193500
2022-09-09,55.2589,55.8900,54.9834,55.3923,11855900
2022-09-12,55.4900,55.8278,55.3478,55.5523,13026900
2022-09-13,55.2856,55.3034,53.5790,53.7479,18532800
2022-09-14,53.8990,54.2901,53.7213,54.0324,12881600
2022-09-15,54.0771,54.0771,53.1460,53.2982,11451900
2022-09-16,53.4146,53.5399,52.9222,53.3072,20493500
2022-09-19,53.1728,53.8085,53.0296,53.7100,12596200
2022-09-20,53.4325,53.7458,53.1102,53.6295,11984600
2022-09-21,53.8443,54.3457,53.1729,53.1818,14165300
2022-09-22,53.3161,53.4773,53.0028,53.0565,11657600
2022-09-23,52.7879,52.9132,51.9284,52.4655,14824000
2022-09-26,52.3671,52.4387,51.6508,51.8120,18670100
2022-09-27,52.0000,52.2596,50.4153,50.4779,23829300
2022-09-28,50.7286,51.2569,50.0571,51.0151,21480100
2022-09-29,51.1136,51.2927,50.1377,50.6481,14570700
2022-09-30,50.9167,51.1494,50.1377,50.1556,16124600
2022-10-03,50.4600,50.8987,50.1914,50.7197,16277600
2022-10-04,50.9883,51.7583,50.5496,50.8361,18861400
2022-10-05,50.5854,50.7197,49.6990,50.3526,14324900
2022-10-06,50.1377,50.2273,49.1260,49.2693,17192800
2022-10-07,49.2335,49.3230,48.5709,48.8037,11479800
2022-10-10,48.8843,49.2066,48.3650,48.6963,10239100
2022-10-11,48.7589,49.4394,48.5620,48.7768,14303900
2022-10-12,49.4483,50.1735,49.2782,49.3678,18377400
2022-10-13,48.7768,50.2094,48.5799,50.0213,16220700
2022-10-14,50.3974,50.5585,49.1887,49.2245,15997900
2022-10-17,49.8065,50.3347,49.7527,49.8602,13721400
2022-10-18,50.4153,50.8361,50.2273,50.5317,11823100
2022-10-19,50.4153,50.6212,49.8960,50.1019,10182300
2022-10-20,49.9318,50.0661,49.2066,49.3140,16905100
2022-10-21,49.2424,50.2362,49.2335,50.1019,15034100
2022-10-24,50.7107,51.6866,50.6481,51.5434,17416700
2022-10-25,52.8595,52.9222,51.7045,52.7789,28829900
2022-10-26,52.8326,53.5220,52.6983,53.1729,15831400
2022-10-27,53.5131,53.5757,53.1639,53.2982,16026100
2022-10-28,53.3340,54.5337,53.2445,54.3994,12888900
2022-10-31,54.1756,54.2293,53.4235,53.5847,14016400
2022-11-01,53.7459,53.9786,53.1549,53.3967,10659500
2022-11-02,53.3967,53.9249,52.6178,52.6536,14549200
2022-11-03,52.0268,52.8237,52.0179,52.6267,9194000
2022-11-04,53.0923,53.3519,52.4297,53.0565,9725900
2022-11-07,53.0565,53.5131,53.0386,53.2624,8849700
2022-11-08,53.4952,53.5310,52.7700,53.3609,10081600
2022-11-09,53.3519,53.3967,52.5998,52.6178,10115200
2022-11-10,53.9428,54.6501,53.4325,54.5069,16804800
2022-11-11,54.9456,55.0172,53.9070,54.9008,18972100
2022-11-14,54.9008,55.2589,54.3547,54.3726,16361000
2022-11-15,54.7307,55.0172,53.7190,54.2831,13295800
2022-11-16,54.4263,54.6412,53.9786,54.1846,14199500
2022-11-17,53.8891,54.3815,53.8354,54.3547,11212600
2022-11-18,54.6054,54.9456,54.4352,54.7397,10415600
2022-11-21,54.9814,55.6976,54.7934,55.5813,15399400
2022-11-22,55.9304,55.9573,55.5544,55.8230,12319600
2022-11-23,55.9483,56.2169,55.7782,56.0737,8990400
2022-11-25,56.1632,56.2348,55.8498,56.1274,5165500
2022-11-28,56.1274,56.4945,56.0110,56.1363,12267500
2022-11-29,55.9752,56.0200,55.4917,55.9394,10969600
2022-11-30,55.9123,57.4181,55.6779,57.3550,30433900
2022-12-01,57.3550,57.8058,57.1927,57.5173,12001400
2022-12-02,57.3550,58.1755,57.1656,58.0222,13643500
2022-12-05,57.1747,57.5263,57.0394,57.2288,9185100
2022-12-06,57.2738,57.5984,57.0124,57.2017,10099500
2022-12-07,57.2107,57.4542,57.0304,57.2919,12307600
2022-12-08,57.3460,57.5714,57.1206,57.5353,9946200
2022-12-09,57.3550,57.5624,56.8861,56.9312,13914900
2022-12-12,57.0755,57.7157,56.8140,57.6796,11647900
2022-12-13,58.2386,58.3378,57.5263,57.6976,17521600
2022-12-14,57.8780,58.2927,57.3189,57.6976,12826700
2022-12-15,57.3370,57.6075,56.3451,56.9042,12212300
2022-12-16,56.5796,56.9312,56.2009,56.5796,33631500
2022-12-19,56.6517,57.1747,56.3271,56.6607,10919700
2022-12-20,56.6427,56.9402,56.5796,56.6156,10286500
2022-12-21,56.8681,57.7517,56.8681,57.5263,10411300
2022-12-22,57.1837,57.3370,56.4894,57.1115,9666700
2022-12-23,57.2558,57.5894,56.9853,57.5443,6463300
2022-12-27,57.6435,57.9681,57.4452,57.8960,7320700
2022-12-28,58.1214,58.2927,57.2468,57.3189,7159400
2022-12-29,57.5263,57.8419,57.4361,57.6616,7169300
2022-12-30,57.6345,57.6345,56.9583,57.3550,7650200
2023-01-03,57.3099,57.3099,56.0656,56.7599,12180500
2023-01-04,56.9402,57.1025,56.3632,56.7328,13387900
2023-01-05,56.4443,56.6246,55.9754,56.0836,9814700
2023-01-06,56.7238,57.4091,56.4263,57.1656,9990000
2023-01-09,57.0755,57.4542,56.4263,56.4533,9442600
2023-01-10,56.4443,56.5615,55.8312,56.0205,10134600
2023-01-11,56.2459,56.4082,55.3713,55.9123,10823000
2023-01-12,56.0025,56.0656,54.9746,55.1910,13907300
2023-01-13,54.7311,55.4164,54.6320,55.3894,13986400
2023-01-17,55.6599,56.2459,55.5066,55.6148,18327800
2023-01-18,55.4615,55.5336,53.8114,53.9287,19679400
2023-01-19,53.8565,54.6770,53.8385,53.8475,14894500
2023-01-20,53.8475,54.1811,53.5590,54.1721,14237700
2023-01-23,54.3525,54.6139,54.1451,54.3074,12613400
2023-01-24,54.1721,55.7681,53.9196,54.5959,10103300
2023-01-25,54.2803,54.9475,54.0008,54.9385,11265800
2023-01-26,54.8303,55.0918,54.6139,54.8303,11884800
2023-01-27,54.8574,54.9656,54.4336,54.5418,14087000
2023-01-30,54.5869,55.1549,54.5147,54.6770,15632000
2023-01-31,54.9836,55.3082,54.5598,55.2902,14344400
2023-02-01,55.1279,55.5246,54.6590,55.2992,12535400
2023-02-02,54.8213,55.0197,54.0188,54.3524,16947200
2023-02-03,54.4156,54.4787,53.4057,53.9467,15404400
2023-02-06,53.9106,54.4066,53.8475,54.2533,11330900
2023-02-07,53.8024,54.3164,53.6852,54.1631,14922700
2023-02-08,54.0278,54.0278,53.7303,53.8475,11012000
2023-02-09,54.2352,54.3885,53.7393,53.7574,12515300
2023-02-10,53.8475,54.0098,53.0901,53.7574,14420700
2023-02-13,54.0098,54.7852,53.8565,54.6410,16191800
2023-02-14,54.2893,54.9115,53.7033,53.7303,20505700
2023-02-15,54.0098,54.0369,53.4057,53.7303,13171400
2023-02-16,53.4057,53.9377,53.1532,53.3967,16538300
2023-02-17,53.6491,54.3074,53.5409,54.2082,16814700
2023-02-21,54.0910,54.3074,53.8475,53.9197,14278300
2023-02-22,53.9647,54.4246,53.8746,54.0819,12409600
2023-02-23,54.1090,54.4787,53.9287,54.1811,12222800
2023-02-24,53.8115,54.0188,53.5500,53.9557,9736200
2023-02-27,54.2623,54.3705,53.8655,53.9377,8849800
2023-02-28,53.8295,53.8295,53.3246,53.6582,16082200
2023-03-01,53.3155,53.3606,52.6303,53.0721,13275800
2023-03-02,53.0540,53.9016,53.0180,53.8475,11758300
2023-03-03,53.6942,53.8114,53.3877,53.5950,13101800
2023-03-06,53.4327,54.4426,53.3967,54.4246,16282700
2023-03-07,54.5418,54.6139,53.8746,54.1090,13961200
2023-03-08,54.1360,54.3975,53.8565,54.1360,10851600
2023-03-09,54.5869,54.5869,53.4508,53.6131,13900900
2023-03-10,53.8295,54.2262,53.1893,53.3877,13745800
2023-03-13,53.4598,54.8844,53.4237,53.9287,21956000
2023-03-14,54.1000,54.5147,53.5139,54.1270,19496900
2023-03-15,53.5860,54.5328,53.4147,54.4877,21089900
2023-03-16,54.5967,54.8239,54.2424,54.7875,15658300
2023-03-17,54.7966,54.8330,54.1879,54.5331,27351200
2023-03-20,54.6603,55.0601,54.4877,55.0601,12904100
2023-03-21,55.0328,55.1964,54.4059,54.8057,13716500
2023-03-22,54.8784,55.3054,54.5422,54.5604,10494200
2023-03-23,54.5967,54.8693,54.2606,54.4423,15479000
2023-03-24,54.7421,55.4417,54.4332,55.3327,12975600
2023-03-27,55.5507,55.8597,55.3781,55.7415,12777400
2023-03-28,55.7779,56.0959,55.6688,55.8051,10925700
2023-03-29,56.0777,56.2867,55.9596,56.2049,9441000
2023-03-30,56.2231,56.4139,56.0232,56.1958,9870700
2023-03-31,56.3866,56.5593,56.2140,56.3594,14440900
2023-04-03,56.6047,56.8046,56.2049,56.6956,12300700
2023-04-04,56.6865,57.0045,56.4048,56.5229,11433400
2023-04-05,56.8137,57.2589,56.7864,57.0590,12789600
2023-04-06,57.1135,57.2770,56.6774,57.0953,9644200
2023-04-10,56.7773,56.9590,56.3503,56.9590,7952600
2023-04-11,56.9227,56.9772,56.6955,56.8591,9913000
2023-04-12,56.7682,57.2680,56.6138,56.9590,9593700
2023-04-13,57.0226,57.3861,56.7682,57.3770,9871400
2023-04-14,57.2861,57.3770,57.0408,57.2861,8946000
2023-04-17,57.5314,57.7222,57.3679,57.6586,9452400
2023-04-18,57.7041,57.7858,57.4133,57.7495,9035700
2023-04-19,57.9040,57.9948,57.6314,57.8585,9769500
2023-04-20,57.8131,58.1493,57.6405,58.1129,10706400
2023-04-21,58.1493,58.3946,57.9676,58.1947,12931100
2023-04-24,58.8307,59.0488,57.8040,58.1039,15532300
2023-04-25,58.3037,58.3037,57.8131,58.0130,12818900
2023-04-26,57.7495,57.9403,57.5951,57.7404,13179600
2023-04-27,57.7222,57.9312,57.3406,57.8585,13795800
2023-04-28,57.7949,58.2947,57.6768,58.2856,13687600
2023-05-01,58.2856,58.7762,58.2038,58.4219,9091500
2023-05-02,58.2765,58.2765,57.4860,58.1584,10948400
2023-05-03,58.1674,58.3128,57.7677,57.8313,11084600
2023-05-04,57.9131,58.0857,57.7041,57.8949,11938300
2023-05-05,57.8222,58.3401,57.8131,58.1674,9039000
2023-05-08,57.9767,58.2038,57.7949,58.0766,7240700
2023-05-09,57.8222,57.9221,57.4951,57.5950,9067700
2023-05-10,57.5314,57.8222,57.2316,57.6950,10134000
2023-05-11,57.7677,58.0857,57.2498,58.0221,9581500
2023-05-12,58.0221,58.3219,57.8767,58.2492,8740800
2023-05-15,58.3492,58.3764,57.8858,58.0948,8150000
2023-05-16,58.0584,58.0584,57.3861,57.4406,9129600
2023-05-17,57.6041,57.6223,56.9954,57.3770,11583000
2023-05-18,57.2498,57.2770,56.8500,57.0590,13595100
2023-05-19,57.2770,57.3316,56.8864,57.0862,14251400
2023-05-22,57.0499,57.1226,55.8233,55.8869,15055400
2023-05-23,55.8869,56.0323,55.5780,55.7870,13932700
2023-05-24,55.7688,55.8142,55.1691,55.3145,11090100
2023-05-25,54.9420,55.1782,54.6512,54.8875,14463600
2023-05-26,54.9238,55.0964,54.6149,54.7512,12570300
2023-05-30,54.5967,54.6967,54.0788,54.3151,15634200
2023-05-31,54.4423,54.7694,53.9425,54.2060,59432200
2023-06-01,54.4604,54.6694,54.3060,54.5149,13402700
2023-06-02,54.7603,55.7143,54.5876,55.5689,15259800
2023-06-05,55.4235,55.8233,55.0147,55.1964,12915600
2023-06-06,55.3781,55.4144,54.6240,54.7966,10943500
2023-06-07,54.5240,54.8420,54.3514,54.7148,16817900
2023-06-08,54.6331,54.8875,54.4968,54.8511,15585900
2023-06-09,54.7603,55.1237,54.6694,54.9420,12581500
2023-06-12,55.0510,55.1055,54.5331,54.7058,14208900
2023-06-13,54.7058,55.1237,54.5513,54.9238,13397800
2023-06-14,55.1782,55.4962,55.0601,55.2963,14099700
2023-06-15,55.4886,56.1203,55.2414,56.0562,15271400
2023-06-16,56.3949,56.9168,56.2851,56.4590,26738000
2023-06-20,56.3858,56.7245,56.0654,56.0837,13971800
2023-06-21,56.1294,56.5048,55.8273,56.2393,13948700
2023-06-22,56.5872,56.8527,56.3858,56.6238,15193400
2023-06-23,56.7062,56.7337,56.0104,56.0287,25112100
2023-06-26,56.0379,56.1111,55.2872,56.0470,12856100
2023-06-27,56.0470,56.1752,55.8273,55.9280,9068500
2023-06-28,55.7358,55.8823,55.2963,55.4062,11173200
2023-06-29,55.1315,55.2506,54.7196,54.9484,17142300
2023-06-30,54.9301,55.2506,54.8111,55.1315,19739200
2023-07-03,55.1132,55.5069,54.9576,55.4611,9694500
2023-07-05,55.1865,55.9372,55.0766,55.8731,14716600
2023-07-06,55.5985,55.8639,55.3879,55.4428,12603900
2023-07-07,55.2139,55.3879,54.6829,54.7104,14574000
2023-07-10,54.9027,55.0674,54.1428,54.2984,15480600
2023-07-11,54.4358,54.5273,53.8681,54.4907,15967700
2023-07-12,54.7013,54.9759,54.4266,54.7836,14241300
2023-07-13,55.0400,55.3513,54.9118,55.2506,11269800
2023-07-14,55.0583,55.8823,55.0125,55.7541,11634200
2023-07-17,55.6259,55.9372,55.3787,55.6717,10014300
2023-07-18,55.8090,56.0745,55.3055,55.4520,11152900
2023-07-19,55.6351,56.5689,55.5527,56.4316,12936000
2023-07-20,56.4682,57.1365,56.4590,57.1182,11563000
2023-07-21,57.1823,57.3837,56.9809,57.1640,12815100
2023-07-24,57.1456,57.5027,57.1273,57.1823,10251100
2023-07-25,57.0358,57.1182,56.8069,56.9900,13422700
2023-07-26,56.6330,57.8323,56.2027,57.7224,17145500
2023-07-27,57.7224,57.9238,57.1090,57.1640,11517100
2023-07-28,57.3013,57.4661,56.9625,57.2006,9721800
2023-07-31,57.1731,57.1731,56.5139,56.6970,15577900
2023-08-01,56.8435,57.0907,56.4132,56.5506,9281600
2023-08-02,56.3583,57.3013,56.3583,56.7245,11059400
2023-08-03,56.6421,56.8710,56.3308,56.4316,8037400
2023-08-04,56.4682,56.6604,55.4977,55.5801,9359300
2023-08-07,55.6534,56.1477,55.6076,56.0196,6982600
2023-08-08,56.0196,56.1661,55.4977,55.7724,7956100
2023-08-09,55.7632,56.4224,55.6168,55.9006,7904100
2023-08-10,56.1661,56.5140,55.6534,55.7724,7870300
2023-08-11,55.6992,56.0287,55.5618,56.0013,8483900
2023-08-14,56.1386,56.2851,55.6168,55.7358,7176300
2023-08-15,55.5618,55.7541,55.2689,55.3604,7187400
2023-08-16,55.4245,55.6808,55.2963,55.3696,8372300
2023-08-17,55.4611,55.8639,55.3421,55.4886,12873500
2023-08-18,55.4245,55.9280,55.2689,55.7999,11083800
2023-08-21,55.7175,55.7816,55.2231,55.3238,8648500
2023-08-22,55.2414,55.4611,54.9118,54.9851,9411500
2023-08-23,55.1132,55.3330,55.0766,55.1773,7749500
2023-08-24,55.1773,55.7358,55.0125,55.0308,8955100
2023-08-25,55.3055,55.4520,54.9393,55.2872,7629200
2023-08-28,55.4337,55.5985,55.2689,55.4428,6254300
2023-08-29,55.4428,55.5069,55.0675,55.3879,8189600
2023-08-30,55.5161,55.6076,55.1956,55.3604,9447900
2023-08-31,55.2048,55.3604,54.7562,54.7745,14663500
2023-09-01,54.9301,55.0491,54.1245,54.2984,11262300
2023-09-05,54.2435,54.3076,53.7125,53.8498,12474600
2023-09-06,53.6667,53.8590,53.4836,53.8132,13923500
2023-09-07,53.9689,54.1611,53.3738,53.4012,17628600
2023-09-08,53.3738,53.4745,53.1083,53.4012,14312300
2023-09-11,53.4653,54.0055,53.3097,53.9048,14767400
2023-09-12,54.0055,54.0146,53.2731,53.3738,12292700
2023-09-13,53.4653,53.7217,53.4104,53.5019,12641400
2023-09-14,53.7419,54.0648,53.6957,53.9449,12311600
2023-09-15,53.8987,54.1110,53.2897,53.4650,55727500
2023-09-18,53.5019,53.8434,53.1790,53.7972,13617400
2023-09-19,53.7603,53.8803,53.4466,53.6865,11998900
2023-09-20,53.7972,54.2863,53.5942,53.9264,14766600
2023-09-21,53.8618,53.9080,52.9852,53.0959,15941800
2023-09-22,53.3820,53.4927,53.0590,53.1513,14644100
2023-09-25,52.9667,53.0498,52.3577,52.5976,12358800
2023-09-26,52.3485,52.5054,52.0440,52.1639,11194700
2023-09-27,52.0624,52.1639,51.3796,51.6287,13766300
2023-09-28,51.8871,51.9702,51.3980,51.4995,12484800
2023-09-29,51.8041,51.9240,51.3242,51.6564,12271600
2023-10-02,51.5918,51.6841,50.8259,51.1950,11792500
2023-10-03,50.8997,51.1489,50.5491,50.6414,13604200
2023-10-04,50.6506,51.0105,50.4845,50.7890,12100500
2023-10-05,50.5122,50.7060,48.2053,48.3345,29878100
2023-10-06,48.0207,49.1742,47.5686,49.0358,30298900
2023-10-09,48.8697,49.0450,48.0853,48.7958,15704700
2023-10-10,49.9493,50.1339,49.4233,49.8570,20909700
2023-10-11,50.0323,50.0877,48.9250,49.5617,21138900
2023-10-12,49.6079,49.6725,48.3806,48.7313,19330400
2023-10-13,48.6667,49.2941,48.5744,48.8051,14494600
2023-10-16,48.9250,49.4233,48.7589,49.3034,12816800
2023-10-17,49.1926,49.9216,49.1004,49.8939,16457200
2023-10-18,49.9216,50.3184,49.7555,49.8755,12809500
2023-10-19,49.9770,50.5306,49.7002,50.1523,16202200
2023-10-20,50.3184,50.7706,50.2354,50.3553,15686400
2023-10-23,50.1800,50.6506,49.8755,49.9032,21212700
2023-10-24,51.3519,51.8317,51.0289,51.3427,25290800
2023-10-25,51.4534,51.8779,51.2689,51.7856,16701000
2023-10-26,52.0163,52.2562,51.4165,51.4719,16228400
2023-10-27,51.2596,51.8041,50.8444,50.9736,13626500
2023-10-30,51.1489,51.9333,51.1397,51.8133,15014300
2023-10-31,52.2008,52.3393,51.8133,52.1270,16639400
2023-11-01,52.4131,52.4869,51.9148,52.0809,14110800
2023-11-02,52.1363,52.7361,52.0071,52.6807,13087200
2023-11-03,52.9667,53.1421,52.3208,52.3577,13958700
2023-11-06,52.3946,52.8560,52.3577,52.5700,12673200
2023-11-07,52.5238,52.9667,52.3485,52.7637,10449300
2023-11-08,52.8929,53.0313,52.5238,52.6807,13744000
2023-11-09,52.6253,52.7268,52.0163,52.2839,12021100
2023-11-10,52.4777,52.5331,51.7303,52.3393,11678900
2023-11-13,52.2470,52.6899,52.2285,52.5330,12798200
2023-11-14,52.6161,52.8191,52.4223,52.6899,12697100
2023-11-15,52.8745,52.9114,52.3669,52.7914,10201900
2023-11-16,52.8283,53.0867,52.4223,52.7361,16010400
2023-11-17,52.7730,52.9114,52.3208,52.8376,14475800
2023-11-20,52.6438,53.1328,52.5607,52.9668,13051000
2023-11-21,53.0221,53.5573,52.9022,53.5481,13891600
2023-11-22,53.7603,54.0187,53.6404,53.9080,11320600
2023-11-24,53.9449,54.2125,53.8341,54.0464,4816000
2023-11-27,54.0187,54.1571,53.7696,53.9449,16246500
2023-11-28,53.8895,54.2863,53.8526,54.0556,13739600
2023-11-29,54.0556,54.1387,53.6127,53.7326,11263600
2023-11-30,53.9094,54.3744,53.5745,54.3558,22727500
2023-12-01,54.1977,54.5883,54.1698,54.5418,15371200
2023-12-04,54.4953,54.8395,54.3558,54.4767,14942200
2023-12-05,54.4581,54.7186,54.3372,54.5604,11891500
2023-12-06,54.4674,54.6256,54.1419,54.5046,14868500
2023-12-07,54.5697,54.7744,54.3093,54.6349,11587900
2023-12-08,54.6349,54.6442,54.2907,54.5139,11178700
2023-12-11,54.7186,54.9604,54.4116,54.9139,14524800
2023-12-12,55.0627,55.2673,54.7837,55.2673,12899000
2023-12-13,55.2952,55.8254,55.1185,55.7417,16196800
2023-12-14,55.7789,55.8440,54.6628,54.9139,22478300
2023-12-15,54.7186,55.0348,53.7605,54.5046,65177400
2023-12-18,54.6907,55.3324,54.5232,54.8953,16717700
2023-12-19,54.8767,55.0627,54.5418,54.7186,14612200
2023-12-20,54.4116,54.5697,53.5466,53.5838,17701000
2023-12-21,53.8070,54.0117,53.4536,53.9373,11725100
2023-12-22,54.0582,54.3744,53.9652,54.2442,9029400
2023-12-26,54.0024,54.6069,54.0024,54.4674,6422500
2023-12-27,54.5418,54.6628,54.3186,54.6069,8560100
2023-12-28,54.5511,54.7558,54.4395,54.6442,8400100
2023-12-29,54.6349,54.8581,54.5325,54.8116,9244300
2024-01-02,54.6907,55.6952,54.5697,55.6394,16322600
2024-01-03,55.7417,55.9928,55.5836,55.7696,14830600
2024-01-04,55.8533,56.0486,55.4906,55.5836,12912900
2024-01-05,55.6208,55.7603,54.9604,55.4999,10412800
2024-01-08,55.5092,55.9742,55.2673,55.9091,11554600
2024-01-09,55.7975,55.9370,55.4533,55.8068,10493700
2024-01-10,56.0114,56.1881,55.7882,55.9928,12258000
2024-01-11,56.0393,56.0486,55.5185,55.6301,13754200
2024-01-12,55.8812,56.2346,55.6859,56.1695,13218000
2024-01-16,56.1695,56.2067,55.6673,55.7975,11826900
2024-01-17,55.6766,56.0021,55.6394,55.7975,8982100
2024-01-18,55.5185,56.0207,55.3696,55.9556,10397700
2024-01-19,56.0486,56.0672,55.4720,55.6487,14392600
2024-01-22,55.5836,55.8719,55.2859,55.4068,14314300
2024-01-23,55.3696,55.8068,55.3045,55.6673,14481600
2024-01-24,55.6208,55.6301,54.7744,54.7930,16370500
2024-01-25,54.8860,55.0348,54.5604,55.0255,14899700
2024-01-26,55.1092,55.3324,54.9976,55.2208,13025100
2024-01-29,55.1929,55.6115,55.0348,55.5557,14547100
2024-01-30,55.6673,55.8254,55.2952,55.7138,22061500
2024-01-31,55.8998,56.2253,55.1464,55.3324,22837000
2024-02-01,55.4068,56.7462,55.2115,56.7183,15870900
2024-02-02,56.5695,56.6160,56.0207,56.3091,17544900
2024-02-05,56.1602,56.1602,55.6952,55.8440,12759600
2024-02-06,55.7696,55.8533,55.5092,55.7510,12775200
2024-02-07,55.8719,56.0021,55.7510,55.7975,10259900
2024-02-08,55.7045,55.7789,55.2580,55.6487,12874800
2024-02-09,55.3138,55.4161,54.9046,55.3975,15235300
2024-02-12,55.4906,55.5836,54.8395,55.5278,13516800
2024-02-13,55.3417,56.4207,54.6814,55.2022,24195700
2024-02-14,55.0348,55.4254,54.9139,55.1464,15872500
2024-02-15,55.2673,55.4254,54.9976,55.2487,13695800
2024-02-16,55.2022,55.4533,54.8395,55.2394,13947100
2024-02-20,55.4348,56.5881,55.3510,56.4579,18339300
2024-02-21,56.7276,56.9973,56.5788,56.9601,14373000
2024-02-22,56.7276,56.9694,56.2719,56.8764,12982800
2024-02-23,56.8206,57.3136,56.7369,56.9229,13612900
2024-02-26,56.9601,56.9880,56.4207,56.4672,10336100
2024-02-27,56.3091,56.5323,55.9184,56.1230,9931100
2024-02-28,56.1509,56.2625,55.8626,56.1788,8076500
2024-02-29,56.1323,56.4021,55.7138,55.8254,18152700
2024-03-01,55.7138,55.7138,55.1929,55.3696,10927600
2024-03-04,55.0906,55.7603,55.0813,55.6301,10150200
2024-03-05,55.7231,55.9091,55.2673,55.3603,12310000
2024-03-06,55.3603,55.8068,55.2301,55.3882,12378800
2024-03-07,55.5185,55.5929,55.0999,55.2859,13686900
2024-03-08,55.1557,55.6115,54.8488,55.3603,13239000
2024-03-11,55.6022,56.0765,55.4161,56.0300,14114300
2024-03-12,56.1044,56.5044,56.0021,56.2718,12684600
2024-03-13,56.6253,56.9322,56.5509,56.8485,13909500
2024-03-14,56.7970,57.0032,56.6282,56.7220,13996600
2024-03-15,56.2719,56.6751,55.9157,56.1407,36849900
2024-03-18,56.1500,56.6282,56.0657,56.3751,15856700
2024-03-19,56.4782,56.5813,56.3094,56.4688,15030600
2024-03-20,56.4219,57.0126,56.4032,56.9563,15258800
2024-03-21,56.7782,57.1814,56.5532,56.6938,13067100
2024-03-22,56.7407,56.9938,56.6563,56.7126,11502800
2024-03-25,56.7032,56.9188,56.3657,56.6282,13144700
2024-03-26,56.7219,56.9188,56.6094,56.7595,13277400
2024-03-27,56.9938,57.5939,56.9095,57.2188,12551200
2024-03-28,57.3220,57.4345,57.1907,57.3595,13683500
2024-04-01,57.3595,57.4720,56.8438,56.8907,11668700
2024-04-02,56.6751,56.9376,56.3563,56.3938,13017300
2024-04-03,56.3001,56.6188,56.0469,56.0938,13672900
2024-04-04,56.3376,56.3938,55.4750,55.5969,14320700
2024-04-05,55.5500,55.9532,55.2312,55.7938,10157800
2024-04-08,55.6906,55.7563,55.3812,55.5688,10284500
2024-04-09,55.7656,56.0094,55.4375,55.9907,10779100
2024-04-10,55.6156,55.6813,55.0250,55.2406,11861900
2024-04-11,55.4563,55.6625,55.1187,55.3625,11109000
2024-04-12,55.2687,55.3250,54.5000,54.6406,12250900
2024-04-15,54.9500,55.1375,54.4156,54.5093,12425000
2024-04-16,54.6125,54.7343,54.3124,54.4343,11236800
2024-04-17,54.6406,54.9031,54.4718,54.8562,13805100
2024-04-18,54.9594,55.2969,54.8843,55.2312,11125900
2024-04-19,55.4094,56.5907,55.3156,56.4126,21207900
2024-04-22,56.3844,56.8438,55.9907,56.7688,15624500
2024-04-23,56.7501,56.8907,56.3751,56.8532,13689100
2024-04-24,56.5532,57.8001,56.1032,57.7064,19548300
2024-04-25,58.0064,58.6814,57.5376,57.8845,19048500
2024-04-26,57.7064,58.0627,57.5189,57.8845,10994300
2024-04-29,58.0533,58.1752,57.6876,58.1658,13409300
2024-04-30,58.2595,58.9065,57.6314,57.9126,19349200
2024-05-01,57.9408,58.6627,57.3876,58.0627,16729800
2024-05-02,58.2970,58.5033,57.8658,58.1189,10991300
2024-05-03,58.1189,58.4377,57.7908,58.2877,11628700
2024-05-06,58.4095,58.4845,58.0345,58.4564,9310700
2024-05-07,58.8408,58.8971,58.3627,58.7096,9807000
2024-05-08,58.9252,59.0377,58.5783,58.9252,10484400
2024-05-09,58.8877,59.2065,58.8315,58.9533,9113700
2024-05-10,58.9908,59.4034,58.8689,59.3096,8371700
2024-05-13,59.2908,59.6471,59.2346,59.6096,10137600
2024-05-14,59.6096,59.7784,58.8783,59.1596,10852200
2024-05-15,59.1221,59.4315,59.0658,59.1877,9838900
2024-05-16,59.2908,59.7502,59.1315,59.3659,10228000
2024-05-17,59.3846,59.4127,59.0096,59.0940,11539000
2024-05-20,59.0002,59.0752,58.5596,58.6627,11000900
2024-05-21,58.8971,59.0471,58.5408,58.9814,9796200
2024-05-22,58.7939,59.0846,58.7471,59.0658,7419400
2024-05-23,58.5877,58.9533,58.1752,58.2127,9834300
2024-05-24,58.3345,58.5220,58.1002,58.1283,8203100
2024-05-28,57.9314,58.2502,57.5657,57.9595,12347000
2024-05-29,57.6314,58.0158,57.2564,57.8470,11861800
2024-05-30,57.9876,58.2033,57.7533,58.1002,9433800
2024-05-31,58.1189,59.0940,57.8376,59.0002,19816600
2024-06-03,58.7939,59.1502,58.5502,59.0002,9369000
2024-06-04,59.2533,59.9753,59.0096,59.9471,11895600
2024-06-05,59.9940,60.0690,59.3940,59.9284,9632500
2024-06-06,59.9284,60.3409,59.8534,60.1440,8658500
2024-06-07,60.0878,60.2097,59.8253,59.9190,9523100
2024-06-10,59.9471,59.9940,59.4127,59.6190,15685300
2024-06-11,59.6190,59.6753,59.1315,59.5815,8396000
2024-06-12,59.7128,59.7128,58.7752,58.9533,9569600
2024-06-13,58.9346,59.1033,58.5502,59.0565,9668900
2024-06-14,58.9384,59.2312,58.6644,59.0990,8179200
2024-06-17,58.9289,59.4297,58.7494,59.1651,10532700
2024-06-18,59.0801,59.3541,58.9950,59.1746,10651700
2024-06-20,58.9572,59.2785,58.5321,58.7494,13306300
2024-06-21,58.7494,59.6186,58.7494,59.3068,28278100
2024-06-24,59.5147,60.5257,59.4391,60.4406,13212500
2024-06-25,60.4123,60.5351,60.0060,60.3178,10235300
2024-06-26,59.9021,60.5729,59.7415,60.5162,9402500
2024-06-27,60.5162,60.7241,60.1099,60.3839,8494100
2024-06-28,60.3745,60.5257,60.0155,60.1383,17358800
2024-07-01,60.4973,60.7524,59.6375,59.7887,10033400
2024-07-02,59.7698,59.8832,59.3919,59.6659,8878200
2024-07-03,59.7037,60.1572,59.4580,59.8359,9154200
2024-07-05,59.8359,60.2706,59.5241,60.2422,11735500
2024-07-08,60.0816,60.0816,59.3730,59.4864,11235100
2024-07-09,59.5808,59.7415,59.1368,59.2313,11657500
2024-07-10,59.2596,59.3919,58.8533,59.3635,11930400
2024-07-11,59.1840,59.9588,58.9573,59.6186,11431600
2024-07-12,59.9588,60.5729,59.8926,60.1855,9201500
2024-07-15,60.2706,60.4123,59.8548,59.9115,8207500
2024-07-16,59.9304,60.7619,59.8926,60.7241,9025100
2024-07-17,60.9130,61.7823,60.8564,61.6122,12508200
2024-07-18,61.2248,62.1791,61.1493,61.5933,11128200
2024-07-19,62.0185,62.0185,61.2437,61.6878,13775700
2024-07-22,61.6500,61.6878,60.7713,61.1965,11794200
2024-07-23,61.8201,62.3964,61.2721,61.3760,11810300
2024-07-24,61.4988,62.3303,61.2532,62.1791,13244600
2024-07-25,62.3964,63.1995,62.2264,62.4248,16328600
2024-07-26,62.4248,63.4074,62.3681,63.3507,13530100
2024-07-29,63.1901,63.3318,62.7271,63.1428,12140200
2024-07-30,62.8122,64.0877,62.6988,63.9459,13258000
2024-07-31,63.7759,63.8798,62.9350,63.0578,15576800
2024-08-01,63.3035,64.3522,63.0200,64.2105,16495900
2024-08-02,64.7490,65.8261,63.9554,65.5049,22514800
2024-08-05,65.1837,65.7128,63.9932,64.3428,25484300
2024-08-06,64.3900,65.0419,64.0310,64.2955,12969100
2024-08-07,64.2955,65.3632,64.0877,64.6829,13365300
2024-08-08,64.2483,65.0608,64.1066,64.9380,15240900
2024-08-09,64.9097,64.9947,64.4845,64.8908,12080400
2024-08-12,64.6735,64.7585,64.0877,64.4089,11012300
2024-08-13,64.3239,64.8246,64.2577,64.6829,9877600
2024-08-14,64.4656,65.0892,64.3711,64.7963,14328000
2024-08-15,64.8341,65.1175,64.7207,64.8624,11285100
2024-08-16,65.0419,65.4766,64.8530,65.3632,12651200
2024-08-19,65.5238,65.5899,65.0514,65.1742,9843900
2024-08-20,65.1837,65.5616,64.9758,65.5521,11957400
2024-08-21,65.6466,66.2608,65.5049,65.7317,8792400
2024-08-22,66.0623,66.0623,64.9947,65.5049,12509200
2024-08-23,65.5710,65.9962,65.1364,65.9395,11834700
2024-08-26,65.9773,67.0072,65.8828,66.9316,12912200
2024-08-27,67.3851,67.5835,67.1300,67.5552,16988400
2024-08-28,67.6591,67.8481,67.3662,67.7914,13272600
2024-08-29,67.9331,68.2355,67.3001,68.0748,17201700
2024-08-30,68.2166,68.5662,67.8197,68.4717,18624200
2024-09-03,68.4433,69.2464,68.2638,68.9819,14755800
2024-09-04,69.2559,69.4732,67.9426,68.5567,18140800
2024-09-05,68.6134,68.6701,67.0639,67.2434,23866100
2024-09-06,67.0733,67.7158,66.9788,67.2150,17485700
2024-09-09,67.3001,68.3205,67.0639,67.8859,12939300
2024-09-10,67.9993,68.4244,67.5741,67.6024,10277600
2024-09-11,67.4229,67.4323,66.6765,67.1583,11418200
2024-09-12,67.0828,67.4418,66.7615,67.3001,12337800
2024-09-13,67.3905,67.9898,67.0480,67.9327,11073800
2024-09-16,68.2752,68.7223,68.1325,68.5891,10786500
2024-09-17,68.3988,68.8269,68.2276,68.3037,12974400
2024-09-18,68.3893,68.8555,67.7995,68.2561,10719700
2024-09-19,68.0754,68.4369,67.1621,67.1812,13635600
2024-09-20,66.9814,68.3037,66.9528,68.1515,48578500
2024-09-23,68.0659,68.6842,67.7139,68.2371,11613000
2024-09-24,67.7519,68.3227,67.1621,67.8566,13330600
2024-09-25,68.2181,68.4179,67.8376,67.9707,12329100
2024-09-26,67.4095,68.1230,67.3904,67.9232,10815200
2024-09-27,68.0564,68.6842,67.9803,68.2942,11175700
2024-09-30,68.4940,68.6842,68.1991,68.3608,18015300
2024-10-01,68.5891,69.2074,68.1420,68.2181,13294500
2024-10-02,67.9137,67.9517,66.9814,67.5522,11155500
2024-10-03,67.4095,67.5332,66.7816,67.0860,9374800
2024-10-04,66.5533,66.8577,66.3250,66.7531,12684800
2024-10-07,66.6389,66.6865,65.5164,65.6496,14512000
2024-10-08,65.6781,66.0586,65.5069,65.8113,13549700
2024-10-09,65.8208,66.3440,65.7066,66.1823,9037700
2024-10-10,66.4296,66.5057,65.6305,65.8779,8635200
2024-10-11,66.0777,66.2013,65.6401,66.1823,8786300
2024-10-14,66.1823,67.0385,66.0872,66.9148,7659300
2024-10-15,67.0289,67.7424,66.7436,66.9148,10358700
2024-10-16,66.6770,67.2573,66.5628,67.1336,7937300
2024-10-17,67.1907,67.2478,66.1918,66.4962,14674600
2024-10-18,66.4677,67.1146,66.2203,67.0099,15087500
2024-10-21,66.5914,66.9053,65.9349,66.0681,11981200
2024-10-22,65.6400,66.3535,65.3356,66.0681,18603300
2024-10-23,63.7279,65.3547,63.3379,64.6983,24655200
2024-10-24,64.3558,64.7268,63.6899,64.0228,17568800
2024-10-25,63.8040,64.4034,63.5377,63.6613,11138100
2024-10-28,63.6994,64.1180,63.3569,63.4235,10761400
2024-10-29,63.0620,63.1096,62.3295,62.3676,16525900
2024-10-30,62.3200,63.2998,62.1393,62.7100,14177800
2024-10-31,62.6054,62.7766,62.0822,62.1297,13383700
2024-11-01,62.2819,62.4627,61.7302,61.8443,12163100
2024-11-04,61.9109,62.2344,61.5019,61.9395,10984500
2024-11-05,61.4924,62.2819,61.4924,62.1868,8780200
2024-11-06,61.2831,61.7017,60.1035,60.5981,22899300
2024-11-07,61.1594,61.2545,60.5030,60.5601,14856100
2024-11-08,60.7979,61.1118,60.6362,60.8074,14719300
2024-11-11,60.8740,60.9977,60.1700,60.2747,13980900
2024-11-12,60.5791,60.6457,60.0464,60.1225,15021000
2024-11-13,59.9798,60.1796,59.4471,59.9322,13177600
2024-11-14,60.0369,60.0369,59.3900,59.5041,15910800
2024-11-15,59.4471,59.5802,58.4006,58.7336,26284300
2024-11-18,58.8382,59.1141,58.5623,58.8477,16062100
2024-11-19,58.8858,59.5707,58.6289,59.5422,16254800
2024-11-20,59.6468,59.9417,58.9999,59.9227,18904900
2024-11-21,60.0749,60.7028,59.8847,60.6552,17292300
2024-11-22,61.1118,61.3402,60.5506,60.8074,19562200
2024-11-25,61.1879,61.5590,60.7313,61.2450,36805300
2024-11-26,61.1784,61.4924,60.9406,61.4067,14473300
2024-11-27,61.7968,61.9300,61.1214,61.2926,13263400
2024-11-29,61.3645,61.5849,61.1248,61.4220,10648400
2024-12-02,61.3932,61.5274,60.7223,61.0098,16500100
2024-12-03,61.0769,61.4220,60.4155,60.8852,24874500
2024-12-04,60.6552,60.7223,59.3324,59.6296,28137700
2024-12-05,59.8788,60.5018,59.5241,60.3101,21040400
2024-12-06,60.2238,60.7319,59.9171,59.9363,15581100
2024-12-09,60.0896,60.3197,59.3324,60.0034,22348300
2024-12-10,60.0992,60.4251,59.2270,60.3005,14949400
2024-12-11,60.3868,60.9907,59.8117,60.0417,32819000
2024-12-12,60.9140,61.2686,60.5977,61.1919,17542100
2024-12-13,60.9331,61.1919,60.4922,60.5018,13429000
2024-12-16,60.6072,61.2111,59.7637,59.9555,24559700
2024-12-17,59.8596,60.9140,59.7350,60.7702,21902400
2024-12-18,60.2047,61.0002,60.1855,60.2430,20946100
2024-12-19,60.0992,60.5497,59.8117,59.8596,21300600
2024-12-20,59.8788,60.4443,59.6967,59.9555,42458100
2024-12-23,59.9075,60.1567,58.9778,59.7925,13010800
2024-12-24,59.6200,60.2334,59.4378,60.2334,5019100
2024-12-26,60.0225,60.1376,59.8117,59.9746,7943800
2024-12-27,59.8596,60.3389,59.6296,59.8596,8542800
2024-12-30,59.7542,59.7542,59.1215,59.4570,8972200
2024-12-31,59.4474,59.8404,59.2366,59.6775,9256700
2025-01-02,59.7637,60.1472,59.0640,59.2749,12991000
2025-01-03,59.3324,59.5049,59.0640,59.1886,10403200
2025-01-06,58.9490,59.0161,58.1438,58.2876,17924200
2025-01-07,58.5752,59.1599,58.1055,58.3164,17799600
2025-01-08,58.4602,59.2078,58.4026,59.1503,14412400
2025-01-10,59.0257,59.0928,58.2109,58.5368,22425000
2025-01-13,58.5944,59.2845,58.1918,59.0928,18016200
2025-01-14,59.1024,59.4954,58.7573,59.4666,16658300
2025-01-15,59.7446,60.0225,59.1215,59.2078,16187200
2025-01-16,58.8723,59.7158,58.7765,59.6679,12585500
2025-01-17,59.7254,60.1663,59.5912,60.1088,17948900
2025-01-21,60.2909,60.6072,59.7158,59.8308,19817100
2025-01-22,59.5433,59.7062,59.1024,59.2174,18191900
2025-01-23,59.2366,59.4091,58.8244,58.9778,16528400
2025-01-24,59.1599,59.4378,58.8915,59.3516,19244600
2025-01-27,60.2622,61.5178,59.8788,61.2207,20742900
2025-01-28,60.8756,61.3836,59.6967,59.7733,14956000
2025-01-29,59.9650,60.7319,59.9555,60.2238,11325600
2025-01-30,61.2015,61.6233,60.6072,61.3932,13201000
2025-01-31,61.0577,61.2782,60.7606,60.8469,12096800
2025-02-03,60.5593,60.9907,59.8404,60.7223,12067900
2025-02-04,60.9715,60.9907,59.7638,60.0705,15678000
2025-02-05,60.1184,60.6648,59.9938,60.5018,10686800
2025-02-06,60.9811,61.0961,60.3005,60.7319,13423400
2025-02-07,60.7989,61.2686,60.6456,61.1919,13184700
2025-02-10,61.4412,61.9683,61.0194,61.8725,16154300
2025-02-11,64.7001,64.8631,63.6553,64.7960,30589100
2025-02-12,64.0963,65.9654,64.0963,65.8599,26033800
2025-02-13,66.1379,66.7226,65.9079,66.6172,24393100
2025-02-14,66.4830,67.1252,65.9079,66.0133,20779100
2025-02-18,65.7066,66.4926,65.5820,66.1858,15569100
2025-02-19,66.3392,67.2210,66.3009,67.1635,16032300
2025-02-20,66.8185,67.1635,66.5405,67.1348,13398000
2025-02-21,67.4032,68.6301,67.2210,68.3904,21662300
2025-02-24,67.9016,68.7547,67.4127,67.6620,21418400
2025-02-25,67.9208,68.7930,67.7961,68.5246,21555600
2025-02-26,68.3137,68.3233,67.6044,67.8633,14531200
2025-02-27,67.7866,68.5726,67.4990,67.9304,16789500
2025-02-28,68.4863,68.6013,67.6332,68.2562,22167400
2025-03-03,67.3265,69.3585,66.8376,69.3202,21717600
2025-03-04,69.0806,69.6365,66.9814,67.2785,25411900
2025-03-05,67.0006,67.8057,66.9431,67.1731,23933600
2025-03-06,67.4894,67.6044,66.5692,67.5373,21694000
2025-03-07,66.7609,68.8409,66.7609,68.4671,28393300
2025-03-10,68.9751,70.1829,68.3617,68.4863,25251200
2025-03-11,68.8984,69.0518,67.6811,68.0933,28076400
2025-03-12,67.4511,67.7961,66.8472,67.0389,18923300
2025-03-13,67.3361,67.3361,66.4063,66.7322,15746600
2025-03-14,66.1528,66.8770,66.0273,66.7805,14205100
2025-03-17,66.8577,67.7557,66.7032,67.7074,15634800
2025-03-18,67.6978,67.7750,66.9156,66.9929,12657600
2025-03-19,66.1915,66.9929,66.1818,66.8963,14780000
2025-03-20,66.9253,67.4081,66.7129,67.3115,16295300
2025-03-21,67.3115,67.5626,65.8342,66.3073,47479500
2025-03-24,66.4328,66.7032,65.9790,66.5777,12575400
2025-03-25,66.5777,66.7032,66.2397,66.4425,12513900
2025-03-26,66.5487,67.9295,66.5294,67.6109,14478200
2025-03-27,67.7654,68.5475,67.6592,68.3061,11663400
2025-03-28,68.3737,68.8662,67.1377,67.9488,17412900
2025-03-31,68.2965,69.4648,68.0647,69.1558,24016900
2025-04-01,69.2138,69.4358,68.7406,69.3972,15309100
2025-04-02,69.4841,69.8704,68.6054,68.8758,14606500
2025-04-03,69.9862,71.4057,69.8317,70.6622,24959600
2025-04-04,69.9283,70.4980,67.3888,67.5240,26517300
2025-04-07,63.9513,66.9929,63.7775,66.0177,34258400
2025-04-08,66.5874,67.5723,65.4286,66.0659,22774400
2025-04-09,65.5831,68.0454,64.9652,67.5433,27918700
2025-04-10,67.7750,68.7599,66.6067,68.3254,22450200
2025-04-11,68.4703,69.3779,68.1130,68.9724,19988200
2025-04-14,68.8468,70.1600,68.4896,69.9573,13930200
2025-04-15,70.1214,70.1311,69.2524,69.3876,14965500
2025-04-16,69.8704,70.1697,68.9337,69.2138,15276200
2025-04-17,69.4262,70.9036,69.2524,70.4883,20754500
2025-04-21,70.8553,70.9422,69.3489,70.2663,16037200
2025-04-22,70.4883,71.8209,70.4111,71.3574,15613500
2025-04-23,70.7684,71.4057,69.8897,70.7780,16353900
2025-04-24,70.5077,70.9036,69.8124,70.0249,16893900
2025-04-25,70.1504,70.4111,68.6827,69.4359,16316000
2025-04-28,69.6000,69.7738,68.8565,69.3200,15997500
2025-04-29,68.7406,70.2083,67.8619,69.8607,16244100
2025-04-30,70.8263,70.9518,69.2234,70.0538,21074700
2025-05-01,69.5228,69.5614,68.7792,68.8372,18034200
2025-05-02,69.0400,69.3489,68.6537,69.1848,12629600
2025-05-05,69.2041,69.3296,68.5668,69.2331,11932700
2025-05-06,69.2138,69.4262,68.7117,69.2524,12705500
2025-05-07,69.2524,70.1890,69.2041,69.9090,15018200
2025-05-08,69.7159,69.9766,68.6827,68.7213,14371100
2025-05-09,68.5475,68.7020,68.0357,68.0937,11228900
2025-05-12,67.7364,67.9102,66.3363,67.1377,21539000
2025-05-13,67.1957,67.2922,66.5004,66.5873,14389100
2025-05-14,66.5101,66.9543,66.2204,66.7805,16286800
2025-05-15,67.3019,69.2620,67.2053,69.1462,19817100
2025-05-16,69.3876,69.7738,68.9724,69.5228,18441200
2025-05-19,69.5517,69.6869,69.1751,69.4552,13282800
2025-05-20,69.3296,69.6483,68.9724,69.2234,12137800
2025-05-21,69.2234,69.6000,69.1172,69.3779,12094400
2025-05-22,69.3683,69.5131,68.5185,68.6923,11101800
2025-05-23,69.0786,69.5034,68.2578,69.3007,12822100
2025-05-27,69.2717,69.7352,69.0979,69.3103,10666100
2025-05-28,69.2331,69.4262,68.6054,68.7020,8710900
2025-05-29,68.5572,69.1945,68.0357,69.0303,10291100
2025-05-30,69.1462,69.9766,69.1462,69.6193,28019500
2025-06-02,69.5517,69.5614,68.9048,69.5228,10202700
2025-06-03,69.2427,69.3103,68.0454,68.7116,20139800
2025-06-04,68.8082,69.3779,68.2482,68.9144,13565900
2025-06-05,68.9241,69.0013,68.3930,68.4703,13531400
2025-06-06,68.6344,69.0207,68.4992,68.8951,9524000
2025-06-09,68.8951,69.3586,68.6441,69.3007,12281300
2025-06-10,69.4262,70.1890,69.2910,69.8607,12265000
2025-06-11,69.7835,69.8704,69.2910,69.5903,12718500
2025-06-12,69.7642,69.9090,69.1365,69.7545,12806900
2025-06-13,69.7934,69.9004,68.7820,69.0640,17467200
2025-06-16,69.2391,69.6475,68.3055,68.5778,15045900
2025-06-17,68.4417,68.5195,67.6637,67.7026,15437000
2025-06-18,68.0721,68.0721,67.1872,67.3039,16227600
2025-06-20,67.1872,67.6443,66.8857,66.9441,40859400
2025-06-23,67.2358,67.8874,67.0705,67.8193,21822800
2025-06-24,68.0138,68.4125,67.7707,68.2764,15216100
2025-06-25,68.0041,68.0916,67.5178,67.7123,12540400
2025-06-26,67.7804,67.9944,67.2456,67.5567,14454100
2025-06-27,67.6734,68.6167,67.5567,68.3931,23470700
2025-06-30,68.1986,68.8404,68.1597,68.8015,15429000
2025-07-01,69.0349,70.4547,68.9474,69.6962,21729300
2025-07-02,69.7156,69.8517,68.7918,68.9571,13050200
2025-07-03,69.0835,69.4336,68.5097,69.3850,9440500
2025-07-07,69.4044,69.4044,68.8501,69.0543,16984700
2025-07-08,68.7334,68.7334,67.9554,68.3055,17115500
2025-07-09,68.2277,68.3153,67.0705,67.5665,33704100
2025-07-10,67.3817,67.9263,67.2553,67.8485,14608400
2025-07-11,67.6540,68.2277,67.3428,67.9457,12916700
2025-07-14,67.8777,68.1499,67.3623,67.5567,13983200
2025-07-15,67.5956,67.6345,67.2456,67.4498,12639800
2025-07-16,67.4400,67.5859,66.8955,67.3622,13178300
2025-07-17,67.8874,68.7431,67.5956,68.6459,20464700
2025-07-18,68.5000,68.7529,67.9068,67.9263,14928000
2025-07-21,68.2569,68.6751,68.0041,68.1402,17811700
2025-07-22,67.5373,68.3250,66.7982,67.7415,22339900
2025-07-23,67.7415,67.8193,66.7107,67.2553,21030000
2025-07-24,67.3525,67.6345,67.0900,67.1969,12511400
2025-07-25,67.2261,67.3234,66.8566,67.2650,12574800
2025-07-28,66.8468,67.0024,66.1856,66.2147,13668800
2025-07-29,66.4578,67.5081,66.2731,67.4692,16223400
2025-07-30,67.2067,67.4206,66.6426,66.8566,10448200
2025-07-31,66.2731,66.7593,65.8744,66.0202,17193400
2025-08-01,66.7107,67.1386,66.3898,66.9635,16107500
2025-08-04,66.8274,67.1775,66.4287,67.0608,10701500
2025-08-05,67.0024,67.5762,66.8566,67.1483,11993400
2025-08-06,67.2164,67.8776,66.7399,67.5956,10783000
2025-08-07,67.5470,68.7723,67.4206,68.4903,15790800
2025-08-08,68.4222,68.9182,68.1499,68.4028,9232700
2025-08-11,68.3639,68.9085,68.0332,68.8015,10909400
2025-08-12,68.8696,69.1029,68.2861,68.7626,11061100
2025-08-13,68.7431,68.8209,68.2958,68.5195,10356500
2025-08-14,68.4417,68.5195,67.4789,67.6345,10722400
2025-08-15,67.8193,68.4514,67.6540,67.9943,12381100
2025-08-18,68.0527,68.1208,67.1483,67.2261,14094900
2025-08-19,67.3914,68.2861,67.3331,68.1986,13862200
2025-08-20,68.7918,69.7350,68.4709,68.7529,17530800
2025-08-21,68.6556,68.9571,68.3931,68.7140,8840400
2025-08-22,69.0057,69.0641,67.9943,68.1986,12999600
2025-08-25,68.1791,68.2958,66.8274,67.0316,13634600
2025-08-26,67.1386,67.1775,66.6913,66.8371,17964200
2025-08-27,66.9246,66.9733,66.5843,66.9344,11562700
2025-08-28,66.9830,67.0024,66.3995,66.4773,16209900
2025-08-29,66.7788,67.2358,66.5454,67.0900,14601100
2025-09-02,67.0608,67.4303,66.3801,67.1580,24770100
2025-09-03,66.7690,67.1969,65.5146,67.0900,33581500
2025-09-04,67.2067,67.5470,66.2342,66.3703,16736000
2025-09-05,66.1370,66.6913,66.0008,66.0883,23978000
2025-09-08,65.9911,66.0105,65.3104,65.5729,21671700
2025-09-09,65.4271,66.2342,65.4271,65.9911,14120600
2025-09-10,65.9230,66.2147,65.3590,65.9522,16041900
2025-09-11,66.0494,66.2925,65.7188,65.7577,15128700
2025-09-12,65.7382,65.8549,65.0964,65.1645,18712400
2025-09-15,65.3409,65.4389,64.7725,64.8803,15986100
2025-09-16,65.0175,65.1743,64.7333,64.9097,18555900
2025-09-17,65.0763,65.7818,65.0763,65.6936,17372300
2025-09-18,65.4585,65.6936,65.0175,65.1253,17722900
2025-09-19,65.1547,65.3899,64.7235,65.0959,31192900
2025-09-22,64.8313,65.2527,64.7529,64.8803,13298700
2025-09-23,65.0175,65.4193,64.5765,65.3703,15072800
2025-09-24,65.0763,65.4389,64.6353,65.1155,14759300
2025-09-25,65.4095,65.5761,64.6255,64.6549,14395000
2025-09-26,64.7431,64.9979,64.1846,64.3512,17821600
2025-09-29,64.3512,64.7725,64.0376,64.7137,14818500
2025-09-30,64.7431,65.3017,64.6353,64.9881,13815000
2025-10-01,65.1743,65.4879,64.9587,65.4389,14877500
2025-10-02,65.1939,65.3115,64.5373,64.7725,14350700
2025-10-03,64.7725,65.6446,64.7137,65.3115,12249200
2025-10-06,65.1547,65.1645,64.5177,64.7725,14333300
2025-10-07,64.8901,65.9092,64.5471,65.4487,13328300
2025-10-08,65.3311,65.5271,64.7333,64.7921,12606700
2025-10-09,64.9587,65.4585,64.7921,65.0371,12705200
2025-10-10,65.1841,66.0464,65.0469,65.6936,17991700
2025-10-13,64.8999,65.4585,64.6745,65.4585,13690000
2025-10-14,65.5271,66.2130,65.4095,66.1542,14245600
2025-10-15,65.9190,66.3600,65.5761,65.7328,11193700
2025-10-16,65.8308,66.7422,65.8112,66.2326,15707200
2025-10-17,66.6344,67.1243,66.4384,67.0655,15541800
2025-10-20,67.0557,67.2615,66.5560,67.0655,17786800
2025-10-21,69.1527,69.9563,68.8196,69.7897,33651300
2025-10-22,69.9269,70.1817,69.0940,69.3879,18293000
2025-10-23,69.3879,69.5055,68.3198,68.5354,13989400
2025-10-24,68.5060,68.6432,68.2512,68.3100,15688200
2025-10-27,68.3786,68.7118,67.8593,68.6530,13800000
2025-10-28,68.6432,69.4761,68.5452,68.7510,12730500
2025-10-29,68.5158,68.6236,66.7912,66.9773,19789600
2025-10-30,67.0753,67.8985,67.0165,67.5947,14751700
2025-10-31,67.1733,67.6829,66.5364,67.5163,16742700
2025-11-03,67.4183,67.5065,66.3012,66.6050,15660400
2025-11-04,67.0949,67.3497,66.7912,67.2811,12743800
2025-11-05,67.2811,67.4477,66.8108,67.1341,12850100
2025-11-06,66.9283,67.7515,66.5560,67.6731,15906700
2025-11-07,68.4080,69.4467,68.0161,69.1332,25108300
2025-11-10,68.6040,69.2409,68.0454,69.1037,15318000
2025-11-11,69.5545,70.3091,69.2409,70.1719,16160200
2025-11-12,70.0543,70.4462,69.9073,70.0739,13612600
2025-11-13,69.9857,70.2307,69.5741,69.6427,14002800
2025-11-14,69.9759,70.2013,69.1821,69.7309,13172000
2025-11-17,69.7701,70.0935,69.2018,69.2605,14772300
2025-11-18,69.5643,69.9073,69.1527,69.7897,12838900
2025-11-19,69.7701,70.0151,69.3879,69.6819,12401500
2025-11-20,69.5251,70.0445,69.1920,69.7799,15396500
2025-11-21,70.2405,71.7201,70.0543,71.4850,26492500
2025-11-24,71.6907,71.6907,70.1327,71.1322,39818600
2025-11-25,71.3380,71.4654,70.6912,71.1518,17451200
2025-11-26,71.1420,71.6221,70.9362,71.4164,11795100
2025-11-28,71.5339,71.7593,71.2988,71.6515,7423000
2025-12-01,71.6417,71.9476,70.9805,71.0003,14388100
2025-12-02,70.8522,70.8522,69.5003,69.7372,19871300
2025-12-03,69.9444,70.4575,69.6779,69.8753,17001700
2025-12-04,69.8950,70.3983,69.4411,69.5201,17710000
2025-12-05,69.3918,69.7766,68.9477,69.0760,13978200
2025-12-08,68.9181,69.4510,68.5727,69.3227,17775100
2025-12-09,69.4411,69.6977,68.9082,69.1648,13010600
2025-12-10,69.4609,69.5990,68.8589,69.2832,29789400
2025-12-11,69.6187,69.7569,67.8820,68.1977,23124200
2025-12-12,68.1977,69.6878,68.1287,69.5891,18444500
2025-12-15,69.5003,70.3786,69.3918,70.0332,18660100
2025-12-16,70.3588,70.3588,69.3918,69.4411,17370000
2025-12-17,69.6385,69.9839,69.3819,69.7372,13672700
2025-12-18,69.3424,69.8654,69.2437,69.4312,15524800
2025-12-19,69.1352,69.8358,69.1056,69.1352,36911100
2025-12-22,69.0069,69.2931,68.7405,69.2832,12828500
2025-12-23,69.2733,69.3326,68.7701,68.9477,9471000
2025-12-24,68.9773,69.2339,68.8293,69.1845,4515300
2025-12-26,69.0266,69.2339,68.8096,68.9477,5711400
2025-12-29,69.0760,69.4904,68.9280,69.2339,9686900
2025-12-30,69.0760,69.3128,68.8786,69.1451,8610900
2025-12-31,69.1451,69.2339,68.9576,68.9872,8127800
2026-01-02,68.9280,68.9477,68.0695,68.2076,12151300
2026-01-05,68.0102,68.0102,67.0234,67.0432,21186600
2026-01-06,67.1123,67.3491,66.6978,66.9445,21019900
2026-01-07,67.0925,67.1715,66.3820,66.6485,20223400
2026-01-08,66.6485,68.5431,66.5597,68.4543,19237000
2026-01-09,68.5135,69.7273,68.2076,69.5793,19638600
2026-01-12,69.9641,70.0332,69.3128,69.5694,20582500
2026-01-13,69.4905,70.2996,69.3424,70.2996,18324800
2026-01-14,70.2305,70.7634,69.8753,70.4970,16739100
2026-01-15,70.6450,70.6549,69.4411,69.5497,15464100
2026-01-16,69.3622,69.8062,69.1155,69.5102,20027500
2026-01-20,69.0760,70.8325,68.8688,70.8029,22152200
2026-01-21,71.0299,71.2864,69.8950,71.0595,21660600
2026-01-22,70.8818,71.0891,70.4970,70.9213,13962800
2026-01-23,71.0693,72.0956,70.8325,71.9180,18307100
2026-01-26,71.8982,72.3324,71.5825,71.6022,14017400
2026-01-27,71.4838,72.5890,71.3160,72.5791,13239200
2026-01-28,72.2436,72.6482,71.6121,72.0956,14633700
2026-01-29,72.2140,73.1120,72.1745,72.4607,20862100
2026-01-30,72.7370,73.9113,72.5693,73.8225,26420500
2026-02-02,74.0199,74.7008,73.4179,74.3356,19301500
2026-02-03,74.2764,76.4770,74.1383,75.8750,27007100
2026-02-04,76.2500,77.0789,76.0625,76.3290,28607300
2026-02-05,76.7928,77.8190,76.5658,77.4737,21633500
2026-02-06,77.4638,78.1546,77.2270,77.9868,18512400
2026-02-09,77.6315,78.0657,76.5165,76.9408,23415600
2026-02-10,75.6185,76.4869,75.0067,75.7961,28848200
2026-02-11,75.8652,78.0065,75.5691,77.5625,22649700
2026-02-12,77.9375,79.3486,77.7500,77.9572,26043500
2026-02-13,77.4145,78.3519,77.0987,77.6414,16711900
2026-02-17,77.9473,78.5887,77.7006,78.5098,16260200
2026-02-18,78.4506,78.7861,77.8782,78.4407,16304900
2026-02-19,78.4111,78.6183,77.5526,77.8684,14924700
2026-02-20,78.2828,78.7861,77.8486,78.7861,17175100
2026-02-23,78.4703,79.7828,78.4506,79.4966,17157700
2026-02-24,79.4769,80.0196,78.7960,79.6545,16448500
2026-02-25,79.3387,79.6249,78.5098,79.4078,18086900
2026-02-26,79.6841,79.8222,78.9637,79.4374,12843200
2026-02-27,79.8716,80.9176,79.7532,80.4834,28483500
2026-03-02,80.1775,80.3255,79.0920,79.1611,18137200
2026-03-03,78.8058,79.0229,77.5230,78.2927,20549300
2026-03-04,78.2434,78.4210,76.7237,77.0691,21011800
2026-03-05,76.6546,76.6941,75.4902,76.0132,23165700
2026-03-06,75.7862,76.1711,75.3422,76.0231,15516000
2026-03-09,75.6086,77.0395,75.5198,76.7730,18554100
2026-03-10,76.4573,77.3750,76.0823,76.8520,17243900
2026-03-11,76.6842,76.6842,75.5889,76.6053,11546800
2026-03-12,76.3980,77.1283,75.8849,76.5855,16842200
2026-03-13,76.9730,77.5493,76.6948,76.8439,11974500
2026-03-16,77.4996,77.9269,77.2413,77.3208,11761200
2026-03-17,77.4996,77.7977,76.9532,77.0823,14900100
2026-03-18,76.5855,76.6352,75.3634,75.4827,13134600
2026-03-19,75.5125,75.9596,75.0455,75.0654,13023300
2026-03-20,75.0852,75.5621,73.9128,74.2705,33298700
2026-03-23,74.8567,74.9660,74.0718,74.6282,15054900
2026-03-24,74.3798,75.2045,74.1513,74.1910,15653700
2026-03-25,74.1115,75.1647,73.5948,74.7673,14787900
2026-03-26,74.7077,75.2641,74.1711,74.2109,11202100
2026-03-27,74.3400,75.5621,74.2208,75.2243,17461000
2026-03-30,75.4429,76.5061,75.2343,75.7807,18502800
2026-03-31,76.0391,76.5259,75.0256,75.5621,18301800
2026-04-01,75.6615,75.8702,74.7772,75.5920,15834300
2026-04-02,76.0888,76.4663,75.6317,76.2279,14573400
2026-04-06,76.1484,76.7843,75.7311,76.7246,8259900
2026-04-07,76.7048,77.1022,75.1448,75.4230,12769200
2026-04-08,75.3237,76.8737,74.8368,76.7942,12331300
2026-04-09,76.1583,77.7878,75.8801,77.6785,14311000
2026-04-10,77.4798,77.6685,76.8141,76.9730,11081400
2026-04-13,76.8240,76.9532,75.3436,75.9198,12696200
2026-04-14,75.4827,76.1285,75.3138,75.4131,12397600
2026-04-15,75.2541,75.2541,74.2407,74.8269,16212100
2026-04-16,74.5487,75.3535,74.4195,74.6977,11501900
2026-04-17,74.4692,75.5721,74.3202,75.2541,15033900
2026-04-20,75.3336,75.7311,74.8766,74.9958,10141800
2026-04-21,74.9958,75.0455,74.1413,74.2208,11806900
2026-04-22,74.4195,74.8964,74.0718,74.1513,9352300
2026-04-23,74.9561,76.1682,74.6779,75.7907,12060300
2026-04-24,76.2179,76.5160,75.6814,76.1384,12008700
2026-04-27,76.2179,76.2179,74.9163,74.9561,15812200
2026-04-28,79.0099,79.8048,77.5791,77.8474,30710700
2026-04-29,77.8673,78.7714,77.6884,78.3641,18294700
2026-04-30,78.2945,78.6125,77.8275,78.2548,15142200
2026-05-01,78.7814,79.1291,77.5394,78.0759,12610400
2026-05-04,77.5593,78.2647,77.2314,77.6884,12672400
2026-05-05,77.6884,78.2746,77.2413,77.9766,11637500
2026-05-06,78.2746,78.8211,78.0660,78.7217,14060300
2026-05-07,78.2846,78.6423,77.5990,77.9269,16531400
2026-05-08,78.0660,78.6919,77.6189,77.9169,12447200
2026-05-11,77.6586,78.2250,77.3407,78.1554,10967900
2026-05-12,78.4932,79.8048,77.7778,79.5166,19883100
2026-05-13,79.3576,80.5102,79.3278,79.7451,12357000
2026-05-14,80.2121,80.4009,79.3974,79.9339,10642000
2026-05-15,80.8381,80.8381,79.9339,80.3016,17527200
2026-05-18,80.3512,80.8679,79.8743,80.6791,12375500
2026-05-19,80.8878,82.1298,80.7387,81.3945,16595200
2026-05-20,81.6429,81.8714,80.9971,81.0269,16999700
2026-05-21,81.2653,81.2753,80.2022,80.6493,15708400
2026-05-22,80.6592,81.1560,80.4009,80.9573,8240200
2026-05-26,80.3214,81.0765,79.7253,79.9439,13004200
2026-05-27,80.5798,81.9807,80.2817,81.0964,13209600
2026-05-28,80.7983,81.2355,79.8246,79.8942,14691400
2026-05-29,79.5265,79.8147,78.4038,78.5032,32477000
2026-06-01,78.0759,78.6919,77.9269,78.1355,12776300
2026-06-02,78.3740,78.6919,77.7480,77.9070,12533200
2026-06-03,77.7878,78.5230,77.6089,78.2548,14964300
2026-06-04,79.2682,79.5266,76.3173,76.3272,19361600
2026-06-05,77.0128,80.2221,76.9830,78.9701,25708100
2026-06-08,78.8012,79.4173,78.5926,79.0298,12828900
2026-06-09,79.0397,81.2355,78.8708,80.8182,20591600
2026-06-10,82.1496,83.3121,81.5932,83.0538,20880500
2026-06-11,83.3817,83.5009,81.9608,82.0006,14264500
2026-06-12,82.1794,82.3583,81.3448,82.0900,11757700
2026-06-15,81.0800,81.2000,80.2500,80.9100,20055200
2026-06-16,81.1500,81.3900,79.8400,80.2800,17565100
2026-06-17,79.9500,80.3300,78.9900,79.9300,17055400
2026-06-18,79.8700,80.0100,78.7400,79.3900,46857900
2026-06-22,79.2500,80.0600,79.0600,79.5300,21205900
2026-06-23,81.3300,81.3300,79.8300,80.3100,16854000
2026-06-24,80.8900,81.5800,80.5600,80.6000,20632600
2026-06-25,80.5300,81.3800,79.9700,80.4200,16021400
2026-06-26,80.9600,82.8100,80.7000,82.6300,53357500
2026-06-29,82.8300,83.6200,82.2100,82.6500,15015800
2026-06-30,82.5000,82.5400,81.0100,81.2700,16422100
2026-07-01,81.7000,81.9800,80.9600,81.2900,21734800
2026-07-02,81.6300,84.1400,81.4000,84.1400,18308400
2026-07-06,84.1000,84.5600,82.3200,82.9600,18992600
2026-07-07,84.6000,85.6800,83.6400,84.0500,17835200
2026-07-08,84.1700,84.8300,83.2700,83.4000,14160000
2026-07-09,82.0900,82.8200,81.7100,82.6300,15782500
2026-07-10,82.7300,83.7400,82.4100,83.4900,10694600
2026-07-13,83.9000,84.6800,83.6700,84.2500,12085800
2026-07-14,84.1700,84.6300,83.0800,83.0800,13775400
2026-07-15,82.9300,83.2400,82.2300,82.4500,18383800
2026-07-16,83.5000,84.9500,83.2800,84.9200,17889900
2026-07-17,85.3700,85.5600,80.8300,81.5600,32887100
2026-07-20,81.5500,82.3700,81.3100,82.1200,10538856
