Date,Open,High,Low,Close,Volume
2016-07-21,120.8587,121.0371,119.2032,119.5601,17801700
2016-07-22,118.8563,119.9566,118.2714,119.9467,18422400
2016-07-25,120.3333,120.7893,116.7547,120.5712,18487400
2016-07-26,120.9380,121.0074,119.6989,120.1648,17612000
2016-07-27,121.3543,123.9119,120.4522,122.2663,52654200
2016-07-28,126.4099,127.2129,122.5538,123.9119,78955800
2016-07-29,123.5649,124.7445,122.6331,122.8611,35058800
2016-08-01,122.7719,123.4955,121.7905,123.2279,25006900
2016-08-02,122.9800,123.7136,121.0074,122.0185,23968400
2016-08-03,122.0185,122.8412,121.2453,121.4435,18525300
2016-08-04,121.8698,123.7037,121.4436,123.2775,21066000
2016-08-05,123.8921,124.7446,123.5352,124.0606,20184000
2016-08-08,124.1597,124.3579,123.4658,124.1696,15233900
2016-08-09,124.2489,124.9924,123.4460,123.9713,19621000
2016-08-10,123.9813,124.3877,123.4559,123.7929,10670100
2016-08-11,124.1101,124.2886,123.6640,123.8127,11729500
2016-08-12,123.6145,123.9119,123.0990,123.7929,12159000
2016-08-15,123.8226,123.8326,122.6232,122.8214,19295100
2016-08-16,122.4249,122.8413,121.7112,122.2267,14222400
2016-08-17,122.5835,123.2973,121.7806,123.2874,13794200
2016-08-18,122.9305,123.1783,122.5637,122.8313,12400800
2016-08-19,122.5241,123.0792,122.2068,122.4844,11688300
2016-08-22,122.2564,123.7433,122.0383,123.0693,14386400
2016-08-23,123.4261,124.0011,123.1684,123.2874,13309500
2016-08-24,123.3865,123.6046,122.0185,122.4051,12243700
2016-08-25,122.0482,123.2873,122.0284,122.8115,10730800
2016-08-26,122.9701,124.1002,122.8314,123.8722,17504800
2016-08-29,123.2675,125.6268,123.2675,125.4385,15925900
2016-08-30,125.4979,125.4979,124.0606,124.7445,17804300
2016-08-31,124.5066,125.1212,124.0110,125.0221,14200600
2016-09-01,125.2798,125.5277,124.5066,125.0717,13536100
2016-09-02,125.7458,125.7557,124.9032,125.4087,12118800
2016-09-06,125.5673,128.8089,125.3691,128.6007,26278400
2016-09-07,128.9080,130.8311,128.8188,129.9092,27990800
2016-09-08,129.7803,129.9389,128.6800,129.1360,15676600
2016-09-09,128.5809,128.8188,125.9936,125.9936,27100700
2016-09-12,124.8635,127.6391,124.6553,127.5697,21252800
2016-09-13,126.9155,127.2327,125.5574,126.1026,18016200
2016-09-14,125.7854,127.6788,125.7854,126.6577,15691100
2016-09-15,126.8659,127.9762,126.5586,127.2327,15077200
2016-09-16,127.0840,128.0555,127.0840,127.9465,24119200
2016-09-19,128.7791,128.8089,127.1435,127.5301,14958800
2016-09-20,127.5301,128.0456,126.9155,127.5202,11083800
2016-09-21,128.0059,128.8782,127.2723,128.8089,14068300
2016-09-22,129.3640,129.5920,128.4322,128.9476,15538300
2016-09-23,126.4496,127.4805,126.1918,126.8461,28326300
2016-09-26,126.2612,127.0444,125.6962,126.2017,15064900
2016-09-27,126.4991,127.8870,126.3207,127.5697,15637100
2016-09-28,128.0852,128.3430,127.2823,128.1051,12047600
2016-09-29,128.0555,128.1645,126.4397,126.9750,14532200
2016-09-30,126.9155,127.4706,126.3405,127.1534,18402900
2016-10-03,127.2624,127.9663,126.6875,127.6490,13156900
2016-10-04,128.0456,128.1546,126.4397,127.0741,14307500
2016-10-05,127.1336,127.6788,126.7172,127.3516,12386800
2016-10-06,127.3120,127.9365,126.9651,127.6193,11682700
2016-10-07,127.9167,128.1249,127.2129,127.8671,12804400
2016-10-10,128.5511,129.5622,128.0753,129.1062,15138700
2016-10-11,129.0963,129.5028,127.1137,127.7581,17537900
2016-10-12,127.8870,128.5313,127.3418,127.9266,11073000
2016-10-13,127.0939,127.1336,125.6466,126.7073,17139300
2016-10-14,127.3715,127.8275,126.4694,126.7668,13345300
2016-10-17,127.0840,127.3517,126.2117,126.4298,11351700
2016-10-18,127.5598,128.2636,126.8957,127.4508,13504000
2016-10-19,127.6193,129.3343,127.4805,128.9774,16752300
2016-10-20,128.9377,129.5226,128.3727,128.8683,13167500
2016-10-21,128.6503,130.9798,128.5710,130.9203,19088800
2016-10-24,131.5646,132.2486,130.9996,132.1198,17470200
2016-10-25,132.3379,132.3379,131.0690,131.1384,13336800
2016-10-26,130.4940,131.1086,129.8001,129.8993,13084700
2016-10-27,130.5932,130.6527,128.1447,128.5610,16741400
2016-10-28,129.3640,131.8125,128.7989,130.1471,24545500
2016-10-31,130.8608,130.9699,129.7407,129.8497,15669000
2016-11-01,130.2660,130.7914,127.5301,128.3727,22077800
2016-11-02,129.0963,129.0963,125.1807,126.0630,39640900
2016-11-03,120.9380,122.2068,118.4597,118.9554,63766300
2016-11-04,118.5490,120.8686,118.2119,119.6989,30545500
2016-11-07,121.7608,122.1374,120.2936,121.0867,23008900
2016-11-08,120.9677,123.5253,120.4820,123.1386,19460800
2016-11-09,120.4423,122.7322,119.4609,122.1077,31916000
2016-11-10,122.8512,123.0990,114.2666,119.7484,67846700
2016-11-11,118.4895,119.6493,117.1215,117.9839,32840100
2016-11-14,118.0930,118.0930,112.5615,114.0782,51377000
2016-11-15,115.7138,117.4585,114.8217,116.1797,34681400
2016-11-16,113.4834,116.8538,113.2158,115.3272,32397900
2016-11-17,115.7932,116.7646,115.0001,116.7646,18597800
2016-11-18,117.3594,118.0929,115.8229,116.0013,22879300
2016-11-21,117.1711,120.8884,116.7745,120.7100,35415400
2016-11-22,121.3345,121.9095,119.8476,120.4126,26089200
2016-11-23,120.1747,120.2540,118.8959,119.7881,15672100
2016-11-25,119.9566,120.0855,119.0248,119.3321,8658600
2016-11-28,119.0743,120.6307,118.7769,119.3618,18101300
2016-11-29,119.5204,121.0371,119.3519,119.8178,18891000
2016-11-30,119.2726,120.7298,116.9232,117.3891,30188900
2016-12-01,117.3495,117.4189,113.0076,114.0980,43277000
2016-12-02,114.1079,115.4660,113.3050,114.3954,25070400
2016-12-05,114.9406,116.5465,114.0683,116.4078,20201500
2016-12-06,116.6655,116.7745,115.3173,116.2888,19131200
2016-12-07,115.9815,116.9232,115.5552,116.9232,21913700
2016-12-08,116.9530,118.4597,116.6159,117.8749,22442800
2016-12-09,118.1822,118.8959,117.9145,118.6382,17464700
2016-12-12,118.1822,118.2020,116.6258,116.7448,17805500
2016-12-13,116.8340,120.4622,116.5862,119.2627,29768000
2016-12-14,118.9554,120.6307,117.8154,119.1636,25913100
2016-12-15,119.0347,121.4336,118.5886,119.5204,20139600
2016-12-16,119.8476,120.4423,118.2317,118.8265,25324300
2016-12-19,118.8067,119.3122,117.4783,118.2020,15918100
2016-12-20,118.4597,118.7274,117.7658,118.0533,13684400
2016-12-21,117.8848,118.1623,117.4486,118.0037,10767600
2016-12-22,117.8253,117.9542,115.9121,116.3780,16258600
2016-12-23,115.9815,116.5366,115.2876,116.2491,10890000
2016-12-27,115.9418,117.6469,115.8427,116.9827,12051500
2016-12-28,117.1611,117.2206,115.6345,115.9022,12087400
2016-12-29,115.9815,116.5069,115.0497,115.3371,9934900
2016-12-30,115.5850,115.8130,113.7709,114.0485,18684100
2017-01-03,115.0199,116.8142,114.5045,115.8427,20663900
2017-01-04,116.5267,118.6183,116.2690,117.6568,19630900
2017-01-05,117.8253,119.8971,117.2900,119.6196,19492200
2017-01-06,119.9269,122.8016,118.9851,122.3357,28545300
2017-01-09,122.4745,124.3381,121.9689,123.8127,22880400
2017-01-10,123.7334,124.4075,123.1981,123.2675,17324600
2017-01-11,123.2675,125.0221,122.9800,124.9924,18356500
2017-01-12,124.5165,125.6268,123.7136,125.5177,18653900
2017-01-13,126.3802,128.1447,126.2612,127.2228,24884300
2017-01-17,126.9254,127.2228,126.2910,126.7569,15294500
2017-01-18,127.2922,127.3120,125.7358,126.8064,13145900
2017-01-19,127.1137,127.2327,126.3405,126.4397,12195500
2017-01-20,126.9849,127.3616,125.6764,125.9341,19097200
2017-01-23,126.2017,128.1249,125.8449,127.8076,16593600
2017-01-24,128.2537,128.7692,127.2624,128.2438,15162700
2017-01-25,128.8683,130.5932,128.6403,130.3354,18731300
2017-01-26,130.4841,131.9810,130.2958,131.6241,20020100
2017-01-27,131.5250,131.7927,129.9389,131.0294,19539500
2017-01-30,130.4346,130.4346,128.4718,129.8398,18956100
2017-01-31,129.0368,129.5226,128.3925,129.1855,19790500
2017-02-01,131.0987,132.3280,129.5424,132.0702,50139800
2017-02-02,132.0603,134.3105,129.2648,129.7010,54366400
2017-02-03,130.0976,131.6935,129.6217,129.8398,24804900
2017-02-06,129.8398,130.9104,129.1657,130.9104,17058500
2017-02-07,131.0888,131.8422,130.5139,130.6923,14596400
2017-02-08,131.4457,133.2697,131.2871,133.0318,22390600
2017-02-09,133.3192,133.3292,132.1495,132.9723,16470600
2017-02-10,132.9327,133.7654,132.5163,133.0219,15061900
2017-02-13,133.5274,133.5274,132.5361,132.8831,13526200
2017-02-14,132.9327,133.0615,131.3962,132.6848,14364900
2017-02-15,132.2883,132.5361,131.5052,132.2784,13226500
2017-02-16,131.9116,132.7046,131.8621,132.6749,12831100
2017-02-17,132.3379,132.9227,132.0107,132.3676,12276500
2017-02-21,132.3379,132.7443,131.7431,132.5559,14759100
2017-02-22,132.4370,135.5992,132.2982,134.9351,27360100
2017-02-23,134.7071,134.9351,133.1607,134.1817,18422500
2017-02-24,132.9921,134.4394,132.9921,134.2610,12625700
2017-02-27,134.0825,135.9858,133.8446,135.2225,14306700
2017-02-28,135.5992,135.6191,133.5770,134.3601,16112100
2017-03-01,135.2820,136.2832,135.1135,136.2237,16257000
2017-03-02,135.8966,136.6203,135.1234,135.5695,12294800
2017-03-03,135.4406,136.1345,134.8954,135.9759,11160600
2017-03-06,135.6884,136.6302,135.3217,136.2237,12748200
2017-03-07,135.8371,137.1655,135.7975,136.1048,13527100
2017-03-08,135.9561,136.7888,135.8570,136.5211,10184500
2017-03-09,136.5211,137.3637,136.2039,137.0366,15535300
2017-03-10,137.7008,138.2757,137.0168,137.5818,16314100
2017-03-13,137.5025,138.4641,137.4629,138.3848,10955500
2017-03-14,138.2460,138.2460,137.3142,138.1072,12944000
2017-03-15,138.0774,138.8804,137.2844,138.5037,19344800
2017-03-16,138.9795,139.0291,138.5136,138.7714,13612900
2017-03-17,139.1183,139.1183,138.4839,138.6227,20592800
2017-03-20,138.4938,138.9696,138.0378,138.7218,12099500
2017-03-21,139.9213,141.0712,137.1952,137.3043,29894800
2017-03-22,136.7293,138.5731,136.4022,138.3748,17055400
2017-03-23,138.2658,139.1679,137.8792,138.3154,13022800
2017-03-24,138.8606,139.7924,138.5434,139.1183,16664700
2017-03-27,137.8396,139.4256,137.5620,139.0985,12800500
2017-03-28,139.1381,140.7143,138.7912,140.5259,14679400
2017-03-29,140.7540,141.6164,140.1989,141.4082,16527600
2017-03-30,141.1604,141.7056,140.6152,141.1703,12404000
2017-03-31,141.0712,141.3884,140.6548,140.8134,11478300
2017-04-03,140.6945,141.2298,139.5941,141.0414,13564000
2017-04-04,140.6251,140.8531,140.0402,140.4962,12948600
2017-04-05,141.0216,142.1913,140.0600,140.6152,17158100
2017-04-06,140.8729,140.9819,139.6834,139.9411,15103400
2017-04-07,139.9708,140.3178,139.0192,139.5545,11818300
2017-04-10,139.7726,140.1988,139.4058,139.8122,9039400
2017-04-11,139.5743,139.8023,137.6016,138.7020,16638100
2017-04-12,138.5037,139.1778,138.2261,138.3649,11612500
2017-04-13,138.4046,139.3562,138.1171,138.1766,10965600
2017-04-17,138.5434,140.3178,138.5334,140.1889,11519700
2017-04-18,140.0403,140.6747,139.3860,139.7330,14807500
2017-04-19,140.1196,141.7948,140.0402,141.0315,15563900
2017-04-20,141.7056,142.9943,141.4479,142.5482,15968200
2017-04-21,142.6473,142.9150,141.0315,142.4292,12382000
2017-04-24,143.6981,144.4019,143.0835,144.2037,14407200
2017-04-25,144.5209,145.8690,144.5209,145.2148,17767500
2017-04-26,145.8095,146.3052,144.8182,145.2841,12395000
2017-04-27,145.3932,146.4638,144.8678,146.4142,11275100
2017-04-28,148.1986,150.2109,147.7723,148.9420,30652200
2017-05-01,150.4191,151.2419,150.1019,151.1328,25218300
2017-05-02,152.0052,152.1043,150.3398,151.4501,21870400
2017-05-03,152.2629,152.2629,150.0226,150.4786,29782500
2017-05-04,148.8628,150.2010,147.4254,149.5368,36225500
2017-05-05,150.1316,150.3101,148.4861,148.9322,17148500
2017-05-08,149.3981,149.7649,148.4365,149.7450,15827500
2017-05-09,150.1713,151.2617,148.9024,149.1701,17453900
2017-05-10,148.9222,149.2097,147.5642,148.9817,12080700
2017-05-11,149.0015,149.3386,148.1094,148.7339,11841900
2017-05-12,149.0907,149.1502,148.3274,149.0213,9598200
2017-05-15,148.8627,150.1613,148.4662,148.8826,15064700
2017-05-16,148.8033,148.9024,147.7327,148.4762,14550800
2017-05-17,146.7116,147.3758,143.1628,143.5891,28300100
2017-05-18,143.4602,146.8603,143.2520,146.3746,23031600
2017-05-19,147.1577,148.0895,146.6720,146.7711,16187900
2017-05-22,146.7910,147.2965,146.4044,146.9496,12586700
2017-05-23,147.2271,147.5146,145.9682,146.7811,12817800
2017-05-24,147.2172,148.9222,147.1280,148.7339,17862400
2017-05-25,148.9916,151.2617,148.6447,150.6372,19891400
2017-05-26,150.9048,150.9246,149.8342,150.8057,14996200
2017-05-30,150.6471,151.5690,150.3199,151.0535,13226000
2017-05-31,151.3707,152.0151,149.7748,150.1415,18023900
2017-06-01,150.4290,150.9643,148.9916,150.2109,14530600
2017-06-02,150.5281,152.2926,149.9829,152.2728,16854400
2017-06-05,152.3026,153.3632,152.0746,152.2926,12520400
2017-06-06,152.0746,153.1749,151.1527,151.4798,13457100
2017-06-07,151.9358,152.4116,151.0139,151.7871,12066700
2017-06-08,152.7387,153.3831,151.7673,153.3633,17799400
2017-06-09,153.4227,154.2356,145.3338,148.2977,35577700
2017-06-12,146.8802,147.9012,143.3016,147.1478,33170200
2017-06-13,148.8429,149.8640,147.6038,149.3683,20483400
2017-06-14,149.9432,151.0733,147.7525,148.9420,20808800
2017-06-15,146.3845,148.7339,145.0959,148.4960,18994200
2017-06-16,148.2878,149.5170,147.3064,149.3287,22882400
2017-06-19,150.3893,152.2331,150.3893,151.5392,19026500
2017-06-20,151.5492,152.5008,150.8850,150.9247,14743900
2017-06-21,151.0337,152.7387,150.5579,152.5702,15039800
2017-06-22,151.6780,153.2046,151.5789,152.0647,13005500
2017-06-23,151.3906,153.8490,151.3212,153.7201,18027000
2017-06-26,154.8898,155.1376,151.8664,152.2530,18049700
2017-06-27,151.5095,151.9754,149.0808,149.2692,19360800
2017-06-28,149.6062,152.1340,148.5555,151.9061,16719100
2017-06-29,150.9544,151.1725,147.6236,149.7252,23973500
2017-06-30,150.5777,150.5975,148.7537,149.6657,17666000
2017-07-03,150.3993,150.8255,146.5134,147.1379,13862700
2017-07-05,147.7029,149.5369,146.8405,149.0313,14334300
2017-07-06,147.7327,148.7339,146.7116,147.5245,14951800
2017-07-07,147.9508,150.6669,147.8913,150.1217,13615900
2017-07-10,150.3695,152.6396,150.1911,152.1638,13378700
2017-07-11,152.0349,154.0670,151.5789,153.9184,13667700
2017-07-12,155.1277,157.7745,154.8402,157.5167,22739400
2017-07-13,157.3582,158.3891,157.0409,157.8736,13929200
2017-07-14,158.7361,158.9244,157.9430,158.5775,16371200
2017-07-17,158.8550,159.3804,157.4275,158.3395,12858800
2017-07-18,158.2701,162.3047,158.0322,161.4423,23722900
2017-07-19,162.1659,164.2576,161.7496,162.7111,26273600
2017-07-20,163.3654,163.5637,161.3927,163.0978,18523100
2017-07-21,162.7310,163.6132,162.3246,162.9986,14744000
2017-07-24,163.2068,164.7235,162.8797,164.5549,17367000
2017-07-25,163.5736,164.0990,162.4336,163.8412,15383200
2017-07-26,164.5648,164.5648,162.6715,164.1683,35236900
2017-07-27,173.1792,173.9624,166.0419,168.9563,68910700
2017-07-28,167.5982,171.9203,167.5784,170.9488,24557600
2017-07-31,170.5027,171.2165,167.0828,167.7767,25478900
2017-08-01,168.3417,168.9860,167.5784,168.3813,14385000
2017-08-02,168.8175,169.0653,165.4570,167.8262,17433800
2017-08-03,167.8262,168.2228,166.7854,167.1224,10793800
2017-08-04,167.4991,168.5796,167.2215,168.1434,10777700
2017-08-07,168.4706,170.5622,168.1831,170.4829,12787800
2017-08-08,170.3838,171.5436,169.1347,169.7394,14393500
2017-08-09,168.5003,169.9575,168.0840,169.6898,10815000
2017-08-10,168.5796,169.1050,165.3976,165.9428,20832700
2017-08-11,166.4880,167.3504,165.3975,166.6168,13791200
2017-08-14,168.6093,169.5907,167.8163,169.2636,12954200
2017-08-15,169.9972,170.0071,168.5300,169.5114,8729200
2017-08-16,169.7592,169.8881,167.7667,168.5201,15779900
2017-08-17,167.8659,168.3813,165.3975,165.4570,17216000
2017-08-18,165.3876,167.2017,164.7631,165.9527,15093600
2017-08-21,165.7049,166.5376,164.3765,166.3195,11907500
2017-08-22,166.8151,168.3913,165.6949,168.1633,11391000
2017-08-23,167.3702,167.8857,166.7358,167.2414,9856500
2017-08-24,167.4099,167.8163,164.9614,166.2798,14030400
2017-08-25,166.3987,166.9142,164.7334,164.8722,12614500
2017-08-28,165.4570,166.2402,164.8821,165.7842,8553700
2017-08-29,163.8115,166.9638,163.5637,166.5871,11121000
2017-08-30,166.7061,168.6986,166.1708,168.4408,11138300
2017-08-31,168.9166,170.6514,168.5796,170.4730,17226500
2017-09-01,170.8992,171.4147,169.8187,170.5225,11677600
2017-09-05,169.7791,170.8893,168.0741,169.2339,13210900
2017-09-06,169.4222,170.9785,168.0939,170.5919,13906300
2017-09-07,170.4432,171.8013,168.7878,171.7022,18049500
2017-09-08,171.5832,171.9797,169.3131,169.4618,10998500
2017-09-11,170.8992,172.3763,170.7010,171.9996,12372000
2017-09-12,172.2474,172.4853,170.2549,171.4544,11186300
2017-09-13,171.5039,171.6625,170.5622,171.5436,9119300
2017-09-14,170.7605,170.7803,169.0158,169.4718,15615700
2017-09-15,169.3925,170.8398,168.7779,170.1459,15660500
2017-09-18,170.4928,170.5721,167.8659,168.5300,12954000
2017-09-19,169.1347,171.0578,168.8770,171.0182,13168600
2017-09-20,170.9984,171.5436,169.2141,170.6713,12264100
2017-09-21,170.1954,170.7704,168.5300,169.6205,11161400
2017-09-22,168.7283,170.2350,167.7469,169.0554,12097100
2017-09-25,167.7668,167.8262,160.1536,161.4522,41251600
2017-09-26,163.0680,164.0593,161.3630,162.7805,23363300
2017-09-27,164.4558,166.8746,164.1287,166.2203,19242500
2017-09-28,166.4781,167.5982,165.7049,167.2612,12178700
2017-09-29,167.3603,170.1657,167.3405,169.3826,15340400
2017-10-02,169.8981,170.3739,167.2810,167.9948,13392300
2017-10-03,167.8262,169.2438,167.7271,168.4805,8190300
2017-10-04,168.3516,169.1843,166.8250,166.9539,12127900
2017-10-05,167.7073,169.8188,167.1324,169.7494,14580600
2017-10-06,168.7680,170.8695,168.2723,170.7307,13124500
2017-10-09,171.1966,173.3576,170.5027,170.9984,14570400
2017-10-10,171.4940,171.6923,169.3132,170.0963,11341100
2017-10-11,170.4532,171.2759,169.9080,171.2363,11283700
2017-10-12,171.1074,172.3366,170.7902,171.0479,10351000
2017-10-13,171.9401,173.1296,171.6923,172.2276,13658300
2017-10-16,172.9710,173.4766,172.5448,173.0008,11498800
2017-10-17,173.1891,174.5968,172.8422,174.5769,15990100
2017-10-18,175.1122,175.2015,174.2201,174.4976,12752400
2017-10-19,173.4072,174.4976,171.1272,173.0404,14048400
2017-10-20,173.9723,174.3490,173.1098,173.4568,12602200
2017-10-23,173.6748,173.8136,169.7592,169.7791,13852700
2017-10-24,170.8001,171.7319,170.0071,170.3045,12267900
2017-10-25,170.4036,170.7505,167.4198,169.1149,15868200
2017-10-26,169.8881,170.7902,168.9067,169.1447,11833100
2017-10-27,172.6340,176.6587,172.3862,176.3316,30285300
2017-10-30,177.6995,179.1171,176.0639,178.3042,24353200
2017-10-31,178.9981,179.2261,177.3823,178.4926,20174200
2017-11-01,180.7725,181.3078,178.9981,181.0699,40918300
2017-11-02,179.0576,180.3562,175.7962,177.3625,35529900
2017-11-03,177.7292,178.2943,175.1717,177.3625,17822100
2017-11-06,177.0056,178.8792,176.7578,178.6016,13312700
2017-11-07,178.9287,179.1765,177.4021,178.6809,12928200
2017-11-08,178.2249,178.7800,177.5508,177.9969,10494100
2017-11-09,176.7578,177.8383,175.5484,177.7392,12610300
2017-11-10,176.7975,177.5409,176.4108,176.9065,11070200
2017-11-13,175.9548,177.4814,175.7566,177.2138,9523400
2017-11-14,176.5794,177.4120,175.6376,176.5199,9585900
2017-11-15,175.1222,177.0155,174.8644,176.4009,10253700
2017-11-16,177.2039,178.2646,176.9461,178.0266,15607600
2017-11-17,177.7392,178.4133,177.3427,177.4418,13018000
2017-11-20,177.3129,177.9374,176.5496,177.1840,10052400
2017-11-21,177.5905,180.3066,177.4319,180.2769,14504000
2017-11-22,179.7218,180.1480,178.8693,179.2955,10376300
2017-11-24,178.8296,181.5556,178.7205,181.1889,9426300
2017-11-27,180.9708,182.1306,180.4058,181.4367,12344500
2017-11-28,181.9125,182.6461,180.5049,180.8320,14379700
2017-11-29,180.3066,180.3859,172.4853,173.6055,41933500
2017-11-30,175.3105,176.7281,173.6749,175.6376,25307600
2017-12-01,174.4976,175.9350,170.8398,173.5757,20182500
2017-12-04,174.7554,175.0330,169.3033,169.9773,24459400
2017-12-05,168.9662,173.8533,167.5387,171.3255,20184900
2017-12-06,170.9984,175.2312,170.4036,174.5274,20255800
2017-12-07,174.2696,178.8197,174.2696,178.5718,20404500
2017-12-08,179.9498,180.6932,177.1841,177.4418,19883800
2017-12-11,177.7392,178.6512,177.2435,177.4814,13168600
2017-12-12,177.0452,177.6202,175.0627,175.4195,16854100
2017-12-13,175.7566,177.6004,175.7070,176.7479,14615700
2017-12-14,176.7380,178.7899,176.1333,176.8371,13591000
2017-12-15,177.4616,178.9188,176.8074,178.6115,28463100
2017-12-18,179.4343,179.7218,178.1852,179.2459,17265400
2017-12-19,178.3835,178.5124,176.6686,177.9473,14920600
2017-12-20,178.2447,178.2447,175.8160,176.3414,11860500
2017-12-21,176.3910,177.1246,175.5088,175.9053,11600700
2017-12-22,175.5980,175.9846,174.6959,175.6575,8509500
2017-12-26,175.0924,175.4592,173.1495,174.4580,8897300
2017-12-27,175.0131,176.8866,174.7256,176.0738,9496100
2017-12-28,176.4009,177.3823,176.1333,176.3712,12220800
2017-12-29,176.4505,177.2931,174.9239,174.9239,10261500
2018-01-02,176.1333,179.9993,176.0044,179.8407,18151900
2018-01-03,180.2967,183.1715,179.7515,183.0624,16886600
2018-01-04,183.2904,184.5890,182.4974,182.7254,13880900
2018-01-05,183.9744,185.2730,183.3202,185.2234,13574500
2018-01-08,185.5704,187.2556,184.7080,186.6410,17994700
2018-01-09,187.0573,187.1565,185.4713,186.2346,12393100
2018-01-10,185.3127,186.2544,184.0141,186.2048,10529900
2018-01-11,186.7599,186.7599,185.7488,186.1354,9588600
2018-01-12,176.5099,179.9002,175.8557,177.8085,77551300
2018-01-16,179.9200,180.1678,176.4901,176.8371,36183800
2018-01-17,177.6995,177.7590,174.2696,176.0540,27992400
2018-01-18,176.5793,179.4045,175.5385,178.2348,23304900
2018-01-19,179.2757,180.7824,178.6016,179.7118,26826500
2018-01-22,179.2261,183.7762,178.8395,183.7563,21059500
2018-01-23,184.4304,187.8999,183.9348,187.7017,25678800
2018-01-24,188.2370,189.0003,184.8963,184.9261,24334500
2018-01-25,186.3139,186.9780,184.9756,185.8480,17377700
2018-01-26,186.1156,188.3460,185.1838,188.3460,17759200
2018-01-29,187.1069,187.1961,184.0141,184.3610,20453200
2018-01-30,185.9868,186.5419,180.2571,185.4911,20858600
2018-01-31,186.7302,188.1775,183.6076,185.2631,43275100
2018-02-01,186.5815,193.6197,186.2544,191.4091,54211300
2018-02-02,190.3683,192.5194,188.3262,188.6236,26677500
2018-02-05,185.3027,188.9507,179.0378,179.6821,33128200
2018-02-06,177.0156,184.1529,176.1928,183.6969,37758500
2018-02-07,182.5470,183.4689,178.3835,178.6115,27601900
2018-02-08,179.4343,180.2571,169.9872,170.0864,38478300
2018-02-09,173.2387,175.3601,165.7247,174.5769,39887600
2018-02-12,175.5187,176.0044,170.3441,174.8743,32092100
2018-02-13,174.0912,174.4382,171.5931,171.6427,21809400
2018-02-14,171.9401,178.2447,171.7022,177.9573,28929700
2018-02-15,178.9287,178.9287,175.3006,178.3934,20922100
2018-02-16,177.4319,178.3141,174.7653,175.8161,20645300
2018-02-20,174.2399,176.4009,173.5856,174.4778,21204900
2018-02-21,175.1717,179.6920,174.8644,176.3613,23200800
2018-02-22,177.1444,178.6413,175.8656,177.4319,18464200
2018-02-23,178.3339,181.7935,177.9473,181.6944,19007300
2018-02-26,182.9732,184.0438,181.6251,183.3202,17599700
2018-02-27,182.8443,183.0922,179.8804,179.8804,15849800
2018-02-28,180.7130,181.2880,176.5893,176.7677,18783000
2018-03-01,177.4517,178.5520,172.8917,174.4084,23201600
2018-03-02,171.7815,175.5682,171.4841,175.0825,20025900
2018-03-05,174.6662,179.5731,174.3589,178.8296,16189300
2018-03-06,180.1976,180.7924,177.5508,178.2150,15086800
2018-03-07,177.1841,182.2199,176.5199,182.1108,19097300
2018-03-08,181.9621,182.7948,179.8704,180.7527,17225900
2018-03-09,182.3091,183.8951,181.6152,183.6176,18526300
2018-03-12,183.6175,184.4800,182.6163,183.1516,15301200
2018-03-13,183.9942,184.3709,179.5334,180.2967,18067500
2018-03-14,181.0105,182.6461,180.2670,182.5866,16821700
2018-03-15,181.6449,182.3983,180.6040,182.2595,15614300
2018-03-16,182.8840,183.7167,181.8134,183.4788,24403400
2018-03-19,175.4691,175.6277,168.5796,171.0578,88140100
2018-03-20,166.0121,168.7184,160.5402,166.6862,129851800
2018-03-21,163.3654,171.8905,161.8785,167.9155,106598800
2018-03-22,164.6838,168.7878,162.2948,163.4546,73743000
2018-03-23,163.9998,165.1497,157.6357,158.0025,53609700
2018-03-26,159.4200,159.6976,147.7228,158.6666,126116600
2018-03-27,154.9493,161.4324,149.4377,150.8949,79117000
2018-03-28,150.3299,154.5230,149.4873,151.6978,60029200
2018-03-29,153.7994,160.0148,152.7982,158.3990,59434300
2018-04-02,156.4362,157.8141,152.7684,154.0373,36796000
2018-04-03,155.1872,156.0199,149.4972,154.7510,42543900
2018-04-04,150.7065,154.2058,149.1998,153.7498,49885600
2018-04-05,160.1536,160.1635,155.2863,157.9529,41449600
2018-04-06,156.3569,160.0148,155.4449,155.8315,41644800
2018-04-09,156.4462,159.1326,154.6816,156.5552,34915200
2018-04-10,156.5552,164.5351,155.6432,163.6033,57889300
2018-04-11,163.9205,167.1819,161.8289,164.8722,56144600
2018-04-12,165.5264,165.9923,161.6802,162.4435,38263000
2018-04-13,163.1473,164.2576,162.3444,163.0878,19990600
2018-04-16,164.2774,164.3369,161.9677,163.3952,18119400
2018-04-17,164.3864,167.5288,164.2179,167.1918,22743000
2018-04-18,165.4273,166.6565,164.3270,164.9118,20969600
2018-04-19,164.7532,166.8647,163.7619,166.6367,22235000
2018-04-20,166.3294,166.9638,164.3666,164.8325,19119400
2018-04-23,165.8139,166.9836,163.6529,164.3963,23088100
2018-04-24,163.9899,164.6541,156.8129,158.2999,35079900
2018-04-25,158.7460,159.6580,154.8303,158.2999,41083600
2018-04-26,171.7121,174.7356,169.3132,172.6439,77556900
2018-04-27,175.2708,175.5583,171.0975,172.0789,29804700
2018-04-30,172.2771,174.1903,170.2153,170.5027,20750500
2018-05-01,170.5027,172.5052,168.7481,172.3465,26025900
2018-05-02,172.7331,176.5298,172.6836,174.5373,30424500
2018-05-03,173.6055,174.5869,170.6217,172.5051,24026100
2018-05-04,171.5733,175.4394,171.5535,175.0726,17677800
2018-05-07,175.8061,177.9374,175.6277,176.4207,18697200
2018-05-08,176.6983,177.4814,175.5682,177.3625,15577200
2018-05-09,178.1059,181.4169,177.2237,181.0699,23282800
2018-05-10,181.5556,184.5097,180.9113,183.9149,21071400
2018-05-11,183.2409,186.6807,182.5767,185.3622,21207800
2018-05-14,186.0760,186.2247,184.5791,185.0153,15646700
2018-05-15,183.2706,183.6770,181.6052,182.7155,15429400
2018-05-16,182.1009,182.7155,181.0699,181.6052,16975500
2018-05-17,181.0898,182.4577,180.6338,182.1604,14840700
2018-05-18,181.8927,182.5866,181.0204,181.0897,13130500
2018-05-21,182.1702,183.6869,181.5358,182.8840,13532900
2018-05-22,183.3201,183.8059,181.8332,182.2000,12731400
2018-05-23,180.9113,185.2829,180.5941,185.2730,16628100
2018-05-24,184.2619,185.1739,183.4193,184.3114,12354700
2018-05-25,184.4007,184.7080,182.8443,183.3102,10965100
2018-05-29,182.7353,185.1838,182.1108,184.1231,16398900
2018-05-30,184.9161,186.3634,183.6374,186.0363,13736900
2018-05-31,186.2346,191.0424,185.8480,190.1105,30782600
2018-06-01,191.3893,192.8564,190.3980,192.3013,17307200
2018-06-04,190.1700,192.2914,189.8032,191.5975,18939800
2018-06-05,192.6086,193.3025,190.9432,191.2604,15544300
2018-06-06,189.3670,190.8540,187.4638,189.6743,22558900
2018-06-07,189.0895,189.3076,185.1441,186.5419,21503200
2018-06-08,185.8975,187.8306,184.8071,187.4539,12677100
2018-06-11,187.1664,190.9234,187.1565,189.8726,12928900
2018-06-12,190.4971,191.5974,189.8924,190.7251,11562700
2018-06-13,191.0622,192.8069,190.2394,190.7351,15853800
2018-06-14,191.4191,195.5627,191.2307,195.0968,19120900
2018-06-15,194.0856,195.3545,192.9457,194.1451,21860900
2018-06-18,193.1042,197.8426,192.4401,196.5837,16826000
2018-06-19,194.5317,196.2368,192.1030,195.7708,19994000
2018-06-20,197.3668,201.7781,197.0793,200.2416,28230900
2018-06-21,200.9950,201.6195,198.3482,199.7459,19045700
2018-06-22,199.4089,200.4795,197.5750,199.9838,17420200
2018-06-25,198.2590,198.2590,191.4290,194.6408,25275100
2018-06-26,195.8799,197.3668,194.5218,197.2677,17897600
2018-06-27,197.4461,199.0024,194.0955,194.1352,18734400
2018-06-28,193.4809,195.6221,191.5776,194.5218,18172400
2018-06-29,195.6023,195.8799,192.2716,192.6284,15811600
2018-07-02,191.6867,195.7311,190.5467,195.6419,13961600
2018-07-03,192.8564,193.6990,190.8441,191.0523,13489500
2018-07-05,193.0448,196.9207,192.3410,196.7225,19684200
2018-07-06,196.7225,201.8673,195.9790,201.4609,19740100
2018-07-09,203.1461,204.0085,200.3605,202.9577,18149400
2018-07-10,202.7198,203.1262,200.4993,201.7681,13190100
2018-07-11,200.4597,202.7198,199.9938,200.7769,12927400
2018-07-12,201.6591,205.2774,201.4212,205.1187,15454700
2018-07-13,206.0010,206.6156,204.6528,205.5153,11486800
2018-07-16,205.6937,206.9031,205.0394,205.4260,11078200
2018-07-17,203.1163,208.6279,203.0568,208.1620,15349900
2018-07-18,207.9935,209.1533,206.6255,207.5375,15334900
2018-07-19,206.9526,208.1620,205.9514,206.2785,11350400
2018-07-20,207.0319,209.6589,206.6850,208.1124,16163900
2018-07-23,208.7469,209.7778,206.9824,209.0740,16732000
2018-07-24,213.2374,214.3179,210.7493,212.8013,28468700
2018-07-25,213.8421,216.7169,212.4048,215.6066,58954200
2018-07-26,173.3676,178.5620,172.2375,174.7256,169803700
2018-07-27,178.3042,178.3637,171.4940,173.3675,60073700
2018-07-30,173.7740,173.7740,165.1101,169.5709,65280800
2018-07-31,169.1843,172.7232,168.5201,171.0777,40356500
2018-08-01,172.4159,173.5559,169.4123,170.1557,34042100
2018-08-02,169.1942,175.2510,168.7878,174.8347,32400000
2018-08-03,176.1432,177.2931,174.6166,176.2324,24763400
2018-08-06,177.4121,184.1727,176.8272,184.0736,49716200
2018-08-07,184.8765,186.6608,182.1207,182.2099,33398600
2018-08-08,183.1418,185.2235,182.1604,183.5680,22205200
2018-08-09,184.2322,184.9459,180.8915,181.4962,19732100
2018-08-10,180.4553,180.5148,177.8581,178.6908,21500400
2018-08-13,178.5322,181.0203,177.3426,178.4826,17423300
2018-08-14,179.1369,180.4058,177.0651,179.5334,19102000
2018-08-15,177.7788,179.2955,173.2585,177.9672,33020200
2018-08-16,178.8494,178.9287,172.4952,173.1792,31351800
2018-08-17,172.9810,174.6860,170.5424,172.2870,24893200
2018-08-20,172.5249,173.0503,169.4222,170.9984,21518000
2018-08-21,171.3057,172.6539,169.8981,171.1174,19578500
2018-08-22,170.7109,172.7232,170.6316,172.1284,16894100
2018-08-23,171.5832,174.0218,171.3255,171.3949,18053600
2018-08-24,172.1879,173.2982,171.4147,173.1296,14631600
2018-08-27,174.4580,177.1146,174.2597,175.9152,17921900
2018-08-28,176.5496,176.6884,174.2994,174.7256,15910700
2018-08-29,174.7653,175.2510,173.2288,174.3688,18494100
2018-08-30,174.3687,178.2249,174.1705,176.0936,24216500
2018-08-31,175.6079,176.0738,173.4568,174.2003,18065200
2018-09-04,171.9897,172.3763,167.3306,169.6700,29809000
2018-09-05,168.0146,169.6403,165.2191,165.7247,31226700
2018-09-06,165.5264,165.5264,158.6072,161.1152,41514800
2018-09-07,158.9145,163.1969,158.7658,161.6207,24300600
2018-09-10,162.0866,163.5735,160.7484,162.7508,20197700
2018-09-11,162.5129,165.7346,162.2948,164.4955,20457100
2018-09-12,161.8289,163.0581,160.3915,160.5897,24078100
2018-09-13,160.5898,161.8983,159.4597,159.9554,25453800
2018-09-14,160.3122,161.4225,158.9442,160.9070,21770400
2018-09-17,160.5104,160.6492,158.3792,159.1821,21005300
2018-09-18,158.0025,160.3518,157.4870,158.9046,22465200
2018-09-19,158.6865,162.0172,158.0917,161.6405,19629000
2018-09-20,163.0680,165.0010,163.0383,164.5748,18936000
2018-09-21,165.1894,165.7941,161.3927,161.5117,45994800
2018-09-24,159.6282,164.2576,159.4795,163.9701,19222800
2018-09-25,160.5799,164.1485,159.7472,163.4744,27622800
2018-09-26,162.8698,167.8262,162.7806,165.4967,25252200
2018-09-27,166.0915,170.2747,165.7544,167.3702,27266900
2018-09-28,166.8647,167.3206,161.1449,163.0284,34265600
2018-10-01,161.6108,164.4360,159.8562,161.0260,26407700
2018-10-02,160.1734,160.8673,157.2888,157.9430,36031000
2018-10-03,158.6072,162.2353,158.1413,161.0160,23109500
2018-10-04,160.0544,160.0544,155.9802,157.4672,25739600
2018-10-05,157.8241,159.4993,154.8403,155.9604,25744000
2018-10-08,154.1860,156.9616,153.0460,155.8811,24046000
2018-10-09,156.3173,159.1920,156.0496,156.5255,18844400
2018-10-10,155.4549,156.3173,149.9928,150.0622,30610000
2018-10-11,148.8231,153.4623,147.8615,152.0151,35338900
2018-10-12,155.3657,155.5243,149.9829,152.4017,25293500
2018-10-15,151.9853,154.2157,151.2220,152.1836,15433500
2018-10-16,154.0472,158.0719,153.6606,157.3978,19180100
2018-10-17,158.1710,159.0929,156.5750,158.0322,17592000
2018-10-18,157.1301,157.2788,151.9457,153.5714,21675100
2018-10-19,154.5032,155.9802,152.2133,152.7090,19761300
2018-10-22,153.4128,155.9703,153.1154,153.4326,15424700
2018-10-23,149.9036,153.4227,149.5368,153.0460,19095000
2018-10-24,152.9370,153.3037,144.3325,144.7687,27744600
2018-10-25,146.4440,150.8850,145.7204,149.6360,22105700
2018-10-26,144.5506,147.7029,142.5482,144.1045,31303300
2018-10-29,147.2073,147.5344,137.8197,140.8531,31336800
2018-10-30,138.7218,145.3635,138.5235,144.9471,50528300
2018-10-31,153.6507,155.0385,147.6633,150.4686,60101300
2018-11-01,150.2010,151.4203,148.0499,150.4290,25640800
2018-11-02,150.4786,152.7883,147.6633,149.0412,24708700
2018-11-05,148.7934,148.8826,146.1565,147.3857,15971200
2018-11-06,148.0103,149.6558,146.7117,148.6348,16667100
2018-11-07,150.2506,151.6780,148.5257,150.2109,21877400
2018-11-08,149.1800,149.6260,145.4626,146.5827,24145800
2018-11-09,145.4725,146.4737,142.8159,143.6981,17326900
2018-11-12,143.2223,143.7774,139.2670,140.3178,18542100
2018-11-13,140.7639,143.6188,140.3872,140.9225,15141700
2018-11-14,142.4491,144.3127,140.3178,142.9646,22068400
2018-11-15,141.0910,143.5792,139.6041,142.5978,30320300
2018-11-16,139.8420,140.5359,136.5707,138.3154,37250600
2018-11-19,136.4121,136.5509,130.0678,130.4048,44362700
2018-11-20,125.9242,132.9921,125.7458,131.2772,41939500
2018-11-21,133.2300,135.9958,132.9624,133.6464,25469700
2018-11-23,132.4866,133.3292,130.1174,130.5833,11886100
2018-11-26,131.8422,135.8074,131.6241,135.1928,24263600
2018-11-27,134.5683,135.4208,132.5460,133.8248,20750300
2018-11-28,135.0937,135.5992,130.7023,135.5695,29847500
2018-11-29,134.7368,138.7714,134.4791,137.4728,24238700
2018-11-30,137.0564,139.7428,136.1643,139.3860,25732600
2018-12-03,141.7552,142.4293,139.5347,139.8618,24819200
2018-12-04,139.5049,142.1418,135.9660,136.7293,30307400
2018-12-06,132.6551,138.4839,132.5064,138.4145,28218100
2018-12-07,138.0378,139.6437,135.4704,136.2237,21195500
2018-12-10,138.3847,141.8047,137.7999,140.6152,26422200
2018-12-11,142.6275,142.6275,139.8717,140.8432,20300300
2018-12-12,141.8345,145.9087,141.2694,143.2421,23696900
2018-12-13,144.3028,144.5804,141.9435,143.7477,18148600
2018-12-14,142.0922,144.7390,141.2694,142.8060,21785800
2018-12-17,141.8344,143.6584,137.2150,138.9696,24334000
2018-12-18,139.8519,144.6596,138.6127,142.4094,24709100
2018-12-19,139.9808,143.6486,131.3466,132.0802,57404900
2018-12-20,129.5622,134.3898,128.8683,132.2387,40297900
2018-12-21,132.2288,133.7257,122.3456,123.8623,56901500
2018-12-24,122.0284,128.6106,121.9491,122.9800,22066000
2018-12-26,124.9031,133.0714,124.7941,133.0119,39723400
2018-12-27,131.2871,133.8149,128.5412,133.3490,31202500
2018-12-28,134.1619,134.7368,131.0492,132.0405,22627600
2018-12-31,133.2796,133.4680,128.8188,129.9489,24625300
2019-01-02,127.8671,136.3129,127.4408,134.4989,28146200
2019-01-03,133.5175,135.9759,129.9786,130.5932,22717900
2019-01-04,132.8434,136.7987,132.5857,136.7491,29002100
2019-01-07,136.3625,137.6611,134.7269,136.8483,20089300
2019-01-08,138.6722,141.8939,138.3253,141.2892,26263800
2019-01-09,141.7056,143.4404,140.0402,142.9745,22205900
2019-01-10,141.8345,143.3016,139.6140,142.9447,16125000
2019-01-11,141.9039,144.0946,141.3289,142.5482,12908000
2019-01-14,140.7639,145.2941,140.0402,144.1243,20520300
2019-01-15,144.7390,149.3683,144.7191,147.6534,24069000
2019-01-16,147.7030,148.3473,145.7204,146.2557,18025700
2019-01-17,145.6708,147.7030,145.2247,147.0091,15787900
2019-01-18,148.4464,151.1031,147.2569,148.7339,31029600
2019-01-22,147.9012,150.2109,145.0958,146.2854,22378700
2019-01-23,146.9892,147.5047,141.8146,143.0439,20098400
2019-01-24,143.3809,145.1653,141.2794,144.5606,20955500
2019-01-25,146.1961,148.5257,145.2643,147.7128,22237200
2019-01-28,146.7612,147.6633,144.9372,146.1862,15508500
2019-01-29,146.8009,146.8108,142.1814,142.9348,17632100
2019-01-30,144.9471,149.6360,144.4317,149.1106,44613200
2019-01-31,164.1584,170.1855,163.5637,165.2390,77233600
2019-02-01,164.3963,167.6280,164.2179,164.2675,30806500
2019-02-04,164.2576,167.8262,162.1957,167.7767,20036000
2019-02-05,167.6775,170.4829,167.2215,169.6700,22557000
2019-02-06,169.7097,170.9686,167.7965,169.0059,13281200
2019-02-07,166.7358,167.7667,163.8115,164.9316,17517600
2019-02-08,163.0383,165.9130,162.7805,165.8734,12561400
2019-02-11,166.4384,166.8349,163.6430,164.3468,12811200
2019-02-12,165.4075,166.8746,163.0680,163.6033,16292300
2019-02-13,163.9404,164.7730,162.3047,162.6418,14205100
2019-02-14,161.7694,163.4348,160.8376,162.5228,12755200
2019-02-15,163.0779,163.2662,159.4597,161.0854,15504400
2019-02-19,159.1028,162.7211,158.9343,160.8773,14345400
2019-02-20,160.8376,162.2948,159.8463,161.1449,11770700
2019-02-21,160.5204,160.8277,158.2007,158.6468,15607800
2019-02-22,159.1821,160.9962,158.9145,160.4807,15858500
2019-02-25,161.6505,164.6244,161.4819,163.1870,18737100
2019-02-26,162.9094,164.7929,162.3741,162.7012,13784100
2019-02-27,161.4820,162.5030,159.0136,161.3927,12697500
2019-02-28,160.9565,162.0767,159.4597,160.0446,11114200
2019-03-01,161.1845,161.7099,160.2825,160.8673,11097800
2019-03-04,162.4732,166.0419,162.4039,165.9130,18894700
2019-03-05,165.9130,170.3838,165.1002,169.7691,28187900
2019-03-06,171.3949,172.0591,169.7791,171.0083,21531700
2019-03-07,170.0071,170.2450,166.1510,167.6577,18306500
2019-03-08,164.7532,168.1434,164.5252,168.1236,13184800
2019-03-11,170.1062,172.7827,170.0864,170.5721,18884000
2019-03-12,170.5919,172.2870,169.7295,170.4234,12155300
2019-03-13,170.8199,172.5151,170.6217,171.8608,11973300
2019-03-14,168.2822,169.6601,166.6961,168.6886,18037400
2019-03-15,165.7049,166.1212,161.0953,164.5351,37135400
2019-03-18,162.1461,162.4732,157.8934,159.0731,37524200
2019-03-19,160.0743,162.3939,159.4200,160.1635,25611500
2019-03-20,160.0941,164.6739,159.8364,163.9998,20211500
2019-03-21,163.4546,164.9415,162.3245,164.6342,16223000
2019-03-22,164.2080,165.9626,162.6616,162.9094,16389200
2019-03-25,161.5811,165.0903,160.5898,164.8424,12631200
2019-03-26,165.8932,167.9749,164.9019,166.2203,15437900
2019-03-27,166.3888,167.4694,163.3555,164.4261,10620300
2019-03-28,163.1374,165.2687,161.9082,164.1089,10443000
2019-03-29,164.9416,165.7346,163.3753,165.2390,13455500
2019-04-01,166.3690,167.4297,165.8238,167.2315,10381500
2019-04-02,168.6589,173.3775,168.0740,172.6836,23946500
2019-04-03,172.9809,176.4108,171.4444,172.0293,27391100
2019-04-04,174.4877,176.4505,174.0020,174.4877,17847700
2019-04-05,175.3403,175.4592,173.5758,174.1904,9594100
2019-04-08,173.6848,173.9723,172.7133,173.4072,7297400
2019-04-09,174.0912,177.6301,174.0218,176.0342,19751000
2019-04-10,176.6289,177.2336,175.0032,176.2721,11701500
2019-04-11,176.6884,176.8470,175.4592,175.9648,8071000
2019-04-12,176.4505,178.0663,176.4009,177.5409,12329800
2019-04-15,176.9461,178.9287,175.3303,178.0861,10834800
2019-04-16,177.4418,178.6016,176.7479,177.3129,11215200
2019-04-17,178.0366,179.1667,176.8074,177.2237,9973700
2019-04-18,177.2435,177.3228,175.7962,176.7280,11655600
2019-04-22,176.6983,180.0885,176.6983,179.8605,13389900
2019-04-23,181.1492,182.6163,179.9002,182.1802,19954800
2019-04-24,182.8840,183.5283,180.0687,180.9906,37289900
2019-04-25,195.2652,196.7522,190.4475,191.5776,54148800
2019-04-26,190.8242,191.2208,187.4439,189.8230,22075000
2019-04-29,189.2878,193.7089,188.9904,193.0844,19641300
2019-04-30,192.4996,195.6717,190.6062,191.7164,23494700
2019-05-01,193.0844,194.4722,191.3298,191.3496,15996600
2019-05-02,191.3199,192.3112,188.0982,190.8540,13209500
2019-05-03,192.6879,194.4524,192.0238,193.7684,14575400
2019-05-06,189.5752,192.5888,188.8912,192.1923,13994900
2019-05-07,190.8639,191.2208,186.2148,188.1180,16253000
2019-05-08,187.7413,189.0598,186.9086,187.8900,12505700
2019-05-09,185.5704,188.1180,184.6386,187.0078,12967000
2019-05-10,186.6113,188.3460,182.9831,186.7005,12578500
2019-05-13,181.9026,183.8158,179.2658,179.9597,16833300
2019-05-14,180.9311,181.8927,176.5496,179.1567,17628100
2019-05-15,178.8494,185.6497,178.4529,184.6485,16746900
2019-05-16,183.4391,186.9384,183.4391,185.3622,12953100
2019-05-17,183.2309,185.9471,182.6758,183.6869,10485400
2019-05-20,180.2967,182.6262,179.7911,181.1294,10352000
2019-05-21,182.9633,184.0835,182.2892,183.2111,7502800
2019-05-22,183.1219,185.1144,182.0117,183.7068,9213800
2019-05-23,180.8320,182.2991,178.1060,179.2955,12768800
2019-05-24,180.7428,182.0315,179.2558,179.4838,8807700
2019-05-28,179.9596,183.1021,179.8704,182.7055,14843300
2019-05-29,181.9026,182.9534,179.7713,180.6040,12797700
2019-05-30,181.4863,181.8828,179.3153,181.4169,8581500
2019-05-31,178.7106,178.9684,175.6178,175.9251,15226500
2019-06-03,173.4766,173.5262,159.6084,162.7211,56059600
2019-06-04,162.2849,166.8151,159.4399,166.0419,46044300
2019-06-05,166.0221,167.2513,163.1969,166.7061,19758300
2019-06-06,166.8349,168.2227,165.7742,166.8647,12446400
2019-06-07,168.6886,172.3564,167.3702,171.8410,16917300
2019-06-10,173.2288,176.3117,172.2870,173.2982,14767900
2019-06-11,176.9263,178.4132,175.2510,176.5496,15266600
2019-06-12,176.8272,177.7095,171.3751,173.5163,17699800
2019-06-13,174.0020,176.4802,173.0900,175.9251,12253600
2019-06-14,178.9386,180.2570,178.4331,179.7515,16773700
2019-06-17,183.3995,187.8504,182.8047,187.3646,29459900
2019-06-18,192.3112,192.8366,185.6497,186.8294,37571400
2019-06-19,185.3721,186.4626,182.9435,185.8480,21417100
2019-06-20,189.2878,189.4959,186.0066,187.8801,14635700
2019-06-21,187.1069,190.3286,187.1069,189.4761,22751200
2019-06-24,190.7449,192.2913,189.9023,190.9234,15509000
2019-06-25,191.2009,191.4587,186.4923,187.1961,16750300
2019-06-26,187.8900,189.0994,185.6794,186.0264,12808600
2019-06-27,188.2271,197.1487,186.6311,187.8504,11159000
2019-06-28,188.8912,191.5182,188.2866,191.3199,16378900
2019-07-01,193.5107,193.5801,190.2592,191.3199,14181800
2019-07-02,191.3199,193.3025,191.0324,193.3025,9050000
2019-07-03,192.4698,195.6816,192.4698,195.4833,10246100
2019-07-05,194.4722,195.3545,192.4797,194.6903,11164100
2019-07-08,193.4908,194.9679,191.9543,194.0559,9723900
2019-07-09,193.2727,197.7237,193.1934,197.4758,14698600
2019-07-10,198.2590,201.1932,197.9319,200.9652,20571700
2019-07-11,201.4906,202.0259,198.4671,199.4783,13678500
2019-07-12,197.9418,203.5129,197.4263,203.0866,15366300
2019-07-15,202.4720,203.5426,200.0631,202.1349,16030300
2019-07-16,202.1151,203.6814,201.3320,202.0655,12132700
2019-07-17,202.4026,202.5810,199.8351,200.0433,12083700
2019-07-18,198.4077,200.7075,197.6444,199.0322,11937900
2019-07-19,200.4200,200.5687,196.3458,196.6333,12098300
2019-07-22,198.1698,200.8066,197.0793,200.5588,13589000
2019-07-23,201.0742,202.4621,199.2106,200.5984,14583700
2019-07-24,195.9096,203.0271,195.5032,202.8784,32532500
2019-07-25,204.9006,206.8436,196.5341,198.9628,39889900
2019-07-26,198.4473,201.1139,194.5416,198.0112,24434000
2019-07-29,197.2677,197.8922,193.5999,194.2343,16530800
2019-07-30,193.6891,196.9802,191.8156,195.3247,11903600
2019-07-31,195.2355,197.0298,191.0027,192.5392,14593500
2019-08-01,192.4797,196.7423,189.2184,191.0523,17777000
2019-08-02,189.4365,190.9432,186.4328,187.3746,15297000
2019-08-05,183.0822,184.0537,177.7788,180.1480,23086700
2019-08-06,182.0909,184.1726,181.4962,182.9038,18035700
2019-08-07,182.0017,184.7476,179.6424,183.5382,15833200
2019-08-08,184.9954,188.6830,182.4478,188.5046,14828900
2019-08-09,188.3460,189.3175,185.4911,186.2148,11058800
2019-08-12,185.2235,185.9570,182.8543,183.7563,10930900
2019-08-13,183.9050,189.7140,183.7563,186.8095,13577000
2019-08-14,184.1826,184.3709,177.7491,178.1456,18903700
2019-08-15,179.3748,181.6052,178.4628,181.0005,12925900
2019-08-16,182.1504,183.4887,180.7725,182.1009,12654600
2019-08-19,184.3908,185.8678,183.2409,184.5494,9691200
2019-08-20,183.8356,184.3809,180.8023,182.2099,10083400
2019-08-21,183.3896,184.2817,181.5458,181.9522,8398200
2019-08-22,181.8332,182.5073,178.3439,180.4553,10821400
2019-08-23,179.2657,181.5358,175.1221,176.2026,17323400
2019-08-26,177.8383,178.9287,176.6884,178.7899,8773600
2019-08-27,180.3463,182.4379,179.4343,179.7218,14399600
2019-08-28,178.9585,180.3661,177.3625,180.1778,9386100
2019-08-29,182.1703,184.4602,181.8729,183.9546,10128700
2019-08-30,185.1541,185.1739,181.8630,184.0537,10774500
2019-09-03,182.3983,184.0537,180.5247,180.8023,9779400
2019-09-04,183.0426,186.1156,182.2892,185.5109,11308000
2019-09-05,186.8888,189.6942,186.3040,189.2382,13876700
2019-09-06,188.5542,188.5542,184.7278,185.8579,15226800
2019-09-09,186.0958,187.3349,184.2321,187.1168,14722400
2019-09-10,185.8083,186.4626,182.9435,184.5494,15455900
2019-09-11,184.8369,187.7909,184.4602,186.8492,11761700
2019-09-12,188.2073,189.2679,185.6002,185.8381,11419800
2019-09-13,185.6993,186.3337,184.9162,185.5605,11441100
2019-09-16,185.3027,186.1553,184.1529,184.5989,8444800
2019-09-17,185.0351,186.6807,183.9249,186.4428,9671100
2019-09-18,186.4526,187.4340,184.3907,186.5022,9681900
2019-09-19,187.0177,189.4365,186.5121,188.4848,10392700
2019-09-20,189.0003,191.4190,186.4824,188.2766,19934200
2019-09-23,187.6918,188.4452,183.5977,185.1937,13327600
2019-09-24,186.3436,186.4031,178.8197,179.7020,18546600
2019-09-25,179.8704,181.8233,176.3216,181.2087,18068300
2019-09-26,179.7515,179.8209,176.1233,178.5421,16083300
2019-09-27,178.9188,179.1865,174.1309,175.5583,14656200
2019-09-30,176.3216,177.1147,175.3105,176.5298,10740000
2019-10-01,177.5904,178.2744,173.3576,174.2795,17073000
2019-10-02,173.3180,174.9933,171.5832,173.0801,16151700
2019-10-03,174.0417,178.2745,172.1186,177.8185,16086300
2019-10-04,177.9870,179.4045,176.5496,178.8791,10430200
2019-10-07,178.4331,179.6028,176.5397,178.1159,9178300
2019-10-08,176.7082,178.7998,176.1729,176.2026,9466900
2019-10-09,177.6004,179.1468,176.3910,178.2844,7556900
2019-10-10,178.7503,180.0291,177.6103,178.4628,8605000
2019-10-11,180.5644,184.8666,180.5545,182.5866,14930500
2019-10-14,182.5966,183.0129,180.9808,181.6846,7006000
2019-10-15,182.2000,188.7227,182.0612,187.2457,15039100
2019-10-16,186.6807,188.0487,185.2730,187.9000,10516900
2019-10-17,188.6434,189.1787,187.1268,188.7327,9603000
2019-10-18,188.5740,189.8231,182.3190,184.2322,16874200
2019-10-21,185.4118,188.2568,185.1243,188.1081,8122600
2019-10-22,188.3460,188.9904,179.9200,180.7527,19537600
2019-10-23,180.4256,184.7575,180.4157,184.5295,12300400
2019-10-24,183.0129,185.1045,181.2087,184.7576,11413500
2019-10-25,184.2123,187.3547,183.4788,186.2544,8061200
2019-10-28,185.5704,187.8801,183.4689,187.7512,13657900
2019-10-29,190.0213,190.8540,186.8294,187.6620,13574900
2019-10-30,187.9098,188.7921,184.3610,186.6113,28734600
2019-10-31,194.9877,196.3656,186.6113,189.9817,42286500
2019-11-01,191.1712,192.4202,188.2568,191.9345,21711800
2019-11-04,192.8564,195.6519,192.1229,193.0249,16371300
2019-11-05,193.6693,194.0460,191.9147,192.6284,9942000
2019-11-06,192.3409,192.6780,189.6843,189.8825,10973000
2019-11-07,190.2394,191.7561,187.8206,188.7624,13473000
2019-11-08,188.3460,190.6656,188.0486,189.1787,10760800
2019-11-11,188.2766,188.4253,186.8987,187.9594,8631200
2019-11-12,188.3460,193.3620,188.0883,192.7771,17615500
2019-11-13,193.0051,193.9964,191.0622,191.5083,10860700
2019-11-14,191.2505,192.3410,189.7834,191.4686,9040500
2019-11-15,192.5689,193.5999,191.6966,193.4016,11524300
2019-11-18,192.8663,196.9009,191.3695,195.6816,16167200
2019-11-19,195.6816,198.2590,195.1463,197.5849,19056800
2019-11-20,196.8513,197.8525,193.7287,195.7906,12355400
2019-11-21,195.7014,197.3569,195.1463,196.2070,12131000
2019-11-22,196.6531,197.5651,195.8997,197.0893,9959800
2019-11-25,197.7832,199.2205,197.5155,198.0508,15272300
2019-11-26,198.2590,198.4077,196.3160,197.2379,11735500
2019-11-27,198.1598,201.3716,197.6840,200.2416,12736600
2019-11-29,199.8451,202.0259,199.4585,199.8847,7985200
2019-12-02,200.3704,200.4200,196.3259,197.9616,11503400
2019-12-03,195.8799,197.1983,193.3818,197.0893,11595300
2019-12-04,198.2590,198.2887,196.3260,196.9802,8456300
2019-12-05,198.1202,199.5377,196.4846,197.6245,9740400
2019-12-06,198.7547,199.8153,198.3185,199.2999,12270600
2019-12-09,198.9033,201.3716,198.4672,199.5873,11954800
2019-12-10,199.9045,200.2911,198.4077,199.1214,9475700
2019-12-11,198.5365,200.8661,198.5365,200.4993,8036800
2019-12-12,200.5885,201.8871,192.4103,195.0373,23734800
2019-12-13,194.6903,195.0868,191.4884,192.4203,18798000
2019-12-16,193.5702,197.3866,193.1142,196.1971,14911500
2019-12-17,197.1091,197.2677,194.4227,196.6630,10175700
2019-12-18,198.3482,202.5216,198.3482,200.7372,23274400
2019-12-19,201.0148,204.5042,200.7472,204.2663,16514600
2019-12-20,205.6739,205.9019,201.6591,204.5041,27306900
2019-12-23,204.9007,206.7742,203.8895,204.3852,13348900
2019-12-24,204.5041,204.9899,203.2154,203.3344,6046300
2019-12-26,203.7805,206.0109,203.5228,205.9812,9350700
2019-12-27,206.8535,207.1113,204.7916,206.2885,10284200
2019-12-30,206.0505,206.0902,202.1250,202.6306,10524300
2019-12-31,202.2242,203.7706,201.8276,203.4633,8953500
2020-01-02,204.9502,207.9637,204.4744,207.9538,12077100
2020-01-03,205.4062,208.5684,205.1485,206.8535,11188400
2020-01-06,204.9006,210.9277,204.7222,210.7493,17058900
2020-01-07,210.9674,212.7120,209.9067,211.2053,14912400
2020-01-08,211.1458,214.3576,210.7592,213.3465,13475000
2020-01-09,215.6463,216.4790,214.3973,216.3997,12642800
2020-01-10,217.2918,217.9659,215.5273,216.1617,12119400
2020-01-13,217.6884,220.0377,217.3018,219.9783,14463400
2020-01-14,219.6809,220.4442,216.7268,217.1531,13288900
2020-01-15,218.6895,219.7502,218.2236,219.2248,10036500
2020-01-16,220.6325,220.6920,218.4715,219.8395,10015300
2020-01-17,220.0972,220.3549,218.6102,220.2062,15905900
2020-01-21,220.2261,220.4342,217.2125,219.5123,14275800
2020-01-22,220.3748,220.8109,219.3537,219.3934,12212800
2020-01-23,218.8283,219.5619,217.3612,217.8470,11195000
2020-01-24,218.8779,219.8494,214.2287,216.0428,11905800
2020-01-27,211.2450,214.1792,210.6502,212.9995,13810700
2020-01-28,214.2585,216.8358,211.6613,215.8941,13413800
2020-01-29,219.5123,222.2483,216.5484,221.2868,33181300
2020-01-30,204.7321,209.5895,202.9676,207.7060,48775500
2020-01-31,206.6156,206.8733,199.3097,200.1523,31359900
2020-02-03,201.6691,203.3542,200.7372,202.4125,15495600
2020-02-04,204.8213,208.7667,203.4137,208.0034,19628900
2020-02-05,210.6600,210.8781,206.8931,208.2809,12538200
2020-02-06,208.6378,209.3515,207.5176,209.0145,10567500
2020-02-07,208.4693,210.9674,208.1025,210.4816,12242500
2020-02-10,209.6787,211.9388,208.8262,211.2053,11856400
2020-02-11,208.3603,209.0244,204.7123,205.3864,25030800
2020-02-12,206.0407,209.3813,205.5946,208.9253,13813700
2020-02-13,207.6961,212.4642,207.3591,211.2846,15396600
2020-02-14,212.1371,213.0590,210.7989,212.3156,10741700
2020-02-18,211.6910,216.0825,211.5423,215.9040,15609200
2020-02-19,216.0924,216.4195,214.2287,215.5967,12135100
2020-02-20,214.6352,216.8656,211.0963,212.7121,13109200
2020-02-21,211.6216,212.3750,207.0121,208.3504,14092300
2020-02-24,200.0433,201.8772,196.4449,198.9727,23080100
2020-02-25,200.4894,201.7285,194.2442,195.0571,21433500
2020-02-26,195.4734,199.4584,193.7882,195.4833,16524500
2020-02-27,190.1502,194.1748,187.8504,188.0982,21682600
2020-02-28,181.1095,191.0621,180.2372,190.7945,32568900
2020-03-02,192.3410,194.8589,187.2061,194.7300,24949000
2020-03-03,194.5119,195.5230,182.3685,184.2718,27984100
2020-03-04,187.5232,190.1601,184.7674,190.0907,23062500
2020-03-05,185.1540,187.3448,182.2892,183.5581,19333400
2020-03-06,176.7776,182.1802,174.7256,179.5136,24559600
2020-03-09,168.1236,173.4766,163.7520,168.0245,29949000
2020-03-10,173.1495,176.7380,168.0245,176.6388,24517800
2020-03-11,172.4952,174.3489,166.2005,168.7580,20373900
2020-03-12,158.1511,165.1497,152.9964,153.1253,43266300
2020-03-13,162.1064,169.3032,156.2281,168.7977,35028600
2020-03-16,150.9940,157.7448,141.8543,144.7390,39120400
2020-03-17,149.4278,152.6000,138.7813,148.1193,34255600
2020-03-18,138.5335,146.8901,135.9065,145.6807,37553100
2020-03-19,145.3437,158.5378,143.5395,151.7970,39862300
2020-03-20,154.6619,157.8836,146.7117,148.4266,32568400
2020-03-23,148.3572,150.9841,141.0117,146.8108,29830800
2020-03-24,153.8589,159.9058,151.2419,159.5786,30440400
2020-03-25,157.5366,161.5712,151.7276,154.8502,35184300
2020-03-26,156.8724,162.5724,155.6531,161.9181,26556800
2020-03-27,156.8228,158.6964,153.4029,155.4251,24879900
2020-03-30,157.7943,165.2985,156.6841,164.5054,22515200
2020-03-31,164.0395,169.4420,162.7706,165.3480,23676300
2020-04-01,160.2131,162.7210,156.6642,158.2107,19507600
2020-04-02,157.7150,159.9454,154.5627,156.8129,20886300
2020-04-03,155.7820,156.5354,149.5170,152.8378,25983300
2020-04-06,158.7559,164.7532,157.1301,164.1089,28453600
2020-04-07,170.2945,171.8806,164.5649,167.3603,31411900
2020-04-08,169.7593,173.4766,166.2798,172.7629,21664200
2020-04-09,174.3688,175.5385,170.0765,173.6649,23534300
2020-04-13,172.1582,173.4766,167.9749,173.2684,19355400
2020-04-14,177.4219,179.6524,175.0825,176.6190,21011800
2020-04-15,173.6650,176.6389,171.3156,175.4295,17423000
2020-04-16,176.4009,176.5001,171.0083,174.7157,23593200
2020-04-17,177.6400,178.7106,175.1221,177.6797,20974800
2020-04-20,175.8657,178.9288,175.2312,176.6884,16110700
2020-04-21,173.7244,173.8533,166.8746,169.3132,24850500
2020-04-22,176.8966,183.1715,176.5893,180.6932,33242000
2020-04-23,182.4776,185.4217,181.5556,183.5184,21426600
2020-04-24,181.6350,188.7525,179.2559,188.4154,28792000
2020-04-27,190.9829,192.0634,185.7786,185.8678,29197800
2020-04-28,187.0177,187.5530,180.9708,181.3177,21731000
2020-04-29,189.2679,195.1959,188.3460,192.4996,45954500
2020-04-30,205.1187,207.8646,199.8153,202.9280,46230100
2020-05-01,199.8451,205.4756,197.3173,200.5092,30415600
2020-05-04,198.4572,204.1175,197.0298,203.4732,19250700
2020-05-05,205.2179,208.5486,204.7024,205.2674,21071200
2020-05-06,206.3083,209.7580,204.8610,206.6552,21857000
2020-05-07,209.3218,209.7580,207.2203,209.4209,15152000
2020-05-08,210.3924,211.3540,209.0145,210.5015,12506000
2020-05-11,209.0542,213.1284,208.5387,211.3242,12911900
2020-05-12,211.4333,213.4060,208.1719,208.2711,14704600
2020-05-13,207.6069,208.9451,200.3506,203.3146,20684600
2020-05-14,200.7967,205.1286,198.9430,205.0097,17178900
2020-05-15,203.4831,209.5002,202.3431,209.0443,19383200
2020-05-18,210.3032,212.7715,209.1037,211.3342,20151900
2020-05-19,211.4135,218.5706,210.9773,214.9920,31843200
2020-05-20,221.5544,229.3262,221.2471,227.9681,50162900
2020-05-21,232.6767,235.1351,229.1874,229.3757,47782600
2020-05-22,229.4947,233.9357,226.7488,232.8651,33925600
2020-05-26,237.6828,238.8029,229.6533,230.1787,33178300
2020-05-27,227.0759,228.5529,219.2050,227.1453,34697600
2020-05-28,222.3474,229.6136,222.0500,223.4973,29377200
2020-05-29,223.2396,225.5097,220.9398,223.1306,23241500
2020-06-01,222.6349,230.4166,221.5544,229.8912,18223800
2020-06-02,228.9296,230.9717,224.5878,230.6941,20919000
2020-06-03,230.0895,230.6247,226.5406,228.1564,15380300
2020-06-04,227.5616,229.6136,222.6547,224.3201,17041500
2020-06-05,224.7365,229.3361,223.3486,228.7611,16750400
2020-06-08,227.0363,229.5344,225.4304,229.3857,15466500
2020-06-09,229.5046,237.6828,228.4043,236.5924,27462900
2020-06-10,238.8624,239.1102,233.2319,234.6692,20720700
2020-06-11,227.9383,230.8627,221.6040,222.4763,26708200
2020-06-12,227.8987,229.6434,222.5457,226.5902,22091400
2020-06-15,223.1305,231.7350,222.8431,230.4760,15340300
2020-06-16,235.0757,236.3842,230.9717,233.5986,15236700
2020-06-17,232.9543,235.5218,229.7128,233.4797,19578100
2020-06-18,232.9444,234.0844,230.1291,233.8861,15782500
2020-06-19,235.7200,238.7336,233.4995,236.7113,30081300
2020-06-22,236.4833,238.6047,234.8477,237.1376,18917800
2020-06-23,239.1796,243.0556,237.7720,240.1313,24017900
2020-06-24,239.1003,241.1027,230.6545,231.9828,20834900
2020-06-25,232.5776,235.2343,230.7140,233.6284,18704300
2020-06-26,230.6148,231.0609,213.5249,214.1990,76343900
2020-06-29,207.9241,218.8283,205.3071,218.7193,58514300
2020-06-30,218.6698,225.5196,216.5682,225.0934,33927100
2020-07-01,226.5109,236.9195,225.5791,235.4821,43399700
2020-07-02,236.9195,237.9108,230.5851,231.3880,30633600
2020-07-06,231.7251,238.3073,230.2481,238.1883,26206200
2020-07-07,237.3259,245.4942,236.7411,238.7633,27887800
2020-07-08,236.0372,244.8399,234.5305,241.4596,29791300
2020-07-09,242.8673,244.3839,237.1574,242.3716,22174900
2020-07-10,241.5686,243.3530,237.2367,242.9366,22982700
2020-07-13,244.8597,247.9724,236.3445,236.9195,24674900
2020-07-14,234.6990,238.2379,230.0102,237.6431,23378100
2020-07-15,239.4473,242.6888,235.9778,238.1883,19133600
2020-07-16,235.9282,239.6554,234.2727,238.8327,18880700
2020-07-17,238.9021,242.0346,235.7894,239.9231,18152400
2020-07-20,237.9702,243.9081,233.5887,243.2836,20872200
2020-07-21,244.0766,244.7606,237.9901,239.6455,19364200
2020-07-22,238.1685,239.7942,236.0471,237.7819,15427900
2020-07-23,237.5440,240.3097,229.7326,230.5752,21771800
2020-07-24,228.1862,231.4575,224.9248,228.7017,18325800
2020-07-27,229.4451,232.9047,228.8206,231.4673,13163100
2020-07-28,232.5875,232.9146,227.8293,228.1168,14170100
2020-07-29,229.1279,231.6656,228.3051,231.2592,13588300
2020-07-30,228.2159,232.8453,227.0065,232.4587,20615300
2020-07-31,253.5931,253.6228,246.8324,251.4618,53005100
2020-08-03,250.4506,253.1767,248.1508,249.7667,23124900
2020-08-04,249.3702,250.5994,245.2761,247.6552,17183500
2020-08-05,248.0121,250.0740,245.6131,246.9514,13050100
2020-08-06,246.8720,264.2792,246.5053,262.9707,45241600
2020-08-07,261.7812,276.4623,261.1368,266.1032,72766400
2020-08-10,265.7067,271.4760,257.4294,260.7105,30248800
2020-08-11,257.9250,263.6051,252.9091,253.9004,28238300
2020-08-12,256.7156,261.6027,255.8631,257.6276,21415700
2020-08-13,259.2732,262.8517,257.3104,259.0253,17374000
2020-08-14,260.0266,260.3636,256.4282,258.9659,14792700
2020-08-17,260.2149,261.8009,257.1418,258.8865,13351100
2020-08-18,258.6784,262.8418,257.0031,260.0563,18690400
2020-08-19,259.1146,265.5778,259.0749,260.3041,23291500
2020-08-20,259.2236,267.2828,259.1839,266.6682,20299700
2020-08-21,266.3510,268.1353,264.1007,264.6856,15538600
2020-08-24,268.7103,274.8365,266.4303,269.0275,23685600
2020-08-25,270.0386,280.6257,267.9074,278.3754,42127200
2020-08-26,281.5277,302.0178,281.5277,301.2644,69015200
2020-08-27,297.5470,298.6077,289.4779,290.6674,30301300
2020-08-28,292.4320,294.6426,288.4470,291.1037,17157400
2020-08-31,291.3912,294.2957,289.0120,290.6477,17345100
2020-09-01,292.1445,298.8655,290.1619,292.8682,17295900
2020-09-02,296.2783,300.9572,290.4990,299.8668,24341400
2020-09-03,293.4134,295.0094,281.1610,288.5858,32294100
2020-09-04,284.7495,286.4842,268.7797,280.2688,30333700
2020-09-08,268.9185,276.8687,267.0747,268.7996,24864000
2020-09-09,273.3694,276.0558,268.9879,271.3372,22918800
2020-09-10,273.1117,276.7299,264.7055,265.7563,24814700
2020-09-11,267.7091,269.0275,260.3537,264.2891,18913900
2020-09-14,268.5913,274.2318,263.3870,263.8331,24093800
2020-09-15,268.3138,272.1303,266.9557,270.0486,18478500
2020-09-16,264.9632,270.0683,259.5110,261.2260,29183400
2020-09-17,256.0316,259.2236,248.0121,252.6018,31281400
2020-09-18,256.1506,256.9437,247.8733,250.3317,28130800
2020-09-21,245.3851,247.7741,242.0048,245.9898,24709400
2020-09-22,251.1049,253.0974,246.0592,252.5324,30293100
2020-09-23,253.0379,255.7442,245.9898,246.8523,19641300
2020-09-24,244.3542,250.0442,243.4818,247.3578,20006800
2020-09-25,247.2289,253.5237,244.4632,252.6018,18351300
2020-09-28,257.1419,257.3401,252.6018,254.5844,18826300
2020-09-29,255.5657,261.0377,254.6636,259.5111,20200200
2020-09-30,259.6994,263.7637,257.8358,259.6201,20142500
2020-10-01,263.0401,265.9941,262.4949,264.3090,20009800
2020-10-02,258.9362,262.8419,256.9239,257.6772,16367600
2020-10-05,259.9175,262.5642,258.5693,262.3462,12822300
2020-10-06,259.5012,263.3771,255.9920,256.4083,18696900
2020-10-07,256.9535,257.9151,252.6017,255.8730,23133400
2020-10-08,257.4889,262.3165,256.8941,261.4640,16312800
2020-10-09,262.2173,262.4453,259.8878,262.1479,14107800
2020-10-12,267.8479,277.7410,265.5381,273.3495,31019300
2020-10-13,275.1636,276.6704,271.0101,273.7361,18063300
2020-10-14,275.2032,276.3234,269.1365,269.4537,15577800
2020-10-15,265.2705,266.6979,261.3747,264.3981,15416100
2020-10-16,265.0524,269.0077,262.9905,263.6150,16622700
2020-10-19,263.2185,266.2122,257.6177,259.1245,13587000
2020-10-20,260.7700,267.3522,260.5916,265.2308,18763200
2020-10-21,277.1264,280.5860,273.9642,276.3036,28998600
2020-10-22,277.4337,279.9912,272.6457,275.6989,16720000
2020-10-23,276.3730,282.7569,274.4102,282.3109,17535200
2020-10-26,280.6951,282.7471,271.8726,274.6977,21322900
2020-10-27,276.3333,282.0333,273.9047,280.8239,16287200
2020-10-28,276.3631,276.3631,264.9335,265.3399,23121800
2020-10-29,274.1426,281.1312,271.3967,278.3853,32368100
2020-10-30,272.1104,274.2913,256.8445,260.8196,47247800
2020-11-02,262.2966,268.1155,255.0998,259.0848,27165700
2020-11-03,260.8692,267.6992,258.6091,262.9906,17961900
2020-11-04,278.5538,286.4247,276.1945,284.8783,35364400
2020-11-05,289.3590,294.7913,286.4347,292.1148,23823600
2020-11-06,291.3911,292.0354,285.5524,290.8558,13891000
2020-11-09,287.3466,290.0330,276.1054,276.3433,25117700
2020-11-10,270.7226,271.6148,261.7018,270.0584,29067700
2020-11-11,271.0894,275.9765,270.1080,274.0732,14957000
2020-11-12,274.7671,277.3148,272.0411,272.6854,12899500
2020-11-13,275.3024,275.3420,270.7226,274.5391,10391200
2020-11-16,272.6556,276.9777,272.2393,276.5316,12970400
2020-11-17,275.2627,275.2627,270.9110,272.6061,15040300
2020-11-18,272.1303,274.9753,269.4736,269.6025,12152900
2020-11-19,268.6607,271.0894,266.8467,270.5640,12963700
2020-11-20,270.1874,270.6235,267.0648,267.3523,18114700
2020-11-23,268.5319,268.5913,262.2272,266.0933,20990800
2020-11-24,266.1528,275.4016,265.5382,274.5094,16930400
2020-11-25,275.7188,277.7410,270.2765,273.1909,12467000
2020-11-27,274.9753,276.7001,272.4277,275.3916,7808400
2020-11-30,273.6271,275.2826,268.6509,274.5590,16693300
2020-12-01,276.7299,286.7816,276.5316,284.0555,20738900
2020-12-02,282.8759,289.2400,278.3853,285.0171,17361600
2020-12-03,283.7581,284.1547,278.6232,279.3965,12921700
2020-12-04,277.8599,280.9924,276.8686,277.2651,10880300
2020-12-07,276.7596,285.9787,275.7783,283.0940,13007700
2020-12-08,283.5202,283.9366,279.0991,280.9330,10747700
2020-12-09,281.1907,285.1262,269.3844,275.5007,25189700
2020-12-10,273.1414,276.3036,269.4934,274.7076,20065100
2020-12-11,272.1402,274.0732,267.8974,271.1687,14391400
2020-12-14,270.9903,274.8068,269.1960,271.8031,16376900
2020-12-15,272.4375,273.6767,265.1416,273.1513,23979500
2020-12-16,272.3682,275.4412,270.1378,273.2703,15885000
2020-12-17,274.6581,277.9987,271.2282,272.0906,16377800
2020-12-18,273.3694,275.5800,268.7797,273.9939,26693200
2020-12-21,270.6037,272.2790,265.4589,270.4153,16553700
2020-12-22,269.1366,269.1366,262.3264,264.7650,17312900
2020-12-23,264.5667,269.8007,263.9124,265.7760,14329000
2020-12-24,266.5394,268.0461,263.8827,265.0722,6702000
2020-12-28,266.4005,274.8860,263.3474,274.5887,23299700
2020-12-29,274.5391,278.0681,273.8749,274.3706,16383000
2020-12-30,275.5304,275.6593,269.3447,269.5033,11803800
2020-12-31,269.6322,274.6779,267.4613,270.7821,12900400
2021-01-04,272.3880,272.6061,262.8914,266.5988,15106100
2021-01-05,265.9545,270.0287,265.8752,268.6112,9871600
2021-01-06,259.7193,265.4192,257.7466,261.0179,24354100
2021-01-07,263.5853,269.2456,262.4751,266.4006,15789800
2021-01-08,265.9744,266.6088,260.8890,265.2408,18528300
2021-01-11,258.2125,261.1765,253.6724,254.6042,30412300
2021-01-12,254.3960,257.4591,248.1211,248.9042,26383500
2021-01-13,249.3602,251.7393,247.0307,249.4494,19528900
2021-01-14,251.1941,252.8099,242.4806,243.5017,29739400
2021-01-15,245.7420,251.6501,245.0085,249.1719,24942900
2021-01-19,254.6636,259.9175,250.5200,258.8271,28028500
2021-01-20,266.5889,267.9669,261.3054,265.1516,25199900
2021-01-21,266.9161,271.2183,265.1615,270.4946,20838700
2021-01-22,269.6421,276.0459,269.6322,272.1104,21954000
2021-01-25,275.7188,277.6617,269.1465,275.5899,19087000
2021-01-26,275.7188,282.9057,275.3916,279.5947,19373600
2021-01-27,280.0706,280.9826,265.7860,269.7711,35346200
2021-01-28,274.7671,284.2934,262.3957,262.6931,37758800
2021-01-29,262.9905,264.2396,252.6315,256.0812,30389500
2021-02-01,257.2608,261.8704,252.6910,259.7292,22914300
2021-02-02,261.7019,266.5096,260.9782,264.7550,17320800
2021-02-03,263.3078,266.8566,261.5433,264.3288,14223400
2021-02-04,264.6857,265.8256,261.7019,264.1702,16060000
2021-02-05,264.4775,266.8269,263.3573,265.7662,12454400
2021-02-08,266.4105,267.5108,262.6932,264.2594,13755200
2021-02-09,264.1206,271.0101,263.4366,267.1044,14613400
2021-02-10,270.0783,271.4165,265.3895,269.5033,14687200
2021-02-11,269.5232,271.1985,266.1528,268.0363,12828600
2021-02-12,268.1651,268.8194,266.0041,268.1453,9097600
2021-02-16,268.4427,274.1923,267.6993,271.5851,15417200
2021-02-17,268.8788,271.5851,267.2333,271.1886,12763200
2021-02-18,267.2233,269.5826,263.7142,267.0449,15249100
2021-02-19,267.5108,267.9173,257.8854,259.2831,25622600
2021-02-22,255.7045,260.7799,255.2881,258.0638,17434900
2021-02-23,257.2410,265.1317,252.7405,263.5456,21924600
2021-02-24,260.0463,264.0611,256.1406,262.0091,15736100
2021-02-25,260.0166,264.6162,251.8285,252.4729,19053100
2021-02-26,254.2374,263.2383,254.2374,255.3773,26619500
2021-03-01,258.5496,264.3288,255.6550,262.6039,22157300
2021-03-02,263.4663,264.3882,256.3984,256.7453,15191700
2021-03-03,258.0241,258.7180,252.8793,253.1866,15513500
2021-03-04,254.2374,264.1701,251.2932,255.3972,31626500
2021-03-05,258.4008,263.1392,253.3848,261.9794,26820100
2021-03-08,263.2383,263.2681,252.8297,253.0875,18391800
2021-03-09,258.9064,266.1924,257.5483,263.4267,22039700
2021-03-10,266.3015,266.6286,260.5817,262.5940,14210300
2021-03-11,265.7760,275.4808,265.4886,271.4958,21834000
2021-03-12,266.7971,267.3919,261.7217,266.0636,20600200
2021-03-15,266.7376,273.5577,266.1626,271.3669,16844800
2021-03-16,273.6767,279.6840,272.4078,276.8488,22437700
2021-03-17,273.3099,283.7383,273.0125,281.5377,21315000
2021-03-18,277.4336,282.7073,275.8575,276.1945,18728300
2021-03-19,278.7720,290.2512,278.7522,287.5846,38930500
2021-03-22,287.9216,297.1010,284.2538,290.9847,28273100
2021-03-23,290.5981,295.4059,287.2872,288.1000,23000900
2021-03-24,288.4668,289.1805,278.7124,279.6839,18675000
2021-03-25,278.5341,285.5524,275.3322,276.3135,24505600
2021-03-26,275.8774,282.0234,275.3520,280.5563,17629200
2021-03-29,283.2823,290.6278,282.2217,288.2884,21718800
2021-03-30,287.3070,289.9240,284.2043,285.4930,17474500
2021-03-31,287.4656,293.9189,286.0976,291.9661,19498200
2021-04-01,295.8024,299.7676,294.0181,296.0602,17616000
2021-04-05,298.2707,308.0647,298.0625,306.2209,28237000
2021-04-06,306.1516,308.6397,302.5928,303.5940,17335200
2021-04-07,303.6733,311.5144,302.8406,310.3645,22855200
2021-04-08,312.1092,313.1303,307.3510,310.2951,20894100
2021-04-09,308.6892,312.0001,307.6285,309.7400,15988600
2021-04-12,308.3422,309.4327,305.2494,308.8280,10881900
2021-04-13,309.4922,311.6928,306.6273,307.0635,14036900
2021-04-14,304.6249,305.3485,299.3215,300.1839,17421400
2021-04-15,303.6733,307.4402,301.4528,305.1404,14558300
2021-04-16,305.4873,306.2605,301.9583,303.5146,13059200
2021-04-19,302.3548,305.0214,297.9435,299.6089,14553500
2021-04-20,299.3611,302.4441,294.6227,300.0154,16796400
2021-04-21,299.3215,299.3513,294.8012,298.8457,14863500
2021-04-22,298.7068,300.2830,293.4629,293.9387,16375400
2021-04-23,296.1592,299.9559,294.5632,298.5086,17536800
2021-04-26,300.6994,303.1380,298.9349,300.4020,16172600
2021-04-27,301.6312,302.6820,298.4888,300.9274,15309300
2021-04-28,304.6844,308.2135,302.7117,304.4267,33907200
2021-04-29,327.2463,328.9216,318.8104,326.6416,56526800
2021-04-30,323.3009,326.9488,321.6751,322.2501,26332400
2021-05-03,323.3307,325.6899,319.0384,319.7719,18719500
2021-05-04,317.2342,319.3853,310.3942,315.5886,24032600
2021-05-05,315.4201,318.2651,311.7523,312.2777,15577600
2021-05-06,311.7821,317.4523,310.5430,317.2342,19012200
2021-05-07,319.5737,320.1288,315.9753,316.3024,15916700
2021-05-10,311.6135,311.8415,302.1764,303.3065,24239200
2021-05-11,298.1319,304.1689,297.0811,303.8616,18920100
2021-05-12,298.5086,302.3053,295.5942,299.9162,24645500
2021-05-13,303.4155,306.1713,300.1343,302.6027,18079200
2021-05-14,306.8454,314.0917,306.3894,313.1897,19245700
2021-05-17,310.8205,312.9320,308.8677,312.7139,15401300
2021-05-18,312.8428,313.7449,307.1131,307.2618,14522400
2021-05-19,301.5420,311.9208,300.9274,310.8601,19106200
2021-05-20,310.8502,316.4709,310.4339,315.8364,17320200
2021-05-21,316.5105,317.1449,313.0608,313.4772,13600900
2021-05-24,315.4399,323.1126,315.2615,321.8040,16445400
2021-05-25,324.2327,326.3144,321.9726,324.9366,16437000
2021-05-26,325.4917,326.9588,322.9837,324.8077,9686900
2021-05-27,325.1447,330.8744,323.9155,329.8534,20477700
2021-05-28,328.1186,329.9724,325.4719,325.8684,12037400
2021-06-01,327.2760,328.5350,323.7966,326.2649,11765900
2021-06-02,327.5040,328.9810,324.2724,326.2847,11654300
2021-06-03,322.9440,324.5301,320.6640,323.2018,12610800
2021-06-04,323.0630,329.5659,322.3493,327.4743,13289400
2021-06-07,326.6119,334.7504,326.0666,333.6500,20136700
2021-06-08,333.7690,335.3551,329.3478,330.7753,14580500
2021-06-09,332.8174,333.8681,327.1273,327.3752,13727900
2021-06-10,327.9105,331.0330,325.6900,329.5659,13240200
2021-06-11,329.6848,329.9327,326.0666,328.3763,13587900
2021-06-14,329.0108,333.8880,326.9390,333.8384,12250800
2021-06-15,334.0564,336.9609,332.1135,333.8185,15795200
2021-06-16,333.7690,334.6116,325.8584,328.1979,17232200
2021-06-17,327.6130,335.0379,327.2760,333.5807,17794100
2021-06-18,331.6179,333.2238,326.1361,326.7903,23039500
2021-06-21,328.2079,330.0220,324.7978,329.3974,11337500
2021-06-22,329.7939,336.9609,329.7047,336.0787,15345300
2021-06-23,336.3959,340.4304,335.2559,337.6251,14817800
2021-06-24,338.8741,341.8976,338.8147,340.1925,12329100
2021-06-25,339.6077,341.1244,336.7231,338.3983,14594400
2021-06-28,339.4789,355.0224,338.7949,352.5442,29156100
2021-06-29,353.1686,353.6345,346.0115,348.8268,21417300
2021-06-30,349.1043,349.8478,344.1479,344.6831,15107500
2021-07-01,343.8009,351.5826,343.4837,351.3050,17137000
2021-07-02,352.0088,353.3371,349.5504,351.6123,11521300
2021-07-06,353.3966,355.6667,346.1403,349.7090,13488500
2021-07-07,352.1675,353.3867,346.9532,347.4390,14218900
2021-07-08,342.7204,345.2977,339.5780,342.6411,14406500
2021-07-09,342.3140,347.6570,342.2644,347.3696,13018700
2021-07-12,348.1725,351.1067,346.5963,350.0857,10018600
2021-07-13,348.4402,355.3693,345.7637,349.0250,11456000
2021-07-14,351.4735,352.1079,343.7116,344.6038,13894200
2021-07-15,346.1899,346.1899,337.2583,341.4614,14781600
2021-07-16,341.9075,342.9781,337.1791,338.1902,11026100
2021-07-19,334.6314,336.8321,331.6278,334.0168,14372300
2021-07-20,335.8506,340.4602,331.5881,338.6858,11024300
2021-07-21,338.5272,343.5035,338.2793,343.2160,9279700
2021-07-22,343.6621,348.4798,342.2049,348.1328,12385400
2021-07-23,357.7682,372.0627,354.0806,366.5710,33694300
2021-07-26,366.3627,371.1805,365.0146,369.2177,14925200
2021-07-27,368.6725,369.9017,361.3766,364.6082,15705400
2021-07-28,371.2994,374.2634,363.7358,370.0305,29676900
2021-07-29,357.8574,362.3381,353.6345,355.2008,33413200
2021-07-30,350.9184,357.5898,349.8676,353.1983,15976200
2021-08-02,354.9827,356.2714,347.6868,348.8863,13180400
2021-08-03,349.6595,350.6904,344.6732,348.1824,12406100
2021-08-04,349.3521,357.3420,348.4501,355.7956,14180600
2021-08-05,356.5093,360.7322,353.7931,359.8103,10247200
2021-08-06,358.2540,361.9714,358.2540,360.3456,8925000
2021-08-09,360.5934,362.5958,357.6096,358.4621,7798900
2021-08-10,358.6802,360.9305,355.9145,357.9863,7469900
2021-08-11,358.9479,359.2056,354.6952,356.8265,8400300
2021-08-12,355.3297,359.8400,354.0013,359.4931,7170700
2021-08-13,359.8103,361.4856,358.3332,360.0184,7195700
2021-08-16,359.3643,363.7558,354.2691,363.3691,11222100
2021-08-17,359.8202,361.4955,351.9790,355.3296,12328700
2021-08-18,353.1489,356.7274,352.0584,352.3558,10042400
2021-08-19,348.2915,354.4573,347.9445,352.0287,12004500
2021-08-20,351.5132,356.8563,350.2344,356.2417,8697700
2021-08-23,356.3110,362.5066,355.9740,360.1870,10942000
2021-08-24,360.4943,364.7568,358.6901,362.3282,9235100
2021-08-25,362.4174,367.6316,362.2191,365.1831,9684500
2021-08-26,365.1732,366.2240,360.9602,361.2080,7888700
2021-08-27,361.9218,370.4866,360.9107,369.3863,11219100
2021-08-30,369.3168,378.1690,367.2945,377.3463,13547300
2021-08-31,376.6425,379.4280,375.5025,376.0775,12345400
2021-09-01,376.2856,380.9843,375.5124,378.7242,11567200
2021-09-02,378.1789,378.4268,370.8037,372.0131,14832900
2021-09-03,371.4878,373.8768,369.8620,372.9846,7509600
2021-09-07,372.6079,379.6263,369.9017,378.8531,10793800
2021-09-08,376.8507,377.5545,371.5274,374.2832,11067200
2021-09-09,374.3526,376.5235,373.2919,374.7094,9098900
2021-09-10,378.0402,380.4490,374.9672,375.3934,11549600
2021-09-13,378.3575,378.4269,371.0913,373.2325,13026300
2021-09-14,374.1146,375.2943,371.8446,373.2522,8711600
2021-09-15,373.7182,374.2733,364.4694,370.6650,17940300
2021-09-16,369.5448,370.3081,366.4916,369.8125,11934200
2021-09-17,368.1769,368.1769,358.4423,361.5451,26299000
2021-09-20,356.1722,357.8872,346.7549,352.6036,19822800
2021-09-21,355.3792,356.9058,352.0980,354.3681,11751900
2021-09-22,344.2073,346.7946,337.7242,340.2223,43692900
2021-09-23,342.3536,346.6261,340.0141,342.9484,21806300
2021-09-24,340.2521,351.2654,339.3897,349.8875,18801900
2021-09-27,346.7648,352.0584,344.0586,350.5020,15205800
2021-09-28,344.9409,346.5567,335.9697,337.6846,21710300
2021-09-29,340.1628,342.2248,335.9300,336.6537,14452200
2021-09-30,337.4863,339.8159,335.2064,336.4356,16547100
2021-10-01,338.6362,342.0166,335.6921,340.0241,14905300
2021-10-04,332.6092,333.0156,319.8909,323.3901,42885000
2021-10-05,325.7196,332.2622,323.3207,330.0615,35377900
2021-10-06,326.8696,331.4692,322.9638,330.7356,26443000
2021-10-07,334.0664,335.8903,326.1162,326.3541,28307500
2021-10-08,328.6242,330.4977,325.8485,327.1768,15946100
2021-10-11,324.7779,327.5832,322.4781,322.6169,14708200
2021-10-12,320.2180,321.5562,314.6072,320.9515,31658700
2021-10-13,324.1237,324.1534,319.8512,321.7148,14761500
2021-10-14,325.5016,327.6428,324.2526,325.6701,14302200
2021-10-15,325.8188,326.2054,319.7025,321.9329,21596400
2021-10-18,326.0864,332.9660,324.6491,332.4208,21585000
2021-10-19,336.6933,339.4789,334.3440,337.0304,18786300
2021-10-20,340.4603,340.9857,336.4951,337.8135,13639500
2021-10-21,337.3178,339.3301,334.8594,338.9039,16354400
2021-10-22,323.5091,326.7606,318.3147,321.7842,35224500
2021-10-25,317.5117,326.6911,316.9368,325.8287,38409000
2021-10-26,325.4025,327.3355,306.9049,313.0609,65654000
2021-10-27,311.4549,316.4709,309.3435,309.5021,29971800
2021-10-28,310.2654,322.6863,305.4278,314.1612,50806800
2021-10-29,317.4027,323.1621,316.8179,320.7533,37059400
2021-11-01,323.2018,330.5473,323.1621,327.1075,31518900
2021-11-02,328.4953,331.8756,320.9812,325.2240,28353000
2021-11-03,324.6392,329.2586,320.3865,328.7332,20786500
2021-11-04,331.1024,334.3340,329.7543,332.9264,22495300
2021-11-05,337.3476,343.7712,336.6834,338.1605,26872800
2021-11-08,341.4218,341.7886,335.3947,335.6723,18342500
2021-11-09,337.0403,338.3389,331.5584,332.4506,17556700
2021-11-10,329.5956,330.2895,322.6764,324.7878,21872600
2021-11-11,326.9489,329.5659,324.1534,324.8870,12376600
2021-11-12,327.3057,338.8840,326.9092,337.9225,25414300
2021-11-15,341.3424,350.5714,340.2124,344.5344,25076600
2021-11-16,340.8369,343.6324,337.9027,339.9745,18181100
2021-11-17,341.2434,344.2767,337.1394,337.8036,13602800
2021-11-18,336.7627,339.4789,332.3812,335.7417,17487200
2021-11-19,339.2211,349.0349,336.9411,342.2941,26488500
2021-11-22,346.0115,350.7499,337.5458,338.0415,27116800
2021-11-23,335.9796,338.4281,330.5969,334.3142,17225000
2021-11-24,333.0751,338.8048,329.9129,338.0911,13566200
2021-11-26,332.8768,334.8099,329.0108,330.2202,14750700
2021-11-29,333.9573,337.7044,332.3911,335.0874,16650900
2021-11-30,332.0838,332.8867,320.6145,321.6355,25390000
2021-12-01,327.4148,327.6230,307.5889,307.8962,30329600
2021-12-02,308.6892,311.8614,304.5258,307.6880,24396200
2021-12-03,310.9990,311.0188,296.8928,304.1689,27471000
2021-12-06,305.4477,317.3135,303.6733,315.1029,21758300
2021-12-07,318.7707,323.6974,318.2057,319.9999,18794000
2021-12-08,322.1709,329.8534,320.2577,327.6825,19937700
2021-12-09,326.6713,333.2040,325.1447,326.9489,16879200
2021-12-10,329.6650,332.1135,323.5288,326.8794,14528000
2021-12-13,328.0691,338.1208,326.7209,331.5782,22948700
2021-12-14,325.1943,332.7777,324.7978,330.8347,20461000
2021-12-15,329.5956,339.1318,321.1597,338.6858,24681300
2021-12-16,336.0292,341.4615,330.8348,331.9847,22635000
2021-12-17,329.9029,334.1754,327.8707,330.8843,40012600
2021-12-20,326.9091,327.0281,319.7223,322.6169,17901800
2021-12-21,323.5686,333.0751,320.9317,331.2908,16116800
2021-12-22,330.8942,331.5981,325.4025,327.5734,16764600
2021-12-23,327.2264,333.7392,325.5015,332.3217,13987700
2021-12-27,335.9002,344.8417,335.0675,343.1664,17795000
2021-12-28,343.6125,349.6396,342.1950,343.2061,16637600
2021-12-29,343.8901,346.6459,338.6660,339.9547,10747000
2021-12-30,341.0054,344.2073,340.2322,341.3622,10593300
2021-12-31,340.0340,340.4503,333.3427,333.4221,12870500
2022-01-03,335.3551,338.1109,334.2547,335.5930,14537900
2022-01-04,336.9907,340.1034,328.9811,333.6005,15998000
2022-01-05,330.1210,332.8372,321.0209,321.3481,20564500
2022-01-06,320.0099,336.2175,319.9107,329.5659,27962800
2022-01-07,329.8434,334.0664,326.0171,328.9017,14722000
2022-01-10,322.4782,325.4818,312.6842,325.2141,24942400
2022-01-11,323.9354,331.7170,322.4484,331.4593,16226800
2022-01-12,332.2622,333.4418,327.1570,330.3589,14104900
2022-01-13,332.0640,332.7083,322.9242,323.6380,14797100
2022-01-14,318.9889,329.8336,318.4139,329.0108,16868500
2022-01-18,320.4757,321.3877,314.8749,315.3805,22645600
2022-01-19,316.7980,324.2526,316.5502,316.8080,20814700
2022-01-20,321.0804,324.9662,313.2293,313.8043,16925000
2022-01-21,312.0695,315.5391,300.4020,300.5309,28710700
2022-01-24,295.2472,306.8355,286.4941,306.0226,38878100
2022-01-25,297.3389,303.5642,294.9895,297.5371,25108500
2022-01-26,304.3375,304.8331,288.3182,292.0652,28348800
2022-01-27,295.1580,299.0836,291.6984,292.0751,21629900
2022-01-28,293.0466,299.2719,290.4792,299.0836,21871600
2022-01-31,298.0625,311.0584,296.7144,310.5330,21579500
2022-02-01,311.8217,316.8773,309.4029,316.2231,18023800
2022-02-02,324.9662,325.1447,314.1116,320.1882,58458300
2022-02-03,242.5203,245.8411,233.6978,235.6903,188119900
2022-02-04,232.9246,240.4981,228.1069,235.0261,89342200
2022-02-07,235.6308,236.2256,222.0600,222.9521,88613800
2022-02-08,218.9275,223.8047,214.2684,218.2633,94729700
2022-02-09,222.2483,231.3385,220.2757,229.9804,86563300
2022-02-10,226.2829,232.9543,224.7266,226.0846,49310400
2022-02-11,226.4712,228.4142,216.8656,217.6388,46156900
2022-02-14,217.4009,219.0762,212.9103,215.8049,38184000
2022-02-15,218.5508,219.2249,213.1879,219.0762,42685500
2022-02-16,210.5610,215.5670,210.5114,214.6550,45817500
2022-02-17,212.1569,215.6066,205.3567,205.9019,38747500
2022-02-18,207.5672,208.9154,203.3939,204.3653,37128400
2022-02-22,200.5786,205.6738,198.3184,200.3208,39852400
2022-02-23,202.3828,205.1386,196.3260,196.7225,44481400
2022-02-24,189.3968,206.5363,188.5641,205.7928,49957200
2022-02-25,203.1560,209.4804,201.4113,208.6477,37627600
2022-02-28,205.8721,211.2945,205.0295,209.1930,34239800
2022-03-01,208.0430,209.9067,200.4596,201.7186,27094900
2022-03-02,202.9974,207.3293,200.2614,206.2984,29452100
2022-03-03,207.2005,207.2600,199.6666,201.2031,27263500
2022-03-04,200.6083,204.0977,197.0595,198.3184,32130900
2022-03-07,199.0421,199.1413,185.6497,185.8381,38560600
2022-03-08,186.2148,194.9877,184.4899,188.6335,37508100
2022-03-09,194.0360,197.3668,192.2319,196.7720,31894700
2022-03-10,193.1439,194.5713,189.4067,193.5107,24853000
2022-03-11,190.9631,191.8751,185.0450,185.9769,34694500
2022-03-14,185.4019,190.6161,184.2024,185.0054,31010500
2022-03-15,189.1391,190.6062,184.2917,190.3584,31721700
2022-03-16,193.0051,201.9565,192.8267,201.8574,40640300
2022-03-17,199.9442,206.2290,199.3593,206.0307,29499700
2022-03-18,204.9006,214.9127,204.2067,214.6054,52128000
2022-03-21,212.6327,212.8409,205.8225,209.6489,30142300
2022-03-22,209.5300,217.5496,208.3503,214.7640,31998800
2022-03-23,211.4729,214.9127,210.3131,211.6018,23717300
2022-03-24,213.1284,218.7491,212.9203,217.6587,31502300
2022-03-25,218.5904,223.5370,216.9845,219.8890,40039000
2022-03-28,220.1963,222.0897,217.6289,221.6436,26224100
2022-03-29,224.1020,228.8801,223.3288,227.8590,31417900
2022-03-30,226.9173,229.1378,224.7365,225.8665,25588000
2022-03-31,226.4613,226.5010,220.3252,220.4243,24192300
2022-04-01,222.5953,225.3015,220.7614,222.8927,19544800
2022-04-04,224.0128,232.3100,223.8939,231.8540,28054800
2022-04-05,232.0423,234.7981,229.0089,229.8218,29727200
2022-04-06,224.9347,226.9966,219.4826,221.3562,28995100
2022-04-07,221.9807,223.5568,216.6574,221.0092,21037200
2022-04-08,220.4442,223.1702,218.1146,220.3946,18375700
2022-04-11,216.5186,218.6896,213.3465,214.5757,20516600
2022-04-12,218.3228,220.0972,211.2747,212.2759,20128800
2022-04-13,209.9761,214.7244,209.4903,213.1185,19231800
2022-04-14,213.0194,213.1185,208.1719,208.3504,18379500
2022-04-18,208.1719,211.5225,206.4867,208.9352,16580800
2022-04-19,208.6874,216.5285,207.1806,215.4183,20089900
2022-04-20,211.7505,212.2957,197.1884,198.6753,43036500
2022-04-21,199.8450,201.2031,183.9645,186.4328,49954100
2022-04-22,188.7128,191.0423,181.6746,182.5073,36426800
2022-04-25,181.1393,185.5506,180.0786,185.3622,29281100
2022-04-26,185.0053,185.5605,177.9374,179.3748,31747400
2022-04-27,172.9116,179.6326,167.5288,173.4270,71062900
2022-04-28,201.1536,206.7147,191.2208,203.9391,100890600
2022-04-29,202.6802,210.6303,198.1598,198.7249,49193400
2022-05-02,199.4188,210.0356,199.2404,209.2921,49915300
2022-05-03,208.6180,213.0292,206.2785,210.1842,41556300
2022-05-04,208.8163,222.3474,205.1584,221.4652,41375900
2022-05-05,216.8359,218.2534,204.3654,206.4669,41129200
2022-05-06,205.5351,207.5573,199.2701,201.9962,34747200
2022-05-09,198.1004,200.8066,193.8775,194.5020,36303200
2022-05-10,197.7732,201.1932,192.4996,195.9294,34452500
2022-05-11,194.6209,198.9231,186.6311,187.0970,31153400
2022-05-12,185.4316,196.3260,183.1715,189.5753,38262200
2022-05-13,190.9036,198.1499,189.6149,196.8910,24549800
2022-05-16,195.3347,203.5822,194.2244,198.2986,27112600
2022-05-17,200.3605,203.6714,196.6332,200.8562,24872700
2022-05-18,198.2590,199.2503,189.9618,190.5665,23960000
2022-05-19,189.5356,193.5900,187.9495,189.6248,24446900
2022-05-20,193.2728,196.1872,186.2346,191.8552,31465600
2022-05-23,193.4908,195.2752,189.5752,194.5218,25059200
2022-05-24,178.9783,182.0811,174.5770,179.7020,50406300
2022-05-25,178.8296,183.8356,177.7590,182.2297,28030200
2022-05-26,181.2880,191.1514,180.6734,189.9618,23056500
2022-05-27,189.6942,193.6296,188.1478,193.4314,22562700
2022-05-31,193.1934,195.8798,190.3385,191.9543,26131100
2022-06-01,194.7993,197.7931,183.3896,186.9979,36623500
2022-06-02,186.8095,199.1908,186.0958,197.1289,31951600
2022-06-03,194.2739,194.8985,188.1279,189.1192,19465000
2022-06-06,192.3013,195.2058,186.7600,192.5590,30574200
2022-06-07,190.2592,194.8192,189.8231,193.9468,18828700
2022-06-08,192.9754,200.2713,192.7176,194.9282,22267200
2022-06-09,192.5888,197.7138,182.0810,182.3983,23501600
2022-06-10,181.4466,181.5061,173.4964,174.0416,27450800
2022-06-13,169.1050,171.0777,162.6021,162.8301,31749300
2022-06-14,164.5847,165.2984,159.9553,162.3047,27244300
2022-06-15,165.7445,170.6613,162.5525,167.8758,30008300
2022-06-16,162.2948,163.6430,158.2206,159.4696,26944100
2022-06-17,160.2726,164.4558,158.5081,162.3146,31374200
2022-06-21,164.4856,166.2997,154.6123,155.6829,50724900
2022-06-22,157.0013,159.3903,154.0869,154.4933,47267800
2022-06-23,154.9097,158.3594,152.9072,157.3681,40499200
2022-06-24,160.3221,168.7679,159.8958,168.6787,68736000
2022-06-27,169.8287,170.2549,166.5475,168.0146,29174600
2022-06-28,168.4210,169.8088,159.2119,159.2812,27744500
2022-06-29,162.1461,164.8821,158.9244,162.5129,28595200
2022-06-30,160.7385,163.7917,157.1103,159.8463,35250600
2022-07-01,158.9145,159.2218,153.6507,158.6369,31423900
2022-07-05,156.7634,166.7854,155.6531,166.7259,28618600
2022-07-06,166.7358,170.0963,164.0197,168.2922,23085900
2022-07-07,167.9749,171.2165,166.3195,170.6911,24083400
2022-07-08,168.5003,170.8992,166.6862,169.3925,19249200
2022-07-11,165.6156,166.0320,160.5005,161.4621,21885600
2022-07-12,163.3654,164.4657,160.6889,161.8487,16639700
2022-07-13,158.7658,163.5438,158.2206,162.0668,16555100
2022-07-14,159.8166,161.1746,155.9109,156.6742,23765200
2022-07-15,159.1424,163.5438,158.4287,163.2662,23342800
2022-07-18,165.2984,170.1954,164.1981,165.7742,23574300
2022-07-19,168.8869,174.9536,168.0344,174.2498,25933700
2022-07-20,175.9449,182.0017,175.1618,181.4962,24784300
2022-07-21,179.0576,182.2496,177.3129,181.5755,27195800
2022-07-22,171.5634,174.0714,166.9440,167.7965,42583900
2022-07-25,167.5288,169.0852,163.3753,165.1993,26166300
2022-07-26,164.4955,164.5549,156.5750,157.7646,28468400
2022-07-27,161.1746,169.3826,160.6096,168.1038,43846600
2022-07-28,159.6580,160.1040,153.5020,159.3209,73214300
2022-07-29,156.3173,158.7460,153.8192,157.7150,42065400
2022-08-01,155.8811,163.7520,153.8787,158.5378,40596700
2022-08-02,156.9319,160.8277,156.6345,158.7955,27374500
2022-08-03,161.2738,168.0641,160.1635,167.3306,31721900
2022-08-04,166.8349,170.6514,165.3480,169.0852,23938200
2022-08-05,165.5363,170.1161,164.3567,165.6553,25832700
2022-08-08,166.5375,175.9648,165.6751,168.7680,27299100
2022-08-09,167.4793,168.0542,165.1497,167.0629,18655100
2022-08-10,174.4580,178.9089,172.4357,176.7875,30262100
2022-08-11,178.1456,181.5061,174.8347,175.9449,24079100
2022-08-12,179.2360,179.8804,177.3526,178.9287,21274000
2022-08-15,177.4021,179.8606,176.6488,179.3153,15878700
2022-08-16,177.8780,179.4145,175.4988,177.9077,21156700
2022-08-17,175.2213,176.5892,172.6538,173.3279,20118100
2022-08-18,172.8224,174.2300,170.3639,173.1396,18844500
2022-08-19,168.7184,170.8199,165.5958,166.4979,26240800
2022-08-22,164.0494,164.0494,160.8475,161.6306,19499700
2022-08-23,161.0656,163.6132,159.3011,159.7075,18111800
2022-08-24,159.2020,164.0197,158.3792,161.8388,20891500
2022-08-25,163.7421,167.4099,162.5922,167.3107,15550500
2022-08-26,167.0134,169.4321,160.2626,160.3717,24023600
2022-08-29,159.2614,161.6306,157.6258,157.7844,20052700
2022-08-30,158.9541,160.2527,154.5528,155.7919,19567900
2022-08-31,165.6156,166.3789,160.7286,161.5117,40953000
2022-09-01,162.1560,165.9031,158.9541,163.9205,30145700
2022-09-02,165.9923,166.4681,157.8340,158.9244,22634200
2022-09-06,158.7063,160.2825,156.3173,157.1599,19339800
2022-09-07,156.3867,159.5588,155.4450,158.9938,16831200
2022-09-08,157.3284,160.8178,156.3669,160.6492,22530800
2022-09-09,161.8289,168.0642,161.6009,167.6776,22086800
2022-09-12,165.9329,169.8981,165.8238,167.4892,23220400
2022-09-13,160.1338,160.2230,151.3410,151.7970,44444100
2022-09-14,151.9952,152.2034,147.7525,150.1514,43064200
2022-09-15,148.4960,152.8577,147.4056,148.2482,34606300
2022-09-16,146.7612,147.2866,143.0339,145.0165,40122800
2022-09-19,143.9757,147.2866,143.8369,146.7315,22169500
2022-09-20,144.5110,147.5443,143.9558,144.8183,23217400
2022-09-21,145.1157,148.2977,140.7639,140.8828,38338600
2022-09-22,140.3178,143.3214,139.6437,141.5768,34418500
2022-09-23,140.1889,141.3785,137.6809,139.1877,31710700
2022-09-26,138.9002,141.0018,135.0045,135.1829,30497000
2022-09-27,136.7194,138.2063,132.9525,133.2300,30826500
2022-09-28,133.4481,140.7936,133.1012,140.3773,32658500
2022-09-29,138.1469,138.6227,134.0231,135.2225,38985400
2022-09-30,134.8656,139.7626,134.3204,134.4989,33166400
2022-10-03,135.9462,138.4046,134.9152,137.4034,27723100
2022-10-04,139.2670,141.1505,138.1270,139.0588,34670700
2022-10-05,137.0366,138.9895,133.6067,137.7702,27979300
2022-10-06,136.5212,140.2187,135.4109,137.8594,36231100
2022-10-07,135.5695,137.0862,131.2871,132.2883,33214800
2022-10-10,132.3874,134.9252,130.7221,132.6254,24024000
2022-10-11,130.4742,131.5052,125.8845,127.4210,38481400
2022-10-12,127.2030,128.5412,125.1510,126.3901,34605200
2022-10-13,122.4547,129.9984,121.4634,129.1558,34325700
2022-10-14,129.8596,130.6428,125.4186,125.6566,23559400
2022-10-17,129.1657,133.6166,129.0468,132.8732,29612200
2022-10-18,135.8966,136.6401,130.2561,131.6440,25445000
2022-10-19,131.7332,135.8074,131.0690,132.0702,30691000
2022-10-20,131.7728,135.5794,130.1669,130.3850,26356300
2022-10-21,125.2105,128.9873,124.3480,128.8783,46348600
2022-10-24,126.1423,132.3180,123.4856,128.5908,63563400
2022-10-25,129.7407,137.1456,129.4532,136.3129,38433200
2022-10-26,130.5337,134.3700,127.4111,128.6899,82791500
2022-10-27,97.1271,101.6077,95.5410,97.0874,232316600
2022-10-28,98.7132,99.9721,96.6612,98.3365,95928300
2022-10-31,97.3650,98.4554,91.7939,92.3490,121361400
2022-11-01,93.5088,96.6413,92.7356,94.3713,110189600
2022-11-02,93.3899,94.3713,89.6924,89.7518,71821100
2022-11-03,89.2959,89.6725,87.6404,88.1360,60664000
2022-11-04,89.5635,90.5944,87.3232,89.9997,55638100
2022-11-07,93.9549,96.0366,92.2895,95.8780,81987300
2022-11-08,95.0850,96.9486,93.9648,95.6302,52088300
2022-11-09,100.8345,103.9868,99.8630,100.5867,107677300
2022-11-10,106.1875,111.7685,103.6994,110.8962,80671000
2022-11-11,108.2791,113.8998,107.8628,112.0361,59961700
2022-11-14,110.0238,115.2578,109.8355,113.2257,53395000
2022-11-15,115.0596,117.7064,113.4141,116.0608,50670500
2022-11-16,113.5033,115.0695,111.6793,112.2443,33287800
2022-11-17,109.4489,111.3521,108.8442,110.4798,35093800
2022-11-18,112.8094,113.3248,109.6570,111.0746,33357700
2022-11-21,110.5492,111.3918,108.2395,108.9037,24351100
2022-11-22,108.9037,110.6483,107.3771,110.4699,29029000
2022-11-23,110.7475,111.6892,109.7661,111.2629,21343100
2022-11-25,110.3311,111.7487,110.0535,110.4401,12007600
2022-11-28,109.8157,111.0647,107.4365,107.8331,23309400
2022-11-29,108.5864,109.9743,107.5951,108.5071,23899200
2022-11-30,108.5567,117.1314,108.4278,117.0719,43348600
2022-12-01,118.1623,120.1449,117.3693,119.3916,36551400
2022-12-02,116.8043,122.9602,116.5862,122.4150,39950500
2022-12-05,120.6902,123.5847,120.2936,121.3642,35474900
2022-12-06,118.8662,119.5006,112.7499,113.1266,43689200
2022-12-07,112.7697,114.8713,111.8974,112.9382,29461100
2022-12-08,115.3768,116.3185,113.5925,114.3260,30619400
2022-12-09,114.2963,116.5168,112.8788,114.8911,26033400
2022-12-12,114.1773,114.7126,112.1551,113.7114,24747100
2022-12-13,121.0669,122.2267,117.6072,119.1041,44701100
2022-12-14,118.3507,123.0593,118.3507,120.5315,36922000
2022-12-15,117.2999,117.5973,113.0175,115.1389,34531000
2022-12-16,119.1834,122.2366,117.7857,118.3903,67064000
2022-12-19,115.8130,116.7745,113.3347,113.4834,29769900
2022-12-20,112.2741,116.3086,111.4810,116.0707,28742500
2022-12-21,115.6841,119.2924,114.6135,118.7175,20392800
2022-12-22,116.1797,117.5874,113.3843,116.1004,23618100
2022-12-23,115.0199,117.1512,114.5342,117.0125,17796600
2022-12-27,116.9034,117.5676,115.0398,115.8625,21392300
2022-12-28,115.2380,117.1215,114.5045,114.6135,19612500
2022-12-29,115.3867,119.9764,114.7622,119.2131,22366200
2022-12-30,117.1314,119.3717,116.7151,119.2924,19583800
2023-01-03,121.7508,125.2699,121.2155,123.6541,35528500
2023-01-04,126.2711,127.9266,124.7545,126.2612,32397100
2023-01-05,125.0320,127.4012,123.4559,125.8350,25447100
2023-01-06,127.8473,129.1955,124.9428,128.8882,27584500
2023-01-09,130.0182,131.7927,128.1546,128.3430,26649100
2023-01-10,126.1621,132.2784,126.0432,131.8323,28684400
2023-01-11,129.8200,132.6848,129.2054,131.7332,25423000
2023-01-12,132.2784,136.4815,130.6130,135.5199,30757700
2023-01-13,133.7951,136.1940,133.6662,135.7876,22423800
2023-01-17,134.9945,135.5596,133.0813,134.1817,21147600
2023-01-18,134.6278,136.0552,131.6440,131.8620,20215500
2023-01-19,131.3367,136.2535,130.9897,134.9648,28625200
2023-01-20,134.7071,138.7218,133.4382,138.1568,28688600
2023-01-23,138.0775,142.5086,137.4530,142.0228,27470100
2023-01-24,140.4566,143.7378,140.1294,141.8940,21970200
2023-01-25,139.9906,141.9237,139.0886,140.2682,26622000
2023-01-26,143.1430,146.2259,142.0526,146.0177,25482100
2023-01-27,146.9496,151.8565,146.1070,150.4191,35771900
2023-01-30,148.1094,149.8045,145.6708,145.7798,28040100
2023-01-31,146.6621,148.5753,146.2358,147.6732,29842100
2023-02-01,146.7414,152.2431,145.7798,151.7871,55661000
2023-02-02,181.7837,195.4437,178.5917,187.1267,150475700
2023-02-03,181.8729,195.0571,181.2979,184.9062,76809700
2023-02-06,184.9062,189.0399,183.9050,184.4403,42483800
2023-02-07,183.9645,192.0931,182.7948,189.9519,47080700
2023-02-08,188.3460,189.1688,181.3277,181.8332,36139100
2023-02-09,184.5097,185.0252,175.7268,176.3712,37118800
2023-02-10,174.8148,177.3327,171.8410,172.6340,33433600
2023-02-13,176.6686,179.4244,174.2895,177.8680,31463200
2023-02-14,175.6178,179.9299,174.3490,177.9176,24034600
2023-02-15,174.8842,176.6388,173.8037,175.6178,25308900
2023-02-16,171.2462,174.3192,170.2946,170.9389,25827500
2023-02-17,168.7382,171.6724,168.2227,171.3751,24171300
2023-02-21,172.7926,176.6190,170.3838,170.5820,34592600
2023-02-22,169.5808,171.2561,168.2128,169.6304,22433200
2023-02-23,170.5027,172.1780,167.9055,170.5424,20017800
2023-02-24,167.1720,169.2339,166.2005,168.9068,19791300
2023-02-27,170.3838,171.6130,167.5883,168.0641,19277000
2023-02-28,170.4036,176.0044,170.3738,173.4171,46051100
2023-03-01,173.0702,176.3018,171.5436,171.9104,30998400
2023-03-02,170.8794,173.4865,169.9377,173.0107,17352000
2023-03-03,177.3625,184.9954,175.5087,183.6374,45877700
2023-03-06,186.3634,188.0090,183.0327,183.2904,33209400
2023-03-07,187.3547,188.7029,182.4081,182.9038,36701500
2023-03-08,181.2781,183.6473,179.7614,183.3598,19432400
2023-03-09,184.7278,187.2853,178.7305,180.1084,26582800
2023-03-10,179.4343,183.1616,177.2435,177.9473,25665000
2023-03-13,176.4108,182.1802,173.2982,179.3252,24728000
2023-03-14,185.9471,192.6284,184.9360,192.3310,41642600
2023-03-15,191.2704,196.0583,189.1787,196.0286,42123600
2023-03-16,196.5341,203.9688,194.3830,203.1460,50447100
2023-03-17,198.8141,200.1424,193.7288,193.9072,50141100
2023-03-20,196.7522,197.6246,191.9543,196.0880,25186300
2023-03-21,201.4311,201.7781,196.2268,200.4002,31827000
2023-03-22,200.7372,205.5648,197.9319,198.0706,28477800
2023-03-23,201.0743,206.0704,200.3903,202.5017,27389700
2023-03-24,203.3939,205.7730,201.7781,204.2167,27716400
2023-03-27,203.0271,204.0680,199.6072,201.0743,18527200
2023-03-28,198.4077,199.2800,196.1772,198.9330,19127300
2023-03-29,201.7880,203.9292,200.7769,203.5624,18851100
2023-03-30,201.6096,206.2786,201.0545,206.0307,22608300
2023-03-31,205.4359,210.3230,204.9700,210.0950,25440300
2023-04-03,207.0220,211.6316,206.3876,211.2152,17924600
2023-04-04,211.5324,214.3576,210.6898,212.8509,21026400
2023-04-05,212.2858,213.3168,208.1125,209.6391,19396600
2023-04-06,207.4285,215.0515,206.8337,214.2188,26104400
2023-04-10,212.8409,213.7827,208.8262,212.8806,16106100
2023-04-11,213.6042,214.1395,211.5522,211.9884,16710100
2023-04-12,212.9698,214.9524,210.7295,212.1371,18972200
2023-04-13,213.8520,219.2248,213.8124,218.4318,23310400
2023-04-14,215.9833,220.1765,215.6562,219.5619,21591200
2023-04-17,217.8767,219.0564,215.2399,216.9548,15481900
2023-04-18,217.9957,218.5211,214.3279,215.9933,12281000
2023-04-19,211.6117,215.4381,211.0764,213.8223,15898100
2023-04-20,211.6216,214.8632,210.9178,211.2152,16475400
2023-04-21,208.3801,211.5522,207.7556,211.0368,17717200
2023-04-24,211.8199,212.0578,208.8757,210.9376,15750900
2023-04-25,208.9848,209.4210,205.3269,205.7433,19198200
2023-04-26,210.6501,212.2461,207.0617,207.5771,41992700
2023-04-27,237.8017,239.5861,234.7089,236.4833,71196500
2023-04-28,236.9294,238.3370,233.6978,238.2280,39554000
2023-05-01,236.5428,241.8759,234.4016,241.0631,29143900
2023-05-02,241.0631,242.7880,236.9096,237.1574,24350100
2023-05-03,237.3854,239.6455,230.7239,234.9666,34463900
2023-05-04,234.0051,236.1264,230.9023,231.4872,17889400
2023-05-05,230.2183,232.6371,227.8491,230.7536,27000500
2023-05-08,229.4054,233.5689,228.2654,231.2393,16400500
2023-05-09,229.4451,233.8266,229.0684,231.3385,16865600
2023-05-10,234.1141,234.6891,228.7116,231.0510,19119000
2023-05-11,231.0213,236.1364,230.2778,233.7374,20449000
2023-05-12,234.6792,234.8972,229.4352,231.7747,16161400
2023-05-15,234.8576,238.1685,233.2814,236.7807,20653200
2023-05-16,233.7374,237.5539,233.4698,236.7410,18163800
2023-05-17,236.3742,241.7173,236.0669,240.3791,21193100
2023-05-18,239.1995,244.9390,239.0904,244.7011,22943300
2023-05-19,245.3157,246.5251,241.2911,243.5017,21733600
2023-05-22,243.2737,251.3626,242.9862,246.1583,27738500
2023-05-23,244.6615,249.4197,244.5029,244.5921,17748100
2023-05-24,243.1448,247.4173,242.8177,247.0406,17724300
2023-05-25,251.1941,253.3948,247.0009,250.4903,22371400
2023-05-26,250.7282,260.0265,250.5101,259.7589,25727200
2023-05-30,262.9410,266.3114,259.0154,260.2347,23816500
2023-05-31,257.7367,262.6931,256.2002,262.4156,25473700
2023-06-01,263.5853,271.6148,263.5754,270.2369,25609500
2023-06-02,270.2865,272.9531,268.7599,270.2369,19416900
2023-06-05,267.9470,273.1711,267.2134,269.0275,20742900
2023-06-06,267.7884,274.1625,267.3423,268.7599,19419000
2023-06-07,269.3051,271.8626,260.5123,261.3054,26163600
2023-06-08,258.3513,265.3201,256.6265,262.2768,20899400
2023-06-09,260.1951,265.6175,259.4219,262.6436,16949800
2023-06-12,264.8442,269.3843,263.0202,268.6904,15442500
2023-06-13,272.4871,273.3198,266.7475,268.9581,16164000
2023-06-14,269.5232,272.5962,265.9843,270.9705,19175100
2023-06-15,269.9296,281.5178,269.0573,279.3766,25973500
2023-06-16,282.2713,285.3443,277.6915,278.5539,43127700
2023-06-20,276.3036,282.3207,273.8154,281.8548,20701600
2023-06-21,281.0619,281.5278,275.9369,279.1884,20556200
2023-06-22,276.6506,282.7768,275.3718,282.4001,17563100
2023-06-23,279.0595,287.1484,276.5217,286.2166,51092000
2023-06-26,286.1868,287.2673,275.1834,276.0459,24232700
2023-06-27,279.5551,286.8312,278.2069,284.5512,26108300
2023-06-28,282.3406,287.0294,281.5872,282.8065,16722100
2023-06-29,282.0234,284.0754,278.2466,279.0793,15395700
2023-06-30,282.2811,286.5338,281.9441,284.4818,19694900
2023-07-03,284.2043,286.8807,282.3704,283.5302,8629300
2023-07-05,285.1459,295.5248,283.8672,291.8074,33865500
2023-07-06,293.3142,295.5248,288.7740,289.4481,47600500
2023-07-07,289.6365,293.6215,286.1472,288.0009,25586000
2023-07-10,292.9772,295.5347,284.5512,291.5398,37058300
2023-07-11,291.3415,297.5669,289.3589,295.6933,27585900
2023-07-12,299.1232,306.7562,297.4876,306.6472,36677100
2023-07-13,310.8899,313.4871,307.5889,310.6817,30281000
2023-07-14,309.0758,312.1389,304.6843,306.1812,23054100
2023-07-17,304.8628,308.9965,302.0574,307.9160,25323100
2023-07-18,308.1737,311.4648,304.9421,309.3335,20731900
2023-07-19,310.3050,315.9058,307.8169,313.2591,21763700
2023-07-20,310.7709,312.7932,299.5891,299.8865,23836900
2023-07-21,301.9187,302.8009,288.6651,291.6984,42139300
2023-07-24,293.2052,294.9300,285.7903,289.0715,24915700
2023-07-25,292.6203,295.7032,289.3193,291.9066,19585600
2023-07-26,298.5681,299.1430,289.3589,295.9709,47256900
2023-07-27,322.2898,322.5178,307.1428,308.9965,64229200
2023-07-28,314.1215,323.3604,311.5144,322.6467,39220300
2023-07-31,320.8722,322.8250,314.8253,315.8265,25799600
2023-08-01,314.7758,321.3183,311.9208,319.9008,22817900
2023-08-02,315.2318,315.6184,307.9457,311.5739,20461100
2023-08-03,307.2320,313.1996,307.2320,310.4637,15180200
2023-08-04,312.2182,315.6382,307.4997,308.0251,17612800
2023-08-07,310.5033,314.3098,307.7574,313.8043,16236500
2023-08-08,311.6631,315.1227,307.4104,309.9184,15183500
2023-08-09,310.1563,310.8998,300.2136,302.5531,19955800
2023-08-10,305.2593,309.6210,301.2247,303.0785,14358900
2023-08-11,299.9361,302.0674,297.7454,299.0143,14046300
2023-08-14,298.3600,303.5444,295.6537,303.5246,15641900
2023-08-15,303.4750,304.5555,297.4182,299.3215,11623600
2023-08-16,297.5867,298.4591,291.7183,291.7282,18547700
2023-08-17,290.4989,293.4728,282.4695,282.6082,23950100
2023-08-18,276.6010,283.2031,271.9915,280.7843,35347900
2023-08-21,280.9826,287.9712,279.3965,287.3764,20181500
2023-08-22,290.0033,290.3503,284.2538,285.0964,12980200
2023-08-23,285.9886,294.8111,285.1658,291.6786,18287000
2023-08-24,295.9015,296.8531,284.1448,284.2538,18360900
2023-08-25,283.6392,285.8795,273.6271,283.0147,23701400
2023-08-28,285.4929,288.9129,283.3120,287.7332,14239300
2023-08-29,286.0678,296.5458,285.6713,295.3959,20844500
2023-08-30,294.5831,295.6933,290.8756,292.5311,17717000
2023-08-31,293.2250,298.4788,293.0862,293.3142,17229900
2023-09-01,296.7639,299.1133,291.9066,293.8000,12842300
2023-09-05,294.4344,298.7664,292.9375,297.5371,14956000
2023-09-06,299.0835,300.6597,293.0862,296.5657,15418100
2023-09-07,295.4059,304.3771,289.6762,296.0701,33748700
2023-09-08,296.6152,302.5927,294.1964,295.2968,17548000
2023-09-11,298.7862,306.3498,298.6573,304.8826,19489300
2023-09-12,303.6634,305.9731,297.6165,299.0340,13480400
2023-09-13,299.7279,304.5060,298.6970,302.4044,13210900
2023-09-14,304.0698,310.1464,302.3747,309.0064,19343100
2023-09-15,308.8974,309.2840,296.1494,297.6958,28131100
2023-09-18,295.5942,300.9571,295.2076,299.9162,14234200
2023-09-19,299.8469,303.5048,297.2001,302.4144,15924400
2023-09-20,302.3945,305.3783,296.8234,297.0613,19379500
2023-09-21,293.1259,297.6462,290.7171,293.1557,21319600
2023-09-22,296.6945,302.7216,295.6735,296.4764,25369600
2023-09-25,293.0664,298.3302,291.1433,298.2112,18987000
2023-09-26,295.0689,297.6859,293.4332,296.3575,19417200
2023-09-27,297.8346,298.6772,284.2935,295.1482,36429800
2023-09-28,296.3377,303.6633,294.1172,301.3140,22167100
2023-09-29,304.7042,307.9358,296.7540,297.5966,25373700
2023-10-02,300.1046,304.5060,299.0043,304.1491,16265600
2023-10-03,301.6114,304.0995,297.0316,298.3203,17362300
2023-10-04,296.1296,304.2284,295.9016,302.9199,16880500
2023-10-05,301.9781,303.5444,296.8928,302.1367,19130000
2023-10-06,298.8160,313.5565,298.2906,312.6842,21803900
2023-10-09,309.7796,317.5415,309.1056,315.5886,22503700
2023-10-10,316.3420,321.8338,315.3904,319.0383,19038000
2023-10-11,320.1982,325.9774,320.1387,324.9663,22036300
2023-10-12,325.1447,327.6626,319.8809,321.3381,20530500
2023-10-13,320.7136,322.2204,309.6508,311.9506,21341000
2023-10-16,315.8662,319.0186,312.7734,318.3544,16536100
2023-10-17,315.4101,321.5760,314.5378,321.1795,16387800
2023-10-18,318.5923,323.1027,312.8130,314.2108,16851000
2023-10-19,317.0954,319.0879,309.0362,310.0869,18709200
2023-10-20,311.4054,312.5552,303.8021,305.9631,22312300
2023-10-23,306.8057,314.5973,304.5852,311.2765,17796800
2023-10-24,314.0224,315.5788,307.9260,309.8292,19525500
2023-10-25,307.3014,308.1738,296.2386,296.9226,42192500
2023-10-26,292.4320,292.4320,276.9678,285.8399,66684100
2023-10-27,291.9165,296.7045,290.4197,294.1469,29596300
2023-10-30,296.4864,306.7066,296.4467,300.0253,28435100
2023-10-31,300.6696,301.0364,294.2758,298.6474,19434200
2023-11-01,299.2224,310.0176,299.2224,309.1353,20434600
2023-11-02,314.5379,316.0447,305.6460,308.1639,21631800
2023-11-03,309.8292,312.8031,308.3126,311.8614,16764300
2023-11-06,313.2294,315.5589,311.7127,313.0509,12887700
2023-11-07,314.2999,318.2056,312.3768,316.0446,14055600
2023-11-08,315.3706,318.5328,312.1389,316.9963,13609700
2023-11-09,316.6394,321.3580,316.0248,317.7596,16103100
2023-11-10,317.1549,326.2352,316.6791,325.9080,19096200
2023-11-13,323.3604,329.4370,322.8648,326.3244,16908900
2023-11-14,331.6278,335.1568,330.4283,333.3824,17179400
2023-11-15,334.9883,335.4542,327.1471,329.8137,14531200
2023-11-16,326.5028,331.6674,323.5388,331.2809,18932600
2023-11-17,327.3851,332.5794,326.4830,332.1234,14494400
2023-11-20,331.9748,338.8940,331.2809,337.0106,16960500
2023-11-21,335.3848,336.9411,332.9759,334.0465,12027900
2023-11-22,336.2572,339.9349,335.6326,338.5173,10702700
2023-11-24,337.1691,338.8840,333.8383,335.2856,5467500
2023-11-27,333.2535,336.9412,331.2908,331.7864,15684500
2023-11-28,330.4977,336.4257,330.4977,336.0390,12637200
2023-11-29,336.7329,336.9411,327.9005,329.3081,16024500
2023-11-30,329.0009,330.5968,319.5934,324.3021,23146400
2023-12-01,322.6467,324.0146,317.9677,321.9924,15276400
2023-12-04,314.5280,318.0669,310.9296,317.2342,19037100
2023-12-05,316.2033,319.0780,312.6445,315.5193,16952100
2023-12-06,319.1275,319.4448,314.2801,314.6866,11294300
2023-12-07,315.0037,325.3826,315.0037,323.7469,15905100
2023-12-08,320.2775,330.2697,320.1882,329.8534,14087400
2023-12-11,326.5325,327.0182,317.2143,322.4484,25802500
2023-12-12,321.7743,331.5584,321.7347,331.3106,18485500
2023-12-13,331.0231,335.4245,329.7444,331.8261,16353300
2023-12-14,330.9438,331.7864,325.7791,330.2697,19607300
2023-12-15,329.1000,335.7119,328.3367,332.0045,31776900
2023-12-18,334.5422,344.5344,334.0862,341.6200,18993900
2023-12-19,342.5716,350.5218,342.1157,347.3100,17729400
2023-12-20,345.6150,351.8701,344.7625,346.2395,16369900
2023-12-21,349.9073,353.3074,346.1701,351.0076,15289600
2023-12-22,352.4847,354.0906,348.1626,350.3138,11772800
2023-12-26,351.8998,353.8725,350.3732,351.7411,9898600
2023-12-27,352.9704,355.8749,352.2170,354.7150,13207900
2023-12-28,356.5688,358.7496,354.6952,355.2008,11798800
2023-12-29,355.8649,356.8661,348.7573,350.8787,14987100
2024-01-02,348.2617,350.0857,337.0502,343.2755,19042200
2024-01-03,341.9769,344.9210,340.1925,341.4713,15451100
2024-01-04,341.5011,345.1193,340.4107,344.0983,12099900
2024-01-05,343.9694,350.4228,343.2458,348.8863,13920700
2024-01-08,351.6123,355.8550,348.9853,355.5378,13890200
2024-01-09,353.2975,357.5007,352.2666,354.3186,13463900
2024-01-10,357.0347,369.6935,355.9541,367.2450,22117200
2024-01-11,368.8906,369.5349,359.7706,366.4520,17205400
2024-01-12,366.9377,373.7776,366.3231,371.2300,19310000
2024-01-16,370.3974,372.3403,364.0333,364.2613,15306900
2024-01-17,363.1113,365.3318,355.4882,365.1632,12724800
2024-01-18,368.2561,373.5695,367.7208,372.8557,16354300
2024-01-19,375.7008,381.0141,374.6798,380.1121,21670800
2024-01-22,384.5728,386.9519,377.8419,378.4565,17680500
2024-01-23,381.2718,384.9991,378.7539,381.8467,15506100
2024-01-24,386.6050,392.7014,384.4340,387.2989,15698500
2024-01-25,386.7735,392.0472,382.3028,389.7573,15091100
2024-01-26,390.9172,393.3359,388.1812,390.7090,13163700
2024-01-29,391.5515,399.4224,389.6780,397.5290,18742400
2024-01-30,400.0767,402.8226,396.0917,396.5775,18614700
2024-01-31,385.6137,394.5353,383.7302,386.7438,20180800
2024-02-01,390.5108,397.0137,389.6285,391.3434,29727100
2024-02-02,455.5992,481.7297,449.0665,470.8552,84707600
2024-02-05,465.7897,467.7921,455.2224,455.4108,40832400
2024-02-06,459.9608,463.0537,449.0566,450.7616,21655200
2024-02-07,454.0130,467.4153,452.2088,465.5021,23066000
2024-02-08,464.2432,466.4934,460.9818,465.9086,18815100
2024-02-09,468.8329,469.4673,463.4006,464.0350,18413100
2024-02-12,464.1144,474.9789,462.5184,464.8182,19382000
2024-02-13,452.8929,463.8170,451.1284,456.1146,20916600
2024-02-14,463.8566,469.9828,462.0327,469.1601,16858400
2024-02-15,471.1426,484.3665,468.1093,479.8165,24212300
2024-02-16,473.9480,474.7906,465.1255,469.1997,23324600
2024-02-20,465.6310,472.0348,462.4985,467.6433,18015500
2024-02-21,462.9297,465.4106,458.2558,464.4480,12921800
2024-02-22,476.5646,486.2400,472.4166,482.4095,21625800
2024-02-23,484.3148,490.5765,478.6584,480.3255,18374300
2024-02-26,479.7698,482.4194,476.9218,478.0531,12101400
2024-02-27,476.3066,483.5407,476.2470,483.3224,10809600
2024-02-28,481.2882,487.2918,479.0554,480.3156,12715500
2024-02-29,484.7018,487.9369,478.9164,486.3789,17732000
2024-03-01,488.3437,500.3908,488.0857,498.4557,16273600
2024-03-04,499.1504,500.5595,492.6207,494.3772,12324100
2024-03-05,491.2116,491.7871,484.1560,486.4682,15325300
2024-03-06,493.8215,499.1206,490.5071,492.2933,11757900
2024-03-07,499.4282,515.8713,497.5427,508.2700,18586400
2024-03-08,510.2547,519.5629,495.5283,502.0778,18597100
2024-03-11,493.2062,493.5138,472.3570,479.8889,20428300
2024-03-12,489.4850,498.4657,481.0203,495.9253,15448200
2024-03-13,491.5986,497.1458,487.2720,491.7772,12090700
2024-03-14,496.4313,497.5130,484.4239,488.0658,12620000
2024-03-15,485.2675,488.0659,477.6165,480.3951,29153600
2024-03-18,488.1452,493.6131,483.0843,493.1765,11755300
2024-03-19,484.4339,492.8291,477.5966,492.4421,10903100
2024-03-20,495.6772,504.3106,491.3804,501.6511,11711100
2024-03-21,510.7708,511.0982,502.1374,503.8740,9712500
2024-03-22,503.1198,506.0671,500.4801,505.6800,8120600
2024-03-25,501.9190,503.3381,496.4115,499.1702,8380600
2024-03-26,501.2641,506.0968,491.4200,492.0948,11205400
2024-03-27,495.4787,496.0642,484.3347,490.0803,9989700
2024-03-28,489.0681,489.1177,481.4369,481.8636,15212800
2024-04-01,483.4713,493.6230,478.0927,487.5895,9247000
2024-04-02,481.3874,493.7223,480.9408,493.5635,11081000
2024-04-03,495.1115,503.3579,494.9329,502.8618,12099200
2024-04-04,512.4676,525.9437,506.6723,507.0097,26476300
2024-04-05,512.9043,526.6384,510.4730,523.3041,19263300
2024-04-08,525.2293,527.4224,514.9188,515.2761,13260600
2024-04-09,518.2331,521.8453,502.8617,512.9440,10863800
2024-04-10,505.3923,518.5607,501.9290,515.8516,11418500
2024-04-11,517.1217,519.8507,513.3309,519.1560,10369500
2024-04-12,513.7875,516.2088,505.4319,507.9823,11984500
2024-04-15,512.7653,514.5615,493.4741,496.4016,13512900
2024-04-16,494.2978,500.9068,493.3054,495.9352,9847900
2024-04-17,499.2496,499.3091,483.4117,490.3879,12193700
2024-04-18,495.9947,508.2899,495.2207,497.9595,14808700
2024-04-19,498.9519,498.9519,472.0891,477.3882,25215400
2024-04-22,485.9720,488.2444,469.7769,478.0431,17271100
2024-04-23,487.4903,494.9428,485.2277,492.3032,15079200
2024-04-24,504.1716,506.0968,480.8713,489.7231,37772700
2024-04-25,418.1749,442.3584,411.3277,438.0020,82890700
2024-04-26,438.0814,443.0233,428.6541,439.8974,32691400
2024-04-29,436.1959,436.3944,425.2801,429.3091,21502600
2024-04-30,427.7510,436.2554,426.4312,426.8777,18429500
2024-05-01,425.3198,446.5163,423.8412,435.8287,20344900
2024-05-02,435.4814,440.5622,428.9716,438.2997,15221300
2024-05-03,442.5172,450.6941,440.4531,448.5010,16489100
2024-05-06,452.0933,462.5923,449.8704,462.1160,15094600
2024-05-07,462.7213,467.9212,457.7794,464.6564,13406800
2024-05-08,459.9527,471.9402,459.4565,468.9831,11683900
2024-05-09,466.4029,472.4364,464.0511,471.7815,9437700
2024-05-10,473.4386,473.8455,466.0060,472.5555,10750000
2024-05-13,469.1319,469.7273,459.3077,464.4282,14668800
2024-05-14,459.8236,468.9234,456.5588,468.2387,10478600
2024-05-15,471.3448,478.8073,467.5938,477.8546,13100500
2024-05-16,471.3646,474.0340,469.1318,469.6082,16608200
2024-05-17,467.2266,469.1815,464.8351,468.2983,10807300
2024-05-20,466.3534,469.5785,463.4656,465.2518,11745100
2024-05-21,463.5449,467.0976,458.7321,461.0740,11742200
2024-05-22,464.2892,470.0945,462.0862,464.1999,10078600
2024-05-23,469.2608,470.7295,458.0076,462.2152,11747900
2024-05-24,464.0412,476.1776,462.7313,474.5601,12024300
2024-05-28,472.9325,477.1798,471.2058,476.2470,10175800
2024-05-29,471.0273,476.1776,470.0746,470.7296,9226200
2024-05-30,468.0602,468.1197,461.1534,463.4755,10719600
2024-05-31,462.2351,465.5297,450.9819,463.2572,16919800
2024-06-03,467.2563,475.9294,464.6564,473.8356,11279400
2024-06-04,473.3493,475.2249,469.6082,473.3394,7088700
2024-06-05,480.7424,492.8490,480.2065,491.2712,15690500
2024-06-06,489.2070,498.9717,487.1330,489.9810,10667300
2024-06-07,492.1147,495.0917,486.4186,489.1873,9380700
2024-06-10,490.0803,498.8129,489.6337,498.7534,11220900
2024-06-11,496.3321,503.7152,494.4565,503.5862,9673700
2024-06-12,510.0562,510.0761,500.6091,504.9456,11983200
2024-06-13,501.8397,505.4617,497.5230,500.2420,9954600
2024-06-14,499.2983,503.7683,497.4110,500.7983,10243300
2024-06-17,498.3249,507.3443,492.7026,503.2518,11266600
2024-06-18,501.1956,502.6260,491.7192,496.1594,13060400
2024-06-20,498.6527,500.3115,493.4575,498.3547,11801200
2024-06-21,500.0930,500.0930,489.1067,491.4808,22359200
2024-06-24,495.8713,504.4139,490.9940,495.5832,13525300
2024-06-25,493.7356,507.3045,492.1959,507.1953,12063200
2024-06-26,503.2717,510.3839,501.3148,509.6985,8882300
2024-06-27,510.8209,519.3934,510.4733,516.0955,10121200
2024-06-28,513.7016,518.4000,500.4803,500.8578,15855100
2024-07-01,501.5829,503.2021,489.8815,501.3147,10328200
2024-07-02,497.4209,507.0960,496.1197,506.1026,7739500
2024-07-03,502.9935,507.8707,502.6458,506.5595,6005600
2024-07-05,508.1887,537.2635,508.1887,536.3099,21354100
2024-07-08,538.7335,539.1904,523.1382,525.7904,14917500
2024-07-09,530.1909,533.8960,524.6680,526.4659,8753200
2024-07-10,527.2507,535.2868,524.8369,531.1247,10983300
2024-07-11,527.3500,531.8896,504.9802,509.2813,16458300
2024-07-12,494.4408,504.7019,490.9344,495.5434,19750500
2024-07-15,495.3051,503.3014,490.0802,492.8516,12539200
2024-07-16,498.1560,500.5896,482.5507,486.5240,14075800
2024-07-17,475.9749,475.9749,456.0586,458.9094,28076600
2024-07-18,471.8327,476.0444,461.4425,472.6770,19267200
2024-07-19,472.8856,483.4646,472.5379,473.6107,15149400
2024-07-22,483.3355,488.7790,480.6734,484.1500,12023100
2024-07-23,486.5737,491.9178,484.4678,485.4313,9455500
2024-07-24,469.1606,473.1240,457.5088,458.1942,17649700
2024-07-25,460.1710,460.4590,439.6984,450.3866,18240500
2024-07-26,461.1047,466.6375,456.3566,462.5947,14222400
2024-07-29,466.7469,470.7996,461.9192,462.6046,11339600
2024-07-30,463.8860,469.5778,453.6547,460.1014,11390400
2024-07-31,467.8792,473.3227,463.6377,471.6638,24285800
2024-08-01,517.5259,523.6548,488.8186,494.4210,43083100
2024-08-02,485.7393,497.8083,472.9750,484.8850,24044700
2024-08-05,448.3403,480.2561,447.7940,472.5577,21396200
2024-08-06,475.8060,499.2089,475.4583,490.7954,20955000
2024-08-07,499.7751,506.7483,483.6136,485.6599,20105300
2024-08-08,494.1827,506.5596,491.4212,506.2318,16156800
2024-08-09,504.3246,514.8837,502.3280,514.3175,13696600
2024-08-12,513.4135,514.5658,505.7053,512.5096,9767400
2024-08-13,516.5426,527.9560,514.6950,525.0157,13743800
2024-08-14,524.5389,530.4393,519.6418,523.2476,11444200
2024-08-15,528.2440,536.1709,523.1880,533.7471,13482100
2024-08-16,528.3533,530.1015,521.1615,523.9031,14776700
2024-08-19,523.3568,528.1148,519.2742,525.7507,9879700
2024-08-20,524.8268,527.5486,522.3733,523.2177,7944400
2024-08-21,523.6350,535.8033,523.4164,531.5916,13423300
2024-08-22,533.4193,540.6010,525.0654,528.3831,15708300
2024-08-23,533.3399,536.2702,521.5590,524.4794,11323900
2024-08-26,524.0820,524.4793,511.5164,517.6452,9584000
2024-08-27,515.5194,520.5159,511.8739,515.6386,6282700
2024-08-28,514.2180,517.6152,509.0328,513.3340,9106100
2024-08-29,515.5889,523.6846,512.2414,514.7644,8317400
2024-08-30,517.8736,520.0490,511.7646,517.8339,9157500
2024-09-03,516.1750,521.9860,505.2285,508.3475,12459100
2024-09-04,502.6955,513.1454,500.7088,509.3210,8335200
2024-09-05,508.3078,518.1517,507.7416,513.4135,8640900
2024-09-06,518.4000,521.0820,494.9276,496.9341,14744500
2024-09-09,502.7849,507.9204,498.7321,501.4240,11047800
2024-09-10,504.7715,510.7514,496.6957,501.4240,9899000
2024-09-11,503.6292,509.6984,492.2953,508.4170,10782500
2024-09-12,513.6022,523.1979,511.7844,522.0952,11970500
2024-09-13,516.8704,524.0621,513.6619,521.1218,10321400
2024-09-16,521.5394,531.0447,514.4403,530.2294,9527600
2024-09-17,534.5247,538.9990,527.5350,533.2521,11690800
2024-09-18,533.9978,541.0870,530.8459,534.8727,10323500
2024-09-19,546.8538,558.8547,543.3937,555.9017,15647000
2024-09-20,556.7965,561.2708,553.1177,558.1388,22066800
2024-09-23,566.2422,570.6965,559.1927,561.1813,12830700
2024-09-24,563.4384,564.5022,551.0198,560.1075,12993000
2024-09-25,560.8234,573.5800,560.4953,565.0590,16543400
2024-09-26,572.4366,574.0970,559.1331,564.5917,14400800
2024-09-27,566.8388,567.5746,561.2808,564.1144,9398400
2024-09-30,564.4525,571.3926,561.5691,569.1654,12792300
2024-10-01,574.6737,579.7047,566.8387,573.1723,15259300
2024-10-02,571.5715,572.7050,566.0831,569.5333,6524700
2024-10-03,566.8885,580.0229,565.4766,579.4363,11581000
2024-10-04,580.3907,593.4357,578.1039,592.5309,14169500
2024-10-07,594.7979,599.5009,580.6990,581.4348,12014200
2024-10-08,586.3166,590.1645,582.6179,589.4984,7857400
2024-10-09,590.5921,590.9898,578.2829,587.1320,9529700
2024-10-10,584.2089,586.8536,579.1878,580.4903,7740400
2024-10-11,581.4845,587.8281,579.3767,586.5753,8587100
2024-10-14,590.8207,596.6671,586.5852,587.0425,8252000
2024-10-15,586.7840,587.2314,576.8213,582.9163,9564200
2024-10-16,578.0742,578.7503,570.7463,573.4905,11268400
2024-10-17,579.9931,581.6236,571.9096,573.6296,8701200
2024-10-18,577.7758,580.6294,571.9593,573.1723,7694300
2024-10-21,572.7349,573.9379,565.8544,571.8698,8171900
2024-10-22,571.0047,580.1919,568.8472,578.6806,8544500
2024-10-23,576.6523,581.6535,559.2823,560.4655,14248400
2024-10-24,563.8857,565.6257,558.3078,564.5320,7184700
2024-10-25,570.6469,577.9648,568.4495,569.9708,11337900
2024-10-28,578.6707,580.4107,570.8358,574.8527,10925100
2024-10-29,576.8313,590.2739,572.1084,589.8862,13019100
2024-10-30,597.5422,597.7609,586.0085,588.4147,26864900
2024-10-31,581.6536,586.5256,559.7894,564.3333,26838400
2024-11-01,564.3631,570.3884,559.3420,563.9156,15303200
2024-11-04,560.8731,565.4368,554.6986,557.4727,12064600
2024-11-05,564.0548,570.1994,563.4284,569.1555,9775400
2024-11-06,559.5308,569.7222,551.9941,568.7776,18305400
2024-11-07,573.5899,591.3974,571.9195,588.3152,14653700
2024-11-08,588.1561,589.7071,581.1763,585.9687,9415700
2024-11-11,583.0057,583.6420,573.2120,579.8339,10209100
2024-11-12,585.1732,596.2296,577.0599,581.4745,16287700
2024-11-13,579.2772,582.2899,571.8797,576.6821,10757600
2024-11-14,573.6994,577.4379,569.7322,573.8585,11053700
2024-11-15,567.9524,569.2947,548.3452,550.9105,17712900
2024-11-18,553.8535,556.6972,546.9433,551.2286,14327300
2024-11-19,548.7031,558.2184,547.4503,557.8804,9522400
2024-11-20,559.7098,563.1102,551.0298,562.2850,9797300
2024-11-21,566.2620,566.7393,545.9091,559.8688,11154700
2024-11-22,560.3262,560.6046,551.4175,555.9415,9164000
2024-11-25,558.8846,569.3146,553.2073,561.8774,13599800
2024-11-26,562.7622,574.1965,561.9668,570.2591,10356600
2024-11-27,571.6014,571.6909,560.8731,565.9440,7200200
2024-11-29,565.7450,575.1509,563.6571,571.0346,7130500
2024-12-02,574.1965,591.0992,572.2775,589.4388,12522400
2024-12-03,591.5964,610.6866,587.8678,610.1397,14907200
2024-12-04,609.4536,614.2460,601.6385,610.2689,14697000
2024-12-05,613.5500,616.3539,603.5773,605.4466,8081200
2024-12-06,606.6099,626.1873,605.0490,620.2018,16935500
2024-12-09,620.3510,622.8168,602.7025,610.0602,11426000
2024-12-10,614.0273,622.0114,609.2348,615.7772,10938900
2024-12-11,619.8041,634.7482,617.9747,629.0609,10837200
2024-12-12,627.8875,633.0180,623.6221,627.1816,7474700
2024-12-13,623.6320,627.4700,613.3612,616.8013,8453300
2024-12-16,626.8815,628.0458,615.5376,621.1697,10885600
2024-12-17,623.0903,629.2598,613.5076,616.3934,12897800
2024-12-18,617.9456,624.2743,593.3870,594.2527,17075500
2024-12-19,607.3879,608.5124,592.0736,592.6408,14958100
2024-12-20,587.6753,600.1436,577.1473,582.3715,48989400
2024-12-23,586.7001,598.1336,583.3666,596.8997,10205800
2024-12-24,599.7556,604.9997,596.3326,604.7609,4726100
2024-12-26,602.5020,603.3179,595.9942,600.3824,6081400
2024-12-27,596.4617,598.8897,586.8990,596.8598,8084200
2024-12-30,585.8542,594.0039,582.6998,588.3320,7025900
2024-12-31,589.3570,591.0486,580.9784,582.6302,6019500
2025-01-02,586.8194,601.9347,584.9288,596.2926,12682300
2025-01-03,601.7856,606.5022,593.4766,601.6562,11436800
2025-01-06,608.8207,627.8864,602.6412,627.1003,14560800
2025-01-07,628.5930,628.9910,605.2384,614.8509,12071500
2025-01-08,610.3830,613.4080,599.8251,607.7161,10085800
2025-01-10,607.0297,626.8118,594.4021,612.8309,19256600
2025-01-13,604.1140,605.9748,595.5066,605.3380,10785000
2025-01-14,602.0941,602.5120,585.6553,591.3273,13598000
2025-01-15,607.2088,619.3985,603.5170,614.0848,15524300
2025-01-16,608.4924,613.2190,606.7112,608.2933,8355300
2025-01-17,620.9807,621.8962,600.7009,609.7562,17280600
2025-01-21,614.7912,618.4432,606.0146,613.4280,11674000
2025-01-22,620.2344,630.5833,616.3834,620.4334,12274000
2025-01-23,624.2743,633.4688,618.0948,633.3196,9910200
2025-01-24,633.2699,648.7932,631.0807,644.3054,19065300
2025-01-27,623.5281,660.6048,622.0255,656.6345,28399200
2025-01-28,662.7243,679.2228,656.2264,671.0134,20950100
2025-01-29,671.6801,677.7003,662.3959,673.1627,21377800
2025-01-30,693.3927,707.2940,672.7746,683.6210,29322900
2025-01-31,687.6013,701.8310,682.2080,685.7903,19303900
2025-02-03,672.5855,700.5374,671.9288,694.0296,21415700
2025-02-04,699.0448,704.2291,688.2083,700.7264,13826300
2025-02-05,700.0896,714.6078,695.5719,701.4031,17778200
2025-02-06,702.4082,715.3641,700.0399,708.4881,13080700
2025-02-07,713.2744,721.4440,708.2492,711.0056,16427100
2025-02-10,715.0258,717.6528,707.8314,713.8715,12904300
2025-02-11,709.8117,720.1008,706.5478,716.2598,12998000
2025-02-12,711.7818,723.5238,709.0951,721.8123,12016500
2025-02-13,717.9712,725.4144,714.5083,724.9766,12569100
2025-02-14,722.5685,737.2658,722.0511,733.0467,16901200
2025-02-18,732.3800,733.3751,702.9654,712.8466,21938700
2025-02-19,700.6369,703.5226,691.9697,700.3085,17535500
2025-02-20,693.8505,702.1595,690.2284,691.4225,12587400
2025-02-21,693.1539,700.4081,679.0038,680.1880,15660400
2025-02-24,682.9046,683.8897,659.1918,664.8439,15677000
2025-02-25,662.6944,664.7145,638.7030,654.2661,20579700
2025-02-26,656.4055,679.6506,654.7636,670.3864,14488700
2025-02-27,679.0935,685.2630,654.3359,655.0026,12500000
2025-02-28,654.8035,666.3365,639.4394,664.9136,17534200
2025-03-03,670.3665,677.8993,647.6389,651.8281,10843800
2025-03-04,642.3351,646.5543,620.5827,636.8522,21495200
2025-03-05,637.8473,656.2563,634.5237,653.2412,13770000
2025-03-06,644.8128,647.3603,621.0403,624.8416,13446500
2025-03-07,622.2942,631.6678,597.6559,622.5827,21375700
2025-03-10,605.0793,607.1092,583.9835,595.0488,21999900
2025-03-11,592.1233,611.9055,590.4118,602.7309,17401500
2025-03-12,626.8019,630.2150,606.3530,616.5128,15747000
2025-03-13,617.1993,617.4480,583.6252,587.7349,16480300
2025-03-14,600.3688,606.4044,592.3812,605.1495,12364500
2025-03-17,605.0101,610.6273,595.5883,602.4604,15473900
2025-03-18,597.6299,597.8291,572.3423,580.0112,20297700
2025-03-19,581.9236,589.9311,572.4519,581.7044,20537500
2025-03-20,580.4097,607.7390,577.1728,583.6366,24336500
2025-03-21,581.0669,595.1300,578.6069,593.8452,25015900
2025-03-24,612.4897,620.0292,609.7309,616.3541,15741300
2025-03-25,624.2322,631.3235,618.6747,623.7840,15312500
2025-03-26,622.3697,624.2222,604.1634,608.5158,12609800
2025-03-27,599.5720,611.7726,597.6796,600.1497,10436500
2025-03-28,597.8888,599.3230,571.6052,574.4139,17602800
2025-03-31,561.2273,576.3661,551.0685,574.0355,21124700
2025-04-01,568.5378,587.5308,567.7011,583.6366,12836600
2025-04-02,572.5913,590.2697,571.0475,581.5749,13470800
2025-04-03,544.0170,550.3315,528.1613,529.4760,34777500
2025-04-04,504.5768,515.9109,492.2069,502.6944,38589800
2025-04-07,483.1435,537.1946,479.9564,514.1678,36606100
2025-04-08,541.0590,545.2221,500.8319,508.3913,28034200
2025-04-09,507.2160,585.5190,500.0849,583.4075,39216600
2025-04-10,573.1690,578.9555,533.1411,544.0867,28173500
2025-04-11,533.3503,545.1923,526.4582,541.3777,17642300
2025-04-14,553.9268,555.5204,526.1494,529.3364,14130900
2025-04-15,529.9639,535.7704,515.4128,519.4166,15558700
2025-04-16,506.4591,511.2995,493.6310,500.2841,18735100
2025-04-17,503.2123,505.2540,496.0015,499.4575,14593500
2025-04-21,489.3484,491.5097,477.8649,482.7053,16166000
2025-04-22,489.8862,504.8357,484.3984,498.2623,17399400
2025-04-23,526.3984,533.1809,514.4368,518.1717,18173900
2025-04-24,516.6379,531.7467,515.4129,530.9998,13910000
2025-04-25,544.5947,547.6423,534.0872,545.0628,17098900
2025-04-28,553.3991,556.2376,538.4098,547.5229,15179000
2025-04-29,543.7980,554.3253,541.9255,552.2039,11835000
2025-04-30,536.2286,546.8854,527.3645,546.7858,29244000
2025-05-01,589.6920,590.5585,568.1990,569.9022,31159000
2025-05-02,581.1069,601.9027,575.9976,594.6122,24739300
2025-05-05,588.8356,600.7773,585.6784,596.8531,13887700
2025-05-06,590.1403,593.6262,584.2143,584.9413,10600700
2025-05-07,587.9790,600.6477,584.3038,594.4030,13139100
2025-05-08,603.8447,608.8345,594.2137,595.5981,14622800
2025-05-09,601.2851,604.5220,589.3236,590.1004,10427300
2025-05-12,628.3753,637.8072,618.5253,636.8510,21965100
2025-05-13,642.9364,658.2544,640.2374,653.3842,18570800
2025-05-14,658.5433,659.9973,651.6711,656.7007,12348200
2025-05-15,651.6412,654.6590,636.0045,641.2831,14341800
2025-05-16,635.3870,637.8570,623.6246,637.7574,18519000
2025-05-19,625.7162,640.4067,625.2680,637.8470,9592400
2025-05-20,633.4449,636.7714,629.7100,634.5305,6743500
2025-05-21,629.2419,644.0021,627.6284,632.9370,11464600
2025-05-22,631.4928,640.6557,628.1663,634.0026,8228400
2025-05-23,621.4833,629.8992,620.1388,624.5309,8454100
2025-05-27,632.8472,640.4863,630.1980,639.7294,9508400
2025-05-28,640.0083,648.2550,639.9586,640.9844,9042900
2025-05-29,649.0218,650.6850,636.9208,642.4484,8858800
2025-05-30,639.9087,646.7908,630.2279,644.8785,16241000
2025-06-02,641.7911,670.5447,641.6616,668.1942,15766300
2025-06-03,668.7419,672.8553,662.3479,664.1605,11585000
2025-06-04,666.6205,686.2212,665.8736,685.1754,14031900
2025-06-05,688.8704,691.5795,679.4984,681.8588,13083100
2025-06-06,693.3622,699.9754,689.0795,694.8960,11728000
2025-06-09,695.6430,702.3458,691.1412,691.2607,12773200
2025-06-10,698.5213,700.3937,688.7708,699.5671,10850100
2025-06-11,700.8718,706.0110,689.1990,691.3404,9582500
2025-06-12,690.5038,692.5754,684.2292,690.5635,7322700
2025-06-13,685.1754,691.7687,678.2634,680.1159,9274400
2025-06-16,697.0454,704.8399,691.2444,699.8263,13720300
2025-06-17,699.7066,703.6636,693.7860,694.9522,10066100
2025-06-18,695.8992,699.2981,692.6299,693.4971,10068300
2025-06-20,698.4608,699.5273,676.4529,680.1208,22538600
2025-06-23,681.4565,696.7663,676.5326,696.2480,11080100
2025-06-24,702.5872,710.8601,699.8163,709.8734,13823200
2025-06-25,710.9897,714.2391,703.0757,706.3649,9320400
2025-06-26,712.0264,725.8411,708.7272,723.7181,13964800
2025-06-27,724.1466,733.0275,723.4888,731.2334,18775700
2025-06-30,742.1177,745.4568,731.8514,735.6788,15402100
2025-07-01,734.4728,735.3399,713.0330,716.8704,13431200
2025-07-02,712.9932,717.9469,710.4714,711.2390,9336700
2025-07-03,724.2363,726.6484,712.0861,716.6611,8601700
2025-07-07,715.2557,724.6250,711.1791,716.0032,9457100
2025-07-08,719.2128,720.5483,712.4748,718.3157,7770700
2025-07-09,720.3590,735.1207,720.3590,730.3862,11418000
2025-07-10,729.1602,733.3963,717.2492,724.8643,9913600
2025-07-11,720.1397,722.7910,707.3815,715.1660,10873900
2025-07-14,715.2557,725.6218,714.2092,718.5649,8939400
2025-07-15,721.5351,722.1032,707.5011,708.0693,11529500
2025-07-16,711.0395,711.6375,696.9856,700.6136,13067600
2025-07-17,702.0889,703.5940,694.8327,699.1186,11803300
2025-07-18,699.8960,702.4078,689.3905,701.9792,12779800
2025-07-21,704.4910,714.6577,703.4544,710.6408,9404400
2025-07-22,713.8503,714.2590,699.1186,702.5075,8921100
2025-07-23,704.0624,712.2955,702.6271,711.2489,8771600
2025-07-24,714.7076,721.2561,711.6675,712.4649,10920800
2025-07-25,714.5779,718.2958,709.5744,710.3518,8271700
2025-07-28,712.8636,722.3724,710.3518,715.2856,8715700
2025-07-29,717.6479,722.1033,697.6235,697.7133,13267000
2025-07-30,705.7768,706.1855,688.9420,692.9389,27077300
2025-07-31,772.6676,782.1864,763.0092,770.9133,38831100
2025-08-01,758.2448,763.4976,742.8752,747.5599,19028700
2025-08-04,757.5172,774.3122,755.9324,773.8337,15801700
2025-08-05,773.9135,780.5717,760.5074,760.9659,11640300
2025-08-06,767.4845,771.1127,757.9757,769.4680,9733900
2025-08-07,770.9631,772.4682,757.0687,759.3412,9019700
2025-08-08,760.2583,767.3849,756.1019,766.7869,7320800
2025-08-11,767.5643,770.9333,762.1719,763.3680,7612000
2025-08-12,770.4747,791.0772,769.9066,787.4192,14563100
2025-08-13,788.5654,792.8613,775.6876,777.5316,8811800
2025-08-14,775.3388,785.2363,769.9863,779.5749,8116200
2025-08-15,781.5884,793.6488,778.2692,782.6648,13375400
2025-08-18,772.5580,773.2756,754.0885,764.8632,16513700
2025-08-19,764.6139,764.6638,746.9120,749.0250,12286700
2025-08-20,745.1279,747.7493,728.6120,745.2773,11898200
2025-08-21,742.2772,743.0646,730.7151,736.6855,8876300
2025-08-22,736.8151,754.4274,731.9909,752.3242,10612700
2025-08-25,752.3542,756.4009,747.6795,750.8391,6861200
2025-08-26,748.3473,752.4040,745.4966,751.6365,7601800
2025-08-27,749.8424,751.6864,740.4133,744.9385,8315400
2025-08-28,741.5695,750.5899,738.3799,748.6562,7468000
2025-08-29,742.8453,744.6992,732.9477,736.2868,9070500
2025-09-02,723.6682,733.5957,719.3723,732.7086,9350900
2025-09-03,733.5957,737.8318,731.5922,734.6422,7699300
2025-09-04,746.1245,758.6734,743.3835,746.2043,11439100
2025-09-05,750.1614,755.4740,742.5962,749.9919,9663400
2025-09-08,753.5303,764.0059,749.5633,749.8423,13087800
2025-09-09,755.0154,763.7966,750.9687,763.1986,10999000
2025-09-10,762.6305,763.1986,748.5467,749.5234,12478300
2025-09-11,752.1847,754.6267,745.9252,748.4470,7923300
2025-09-12,746.2840,755.0952,741.3303,753.1216,8248600
2025-09-15,754.9954,771.5412,749.5333,762.2018,10533800
2025-09-16,764.4943,778.8074,762.6005,776.4551,11782500
2025-09-17,777.4419,780.7311,763.8066,773.1859,9400900
2025-09-18,778.1995,786.2033,770.8336,777.7011,10955000
2025-09-19,783.8509,788.2166,766.6772,775.8372,23696800
2025-09-22,779.8218,783.6917,762.4868,763.1750,11706900
2025-09-23,767.2545,768.6010,749.1217,753.4405,10872600
2025-09-24,755.5349,759.1356,750.5779,758.6867,8828200
2025-09-25,751.4955,754.8069,742.6185,746.9672,10591100
2025-09-26,748.0545,749.9795,735.4373,741.8207,9696300
2025-09-29,746.7778,748.8325,737.2326,741.4716,9246800
2025-09-30,740.3246,741.0427,724.4159,732.4750,16226800
2025-10-01,719.6184,719.9774,708.3577,715.4792,20419600
2025-10-02,720.7056,725.8822,716.2771,725.1640,11415300
2025-10-03,727.7373,729.1037,708.3377,708.7167,16154300
2025-10-06,703.3607,715.0204,688.7188,713.8035,21654700
2025-10-07,715.8581,716.6361,703.9192,711.2302,12062900
2025-10-08,711.5993,717.7833,705.9740,715.9780,10790600
2025-10-09,716.4168,731.6072,710.5919,731.6072,12717200
2025-10-10,729.0239,733.3627,702.6825,703.4704,16980100
2025-10-13,711.1604,718.0724,705.8043,713.8434,9251800
2025-10-14,705.9440,713.6938,697.5159,706.8117,8829800
2025-10-15,715.1999,722.0222,707.6695,715.6886,10246800
2025-10-16,715.6886,723.6080,702.0541,710.2228,9017000
2025-10-17,705.2458,716.6760,704.2883,715.0602,12232400
2025-10-20,719.3191,731.8665,718.3117,730.2706,8900200
2025-10-21,734.1108,736.5843,726.8596,731.3679,7647300
2025-10-22,731.9265,738.6789,722.1519,731.5075,8734500
2025-10-23,732.7941,740.4841,731.1983,732.0959,9856000
2025-10-24,734.8786,739.2872,729.2533,736.4446,9151300
2025-10-27,747.7851,753.7895,746.0696,748.8723,11321100
2025-10-28,750.6776,756.4326,743.5860,749.4907,12193800
2025-10-29,752.7921,757.1906,740.5838,749.7200,26818600
2025-10-30,667.4142,679.1936,648.4834,664.7411,88440100
2025-10-31,672.7603,673.1393,643.8954,646.6682,56953200
2025-11-03,654.2983,657.6196,634.5297,636.0557,33003600
2025-11-04,626.4108,640.0753,624.3861,625.6927,27356600
2025-11-05,630.6697,640.5640,624.9147,634.3003,20219900
2025-11-06,634.2005,634.3502,616.3968,617.3344,23628800
2025-11-07,614.8908,620.5162,599.6405,620.0973,29946800
2025-11-10,629.4530,633.3528,616.5066,630.1212,19245000
2025-11-11,626.3709,627.9269,617.7833,625.4533,13302200
2025-11-12,626.5006,627.3583,606.1934,607.4302,24493300
2025-11-13,611.4797,616.0478,601.4358,608.3079,20973800
2025-11-14,600.2289,612.0881,593.6560,607.8790,20724100
2025-11-17,607.4601,610.1032,593.8555,600.4484,16501300
2025-11-18,590.0654,602.0941,582.2657,596.1396,25500600
2025-11-19,592.1798,593.7857,579.7422,588.7887,24744700
2025-11-20,601.9345,605.1461,581.8367,587.6217,20603000
2025-11-21,586.9734,596.5685,580.3506,592.7085,21052600
2025-11-24,597.1668,615.1002,596.0797,611.4597,23554900
2025-11-25,622.3812,635.3974,616.6960,634.5695,25213000
2025-11-26,636.0358,636.7040,629.9915,631.9664,15209500
2025-11-28,634.4300,646.3689,633.8514,646.2692,11033200
2025-12-01,637.8909,643.6459,636.1055,639.2075,13029900
2025-12-02,640.6737,646.1893,636.4148,645.4213,11640900
2025-12-03,642.7383,647.1668,635.8961,637.9408,11134300
2025-12-04,674.2464,674.3461,658.3378,659.8140,29874600
2025-12-05,662.2775,672.9398,660.6717,671.6731,21207900
2025-12-08,667.6037,674.9546,663.3448,665.0703,13161000
2025-12-09,662.0481,662.7562,651.6452,655.2558,12997100
2025-12-10,648.2640,652.8122,641.7310,648.4435,16910900
2025-12-11,641.6212,653.5802,639.1377,651.0168,13056700
2025-12-12,648.1143,709.1555,636.9533,642.5587,14016900
2025-12-15,644.5503,651.8373,637.5627,646.3571,15549100
2025-12-16,642.3541,661.3602,642.0547,655.9799,14309100
2025-12-17,654.4426,660.0526,648.0441,648.3435,15598500
2025-12-18,655.8601,669.3660,655.2911,663.2669,20260300
2025-12-19,665.2333,669.8052,657.0080,657.5970,49977100
2025-12-22,660.4718,672.3806,655.4807,660.3221,15659400
2025-12-23,658.8747,664.8141,657.0779,663.7560,8486800
2025-12-24,661.3504,666.9903,661.0209,666.3614,5627500
2025-12-26,666.8704,667.7588,660.1424,662.1089,7133800
2025-12-29,656.8384,659.0744,653.2248,657.5172,8506500
2025-12-30,657.5171,671.0230,656.6687,664.7642,9187500
2025-12-31,663.5663,663.8159,658.2658,658.9147,7940400
2026-01-02,661.5500,663.2070,642.3542,649.2519,13726500
2026-01-05,649.8508,663.3567,646.5966,657.6169,12213700
2026-01-06,658.3956,664.3350,650.7393,659.4437,11074400
2026-01-07,654.4726,657.9764,643.6619,647.5350,12846300
2026-01-08,644.7299,645.9477,634.5880,644.9096,11921700
2026-01-09,644.2907,653.7837,641.7053,651.8971,11634900
2026-01-12,651.3682,652.8055,640.0882,640.8269,14797200
2026-01-13,641.1264,641.1264,622.9887,629.9663,18030400
2026-01-14,625.3844,627.3310,613.7252,614.4240,15527900
2026-01-15,617.3787,623.0586,613.1363,619.6946,13076100
2026-01-16,623.0686,627.9599,618.9759,619.1456,17012500
2026-01-20,606.7976,610.3114,598.9317,603.0443,15169600
2026-01-21,605.6596,617.1691,599.0115,611.8686,14494700
2026-01-22,628.2293,659.3938,625.4343,646.4768,21394700
2026-01-23,643.6220,665.3033,643.3025,657.5870,22797700
2026-01-26,663.9457,674.0776,660.1125,671.1628,16327400
2026-01-27,673.3888,675.6148,663.4765,671.7717,13297400
2026-01-28,673.2990,676.4733,664.9139,667.5392,25709600
2026-01-29,736.1169,742.6752,711.2812,736.9954,59852900
2026-01-30,726.2046,730.8663,712.3194,715.2242,23744600
2026-02-02,713.3275,720.0156,702.2673,705.1521,14365200
2026-02-03,706.1104,715.7233,685.1877,690.4683,13760700
2026-02-04,686.5054,687.6035,666.2715,667.7988,16882800
2026-02-05,662.3984,680.2865,652.3363,669.0166,17131800
2026-02-06,664.3050,670.7934,645.3488,660.2822,18159300
2026-02-09,661.9991,682.0933,657.6070,676.0141,14837500
2026-02-10,676.3935,679.4381,668.5974,669.5257,10455800
2026-02-11,672.7999,678.0605,655.9299,667.4993,14323800
2026-02-12,668.7770,674.7963,644.1311,648.6530,14960100
2026-02-13,643.9513,650.2701,633.4401,638.6309,12336400
2026-02-17,638.3613,641.4557,627.6803,638.1516,12674700
2026-02-18,632.6714,643.8515,627.0315,642.0746,14649200
2026-02-19,637.4329,646.0376,635.5862,643.6319,10035700
2026-02-20,638.5510,662.1688,637.6426,654.4925,14183500
2026-02-23,651.3780,656.5289,634.8675,636.1153,8605900
2026-02-24,631.9527,639.9684,627.8600,638.1616,10135600
2026-02-25,641.3860,652.7157,640.9966,652.5261,11330700
2026-02-26,649.3916,659.8230,646.3471,655.8401,10637700
2026-02-27,642.3043,648.2836,636.9838,647.0259,15703000
2026-03-02,636.0254,658.7649,633.3702,652.3962,9816100
2026-03-03,647.1356,657.8665,637.7025,653.9136,12263800
2026-03-04,656.7885,671.5721,656.4989,666.5410,10810100
2026-03-05,660.7514,669.5058,649.1521,659.3938,13341400
2026-03-06,646.7464,648.3135,634.9773,643.7117,13159400
2026-03-09,633.6498,646.5966,625.6640,646.2373,13489700
2026-03-10,652.3962,659.1242,647.8444,652.9053,9859300
2026-03-11,653.5941,657.9463,647.2055,653.6939,8977200
2026-03-12,647.5948,652.3364,635.7660,637.0436,11617500
2026-03-13,622.7791,628.0496,608.4646,612.6172,18957600
2026-03-16,631.4148,634.1622,622.5230,626.8690,15134900
2026-03-17,627.4085,635.9606,621.1244,622.0834,10348800
2026-03-18,615.7693,622.0735,614.0409,615.1099,11726300
2026-03-19,611.5832,612.4324,601.7024,606.1382,13247700
2026-03-20,602.9712,603.4008,586.7063,593.1103,21214900
2026-03-23,605.2290,608.0764,598.4554,603.5007,13638000
2026-03-24,598.5452,600.4435,590.4528,592.3710,10739700
2026-03-25,598.1856,603.1110,592.8506,594.3392,12585000
2026-03-26,581.9506,582.4601,542.8468,547.0330,35780100
2026-03-27,539.5998,543.0966,519.7782,525.2332,30133000
2026-03-30,535.8834,539.0504,528.0506,535.8834,22795200
2026-03-31,549.4707,573.1588,546.2637,571.6002,32898300
2026-04-01,579.5929,592.0013,573.2887,578.6937,23608100
2026-04-02,565.5159,577.9643,559.1818,573.9281,13518500
2026-04-06,577.1551,582.2504,571.4704,572.4894,9515700
2026-04-07,571.9499,574.6973,564.2371,574.5175,9580800
2026-04-08,605.4389,629.3667,591.2820,611.8529,32036600
2026-04-09,626.3894,636.9097,622.4231,627.8082,19012900
2026-04-10,633.8824,637.9887,623.7519,629.2767,13294800
2026-04-13,628.9171,634.4120,623.8219,633.9425,9538900
2026-04-14,642.6244,665.6431,638.7779,661.8765,17818000
2026-04-15,666.3824,677.8718,663.6050,670.9582,14952600
2026-04-16,675.3640,676.9526,667.1317,676.2432,9544800
2026-04-17,677.9716,690.8797,674.5049,687.9124,16283500
2026-04-20,680.7291,682.7472,667.3815,670.2888,12534000
2026-04-21,670.3787,675.5739,666.7121,668.2207,8660100
2026-04-22,673.7356,677.7519,669.1298,674.0952,9215600
2026-04-23,663.0854,668.9400,652.4453,658.5397,11667000
2026-04-24,659.7086,680.0397,653.2346,674.4050,13348300
2026-04-27,670.3787,681.8681,670.2189,677.9916,12805200
2026-04-28,673.6157,677.5520,665.0136,670.7184,10606800
2026-04-29,668.2906,673.6257,663.1953,668.5004,18947500
2026-04-30,618.7466,620.2751,599.4444,611.3434,52765000
2026-05-01,614.1208,618.3070,605.5488,608.1863,21404000
2026-05-04,607.3771,613.4315,602.1919,609.8448,16203900
2026-05-05,612.7421,613.7811,599.8041,604.3998,17171300
2026-05-06,600.4934,619.3760,597.5462,612.3125,19915500
2026-05-07,614.1507,624.4012,612.9718,616.2388,12307400
2026-05-08,614.6303,616.1989,605.4988,609.0655,13557000
2026-05-11,604.0102,604.3499,597.5262,598.3055,15940600
2026-05-12,594.2692,603.1910,592.0513,602.4417,11351600
2026-05-13,598.2755,619.3260,596.1075,616.0590,14634400
2026-05-14,615.4296,623.1524,614.4305,617.8574,10651200
2026-05-15,613.4215,620.6248,608.7458,613.6613,13272600
2026-05-18,608.5460,615.0200,603.1310,610.6440,13772400
2026-05-19,608.3562,613.3615,599.9939,602.0520,11749900
2026-05-20,600.2037,607.4370,597.2565,604.4998,11329700
2026-05-21,599.4444,609.0355,594.2592,606.8176,13476100
2026-05-22,607.3171,614.2407,606.3880,609.6949,11688600
2026-05-26,608.3262,613.9010,604.7395,611.7730,12234200
2026-05-27,608.8358,637.9088,608.4361,634.6718,23143600
2026-05-28,638.9078,642.4046,628.7273,634.7017,16772400
2026-05-29,632.9134,633.9125,622.7728,631.9243,19806500
2026-06-01,629.8163,635.1613,598.9749,599.9139,29138800
2026-06-02,602.6814,608.3162,596.1275,597.0766,18252000
2026-06-03,602.4417,623.5721,599.7142,622.4031,23020100
2026-06-04,623.0925,641.8052,621.8536,626.9889,21469200
2026-06-05,622.8827,628.5675,582.3702,592.4509,30091600
2026-06-08,591.4518,591.4518,578.6836,584.8480,19512400
2026-06-09,590.4527,597.0766,580.4720,584.0487,16977400
2026-06-10,580.1923,590.7725,570.0716,570.4513,17064000
2026-06-11,565.3061,571.6402,556.4942,567.9036,17628000
2026-06-12,572.4195,575.5366,560.3806,566.4550,14326400
2026-06-15,579.9000,601.2700,579.3000,593.4800,17653300
2026-06-16,593.6500,605.8100,592.0000,600.2100,11344400
2026-06-17,592.0000,593.8100,566.1900,567.5800,20478300
2026-06-18,572.8200,580.2200,563.1000,577.2200,28824600
2026-06-22,572.0200,575.8100,559.8100,563.8500,15405500
2026-06-23,562.2500,572.2000,561.0200,562.2000,13103300
2026-06-24,561.8900,569.0400,555.5500,557.6700,13963600
2026-06-25,555.5500,556.3400,540.1800,542.8700,16968600
2026-06-26,543.3400,556.8500,540.4000,550.2500,18867700
2026-06-29,560.0000,570.9000,558.0000,562.6000,15011400
2026-06-30,560.9400,565.5400,551.4300,563.2900,18111100
2026-07-01,607.9100,628.2800,595.1000,612.9100,45536300
2026-07-02,607.9000,610.0000,580.4200,582.9000,21705900
2026-07-06,594.8400,603.5800,581.7600,600.2900,17674100
2026-07-07,607.5900,625.3700,603.6600,615.5800,18560800
2026-07-08,614.3900,616.0000,598.0100,603.1200,13606500
2026-07-09,583.9900,633.2700,577.0700,631.4800,26579700
2026-07-10,660.3400,677.8600,658.0100,669.2100,40608900
2026-07-13,661.3800,676.6200,654.2000,656.7300,19840700
2026-07-14,652.0000,666.5000,649.0500,661.0400,16748200
2026-07-15,663.6000,686.0800,656.6600,681.3100,19003400
2026-07-16,677.2800,681.9000,660.1600,664.5400,15816000
2026-07-17,647.7000,652.2000,626.0000,646.0100,22219700
2026-07-20,646.7000,653.3000,636.0105,645.8500,9924164
