Date,Open,High,Low,Close,Volume
2016-07-21,49.4935,49.7145,49.2990,49.3344,32776700
2016-07-22,49.5819,50.0682,49.3167,50.0152,32157200
2016-07-25,49.9267,50.1655,49.7411,50.1566,25610600
2016-07-26,49.9709,50.6517,49.9621,50.1831,28079000
2016-07-27,50.0505,50.2185,49.6085,49.6792,32327500
2016-07-28,49.5112,49.8383,49.2636,49.6969,37550400
2016-07-29,49.7411,50.1831,49.5554,50.1124,30558700
2016-08-01,50.0417,50.1743,49.6350,50.0240,26003400
2016-08-02,50.2627,50.3069,49.7853,50.0240,35122000
2016-08-03,50.1124,50.4926,49.9444,50.3688,22075600
2016-08-04,50.2185,50.8551,50.1035,50.7401,26587700
2016-08-05,50.9700,51.4651,50.7932,51.2441,29335200
2016-08-08,51.3325,51.3590,51.0849,51.3325,19473500
2016-08-09,51.4297,51.7215,51.2971,51.4563,16920700
2016-08-10,51.4209,51.5624,51.1203,51.2971,15756900
2016-08-11,51.3060,51.6773,51.3060,51.5447,18162300
2016-08-12,51.3060,51.4474,50.9435,51.2264,21655200
2016-08-15,51.2883,51.7215,51.2441,51.3856,19283900
2016-08-16,51.2521,51.2610,50.9496,51.1009,20523500
2016-08-17,51.1898,51.3144,50.9140,51.2076,18856400
2016-08-18,51.0831,51.3322,50.9496,51.2432,14214300
2016-08-19,51.0920,51.3589,50.8874,51.2610,17271000
2016-08-22,51.2432,51.3766,50.9407,51.3055,15221900
2016-08-23,51.5101,51.7592,51.4656,51.5012,18732400
2016-08-24,51.4211,51.6346,51.3500,51.5546,18151500
2016-08-25,51.4923,51.8570,51.4033,51.7503,18552600
2016-08-26,51.8482,52.2218,51.3233,51.6257,20971200
2016-08-29,51.7592,52.1328,51.6880,51.6880,16417200
2016-08-30,51.5813,51.7681,51.2521,51.5012,16930200
2016-08-31,51.2877,51.4211,50.9763,51.1186,20860300
2016-09-01,50.7183,51.4389,50.7183,51.2343,26075400
2016-09-02,51.3055,51.7681,51.0831,51.3055,18900500
2016-09-06,51.4033,51.4211,50.8962,51.2521,16278400
2016-09-07,51.1275,51.4567,51.0742,51.2966,17493400
2016-09-08,51.2699,51.4122,50.8695,51.0920,20146100
2016-09-09,50.5226,51.1720,50.0066,50.0066,35113900
2016-09-12,49.8198,50.8962,49.4728,50.7539,29303000
2016-09-13,50.2646,50.3980,49.8643,50.2913,30130200
2016-09-14,50.1667,50.3803,49.8465,50.0511,24062500
2016-09-15,49.9532,51.0208,49.8020,50.8784,26847000
2016-09-16,51.2699,51.2699,50.4870,50.9318,44607000
2016-09-19,50.9496,51.3766,50.5760,50.6471,20937100
2016-09-20,51.0208,51.0208,50.4870,50.5404,17384000
2016-09-21,51.1631,51.4656,50.7806,51.3855,33707300
2016-09-22,51.5279,51.5991,51.2699,51.4389,19822200
2016-09-23,51.4834,51.5190,51.0475,51.0920,19955300
2016-09-26,50.7806,50.8340,50.5582,50.6205,21688700
2016-09-27,50.6471,51.6524,50.4247,51.5546,28065100
2016-09-28,51.4923,51.6524,51.3055,51.6257,20536400
2016-09-29,51.4300,51.7503,50.8962,51.0653,25463500
2016-09-30,51.2165,51.3944,51.0119,51.2432,29910800
2016-10-03,51.0742,51.1987,50.7628,51.0831,19189500
2016-10-04,50.9496,51.2432,50.6827,50.9229,20085900
2016-10-05,50.9674,51.5635,50.9407,51.2788,16726400
2016-10-06,51.3678,51.4745,50.9585,51.3678,16212600
2016-10-07,51.4656,51.5813,51.0831,51.4211,20089000
2016-10-10,51.5190,51.9460,51.4834,51.6347,18196500
2016-10-11,51.5012,51.6168,50.6115,50.8784,26497400
2016-10-12,50.8073,50.9496,50.1756,50.8073,22177500
2016-10-13,50.4425,50.9763,50.1045,50.6382,25313700
2016-10-14,50.8162,51.3678,50.8162,51.0831,27402500
2016-10-17,51.0297,51.1186,50.5938,50.9051,23830000
2016-10-18,51.1809,51.5546,51.0742,51.2966,19149500
2016-10-19,51.1275,51.4567,51.0653,51.1809,22878400
2016-10-20,51.1542,51.1720,50.4069,50.9318,49455600
2016-10-21,53.6274,53.7787,52.9246,53.0759,80032200
2016-10-24,53.3249,54.2680,53.3161,54.2680,54067000
2016-10-25,54.1345,54.5971,54.0900,54.2591,35137200
2016-10-26,54.0989,54.4459,53.7965,53.9388,29911600
2016-10-27,53.9210,54.1167,53.4584,53.4673,28479900
2016-10-28,53.3872,53.8409,53.0047,53.2627,33574700
2016-10-31,53.5207,53.7520,53.3072,53.3072,26434700
2016-11-01,53.3516,53.3961,52.7111,53.2004,24533000
2016-11-02,53.2182,53.3161,52.7556,52.8712,22147000
2016-11-03,52.9602,53.0581,52.5866,52.6755,21600400
2016-11-04,52.1773,52.7378,52.0617,52.2307,28697000
2016-11-07,53.1826,53.8410,53.1826,53.7520,31664800
2016-11-08,53.8676,54.0722,53.5118,53.7965,22935400
2016-11-09,53.3783,53.9032,52.6666,53.5296,49632500
2016-11-10,53.8054,53.8143,51.2699,52.2218,57822400
2016-11-11,51.8037,52.5954,51.6079,52.5065,38767800
2016-11-14,52.5065,52.5599,50.9585,51.7058,41328400
2016-11-15,52.2432,53.2822,52.2342,52.7269,35904100
2016-11-16,52.7896,53.4344,52.6731,53.4255,27332500
2016-11-17,54.1062,54.5898,53.7121,54.3121,32132700
2016-11-18,54.4375,54.7600,54.0076,54.0524,27686300
2016-11-21,54.1868,54.6077,54.1151,54.5092,19652600
2016-11-22,54.6167,54.8674,54.4644,54.7421,23206700
2016-11-23,54.6435,54.7241,53.9628,54.0972,21848900
2016-11-25,54.0076,54.2136,53.8554,54.2136,8409600
2016-11-28,54.0435,54.6525,53.9270,54.2853,20732600
2016-11-29,54.3211,55.0018,54.2047,54.7152,22366700
2016-11-30,54.5092,54.7958,53.9360,53.9718,34655400
2016-12-01,53.8374,53.8733,52.7895,53.0224,34542100
2016-12-02,52.9149,53.2642,52.6642,53.0672,25515700
2016-12-05,53.4702,54.2674,53.3448,53.9360,23552700
2016-12-06,54.1241,54.1509,53.5598,53.6942,19907000
2016-12-07,53.7479,54.9749,53.5598,54.9660,30809000
2016-12-08,54.9033,55.1541,54.4913,54.6435,21220800
2016-12-09,54.7958,55.5213,54.7510,55.5034,27349400
2016-12-12,55.3690,55.7989,55.2794,55.6825,20198100
2016-12-13,55.9780,56.8020,55.7452,56.4080,35718900
2016-12-14,56.4259,56.8289,56.0049,56.1393,30352700
2016-12-15,56.1572,56.5602,55.7989,56.0497,27669900
2016-12-16,56.3811,56.3811,55.6377,55.7989,42453100
2016-12-19,56.0318,57.1155,55.9064,56.9812,34338200
2016-12-20,57.0439,57.1424,56.4528,56.9095,26028400
2016-12-21,56.8110,57.0528,56.5334,56.9095,17096300
2016-12-22,57.1782,57.4111,56.7931,56.9185,22176600
2016-12-23,56.8289,56.9095,56.2467,56.6408,12403800
2016-12-27,56.6140,57.3842,56.6140,56.6767,11763200
2016-12-28,56.7841,56.7841,56.2736,56.4169,14653300
2016-12-29,56.3005,56.6050,56.1840,56.3363,10250600
2016-12-30,56.3901,56.4169,55.5571,55.6556,25579900
2017-01-03,56.2378,56.2826,55.6467,56.0497,20694100
2017-01-04,55.9601,56.2020,55.6377,55.7989,21340000
2017-01-05,55.7004,56.1214,55.5571,55.7989,24876000
2017-01-06,55.7989,56.5602,55.5661,56.2826,19922900
2017-01-09,56.2109,56.4975,56.0139,56.1035,20382700
2017-01-10,56.1841,56.4886,55.7810,56.0855,18593000
2017-01-11,56.0766,56.6319,55.9154,56.5960,21517300
2017-01-12,56.4796,56.7841,55.4854,56.0766,20968200
2017-01-13,56.0855,56.3094,55.8437,56.1572,19422300
2017-01-17,56.1393,56.1572,55.5571,56.0049,20664000
2017-01-18,56.1303,56.1572,55.6377,55.9780,19670100
2017-01-19,55.7452,56.4080,55.7094,55.7989,18451700
2017-01-20,56.1303,56.2647,55.8616,56.1930,30213500
2017-01-23,56.1572,56.5334,56.0408,56.3901,23097600
2017-01-24,56.6050,57.0887,56.3721,56.8916,24672900
2017-01-25,57.2767,57.4111,56.8289,57.0349,23672700
2017-01-26,57.4290,57.8052,56.9185,57.5633,43554600
2017-01-27,58.5665,59.0322,58.1187,58.9158,44818000
2017-01-30,58.8352,58.9247,58.0381,58.3336,31651400
2017-01-31,58.0918,58.3515,57.5544,57.9037,25270500
2017-02-01,57.6440,57.8768,56.8468,56.9454,39671500
2017-02-02,56.6498,56.7931,56.2020,56.5781,45827000
2017-02-03,56.8737,57.0528,56.4886,57.0349,30301800
2017-02-06,56.8737,57.0081,56.5513,56.9991,19796400
2017-02-07,57.0886,57.1245,56.6319,56.8110,20277200
2017-02-08,56.9364,57.1514,56.6229,56.7304,18096400
2017-02-09,56.8916,57.7156,56.7125,57.3753,22644400
2017-02-10,57.5454,57.5902,57.3036,57.3215,18170700
2017-02-13,57.5365,58.0918,57.4380,57.9664,22920100
2017-02-14,58.0385,58.3178,57.6871,58.1827,23108400
2017-02-15,58.1196,58.1827,57.8132,58.1466,17005200
2017-02-16,58.3358,58.7864,58.0655,58.1376,20546300
2017-02-17,58.0926,58.2908,57.9394,58.2277,21248800
2017-02-21,58.2187,58.5251,58.0745,58.1106,20655900
2017-02-22,57.9664,58.0205,57.7141,57.9934,19292700
2017-02-23,58.0475,58.3268,57.8403,58.2277,20273100
2017-02-24,58.1466,58.3899,57.7952,58.2277,21796800
2017-02-27,58.1556,58.1556,57.7141,57.8763,15871500
2017-02-28,57.7411,57.8493,57.4528,57.6510,23239800
2017-03-01,57.7862,58.5611,57.6871,58.5161,26937500
2017-03-02,58.2908,58.3449,57.5609,57.6781,24539600
2017-03-03,57.6600,57.9213,57.3266,57.8943,18135900
2017-03-06,57.6420,58.1736,57.4978,57.9123,18750300
2017-03-07,57.8403,58.3719,57.8403,58.0295,18521000
2017-03-08,57.9033,58.6422,57.8943,58.5611,21510900
2017-03-09,58.7413,58.7503,58.1016,58.3268,19846800
2017-03-10,58.6692,58.8044,58.3448,58.5070,19538200
2017-03-13,58.5791,58.7413,58.1826,58.3088,20100000
2017-03-14,58.1466,58.1646,57.8042,58.0385,14280200
2017-03-15,58.1646,58.4980,57.8943,58.3449,24833800
2017-03-16,58.3448,58.3539,57.9394,58.2457,20674300
2017-03-17,58.4890,58.7864,58.2818,58.4530,49219700
2017-03-20,58.4890,58.7323,58.3178,58.5070,14598100
2017-03-21,58.7413,59.0207,57.7862,57.8583,26640500
2017-03-22,57.7772,58.6963,57.7772,58.5971,20680000
2017-03-23,58.5160,58.7864,58.3629,58.4530,19269200
2017-03-24,58.8945,58.9756,58.3539,58.5521,22617100
2017-03-27,58.2367,58.7684,57.9844,58.6602,18614700
2017-03-28,58.5341,58.9936,58.2547,58.8314,20080400
2017-03-29,58.6783,59.0207,58.5251,58.9936,13618400
2017-03-30,58.9486,59.4532,58.8945,59.2099,15122800
2017-03-31,59.1558,59.6424,58.9756,59.3450,21040300
2017-04-03,59.3000,59.4171,58.7413,59.0657,20400900
2017-04-04,58.9216,59.3000,58.8224,59.2279,12997400
2017-04-05,59.7415,59.7866,58.9666,59.0747,21448600
2017-04-06,59.1108,59.5253,59.0027,59.2279,18103500
2017-04-07,59.3360,59.4352,58.9666,59.1829,14108500
2017-04-10,59.1198,59.3090,58.8945,59.0477,17952700
2017-04-11,59.1108,59.1198,58.4349,59.0026,18791500
2017-04-12,58.9486,59.0297,58.6692,58.7774,17108500
2017-04-13,58.8314,59.3450,58.5251,58.5251,17896500
2017-04-17,58.6062,59.0116,58.5791,59.0026,16689300
2017-04-18,58.8675,59.2099,58.7143,58.9215,15155600
2017-04-19,59.1558,59.2459,58.4710,58.6062,26992800
2017-04-20,58.9846,59.2459,58.6963,59.0207,22299500
2017-04-21,59.1738,60.1020,58.9756,59.8316,32522600
2017-04-24,60.8048,60.9670,60.4624,60.8499,29770000
2017-04-25,61.1832,61.3094,60.9129,61.2013,30242700
2017-04-26,61.3455,61.5527,60.9310,61.1202,26190800
2017-04-27,61.4085,61.6158,60.8949,61.5167,34971000
2017-04-28,62.0933,62.3006,60.9940,61.6879,39548800
2017-05-01,61.8861,62.6700,61.7239,62.5439,31954400
2017-05-02,62.8142,62.8142,62.2916,62.4448,23906100
2017-05-03,62.5168,62.5168,61.9131,62.2465,28928000
2017-05-04,62.2015,62.2466,61.8501,62.0033,21749400
2017-05-05,62.0843,62.2015,61.7149,62.1744,19128800
2017-05-08,62.1474,62.2195,61.6518,62.1204,18566100
2017-05-09,62.0483,62.4267,61.8861,62.2105,22858400
2017-05-10,62.1654,62.6791,62.1024,62.4538,17977800
2017-05-11,61.5978,61.9312,61.3815,61.6879,28789400
2017-05-12,61.8230,61.8230,61.3094,61.6158,18714100
2017-05-15,61.3995,61.7059,60.8859,61.6608,31530300
2017-05-16,61.8330,62.9296,61.7696,62.9024,34956000
2017-05-17,62.4311,62.6214,61.1080,61.1533,30548800
2017-05-18,61.0808,61.7424,60.8452,61.3618,25201300
2017-05-19,61.1714,61.7152,61.1080,61.3436,26961100
2017-05-22,61.5249,62.0777,61.1714,62.0324,16237600
2017-05-23,62.2771,62.3043,61.9689,62.2408,15425800
2017-05-24,62.4130,62.4221,62.0324,62.3224,14593900
2017-05-25,62.5036,63.3283,62.4493,63.0927,21854100
2017-05-26,63.2558,63.6364,63.0020,63.4008,19827900
2017-05-30,63.2468,63.8086,63.2286,63.8086,17072800
2017-05-31,63.9174,64.1077,63.2649,63.2921,30436400
2017-06-01,63.6545,63.9899,62.9386,63.5277,21603600
2017-06-02,63.8358,65.1227,63.6545,65.0320,34770300
2017-06-05,65.2224,66.0561,65.0774,65.5033,33316800
2017-06-06,65.5214,65.8114,65.4942,65.7208,31511100
2017-06-07,65.8296,65.9474,65.2042,65.6030,22301800
2017-06-08,65.7117,65.7208,64.7964,65.2042,24588300
2017-06-09,65.2858,65.3220,62.1593,63.7271,49187400
2017-06-12,62.7574,63.3827,61.7424,63.2377,47761700
2017-06-13,63.4552,64.1802,63.4008,64.0261,25258600
2017-06-14,64.2617,64.4339,62.9205,63.6817,25510700
2017-06-15,62.7755,63.6274,62.3496,63.3464,26068700
2017-06-16,63.1924,63.4642,62.7302,63.4370,48345100
2017-06-19,63.8902,64.2889,63.7542,64.2255,23798300
2017-06-20,64.1802,64.2255,63.3192,63.3555,21512200
2017-06-21,63.6274,63.9989,63.3827,63.6817,19891100
2017-06-22,63.9264,63.9717,63.1742,63.6727,22965700
2017-06-23,63.5186,64.5699,63.3646,64.5336,27617300
2017-06-26,64.7058,64.9867,63.8358,63.9174,19607000
2017-06-27,63.5367,63.6002,62.6939,62.7211,25215100
2017-06-28,62.7211,63.2920,62.3405,63.2558,25806200
2017-06-29,62.8752,62.9749,61.7061,62.0686,28918700
2017-06-30,62.3315,62.8752,62.2952,62.4674,24161100
2017-07-03,62.8299,63.0746,61.6427,61.7787,16165500
2017-07-05,61.8602,62.9296,61.8239,62.6033,21176300
2017-07-06,61.8693,62.3314,61.7333,62.1411,21117600
2017-07-07,62.2589,63.2921,62.2589,62.9477,16878300
2017-07-10,62.9477,63.6636,62.7121,63.4189,15014500
2017-07-11,63.4371,64.0533,63.2105,63.4280,17460000
2017-07-12,64.0624,64.5970,63.9355,64.4792,17750900
2017-07-13,64.7964,65.2858,64.6242,65.0411,20269800
2017-07-14,65.4670,66.4005,65.2133,65.9564,25868100
2017-07-17,65.9746,66.5636,65.9021,66.4730,21803900
2017-07-18,66.2373,66.5092,65.8477,66.4277,26435300
2017-07-19,66.6089,67.0983,66.5636,66.9352,22416200
2017-07-20,67.2252,67.3339,66.4095,67.2614,42361000
2017-07-21,66.5636,67.3248,66.3098,66.8717,46717100
2017-07-24,66.6361,66.8355,66.2736,66.6995,21394800
2017-07-25,66.8808,67.3430,66.6089,67.2342,22018700
2017-07-26,67.3702,67.4064,66.8898,67.1074,16252200
2017-07-27,66.8445,67.4427,65.5395,66.3008,36844200
2017-07-28,65.8567,66.4367,65.7389,66.1920,18306700
2017-07-31,66.4277,66.5545,65.6211,65.8839,23600100
2017-08-01,66.2464,66.5364,65.6936,65.7752,22132300
2017-08-02,65.7480,65.7570,64.7420,65.4852,26499200
2017-08-03,65.4217,65.6483,65.1136,65.3855,18214400
2017-08-04,65.6121,66.1921,65.4671,65.8658,22579000
2017-08-07,65.9745,66.0652,65.4852,65.6120,18705700
2017-08-08,65.3311,66.2736,65.0230,65.9655,22044600
2017-08-09,65.4761,65.7117,65.2948,65.6755,22213400
2017-08-10,65.1589,65.4217,64.6605,64.7149,24734500
2017-08-11,64.8961,65.8839,64.5971,65.7027,21443700
2017-08-14,66.2102,66.8083,66.1105,66.6905,20096600
2017-08-15,67.0458,67.0458,66.5447,66.7087,19181400
2017-08-16,66.8180,67.5104,66.6631,67.1004,18150400
2017-08-17,67.0367,67.3009,65.9616,65.9616,22977500
2017-08-18,65.8432,66.3625,65.5334,66.0436,18761500
2017-08-21,66.0254,66.0345,65.3239,65.7338,17734800
2017-08-22,65.9161,66.7269,65.9161,66.6540,14343700
2017-08-23,66.4718,66.6449,66.0801,66.2532,13766500
2017-08-24,66.2714,66.3807,65.6610,66.2259,17098300
2017-08-25,66.3807,66.8271,66.0345,66.3443,12794300
2017-08-28,66.5629,66.5902,66.0983,66.3534,14569700
2017-08-29,65.8249,66.6540,65.6427,66.5538,11478400
2017-08-30,66.5174,67.6107,66.3534,67.4284,16897800
2017-08-31,67.4467,68.2939,67.2371,68.1208,27652800
2017-09-01,68.0662,68.0935,67.0913,67.3647,21736200
2017-09-05,66.8180,67.3191,66.4901,67.0640,21556000
2017-09-06,67.1825,67.4558,66.8271,66.8727,16535800
2017-09-07,67.1278,67.9660,67.0549,67.7291,17471200
2017-09-08,67.7200,67.8202,67.2735,67.4011,14703800
2017-09-11,67.7017,68.2757,67.7017,68.1117,17910400
2017-09-12,68.1117,68.5490,67.7564,68.0388,14394900
2017-09-13,68.2666,68.5400,67.9204,68.5217,13380800
2017-09-14,68.3304,68.7768,67.8931,68.1208,15733900
2017-09-15,68.1755,68.6857,67.4831,68.6128,38578400
2017-09-18,68.5399,69.2141,68.3668,68.4762,23307000
2017-09-19,68.5217,68.9773,68.3395,68.7313,16093300
2017-09-20,68.6493,68.8315,67.7018,68.2758,21587900
2017-09-21,68.4306,68.5491,67.5195,67.6106,19186100
2017-09-22,67.4102,67.8840,67.2827,67.7929,14111400
2017-09-25,67.5013,67.6471,66.4354,66.7451,24149200
2017-09-26,67.1187,67.2462,66.4991,66.7451,18019600
2017-09-27,67.0093,67.5742,66.6631,67.2827,19565100
2017-09-28,67.0003,67.3920,66.7907,67.3009,10883800
2017-09-29,67.3647,67.9113,67.3100,67.8658,17079100
2017-10-02,68.0662,68.3395,67.6927,67.9751,15304800
2017-10-03,68.0297,68.2211,67.5924,67.6562,12190400
2017-10-04,67.5013,68.0753,67.1551,68.0480,13317700
2017-10-05,68.5308,69.3508,68.2939,69.2141,21195300
2017-10-06,68.9408,69.2688,68.8224,69.2415,13959800
2017-10-09,69.2141,69.7426,69.1139,69.5057,11386500
2017-10-10,69.5421,69.8155,69.3690,69.5057,13944500
2017-10-11,69.5695,69.6606,69.1959,69.6241,15388900
2017-10-12,69.6879,70.4168,69.5786,70.2619,16876500
2017-10-13,70.6901,70.9452,70.4167,70.5990,15335700
2017-10-16,70.5352,70.8905,70.4714,70.7448,12380100
2017-10-17,70.5807,70.7174,70.3803,70.6901,16824000
2017-10-18,70.7630,70.9270,70.4897,70.7083,13300700
2017-10-19,70.6719,70.9998,70.4714,70.9816,15092800
2017-10-20,71.3552,71.9473,71.2640,71.8016,22866400
2017-10-23,71.9656,72.2845,71.7560,71.8198,20627200
2017-10-24,71.8836,72.1569,71.4827,71.8472,17517200
2017-10-25,71.5921,72.0658,71.0727,71.6376,20410800
2017-10-26,72.1569,72.3573,71.7469,71.7560,32120700
2017-10-27,76.8671,78.5344,76.1747,76.3569,71066700
2017-10-30,76.2567,76.8307,75.7192,76.4298,31756700
2017-10-31,76.8580,76.8580,75.7192,75.7830,27086600
2017-11-01,76.2385,76.3114,75.5096,75.7830,22307400
2017-11-02,75.9379,76.9491,75.7283,76.5756,23992900
2017-11-03,76.6029,77.0220,75.9834,76.6576,17633500
2017-11-06,76.7123,77.1678,76.6029,76.9583,19860900
2017-11-07,77.2316,77.3500,76.4663,76.7760,17939700
2017-11-08,76.6576,77.0858,76.3752,77.0403,18034200
2017-11-09,76.6303,76.7760,75.5279,76.6121,21178400
2017-11-10,76.3387,76.6211,75.8285,76.4116,19397800
2017-11-13,76.2203,76.4754,76.0381,76.4663,14196900
2017-11-14,76.0745,76.6212,75.6008,76.5756,18801300
2017-11-15,76.4291,76.6306,75.7149,75.9804,19383100
2017-11-16,76.0903,76.3833,75.9438,76.1819,20962800
2017-11-17,76.1086,76.1086,75.3029,75.4494,22079000
2017-11-20,75.4493,75.6233,75.3120,75.5684,16315000
2017-11-21,75.7607,76.7679,75.7607,76.6580,21237500
2017-11-22,76.7587,76.8228,76.0354,76.0995,20553100
2017-11-24,76.0079,76.3925,75.7973,76.2368,7425600
2017-11-27,76.2826,76.8961,76.2734,76.7954,18265200
2017-11-28,76.9785,77.8850,76.9327,77.7202,21926000
2017-11-29,77.5645,77.7568,76.1636,76.3101,27381100
2017-11-30,76.4657,77.3905,76.3101,77.0700,33054600
2017-12-01,76.5481,77.6561,76.2002,77.1525,29532100
2017-12-04,77.2990,77.3081,73.8927,74.2407,39094900
2017-12-05,74.4788,75.7057,74.1491,74.7077,26152300
2017-12-06,74.6711,76.1269,74.5612,75.7973,26162100
2017-12-07,75.5776,75.8156,75.0831,75.5318,23184500
2017-12-08,76.5756,77.4455,76.3009,77.0609,24489100
2017-12-11,77.1799,78.1688,77.0243,78.0407,22857900
2017-12-12,78.1139,78.7915,77.9033,78.3611,23924100
2017-12-13,78.5076,78.7457,77.9857,78.1505,22062700
2017-12-14,78.2238,78.6266,77.3997,77.5462,19306000
2017-12-15,78.0681,79.7437,77.7201,79.5240,53936700
2017-12-18,79.7712,80.1192,78.9563,79.0936,22283800
2017-12-19,79.0662,79.0662,78.0773,78.5900,23524800
2017-12-20,78.9288,79.0204,77.5645,78.3062,23674900
2017-12-21,78.7915,78.8372,78.1963,78.2879,17990700
2017-12-22,78.1963,78.4069,77.7568,78.2970,14145800
2017-12-26,78.1139,78.3153,77.8575,78.1963,9891200
2017-12-27,78.4252,78.7274,78.0315,78.4802,14678000
2017-12-28,78.6541,78.6816,78.3336,78.4893,10594300
2017-12-29,78.4069,78.7915,78.2879,78.3245,18717400
2018-01-02,78.8647,79.0295,78.2879,78.6999,22483800
2018-01-03,78.8006,79.2127,78.7182,79.0662,26061400
2018-01-04,79.2859,80.2657,79.2676,79.7621,21912000
2018-01-05,80.2657,80.9524,80.0551,80.7510,23407100
2018-01-08,80.7601,81.1081,80.2107,80.8334,22113000
2018-01-09,81.1722,81.2454,80.4488,80.7784,19484300
2018-01-10,80.4488,80.7510,80.0368,80.4122,18652200
2018-01-11,80.6960,80.6960,79.8811,80.6502,17808900
2018-01-12,81.1905,82.2069,80.9890,82.0420,24271500
2018-01-16,82.4999,83.1317,80.5862,80.8975,36599700
2018-01-17,81.5659,82.6647,81.2637,82.5365,25621200
2018-01-18,82.2252,83.0218,82.0970,82.4999,24159700
2018-01-19,82.5365,82.9668,82.0970,82.4083,36875000
2018-01-22,82.4083,83.8916,82.1702,83.8825,23601600
2018-01-23,84.1480,84.5143,83.8184,84.1480,23412800
2018-01-24,84.7432,85.5490,83.8550,84.0748,33277500
2018-01-25,84.6699,85.3750,84.1755,84.5417,26383200
2018-01-26,85.2651,86.1258,84.7706,86.1258,29172200
2018-01-29,87.1147,87.3986,85.8145,85.9976,31569900
2018-01-30,85.4299,85.7596,84.3312,84.9172,38635100
2018-01-31,85.8420,87.3528,85.6222,86.9957,48756300
2018-02-01,86.7942,87.9662,85.6863,86.3089,47227900
2018-02-02,85.7412,86.0434,83.7817,84.0381,47867800
2018-02-05,82.9210,85.3750,80.5770,80.5770,51031500
2018-02-06,79.5606,83.7634,78.0590,83.6261,67998600
2018-02-07,82.8569,84.0289,81.6757,82.0511,41107600
2018-02-08,82.1427,82.2984,77.6103,77.8392,55628700
2018-02-09,79.0204,81.4285,76.7587,80.7418,63499100
2018-02-12,81.2546,82.2069,80.5129,81.6117,35720300
2018-02-13,81.4285,82.4083,80.3938,82.2526,26407700
2018-02-14,81.4247,83.7061,81.3327,83.5406,34960900
2018-02-15,83.9085,85.2977,83.3658,85.2425,27823900
2018-02-16,85.0493,86.0152,84.4513,84.6353,30596900
2018-02-20,84.1569,85.6105,83.7246,85.2977,30911700
2018-02-21,85.5368,85.8864,84.1661,84.1661,26922500
2018-02-22,84.6813,85.3069,84.0465,84.3869,24392800
2018-02-23,86.1072,86.5396,84.9665,86.5304,26329200
2018-02-26,86.8432,87.8091,86.7052,87.7815,30199800
2018-02-27,88.0759,88.1679,86.6592,86.6592,25869100
2018-02-28,87.2479,88.0483,86.1348,86.2636,31167300
2018-03-01,86.4660,86.9995,84.4881,85.4172,37135600
2018-03-02,84.2489,85.6932,83.5866,85.6012,32830400
2018-03-05,84.9481,86.7236,84.8745,86.1440,23901600
2018-03-06,86.7880,86.9260,85.5000,85.8496,22175800
2018-03-07,85.7024,86.4200,85.0309,86.3464,26716100
2018-03-08,86.7236,87.4871,86.2636,86.8708,25887800
2018-03-09,87.6619,88.8119,87.3951,88.8119,36937300
2018-03-12,88.7750,89.4282,88.3519,89.0234,26073700
2018-03-13,89.2351,89.4558,86.4476,86.8524,35387800
2018-03-14,87.5055,87.7723,86.0152,86.3372,32132000
2018-03-15,86.0428,87.0088,85.3988,86.6408,27611000
2018-03-16,87.1007,87.7447,86.4016,87.0271,49081300
2018-03-19,86.2360,86.3832,84.7365,85.4540,33344100
2018-03-20,85.6012,86.2636,85.5552,85.6748,23075200
2018-03-21,85.4908,86.5212,84.8285,85.0769,24457100
2018-03-22,83.9637,84.4053,82.4826,82.6022,38604700
2018-03-23,82.3354,83.2186,80.1092,80.2012,44068900
2018-03-26,83.3566,86.4752,83.1634,86.2728,56396800
2018-03-27,87.3399,87.5239,81.4247,82.3078,56569000
2018-03-28,82.6298,83.9269,81.7558,82.2342,52501100
2018-03-29,82.9610,84.9021,81.3235,83.9637,45867500
2018-04-02,83.2278,83.6049,80.5047,81.4339,48515400
2018-04-03,82.4090,82.8414,80.8543,82.5286,37213800
2018-04-04,80.8175,85.3345,80.7071,84.9389,35560000
2018-04-05,85.0401,85.6197,84.0833,84.9849,29771900
2018-04-06,84.1661,85.0585,82.3170,83.0070,38026000
2018-04-09,83.7521,85.7116,83.3657,83.5037,31533900
2018-04-10,84.9941,85.8128,84.3041,85.4448,26812000
2018-04-11,84.6445,85.8220,84.1569,84.5065,24872100
2018-04-12,85.0309,86.6224,85.0309,86.0888,26758900
2018-04-13,86.5212,86.6408,85.0400,85.6288,23346100
2018-04-16,86.5396,87.0824,85.9416,86.6316,20288100
2018-04-17,87.3951,88.8118,87.2847,88.3795,26771000
2018-04-18,88.5175,88.9774,87.8735,88.7199,21043300
2018-04-19,88.7199,89.2994,87.7079,88.4163,23552500
2018-04-20,88.2323,88.4163,86.5212,87.3951,31154400
2018-04-23,88.0759,88.5819,87.0547,87.7171,22331800
2018-04-24,88.5359,88.7474,85.0125,85.6656,34524800
2018-04-25,85.8312,85.8312,83.0530,84.9205,33729300
2018-04-26,86.0612,87.5331,85.6472,86.7144,42529000
2018-04-27,89.7870,90.0630,86.3924,88.1495,48272800
2018-04-30,88.6187,88.6831,85.6932,86.0336,41523600
2018-05-01,85.7484,87.6619,85.3621,87.3951,31408900
2018-05-02,87.3859,87.5515,85.7300,86.0244,27471000
2018-05-03,85.5184,87.3307,85.0493,86.5396,31142500
2018-05-04,85.8496,87.7355,85.4816,87.5423,22531300
2018-05-07,87.5516,88.9683,87.4872,88.5175,24242000
2018-05-08,88.1771,88.4623,87.4503,88.1403,23484600
2018-05-09,88.3243,89.2075,87.4412,89.1799,27327400
2018-05-10,89.6582,90.1090,89.2810,90.0722,22388100
2018-05-11,89.9710,90.0354,89.2718,89.8790,16778300
2018-05-14,90.0814,90.7897,89.5202,90.1826,19454100
2018-05-15,89.4558,90.0170,88.6279,89.5294,24594000
2018-05-16,89.9544,89.9914,89.2707,89.7604,17384700
2018-05-17,89.4001,90.1207,88.5408,88.8642,17246700
2018-05-18,88.7071,89.5571,88.7071,89.0305,17865800
2018-05-21,89.6218,90.5550,89.4370,90.1762,19422500
2018-05-22,90.2501,90.7028,89.8066,90.0838,15441200
2018-05-23,89.3539,91.2202,88.9935,91.1555,21251200
2018-05-24,91.2202,91.4143,89.4463,90.8322,26649300
2018-05-25,90.8229,91.4512,90.4164,90.8784,18363900
2018-05-29,90.3979,91.3588,89.8343,90.5550,28671000
2018-05-30,90.8322,91.7007,90.4626,91.4235,22158500
2018-05-31,91.7377,92.3844,91.1094,91.3219,34140900
2018-06-01,91.7284,93.1882,91.6268,93.1235,28655600
2018-06-04,93.5578,94.1121,93.1789,93.9366,27281600
2018-06-05,94.2415,94.5464,93.8073,94.4171,23514400
2018-06-06,94.6850,94.7959,94.1491,94.6942,21122900
2018-06-07,94.8421,94.8790,92.7447,93.2067,28232200
2018-06-08,93.4007,94.1953,92.8925,93.8996,22165100
2018-06-11,93.3268,93.8627,93.0127,93.3638,23490900
2018-06-12,93.4100,93.7333,93.0866,93.6040,18325200
2018-06-13,93.9828,94.2507,92.9110,93.1790,29492900
2018-06-14,93.9181,94.2692,93.3176,93.7056,25691800
2018-06-15,93.7888,93.8072,92.4583,92.5137,65738600
2018-06-18,92.4029,93.4192,91.8577,93.1882,23586000
2018-06-19,92.0702,93.3176,91.9317,93.1882,28653100
2018-06-20,93.6594,94.7219,93.4284,94.1214,26180800
2018-06-21,94.3154,94.6665,93.2067,93.4469,23198200
2018-06-22,92.7724,93.1051,92.0518,92.7724,38923100
2018-06-25,92.3936,92.4952,89.8990,90.9061,35433300
2018-06-26,91.3034,92.4675,91.2387,91.5436,26897200
2018-06-27,92.0056,92.4121,89.9914,90.1207,31298400
2018-06-28,89.9729,91.5713,89.8620,91.1278,26650700
2018-06-29,91.4050,92.3105,90.8506,91.1093,28053200
2018-07-02,90.6381,92.4491,90.5457,92.4029,19564500
2018-07-03,92.8371,92.9757,91.4143,91.5159,14670300
2018-07-05,91.9317,92.3197,91.4974,92.1719,18977400
2018-07-06,92.2920,93.7148,92.0887,93.4654,19234600
2018-07-09,93.9181,94.4725,93.5485,94.1029,18212000
2018-07-10,94.2415,94.7127,94.1121,94.3524,19293100
2018-07-11,93.4561,94.5556,93.4099,94.2230,19644600
2018-07-12,94.9529,96.4682,94.9160,96.2649,24335900
2018-07-13,96.4312,97.5676,96.1725,97.4106,24635200
2018-07-16,97.3829,97.7709,96.5698,96.9301,21786900
2018-07-17,96.6530,98.3992,96.3850,97.8910,25901700
2018-07-18,97.8818,97.9834,96.7546,97.1242,29493900
2018-07-19,96.9486,97.2997,95.9877,96.4589,40171600
2018-07-20,99.8590,99.9699,98.0111,98.1867,56004000
2018-07-23,98.2144,99.9145,98.0573,99.7574,29707000
2018-07-24,100.3117,100.5427,99.1014,99.4710,26316600
2018-07-25,99.7481,102.6955,99.4155,102.3998,30702100
2018-07-26,102.3167,102.5569,101.1710,101.2819,31372100
2018-07-27,101.7993,101.7993,98.0666,99.4895,37005300
2018-07-30,99.0367,99.3509,96.7916,97.3552,34668300
2018-07-31,98.3900,98.6025,97.3644,98.0112,27655200
2018-08-01,97.9650,98.3530,97.4014,98.1959,23628700
2018-08-02,97.3829,99.8683,96.8655,99.3878,26104300
2018-08-03,99.6003,99.8313,98.6949,99.8221,18659600
2018-08-06,99.8960,100.1731,99.3786,99.9052,20265900
2018-08-07,100.3025,100.8014,99.9422,100.5982,16080200
2018-08-08,101.0139,101.4020,100.4873,101.1618,15487500
2018-08-09,101.3650,101.7808,101.2634,101.3281,13677200
2018-08-10,101.0971,101.3466,100.1362,100.7091,18183700
2018-08-13,100.9308,101.2449,99.8775,99.9791,18472500
2018-08-14,100.3025,101.4020,99.8221,101.2265,16788300
2018-08-15,100.6236,101.0873,99.0747,99.8538,29982800
2018-08-16,100.4474,100.9668,99.5199,99.8352,21384300
2018-08-17,99.5755,100.0764,98.9541,99.7796,18061500
2018-08-20,99.7146,100.0764,98.7593,99.1210,17914200
2018-08-21,99.1674,99.5662,98.1750,98.2956,22881900
2018-08-22,98.1750,99.5570,98.1101,99.2973,18000600
2018-08-23,99.3807,100.3360,99.1210,99.7610,18167700
2018-08-24,99.8630,100.6885,99.7610,100.5401,17234000
2018-08-27,101.3470,101.6902,100.6421,101.6531,19662300
2018-08-28,101.9684,102.4878,101.8293,102.2652,19151500
2018-08-29,102.4415,103.9069,102.2745,103.8976,20818000
2018-08-30,103.5730,104.4448,103.3597,103.8327,22798700
2018-08-31,103.5915,104.6025,103.4339,104.1851,23222700
2018-09-04,102.8125,103.8420,102.2281,103.6101,22634600
2018-09-05,102.9608,103.3411,100.2618,100.6236,32872400
2018-09-06,100.4010,101.0873,99.7147,100.8555,23477600
2018-09-07,100.3824,100.8369,99.4549,100.3639,22498600
2018-09-10,100.9482,101.6902,100.5030,101.4491,20727900
2018-09-11,101.0038,103.4988,100.9946,103.1742,24301800
2018-09-12,103.3504,103.7400,102.4971,103.6101,18891100
2018-09-13,103.9904,105.4836,103.9904,104.7231,26055600
2018-09-14,105.1405,105.4836,104.2872,105.1497,19122300
2018-09-17,105.4465,105.4558,103.7492,104.0089,20736500
2018-09-18,104.0553,105.4558,103.6194,105.0013,22170900
2018-09-19,104.8530,105.1034,102.9887,103.6008,21728400
2018-09-20,104.1388,105.5486,103.8142,105.3353,23714500
2018-09-21,105.7340,106.9305,105.2796,105.9752,71229700
2018-09-24,104.8344,106.5688,104.0831,106.3555,27334500
2018-09-25,106.4761,106.7543,105.5022,106.1515,22668000
2018-09-26,106.1700,106.7172,105.4929,105.7155,19352000
2018-09-27,106.4575,106.5781,105.9196,106.1143,19091300
2018-09-28,105.9103,106.2627,105.4373,106.0772,21647800
2018-10-01,106.4297,107.2923,106.4111,107.2273,18883100
2018-10-02,106.9398,107.4407,106.1422,106.8007,20787200
2018-10-03,107.0511,107.7560,106.5966,106.8192,16648000
2018-10-04,106.2998,106.4390,103.5359,104.6118,34821700
2018-10-05,104.4634,104.9642,102.6177,103.9996,29068900
2018-10-08,103.5637,103.9069,101.4119,102.8125,29640600
2018-10-09,103.0814,104.8808,102.7661,104.1202,26198600
2018-10-10,103.1742,103.4153,98.1193,98.4625,61376300
2018-10-11,97.7112,101.0317,96.6446,98.2306,63904300
2018-10-12,101.1059,103.1742,99.3529,101.6253,47742100
2018-10-15,101.0131,101.5418,99.1952,99.7981,32068100
2018-10-16,101.5975,103.3319,101.0502,102.9516,31610200
2018-10-17,103.5823,103.7029,101.6067,102.6826,26548200
2018-10-18,102.1168,102.5156,100.0114,100.6328,32506200
2018-10-19,101.0317,102.8217,100.3639,100.7812,32785500
2018-10-22,101.3934,102.5249,100.3917,101.6809,26545600
2018-10-23,99.9558,101.0688,97.4887,100.2619,43770400
2018-10-24,100.5494,100.6236,94.2239,94.9010,63897800
2018-10-25,98.8243,101.3470,98.4533,100.4474,61646800
2018-10-26,98.0266,100.8647,97.1640,99.2045,55523100
2018-10-29,100.2711,100.8184,94.2610,96.3200,55162000
2018-10-30,96.1438,96.8116,92.8512,96.2087,65350900
2018-10-31,97.7947,100.2990,97.7484,99.0654,51062400
2018-11-01,99.2880,99.5384,97.8782,98.2399,33384200
2018-11-02,98.7593,99.5384,97.3681,98.4625,37680200
2018-11-05,98.6573,99.9280,98.2214,99.7146,27922100
2018-11-06,99.5940,100.9482,98.5738,99.9094,24340200
2018-11-07,101.5047,104.1017,101.4676,103.8420,37901700
2018-11-08,103.6936,104.0738,102.8681,103.6472,25644100
2018-11-09,102.8125,103.3690,100.8740,101.6253,32039200
2018-11-12,101.4861,101.9870,98.4069,99.1210,33621800
2018-11-13,99.7518,100.8555,98.9077,99.1860,35374600
2018-11-14,100.6950,100.8440,97.3137,97.7794,39495100
2018-11-15,97.7980,100.4156,96.7920,99.9312,38505200
2018-11-16,99.7449,101.4216,99.4840,100.8720,33502100
2018-11-19,100.8533,101.1235,96.4567,97.4534,44773900
2018-11-20,94.8266,95.9164,92.5444,94.7427,64052500
2018-11-21,96.5032,97.2764,95.2364,96.0468,28130600
2018-11-23,95.1712,96.6989,95.0129,96.0096,13823100
2018-11-26,97.6117,99.3257,97.4161,99.1767,32336200
2018-11-27,98.9904,99.9778,98.1427,99.8008,29124500
2018-11-28,100.4994,103.7037,100.4714,103.5081,46788500
2018-11-29,102.7722,103.5081,101.5613,102.6418,28123200
2018-11-30,103.1169,103.3684,101.8687,103.2939,33665600
2018-12-03,105.2593,105.6506,103.1449,104.4117,34732800
2018-12-04,104.2720,104.9240,100.7975,101.0863,45197000
2018-12-06,98.5712,101.7569,97.8073,101.7103,49107400
2018-12-07,100.9558,101.9525,97.1553,97.6397,45044900
2018-12-10,97.6210,100.5832,96.7734,100.2199,40801500
2018-12-11,102.2786,103.3498,100.0802,101.1514,42381900
2018-12-12,103.2939,103.6478,101.5706,101.6079,36183000
2018-12-13,102.0736,103.2752,101.1887,101.9525,31333400
2018-12-14,100.8347,101.7755,98.2731,98.7668,47043100
2018-12-17,98.1893,98.5526,94.7427,95.8419,56957300
2018-12-18,96.6430,97.3509,95.4972,96.8479,49319200
2018-12-19,96.5498,99.5586,94.4074,96.5871,68198200
2018-12-20,95.9909,97.1646,92.0134,94.5564,70334200
2018-12-21,94.6682,95.9444,90.7839,91.5011,111242100
2018-12-24,90.9888,91.2589,87.5422,87.6820,43935200
2018-12-26,88.6228,93.7926,87.5236,93.6715,51634800
2018-12-27,92.4978,94.2584,89.7965,94.2490,49498500
2018-12-28,95.0967,95.3948,92.7027,93.5131,38196300
2018-12-31,94.3515,95.3855,93.5597,94.6123,33173800
2019-01-02,92.7307,94.7800,92.1625,94.1931,35329300
2019-01-03,93.2430,93.3268,90.5417,90.7280,42579100
2019-01-04,92.8890,95.4879,92.1531,94.9476,44060600
2019-01-07,94.6775,96.1958,94.0627,95.0687,35656100
2019-01-08,95.9816,96.8479,94.7427,95.7581,31514400
2019-01-09,96.7454,97.6956,96.1679,97.1273,32280800
2019-01-10,96.1493,96.6430,95.3668,96.5032,30067600
2019-01-11,96.1213,96.3542,94.6775,95.7581,28314200
2019-01-14,94.9197,95.8232,94.3235,95.0594,28437100
2019-01-15,95.4879,97.8539,94.9011,97.8167,31587600
2019-01-16,98.0495,98.9810,97.7701,98.1613,29853900
2019-01-17,97.8074,99.3257,97.5838,98.8506,28393000
2019-01-18,100.0988,100.5087,98.6550,100.3317,37427600
2019-01-22,99.4375,99.7635,97.6770,98.4408,32371300
2019-01-23,98.8506,99.7076,98.1241,99.4002,25874300
2019-01-24,99.5399,99.6703,98.1241,98.9251,23164800
2019-01-25,99.8939,100.4901,98.9252,99.8287,31225600
2019-01-28,98.9810,99.1860,97.4906,97.8819,29476700
2019-01-29,97.6956,97.7794,95.1712,95.8885,31490500
2019-01-30,97.4534,99.0928,97.1833,99.0928,49471900
2019-01-31,96.6896,98.0123,96.1120,97.2764,55636400
2019-02-01,96.6709,96.9690,95.3389,95.7394,35535700
2019-02-04,95.8233,98.5525,95.7301,98.4967,31315100
2019-02-05,98.7948,99.9219,98.7016,99.8753,27325400
2019-02-06,99.6703,99.6703,98.3010,98.7668,20609800
2019-02-07,97.9843,98.3569,97.1460,98.0589,29760700
2019-02-08,97.2391,98.5339,97.1180,98.4315,21461100
2019-02-11,98.9251,99.2791,97.7794,98.0402,18914100
2019-02-12,98.8692,99.8007,98.2545,99.5679,25056600
2019-02-13,100.1361,100.3969,99.4002,99.4934,18394900
2019-02-14,99.0276,99.9405,98.4222,99.5772,21784700
2019-02-15,100.5180,100.8813,100.0057,100.8068,26606900
2019-02-19,100.4062,101.2167,100.3969,100.7602,18038500
2019-02-20,100.9005,100.9754,99.4318,100.2364,21607700
2019-02-21,100.0025,102.4160,99.9744,102.3505,29063200
2019-02-22,102.9492,104.0250,102.7341,103.8099,27763200
2019-02-25,104.5489,104.9418,104.0811,104.3898,23750600
2019-02-26,104.0811,105.9334,103.9969,105.1102,21536700
2019-02-27,104.4834,105.1102,103.7257,104.9324,21487100
2019-02-28,104.8108,105.5966,104.5208,104.8015,29083900
2019-03-01,105.6060,105.7276,104.4647,105.2692,23501200
2019-03-04,105.7276,105.9427,103.6508,105.0166,26608000
2019-03-05,105.0073,105.1382,104.0531,104.4928,19538300
2019-03-06,104.6518,105.3908,104.2402,104.5395,17687000
2019-03-07,104.2121,104.3524,102.7808,103.2673,25339000
2019-03-08,102.1166,103.5666,101.7799,103.3795,22818400
2019-03-11,103.8286,105.6621,103.8192,105.5499,26491600
2019-03-12,105.5405,106.6350,105.3814,106.2889,26132700
2019-03-13,106.7660,107.5798,106.4385,107.1121,35513800
2019-03-14,107.1495,107.7669,106.9530,107.1963,30763400
2019-03-15,107.8979,109.6846,107.1963,108.4311,54681100
2019-03-18,108.6743,110.0214,108.5621,109.9840,31207600
2019-03-19,110.4705,110.7979,109.4414,110.0589,37588700
2019-03-20,109.8156,111.0879,109.1795,109.9372,28113300
2019-03-21,109.5817,113.0243,109.5350,112.4630,29854400
2019-03-22,111.7895,111.8737,109.4882,109.4976,33624500
2019-03-25,109.0392,110.3956,108.8147,110.0682,27067100
2019-03-26,110.9663,111.0504,109.3105,110.3021,26097700
2019-03-27,110.2740,110.5827,108.0663,109.2356,22733400
2019-03-28,109.8624,109.9934,108.6369,109.3853,18334800
2019-03-29,110.4517,110.6856,109.4134,110.3301,25399800
2019-04-01,111.2750,111.4246,110.4798,111.3404,22789100
2019-04-02,111.3778,111.7708,110.8727,111.4995,18142300
2019-04-03,112.1263,112.6595,111.4621,112.2292,22860700
2019-04-04,112.3508,112.4724,110.7417,111.6585,20112800
2019-04-05,111.6865,112.4723,111.6678,112.1543,15826200
2019-04-08,112.0795,112.2759,110.9850,112.1917,15116200
2019-04-09,110.9756,111.8269,110.9288,111.5836,17612000
2019-04-10,112.0327,112.5846,111.8269,112.4349,16477200
2019-04-11,112.7624,113.0524,112.1824,112.5659,14209100
2019-04-12,112.8559,113.1740,112.6033,113.1459,19745100
2019-04-15,113.1366,113.7353,112.7904,113.2395,15792600
2019-04-16,113.7914,113.8007,112.3507,112.9775,14071800
2019-04-17,113.4172,113.9878,112.7624,113.9130,19300900
2019-04-18,114.3059,115.5501,113.4733,115.4098,27991000
2019-04-22,114.7081,115.9991,114.6614,115.7746,15648700
2019-04-23,116.0927,117.4772,115.8401,117.3462,24025500
2019-04-24,117.6736,117.7297,116.4856,116.9439,31257000
2019-04-25,121.6681,122.8936,120.5175,120.8168,38033900
2019-04-26,121.3313,122.0984,120.6952,121.5091,23654900
2019-04-29,121.5184,121.7804,121.0039,121.3968,16324200
2019-04-30,121.4343,122.2668,121.0414,122.1733,24166500
2019-05-01,122.1078,122.2200,119.4604,119.6288,26821700
2019-05-02,119.7223,119.7410,117.4210,118.0665,27350200
2019-05-03,119.1423,121.0787,119.0394,120.5829,24911100
2019-05-06,118.2349,120.2649,117.9730,119.8813,24239800
2019-05-07,118.3004,118.9739,116.2049,117.4210,36017700
2019-05-08,117.3462,118.2162,116.7007,117.4117,28419000
2019-05-09,116.2704,117.6736,115.5969,117.4023,27235800
2019-05-10,116.8504,119.6755,115.8307,118.9271,30915100
2019-05-13,116.1020,117.4491,115.1011,115.3911,33944900
2019-05-14,115.8775,117.7578,115.7185,116.6820,25266300
2019-05-15,116.6726,118.9730,116.1468,118.3252,24722700
2019-05-16,119.0106,121.4800,118.7383,121.0575,30112200
2019-05-17,120.4753,122.4941,120.1091,120.2500,25770500
2019-05-20,118.7946,119.7993,118.0810,118.5129,23706900
2019-05-21,119.6491,119.7430,118.8510,119.1514,15293300
2019-05-22,118.8885,120.4096,118.7946,119.8744,15396500
2019-05-23,118.4942,118.5787,117.1233,118.4754,23603800
2019-05-24,119.1608,119.6397,118.2782,118.5317,14123400
2019-05-28,119.2266,120.1843,118.3534,118.4566,23128400
2019-05-29,117.7242,117.7336,116.4661,117.3111,22763100
2019-05-30,117.6116,118.0810,117.1609,118.0529,16829600
2019-05-31,116.6445,117.0107,115.7900,116.1281,26646800
2019-06-03,116.2876,116.7759,111.7432,112.5225,37983600
2019-06-04,113.8746,115.7525,113.2831,115.6398,29382600
2019-06-05,117.3205,118.1843,116.6257,118.1468,24926100
2019-06-06,118.7195,120.1561,117.9308,120.0153,21459000
2019-06-07,121.3016,124.1748,120.4284,123.3767,33885600
2019-06-10,124.3156,125.8930,123.9400,124.5034,26477100
2019-06-11,125.7053,126.0433,123.2640,124.0339,23913700
2019-06-12,123.3767,123.9119,122.7288,123.4612,17092500
2019-06-13,123.9213,124.8790,123.5269,124.2405,17200800
2019-06-14,124.1841,125.6207,123.6020,124.3625,17821700
2019-06-17,124.5316,125.5644,124.4377,124.7381,14517800
2019-06-18,125.9963,126.9822,125.4142,126.9071,25934500
2019-06-19,126.7568,127.6301,125.6395,127.4047,23744400
2019-06-20,129.0572,129.2544,127.4329,128.5878,33042600
2019-06-21,128.2404,129.3201,128.1277,128.6066,36727900
2019-06-24,128.6347,129.9492,128.6347,129.3671,20628800
2019-06-25,128.8695,129.1887,124.6255,125.2827,33327400
2019-06-26,126.1465,127.4517,125.4423,125.7522,23657700
2019-06-27,125.9494,126.4846,125.3578,125.9587,16557500
2019-06-28,126.3531,126.3813,125.0292,125.7804,30043000
2019-07-01,128.2873,128.3531,126.7287,127.3953,22613500
2019-07-02,127.8084,128.2497,127.0761,128.2403,15237800
2019-07-03,128.4469,129.3296,127.9681,129.0667,13629300
2019-07-05,127.6394,128.9445,127.4328,128.6910,18141100
2019-07-08,128.0714,128.7286,127.1043,128.5972,16779700
2019-07-09,127.6958,128.6066,127.5080,128.1277,19953100
2019-07-10,128.7568,130.1182,128.6535,129.4328,24204400
2019-07-11,129.7614,130.7192,129.4516,129.9492,22327900
2019-07-12,130.3717,130.6346,129.5830,130.4187,18936800
2019-07-15,130.9257,131.0196,130.0055,130.4187,16651500
2019-07-16,130.4750,130.5595,128.1840,128.7098,22726100
2019-07-17,129.2920,129.5079,127.9024,127.9493,20211000
2019-07-18,127.2733,128.2779,126.4470,128.0901,30381800
2019-07-19,131.6581,132.0806,128.1183,128.2779,48992400
2019-07-22,129.0197,130.6910,128.9446,129.9774,25074900
2019-07-23,131.2261,131.4421,129.6018,130.7848,18034600
2019-07-24,130.4187,132.1463,130.3718,132.1276,20738300
2019-07-25,131.8552,132.0243,130.8130,131.6299,18356900
2019-07-26,131.7989,133.0289,131.7332,132.7097,19037600
2019-07-29,132.8599,132.8693,130.8600,132.4186,16605900
2019-07-30,131.5830,132.5971,131.2638,131.7802,16846500
2019-07-31,131.7614,131.9116,126.8320,127.9493,38598800
2019-08-01,128.6347,132.3341,128.5690,129.6300,40557500
2019-08-02,129.6581,129.8741,127.0009,128.5408,30791600
2019-08-05,125.1607,125.7522,122.7945,124.1372,42749600
2019-08-06,125.6301,127.3953,125.0762,126.4658,32696700
2019-08-07,125.6207,127.3671,123.7804,127.0197,33414500
2019-08-08,128.2592,130.5032,127.6300,130.4093,27496500
2019-08-09,130.1464,130.8694,128.1277,129.3014,23466700
2019-08-12,128.7004,129.4422,126.9822,127.4986,20484300
2019-08-13,127.7428,130.3248,126.7569,130.1371,25154600
2019-08-14,128.4602,128.9877,125.9260,126.2180,32527300
2019-08-15,126.6043,126.7833,124.5883,125.9354,28074400
2019-08-16,127.0659,128.5544,126.9152,128.2435,24449100
2019-08-19,129.8638,130.5233,128.9594,130.3914,24355700
2019-08-20,130.2030,130.6740,129.2892,129.3080,21170800
2019-08-21,130.5233,131.4088,130.0051,130.7493,14970300
2019-08-22,130.6269,131.1356,128.3942,129.7978,18697000
2019-08-23,129.2421,130.3349,125.1064,125.6622,38508600
2019-08-26,127.1695,127.7065,126.1427,127.6029,20312600
2019-08-27,128.4884,128.7993,126.8587,127.8761,23102100
2019-08-28,127.0659,127.8949,125.8130,127.7065,17393300
2019-08-29,129.2986,130.4196,128.9783,130.1181,20168700
2019-08-30,131.0885,131.1168,128.3754,129.8733,23940100
2019-09-03,128.6956,129.2514,127.8383,128.1586,18869300
2019-09-04,129.3457,129.7131,128.5732,129.6565,17995900
2019-09-05,131.0508,132.2473,130.7211,131.9364,26101800
2019-09-06,131.9175,132.0588,130.1935,131.0414,20824500
2019-09-09,131.5030,131.6538,128.5544,129.5529,25773900
2019-09-10,128.8747,128.9595,126.7173,128.1964,28903400
2019-09-11,128.0362,128.3753,127.2637,128.2340,24726100
2019-09-12,129.8638,130.4008,128.9406,129.5529,27010000
2019-09-13,129.7979,130.0617,128.6580,129.3645,23363100
2019-09-16,127.9609,128.7805,127.8007,128.4319,16731400
2019-09-17,129.0254,129.5529,128.5261,129.4305,17814200
2019-09-18,129.4022,130.6363,128.6203,130.4950,23982100
2019-09-19,132.1719,134.1219,131.9552,132.8973,35772100
2019-09-20,132.8408,133.4437,130.2407,131.3617,39167300
2019-09-23,131.1639,131.5407,130.4197,131.0791,17139300
2019-09-24,132.2284,132.5393,128.9500,129.4211,29773200
2019-09-25,129.5341,131.8516,128.1492,131.2863,21382000
2019-09-26,131.3617,132.0588,130.4196,131.4559,17456600
2019-09-27,132.0306,132.2284,128.7333,129.7508,22477700
2019-09-30,130.0522,131.1544,129.7979,130.9754,17280900
2019-10-01,131.5690,132.1248,129.0631,129.1290,21466600
2019-10-02,128.3565,128.4695,125.8412,126.8492,30521700
2019-10-03,127.1318,128.8276,125.5021,128.3848,24132900
2019-10-04,128.8275,130.2406,128.5166,130.1181,22897700
2019-10-07,129.1950,130.1747,129.0819,129.1761,15303700
2019-10-08,129.1384,129.7790,127.7630,127.8101,25550500
2019-10-09,129.4964,130.6646,129.0348,130.2312,19749900
2019-10-10,130.4667,131.5784,130.2406,131.0414,17654600
2019-10-11,132.0023,132.8596,131.4182,131.5878,25446000
2019-10-14,131.5973,132.1625,131.4371,131.4654,13304300
2019-10-15,131.9458,133.5756,131.7103,133.3683,19695700
2019-10-16,132.6335,132.8219,131.4465,132.2755,20751600
2019-10-17,132.7842,133.2270,130.9660,131.5972,21460600
2019-10-18,131.6632,131.8893,128.6486,129.4493,32273500
2019-10-21,130.4291,130.4762,129.0725,130.4102,20078200
2019-10-22,130.9189,131.8987,128.3659,128.4696,27431000
2019-10-23,128.9500,129.4870,127.7536,129.2892,29844600
2019-10-24,131.3146,132.2849,130.6363,131.8327,37029300
2019-10-25,131.2675,132.9632,131.1356,132.5770,25959700
2019-10-28,136.0343,137.2308,135.1959,135.8365,35280100
2019-10-29,135.7329,136.1286,134.3857,134.5553,20589500
2019-10-30,135.2054,136.5996,134.5177,136.2322,18496600
2019-10-31,136.5054,136.5337,134.7061,135.0641,24605100
2019-11-01,135.9024,136.0532,134.6872,135.3937,33128400
2019-11-04,136.4395,136.5996,135.8083,136.1757,16912000
2019-11-05,136.5713,136.6184,135.5727,136.0909,18250200
2019-11-06,136.0061,136.1474,134.9039,135.7141,16575800
2019-11-07,135.5068,136.4865,135.4408,135.9025,17786700
2019-11-08,135.6387,137.5323,135.4314,137.5040,16732700
2019-11-11,136.9199,137.9373,136.3453,137.6453,14362600
2019-11-12,137.8055,139.0207,137.5982,138.5497,18641600
2019-11-13,138.2388,138.9171,137.8054,138.7757,16919200
2019-11-14,138.5025,139.8120,138.4837,139.4823,19729800
2019-11-15,140.3019,141.3005,139.6801,141.2816,23485700
2019-11-18,141.3759,141.8280,140.3490,141.6302,21534000
2019-11-19,142.1389,142.5629,141.4983,141.6773,23935700
2019-11-20,142.0838,142.5848,140.3350,141.4315,25696800
2019-11-21,141.2236,141.6017,140.3728,141.2992,18576100
2019-11-22,141.8569,142.0743,140.6753,141.4032,15901800
2019-11-25,141.7908,143.0669,141.7152,142.9535,22420900
2019-11-26,143.0763,144.0783,143.0385,143.7097,24620100
2019-11-27,143.9932,144.1539,143.2276,143.9838,15184400
2019-11-29,143.7758,143.9649,143.0007,143.0952,11977300
2019-12-02,143.5017,143.5206,140.2027,141.3654,27418400
2019-12-03,139.4181,141.2519,138.6241,141.1385,24066000
2019-12-04,141.9231,141.9609,141.0346,141.6490,17574700
2019-12-05,141.8380,142.0932,141.2992,141.7246,17869100
2019-12-06,142.7266,143.5584,142.0460,143.4450,16403500
2019-12-09,142.8022,143.8798,142.6510,143.0764,16687400
2019-12-10,143.0102,143.5773,142.5092,142.8589,16476100
2019-12-11,143.2465,143.5584,142.1027,143.3977,18856600
2019-12-12,143.3504,145.0425,142.7549,144.8534,24612100
2019-12-13,144.6266,146.4132,144.4659,146.0729,23845400
2019-12-16,146.6211,147.3679,146.3470,147.0182,24144200
2019-12-17,146.9425,147.1883,145.9972,146.2241,25425600
2019-12-18,145.8554,146.9708,145.7420,145.9216,24129200
2019-12-19,145.5718,147.2450,145.3355,147.1882,24958900
2019-12-20,148.7385,149.8161,147.7365,148.7952,53477500
2019-12-23,149.4663,149.4663,148.6629,148.7952,17718200
2019-12-24,148.8614,149.0788,148.5211,148.7669,8989200
2019-12-26,148.9370,150.0430,148.7858,149.9863,14520600
2019-12-27,150.7236,150.8181,149.5609,150.2604,18412800
2019-12-30,150.2888,150.3172,148.1525,148.9654,16348400
2019-12-31,148.1903,149.1355,147.8878,149.0694,18369400
2020-01-02,150.0902,151.9335,149.6649,151.8295,22622100
2020-01-03,149.6554,151.1962,149.4097,149.9390,21116200
2020-01-06,148.4833,150.3928,147.9445,150.3266,20813700
2020-01-07,150.6007,150.9315,148.7101,148.9559,21634100
2020-01-08,150.2320,151.9997,149.3056,151.3285,27746500
2020-01-09,152.9828,153.3420,152.2171,153.2191,21385000
2020-01-10,153.9092,154.2873,152.3589,152.5101,20725900
2020-01-13,152.9071,154.3723,152.4345,154.3440,21626500
2020-01-14,154.4479,154.6465,152.8693,153.2569,23477400
2020-01-15,153.7201,154.9678,153.6728,154.2494,21417900
2020-01-16,155.3554,157.1420,155.0529,157.0758,23865400
2020-01-17,158.2574,158.3047,156.3763,157.9549,34371700
2020-01-21,157.5579,158.9852,157.3215,157.3877,29517200
2020-01-22,158.2385,158.3236,156.6126,156.6315,24138800
2020-01-23,157.0947,157.6713,156.2250,157.5957,19680800
2020-01-24,158.3425,158.3614,155.4499,156.0076,24918100
2020-01-27,152.3305,154.4385,151.4325,153.3987,32078100
2020-01-28,154.8166,156.6882,154.1455,156.4047,24899900
2020-01-29,158.6544,159.5146,156.6221,158.8434,34754500
2020-01-30,164.5246,164.5246,161.4430,163.3241,51597500
2020-01-31,162.7852,162.9648,160.2992,160.9136,36142700
2020-02-03,161.1026,164.9499,161.0743,164.8365,30107000
2020-02-04,167.4455,170.7539,166.6609,170.2624,36433300
2020-02-05,173.9584,174.1191,168.6460,170.0544,39186300
2020-02-06,171.0658,173.7598,170.2056,173.5802,27751400
2020-02-07,172.8430,175.4708,172.4932,173.8261,33529100
2020-02-10,173.5330,178.5051,173.2211,178.3728,35844300
2020-02-11,180.2160,180.2633,173.4573,174.3459,53159900
2020-02-12,175.4236,175.6788,171.8977,174.6012,47062900
2020-02-13,173.0604,176.0380,172.8619,173.6559,35295800
2020-02-14,173.2210,175.2628,172.6539,175.2061,23149500
2020-02-18,175.4519,177.4275,175.3479,176.9832,27792200
2020-02-19,178.2533,178.3671,176.7463,177.5140,29997500
2020-02-20,177.2013,177.4856,171.6563,174.8032,36862400
2020-02-21,173.6183,173.9311,168.0071,169.2772,48572600
2020-02-24,159.0214,165.4479,154.7182,161.9787,68311100
2020-02-25,165.1161,165.7228,158.9077,159.3058,68073300
2020-02-26,160.8602,164.2251,159.4385,161.2962,56206100
2020-02-27,154.8034,158.3200,149.7419,149.9315,93174900
2020-02-28,144.4624,155.1731,144.0738,153.5618,97012700
2020-03-02,156.6897,163.9029,153.8461,163.7796,71030800
2020-03-03,164.7369,165.8744,153.7987,155.9314,71677000
2020-03-04,159.7039,161.7986,156.9835,161.6564,49814400
2020-03-05,157.3911,161.9597,157.0499,157.5996,47817300
2020-03-06,154.1305,154.6044,147.8652,153.1447,72821100
2020-03-09,143.1259,149.5239,142.1781,142.7657,70419300
2020-03-10,149.9125,152.6329,144.6235,152.5286,65354400
2020-03-11,148.9363,149.4765,143.2681,145.6188,56371600
2020-03-12,137.7231,145.4671,131.3536,131.8085,93226400
2020-03-13,139.8084,153.4670,133.3914,150.5476,92727400
2020-03-16,132.6996,141.5620,127.9603,128.3584,87905900
2020-03-17,132.6995,139.8084,127.9603,138.9269,81059800
2020-03-18,130.8038,138.3867,127.9792,133.0787,81593200
2020-03-19,135.3251,142.3202,131.7517,135.2682,85922700
2020-03-20,138.3866,139.4292,128.7754,130.1877,84866200
2020-03-23,129.8654,133.2398,125.6096,128.8891,78975200
2020-03-24,136.2540,141.7989,133.9033,140.6046,82516700
2020-03-25,141.1449,146.2823,136.9080,139.2587,75638200
2020-03-26,140.6615,148.4908,140.6330,147.9694,64568100
2020-03-27,143.8368,146.8131,141.4198,141.8937,57042300
2020-03-30,144.4908,152.2253,142.1875,151.8746,63420300
2020-03-31,151.0879,156.1874,148.3960,149.4860,77927200
2020-04-01,145.0216,149.5239,142.9553,144.1780,57969900
2020-04-02,143.9410,147.3723,142.5193,147.1637,49630700
2020-04-03,147.0121,149.1732,144.2538,145.8083,41243300
2020-04-06,151.9599,157.8176,149.3628,156.6517,67111700
2020-04-07,160.7465,161.1351,154.7466,154.9646,62769000
2020-04-08,157.0309,157.9787,154.9741,156.5191,48318200
2020-04-09,157.6850,158.6423,154.8130,156.5286,51385100
2020-04-13,155.7798,156.9361,153.8367,156.8793,41905300
2020-04-14,160.1873,164.6896,159.2394,164.6422,52874300
2020-04-15,162.2725,164.5190,160.4148,162.9171,40940800
2020-04-16,165.2109,168.0355,163.8839,167.8080,50479600
2020-04-17,170.1397,170.6136,166.6990,169.2866,52765600
2020-04-20,167.4194,169.4289,165.8649,165.9313,36669600
2020-04-21,164.4526,164.6137,157.4480,159.0688,56203700
2020-04-22,162.4526,164.9265,161.9124,164.4716,34620200
2020-04-23,165.0308,165.9313,161.9977,162.4811,32790800
2020-04-24,163.0877,165.4574,161.8081,165.4479,34277600
2020-04-27,167.3815,167.6753,164.2630,164.9739,33194400
2020-04-28,166.4336,166.5094,160.5569,160.9550,34392700
2020-04-29,164.1872,168.4146,162.9171,168.1776,51286600
2020-04-30,170.6136,170.9928,167.0402,169.8648,53875900
2020-05-01,166.6327,169.3246,164.9360,165.4668,39370500
2020-05-04,165.3910,169.6658,164.7370,169.5141,30372900
2020-05-05,171.2013,174.0733,170.5189,171.3340,36839200
2020-05-06,172.5852,174.5946,172.1586,173.0212,32139300
2020-05-07,174.5662,174.9264,173.0591,174.0259,28316000
2020-05-08,175.3340,175.3529,173.7985,175.0496,30877800
2020-05-11,173.5994,177.7320,173.3151,177.0022,30892700
2020-05-12,177.0591,177.2866,172.7937,172.9928,32038200
2020-05-13,173.0307,174.4525,167.3341,170.3767,44711500
2020-05-14,168.2819,171.2677,166.5189,171.1160,41873900
2020-05-15,169.7227,177.3055,167.7701,173.6089,46610400
2020-05-18,176.0638,176.4904,174.3672,175.2677,35264500
2020-05-19,175.3813,176.8695,173.9217,174.0544,26799100
2020-05-20,175.6607,176.6492,174.8338,176.4686,31261300
2020-05-21,176.2215,177.4286,174.2159,174.3490,29119500
2020-05-22,174.1209,175.3281,173.5031,174.4251,20826900
2020-05-26,177.1150,177.2671,172.1344,172.5811,36073600
2020-05-27,171.2789,172.9803,167.8572,172.8092,39517100
2020-05-28,171.7922,175.0334,171.4500,172.4195,33810200
2020-05-29,173.6837,175.1474,171.4785,174.1779,42130400
2020-06-01,173.5030,173.9403,172.4765,173.7787,22622400
2020-06-02,175.1284,175.8413,172.3720,175.7558,30794600
2020-06-03,175.6703,176.7348,174.4916,176.1835,27311000
2020-06-04,175.1759,176.6397,173.2749,173.8642,28761800
2020-06-05,173.5791,178.4362,172.9993,177.9324,39893600
2020-06-08,176.7348,179.2156,175.3090,179.0350,33211600
2020-06-09,178.6928,181.2591,177.9894,180.4037,29783900
2020-06-10,181.6678,188.6920,181.5538,187.0952,43872300
2020-06-11,183.5688,186.0686,176.8583,177.0484,52854700
2020-06-12,181.1070,182.2286,176.0124,178.4457,43373600
2020-06-15,175.4421,181.3732,174.9003,179.5863,32770200
2020-06-16,183.3407,185.8975,181.9815,183.9870,42556700
2020-06-17,185.3747,186.6009,184.1011,184.6238,25687800
2020-06-18,184.3958,186.7625,184.3958,186.6009,23061600
2020-06-19,188.7585,189.4239,184.7475,185.4888,44441100
2020-06-22,186.0971,190.8211,185.5648,190.6405,32818900
2020-06-23,192.0852,193.8531,191.4579,191.9141,30917400
2020-06-24,191.6195,193.1878,186.8290,188.0456,36740600
2020-06-25,188.0076,190.6785,185.7929,190.4218,27803900
2020-06-26,189.8421,189.9942,185.2322,186.6104,54675800
2020-06-29,186.0876,188.7015,183.9680,188.6160,26701600
2020-06-30,188.0836,194.2808,187.9506,193.4349,34310300
2020-07-01,193.0833,196.1343,191.7811,194.5660,32061200
2020-07-02,195.4975,197.7216,194.8512,196.0488,29315800
2020-07-06,198.4916,200.6777,197.7882,200.2690,31897600
2020-07-07,200.0313,204.0424,197.6931,197.9403,33600700
2020-07-08,199.6702,202.7023,198.3585,202.2936,33600000
2020-07-09,205.6202,205.6678,201.0009,203.7098,33121700
2020-07-10,203.0444,203.4817,200.6302,203.0919,26177600
2020-07-13,203.8619,205.1165,196.2770,196.8187,38135600
2020-07-14,195.9252,198.5106,192.0282,198.0353,37591800
2020-07-15,199.1854,200.8678,194.8797,197.7407,32179400
2020-07-16,195.2313,195.5165,192.2943,193.8246,29940700
2020-07-17,194.3474,194.8892,191.4199,192.8361,31635300
2020-07-20,194.8512,201.7898,192.9597,201.1244,36884800
2020-07-21,203.0825,203.3486,197.7312,198.4155,37990400
2020-07-22,198.8433,201.7898,198.0734,201.2670,49605700
2020-07-23,196.9327,200.4781,192.1422,192.5129,67457000
2020-07-24,190.4980,192.8172,187.7320,191.3344,39827000
2020-07-27,191.4960,193.8722,190.9162,193.7581,30160900
2020-07-28,193.5299,194.5660,191.7525,192.0187,23251400
2020-07-29,192.4750,194.5185,192.0092,193.9577,19632600
2020-07-30,191.0492,194.3379,189.6900,193.8056,25079600
2020-07-31,194.2808,194.9462,189.1577,194.8606,51044000
2020-08-03,201.0484,206.8654,200.0218,205.8198,78983000
2020-08-04,203.5672,204.1375,199.8983,202.7308,49280100
2020-08-05,204.2611,204.3562,201.0960,202.3981,28806400
2020-08-06,201.8278,205.6583,201.0769,205.6393,32656800
2020-08-07,204.2136,205.0215,200.4876,201.9609,27820400
2020-08-10,201.1909,201.3906,196.1343,197.9403,36716500
2020-08-11,196.9043,197.3700,193.0833,193.3114,36446500
2020-08-12,195.1268,199.8698,194.6136,198.8338,28013100
2020-08-13,199.0714,200.8868,197.8452,198.3680,22588900
2020-08-14,198.4250,199.2139,197.2369,198.5581,17958900
2020-08-17,199.2235,200.7347,198.5771,199.8698,20184800
2020-08-18,200.1074,201.8468,198.8527,201.0199,21336200
2020-08-19,201.5058,202.0870,199.3715,199.8003,27627600
2020-08-20,199.6478,204.8501,199.0476,204.4499,26981500
2020-08-21,203.7639,206.0411,202.8016,202.9635,36249300
2020-08-24,204.6500,205.3455,202.4014,203.6019,25460100
2020-08-25,203.0398,206.3841,203.0398,206.2507,23043700
2020-08-26,207.5941,211.6054,207.0987,210.7097,39600800
2020-08-27,212.3676,220.2377,209.0424,215.8834,57602200
2020-08-28,217.4079,219.7517,215.8834,218.1034,26292900
2020-08-31,216.2835,217.9033,213.7205,214.8829,28774200
2020-09-01,214.8639,216.7123,213.8349,216.5408,25725500
2020-09-02,217.2078,221.8669,216.6171,220.7141,34080800
2020-09-03,218.4464,218.4845,204.8120,207.0415,58400300
2020-09-04,204.9454,208.0515,195.5032,204.1355,59664100
2020-09-08,196.7514,200.1147,192.6543,193.0926,52924300
2020-09-09,197.7995,204.6977,196.9419,201.3152,45679000
2020-09-10,203.3257,204.6024,194.4742,195.6747,35461500
2020-09-11,197.4183,198.7808,191.7397,194.3980,33620100
2020-09-14,194.5981,199.3239,194.3980,195.7128,30375800
2020-09-15,198.5807,199.8765,197.1611,198.9237,21823900
2020-09-16,200.6769,200.7054,194.9792,195.3698,26328100
2020-09-17,190.6059,194.6838,190.5201,193.3309,34011300
2020-09-18,193.2261,194.0359,186.9853,190.9298,55225300
2020-09-21,187.8809,193.1403,187.1091,192.9783,39839700
2020-09-22,195.3793,198.2758,192.5400,197.6279,33517100
2020-09-23,198.0853,198.2759,190.5869,191.1204,30803800
2020-09-24,190.4153,195.8653,189.7960,193.5977,31202500
2020-09-25,193.9406,199.1714,192.9783,198.0090,29437300
2020-09-28,200.9246,202.5348,198.2377,199.5526,32004900
2020-09-29,199.4668,200.1528,197.0467,197.4755,24221900
2020-09-30,197.9233,201.9727,196.7895,200.4006,33829100
2020-10-01,203.4114,203.8878,201.3438,202.4300,27158400
2020-10-02,198.1806,201.0295,195.8367,196.4561,33154800
2020-10-05,197.4374,200.4768,197.2087,200.4482,21331600
2020-10-06,198.9618,200.2576,195.1507,196.1892,28554300
2020-10-07,197.2849,200.1909,196.9610,199.9241,25681100
2020-10-08,200.5720,201.2199,198.4854,200.6387,19925800
2020-10-09,201.2581,205.6695,201.2581,205.6219,26458000
2020-10-12,208.4612,213.2918,206.5746,210.9480,40461400
2020-10-13,212.2057,214.5781,210.0238,212.3391,28950800
2020-10-14,212.4724,213.6349,208.7851,210.4335,23421700
2020-10-15,206.8510,209.9571,205.8124,209.2901,22733100
2020-10-16,209.7570,211.7960,208.9662,209.2901,26057900
2020-10-19,210.0142,211.8055,203.6305,204.1069,27625800
2020-10-20,205.6123,207.1082,203.0303,204.5166,22753500
2020-10-21,203.0588,206.6794,203.0588,204.6595,22724900
2020-10-22,203.8306,205.8601,201.7059,204.7453,22351500
2020-10-23,204.8787,206.0697,203.0970,206.0220,18879600
2020-10-26,203.7544,206.1269,198.2759,200.1624,37111600
2020-10-27,201.6011,204.5357,200.4006,203.1827,36700300
2020-10-28,197.8661,198.9809,192.5591,193.1117,51195600
2020-10-29,194.4361,197.5708,193.7692,195.0554,31432600
2020-10-30,193.8930,194.6457,190.1962,192.9116,36953700
2020-11-02,194.6457,195.5890,190.6726,192.7783,30842200
2020-11-03,194.2646,198.2949,193.5309,196.6847,27512000
2020-11-04,203.9164,208.0134,202.3919,206.1745,42311800
2020-11-05,211.5577,213.5395,210.7097,212.7487,36080100
2020-11-06,211.7674,213.7682,207.7371,213.1585,25231900
2020-11-09,213.8444,217.3507,207.5941,208.0800,44395000
2020-11-10,204.3737,206.2792,199.8193,201.0484,44045100
2020-11-11,202.3633,207.7466,202.1823,206.3269,29440800
2020-11-12,206.9557,208.7660,204.3356,205.2693,21593900
2020-11-13,206.1459,207.1558,204.0497,206.2888,18621100
2020-11-16,204.7262,207.4608,204.3928,206.9748,24953300
2020-11-17,205.8982,207.4036,203.9735,204.3356,24154100
2020-11-18,204.0968,205.5488,201.4984,201.6417,28372800
2020-11-19,201.9282,203.5044,200.5431,202.9217,24792700
2020-11-20,202.7117,203.7529,200.6100,200.9826,22843100
2020-11-23,201.5175,202.7976,198.8522,200.7150,25683500
2020-11-24,200.2183,204.6700,199.5210,204.2974,33979700
2020-11-25,205.4915,205.6634,202.9600,204.3069,21012900
2020-11-27,205.2431,206.5996,204.4693,205.6061,14512200
2020-11-30,204.5266,205.1571,201.4124,204.4980,33064800
2020-12-01,204.9183,207.6027,203.8102,206.5423,30904500
2020-12-02,205.2718,205.8354,203.2848,205.7399,23724500
2020-12-03,205.0139,206.7047,204.0968,204.6604,25120900
2020-12-04,204.6413,205.7494,203.6478,204.7750,24666000
2020-12-07,204.7845,205.9022,203.4663,204.7081,24620000
2020-12-08,204.4025,207.2492,203.3708,206.3513,23284100
2020-12-09,205.5393,205.6061,201.7659,202.3295,32440600
2020-12-10,202.3008,203.5522,200.9539,201.1067,26733300
2020-12-11,200.6577,203.7815,199.7598,203.7242,30979400
2020-12-14,203.5714,206.5423,203.3612,204.6222,28798400
2020-12-15,205.5488,205.7876,202.7498,204.5553,27000600
2020-12-16,205.1476,210.2680,205.1190,209.4751,35023300
2020-12-17,210.0387,211.0131,208.1759,209.6088,32515800
2020-12-18,208.8159,209.8667,206.3608,208.8159,63354900
2020-12-21,207.8223,213.9839,207.5644,212.6370,37181900
2020-12-22,212.7325,215.5411,211.9301,213.9266,22612200
2020-12-23,213.1338,213.5636,210.9271,211.1372,18699600
2020-12-24,211.5193,213.6114,211.3091,212.7898,10550600
2020-12-28,214.4138,215.9232,213.0478,214.9010,17933500
2020-12-29,216.1907,217.0218,213.5828,214.1273,17403200
2020-12-30,215.1590,215.5411,211.5671,211.7677,20272300
2020-12-31,211.7868,213.0287,209.8571,212.4746,20942100
2021-01-04,212.5797,213.0287,205.2049,207.9561,37130100
2021-01-05,207.5454,208.7490,206.0551,208.1567,23823000
2021-01-06,202.6829,206.8098,202.4632,202.7594,35930700
2021-01-07,204.4693,209.5323,204.1541,208.5293,27694500
2021-01-08,208.9018,210.7169,207.3256,209.7998,22956200
2021-01-11,208.7012,209.1215,207.0390,207.7650,23031300
2021-01-12,206.8193,207.3925,203.7815,205.3195,23249300
2021-01-13,204.4502,207.0677,204.3642,206.6665,20087100
2021-01-14,206.2557,207.7364,203.2274,203.4949,29480800
2021-01-15,203.9725,204.9183,202.5492,203.1414,31746500
2021-01-19,204.1923,207.2779,203.1224,206.7620,30480900
2021-01-20,207.9657,215.6939,207.5740,214.3088,37777300
2021-01-21,214.6527,216.1811,212.4746,214.9106,30709400
2021-01-22,216.9263,219.7826,215.7035,215.8468,30172700
2021-01-25,218.8750,219.5055,214.1941,219.2667,33152100
2021-01-26,221.4925,223.7088,219.7921,221.9415,49169600
2021-01-27,227.3580,229.6889,219.8494,222.4860,69870600
2021-01-28,225.0748,231.7905,224.5781,228.2464,49111200
2021-01-29,225.4379,227.3771,221.0053,221.5881,42503100
2021-02-01,224.5494,231.6568,222.0370,228.9342,33314200
2021-02-02,230.5104,231.4752,228.0171,228.8004,25916300
2021-02-03,228.8578,234.1309,228.5616,232.1344,27158100
2021-02-04,231.8096,232.3637,229.6220,231.1886,25296100
2021-02-05,231.3989,232.4019,229.6698,231.3702,18054800
2021-02-08,232.2777,232.7840,230.0423,231.6281,22211900
2021-02-09,231.0549,233.8157,230.5868,232.8700,23565000
2021-02-10,234.0449,234.9238,230.1187,231.9624,22186700
2021-02-11,233.8348,234.1883,231.3224,233.5578,15751100
2021-02-12,233.0228,234.3316,231.8765,234.0354,16561100
2021-02-16,234.0736,235.1244,232.0579,232.8031,26728500
2021-02-17,231.0605,233.9234,230.6966,233.8180,21653500
2021-02-18,231.5201,233.5595,230.6200,233.4254,16925600
2021-02-19,233.3872,233.4925,229.9690,230.7254,25262600
2021-02-22,227.3263,227.8146,222.5197,224.5400,36446900
2021-02-23,220.5377,224.8464,219.0057,223.3527,30228700
2021-02-24,220.2313,225.2007,219.2643,224.5783,26339700
2021-02-25,222.2133,224.6166,218.1919,219.2547,39542200
2021-02-26,221.6867,225.3634,219.7813,222.5006,37819200
2021-03-01,225.8709,227.3742,223.2378,226.8667,25324000
2021-03-02,226.9337,227.2114,223.5250,223.9272,22812500
2021-03-03,222.2899,223.6495,217.5982,217.8855,34029500
2021-03-04,217.1003,222.6059,214.7258,217.0907,44727800
2021-03-05,219.7622,223.3527,216.8322,221.7537,41872800
2021-03-08,221.5335,223.4485,217.4738,217.7227,35267400
2021-03-09,222.9793,225.3730,221.8207,223.8410,33080500
2021-03-10,226.9242,226.9242,222.1750,222.5389,29746800
2021-03-11,224.9709,229.0019,224.3485,227.0486,29907600
2021-03-12,224.0612,225.7943,223.3144,225.7273,22653700
2021-03-15,224.9709,225.1911,221.9548,224.8273,26034900
2021-03-16,226.2347,229.8540,225.9092,227.6039,28092200
2021-03-17,226.1103,228.4082,223.3144,226.9624,29562100
2021-03-18,222.6729,224.2336,220.5377,220.9111,34833000
2021-03-19,221.1984,222.5867,219.5994,220.5569,46430700
2021-03-22,220.4803,226.8284,220.3558,225.9571,30127000
2021-03-23,227.3933,230.8020,226.9912,227.4795,31638400
2021-03-24,227.7380,227.8816,225.3156,225.4496,25620100
2021-03-25,225.2964,226.8667,221.7250,222.4622,34061900
2021-03-26,221.7058,226.6465,221.7058,226.4262,25479900
2021-03-29,226.5316,226.7326,222.0218,225.2390,25227500
2021-03-30,223.6017,223.9081,221.2750,221.9931,24792000
2021-03-31,223.0080,228.9349,222.5101,225.7464,43623500
2021-04-01,228.3316,232.5158,227.9295,232.0467,30338000
2021-04-05,232.4393,239.3332,232.3818,238.4810,36910600
2021-04-06,237.0830,238.7969,236.3841,237.3224,22931900
2021-04-07,237.2745,240.2619,236.6809,239.2757,22719800
2021-04-08,242.0237,243.3354,241.2864,242.4833,23625200
2021-04-09,242.1194,245.1068,241.7077,244.9727,24326800
2021-04-12,243.8812,246.7154,243.7950,245.0302,27148700
2021-04-13,246.3228,248.1708,245.9111,247.5005,23837500
2021-04-14,246.5334,247.8260,244.3121,244.7238,23070900
2021-04-15,246.9643,248.8793,246.7729,248.4676,25627500
2021-04-16,248.4388,249.9038,246.6484,249.6548,24878600
2021-04-19,249.1282,250.3634,246.8590,247.7399,23209300
2021-04-20,246.8590,249.1378,245.9207,247.2803,19722900
2021-04-21,247.9314,249.5974,246.3132,249.5016,24030400
2021-04-22,249.1474,250.6506,244.7717,246.2366,25606200
2021-04-23,246.9164,250.3921,246.3324,250.0474,21462600
2021-04-26,250.5357,251.2826,249.1091,250.4304,19763300
2021-04-27,250.4591,252.0007,249.0612,250.8326,31014200
2021-04-28,245.1929,245.6334,242.1960,243.7375,46903100
2021-04-29,244.5993,245.2121,238.4139,241.7747,40589000
2021-04-30,239.1225,242.3205,238.9885,241.4588,30945100
2021-05-03,242.6269,243.5365,240.4439,241.1524,19626600
2021-05-04,240.3002,240.5300,235.3117,237.2554,32756100
2021-05-05,238.4714,238.8927,235.3692,235.9915,21901300
2021-05-06,235.9724,239.2374,234.2872,239.1129,26491100
2021-05-07,241.4300,243.4886,240.4917,241.7269,27032900
2021-05-10,240.2045,241.0279,236.6139,236.6714,29299900
2021-05-11,234.1532,236.1160,232.2574,235.7618,33641600
2021-05-12,231.8743,233.9904,227.9487,228.8391,36684400
2021-05-13,231.5201,235.1585,231.1562,232.6978,29624300
2021-05-14,235.1394,238.5863,235.0532,237.6001,23901100
2021-05-17,236.0681,236.1064,233.1669,234.7563,24970200
2021-05-18,235.8000,235.9341,232.5733,232.7457,20168000
2021-05-19,229.6651,233.4271,228.9837,233.3215,25739800
2021-05-20,234.1276,237.9568,234.0317,236.5461,21800700
2021-05-21,237.5921,238.3215,234.8762,235.2888,21863100
2021-05-24,237.8032,241.0374,237.5345,240.6727,21411500
2021-05-25,241.6228,242.5633,240.7111,241.5748,17704300
2021-05-26,241.2965,242.7457,240.6440,241.3541,17771600
2021-05-27,241.0470,241.3445,239.2044,239.2620,24426200
2021-05-28,240.8839,241.9203,239.5019,239.6171,18270200
2021-06-01,241.1046,241.1622,237.0067,237.4290,23213300
2021-06-02,238.1296,239.2236,235.9319,237.3330,19406700
2021-06-03,235.3368,236.4117,233.2063,235.8071,25307700
2021-06-04,237.7745,241.5077,237.5345,240.6823,25281100
2021-06-07,239.9050,243.8494,239.7419,243.5806,23079200
2021-06-08,244.8762,245.6920,242.3330,242.3906,22455000
2021-06-09,243.5806,245.2313,243.0048,243.3695,17937600
2021-06-10,244.0413,247.0836,243.4463,246.8724,24563600
2021-06-11,247.5922,248.0720,246.2678,247.4962,18999700
2021-06-14,247.5058,249.4732,246.4501,249.4156,19150500
2021-06-15,249.3004,249.5116,247.2947,247.9473,18038900
2021-06-16,248.9453,250.0778,244.1661,247.0068,27220000
2021-06-17,245.7496,251.2006,245.6920,250.3849,27565500
2021-06-18,249.1661,251.7284,248.3215,248.9741,37202200
2021-06-21,249.3484,252.8993,247.5250,252.0451,26696100
2021-06-22,252.1316,255.0778,251.8244,254.8091,24694100
2021-06-23,255.2697,256.0758,253.7726,254.5787,19518700
2021-06-24,255.4329,257.0548,254.7707,255.9416,21446900
2021-06-25,255.5001,256.4789,254.0893,254.3388,25611100
2021-06-28,255.4616,258.0624,255.1929,257.8897,19590000
2021-06-29,258.0336,260.7016,257.1795,260.4617,19937800
2021-06-30,259.7803,260.4232,258.7342,259.9818,21656500
2021-07-01,258.7438,260.8839,258.7342,260.6536,16725300
2021-07-02,261.8245,266.7958,261.5174,266.4599,26458000
2021-07-06,266.8245,268.1105,263.2448,266.4694,31565600
2021-07-07,268.1392,269.3772,265.9799,268.6479,23260000
2021-07-08,265.7400,267.4962,263.7918,266.2390,24618600
2021-07-09,264.6075,266.8436,264.2237,266.7381,23916700
2021-07-12,267.9089,268.4943,265.4329,266.1431,18931700
2021-07-13,266.3350,271.4502,266.2103,269.6556,26120100
2021-07-14,270.9704,272.2276,269.2429,271.1239,23113700
2021-07-15,270.6345,271.1239,268.5519,269.7036,22604200
2021-07-16,270.7017,272.6499,268.1969,269.4349,26186800
2021-07-19,267.6882,269.0701,263.3888,265.8456,32935600
2021-07-20,266.8245,269.6460,265.1259,268.0625,26259700
2021-07-21,267.6594,270.1738,266.1143,270.0586,24364300
2021-07-22,272.4003,274.8763,271.9972,274.6076,23384100
2021-07-23,275.7880,278.3024,274.9531,277.9953,22768100
2021-07-26,277.3524,278.0145,275.0875,277.4003,23176100
2021-07-27,277.7651,277.9090,271.5462,274.9915,33604100
2021-07-28,277.3427,278.4560,272.3907,274.6844,33566900
2021-07-29,274.7036,276.9877,274.5500,274.9531,18168300
2021-07-30,273.6767,275.1066,272.4675,273.4272,20944800
2021-08-02,274.8187,275.2122,272.3043,273.3408,16267400
2021-08-03,273.9166,275.6537,272.5538,275.5481,17879000
2021-08-04,274.6844,275.9992,273.1777,274.9627,16191300
2021-08-05,275.3177,277.9569,274.5692,277.8513,13900200
2021-08-06,276.8822,277.8322,276.0280,277.7939,16589300
2021-08-09,278.0721,279.7996,276.2103,276.7094,16117600
2021-08-10,277.1604,277.5923,273.7055,274.8955,18616600
2021-08-11,275.6345,277.0261,274.3389,275.3850,13955900
2021-08-12,275.0778,278.2832,274.7995,278.1297,14561300
2021-08-13,277.8130,281.0952,277.6403,281.0472,18249000
2021-08-16,281.3735,282.9378,278.3313,282.7267,22507600
2021-08-17,280.6057,281.6038,279.3485,281.2679,20075300
2021-08-18,280.8065,283.4795,279.1045,279.5468,21813000
2021-08-19,277.5852,286.0275,277.5372,285.3544,29850500
2021-08-20,288.1909,294.0755,286.5948,292.6524,40817600
2021-08-23,291.5851,293.6524,290.2390,292.9313,22830200
2021-08-24,293.2871,293.8929,290.3833,290.9794,18175800
2021-08-25,292.5948,292.8736,288.8640,290.3929,20006100
2021-08-26,289.4121,290.7968,287.4506,287.5852,17666100
2021-08-27,287.4890,289.2967,285.4121,288.1909,22605700
2021-08-30,289.5371,292.5179,289.4795,291.9121,16348100
2021-08-31,292.7102,292.7871,289.9025,290.2679,26285300
2021-09-01,291.2198,293.4506,289.8929,290.2198,18983800
2021-09-02,290.5756,291.6910,288.6333,289.5660,16285600
2021-09-03,289.4121,290.9602,288.7102,289.5564,14747900
2021-09-07,289.4313,289.5082,286.7294,288.6332,17180400
2021-09-08,288.2487,289.0467,286.0275,288.6621,15046800
2021-09-09,289.2486,290.5179,285.5756,285.8159,19927000
2021-09-10,286.9410,288.3833,284.0180,284.3353,19633400
2021-09-13,286.1044,287.0563,282.7679,285.5659,23652900
2021-09-14,288.0372,289.7968,286.6333,288.2583,21853400
2021-09-15,291.5948,293.5755,290.2102,293.0948,28356300
2021-09-16,292.0756,293.5659,289.1910,293.4794,19550800
2021-09-17,292.4698,292.7871,288.0082,288.3351,41372500
2021-09-20,284.9313,287.2294,278.3832,282.9794,38278700
2021-09-21,284.3160,286.0949,282.7583,283.4602,22364100
2021-09-22,285.3160,288.6717,283.1814,287.0948,26626300
2021-09-23,287.3544,289.3256,286.0852,288.0371,18604600
2021-09-24,286.7583,288.2679,285.5083,287.8352,14999000
2021-09-27,284.7487,285.0660,281.6718,282.8545,23571700
2021-09-28,278.6525,279.5948,271.8737,272.6141,43186200
2021-09-29,274.1333,275.7391,272.1237,273.0756,26353700
2021-09-30,274.7199,276.7583,270.7872,271.0757,32343600
2021-10-01,271.2679,278.8256,270.4699,277.9794,30086300
2021-10-04,276.3449,276.6814,269.4699,272.2199,31350700
2021-10-05,273.1237,279.2295,273.1237,277.6526,24993000
2021-10-06,274.7872,282.3352,274.5276,281.8352,28002600
2021-10-07,283.8256,285.2295,282.6141,283.5083,20430500
2021-10-08,284.8256,285.2295,282.4602,283.5083,17685700
2021-10-11,281.6526,286.5083,281.4891,282.9122,19298600
2021-10-12,283.9794,284.0756,281.1045,281.6141,17974100
2021-10-13,283.5659,285.8448,282.2005,284.9121,23416300
2021-10-14,287.7006,291.6044,286.3737,291.1045,27262900
2021-10-15,290.7102,292.7390,288.9602,292.5082,25384800
2021-10-18,291.8928,296.3543,291.0467,295.4697,22729300
2021-10-19,296.4890,297.4024,295.4025,296.3736,17682100
2021-10-20,297.3159,297.7871,294.3352,295.5852,16537100
2021-10-21,295.3544,299.0563,294.5755,298.8063,16918100
2021-10-22,298.4601,299.1235,295.9601,297.2678,17449300
2021-10-25,297.4602,297.4986,294.6717,296.2775,17554500
2021-10-26,299.0370,300.3831,296.7293,298.1812,28107300
2021-10-27,303.8447,313.5562,303.8447,310.7390,52588700
2021-10-28,311.8543,312.3736,308.9986,311.8736,26297900
2021-10-29,311.6621,319.2293,311.4409,318.8640,34766000
2021-11-01,318.6139,318.7389,313.8159,316.7005,27073200
2021-11-02,317.6043,320.6236,317.3063,320.3159,26487100
2021-11-03,321.0563,322.0178,317.9313,321.1525,21500100
2021-11-04,320.0850,323.5946,316.8351,323.4985,23992200
2021-11-05,325.4889,325.7581,321.5562,323.1331,22570100
2021-11-08,324.3254,324.6620,321.5754,324.0273,20897000
2021-11-09,324.1427,325.6908,321.6620,323.0273,21307400
2021-11-10,321.7004,321.7581,317.2293,318.0754,25500900
2021-11-11,318.5081,320.9312,317.7966,319.6427,16849800
2021-11-12,321.0755,324.2582,320.9505,323.7678,23831000
2021-11-15,324.5562,324.8831,321.1812,323.1427,16723000
2021-11-16,322.7677,327.5657,322.6042,326.4503,20886800
2021-11-17,326.4985,329.6292,325.5930,326.6719,19053400
2021-11-18,325.7664,329.8797,324.7454,328.7430,22463500
2021-11-19,330.0628,332.4325,329.6390,330.5155,21963400
2021-11-22,331.9701,336.8347,327.0862,327.3559,31031100
2021-11-23,324.6779,326.9898,321.3160,325.2848,30427600
2021-11-24,323.9362,325.7472,321.6532,325.5064,21661300
2021-11-26,322.0771,325.5257,316.0758,317.5785,24217200
2021-11-29,322.6454,326.5853,322.4527,324.2734,28563500
2021-11-30,323.0114,325.3811,316.9137,318.4550,42885600
2021-12-01,322.8285,326.8261,317.2992,317.9638,33337600
2021-12-02,318.1757,321.2486,315.7674,317.3954,30766000
2021-12-03,319.8037,320.4876,306.3561,311.1533,41779300
2021-12-06,312.0588,315.4303,307.5121,314.2166,30032600
2021-12-07,319.4666,323.4738,317.9831,322.6262,31021900
2021-12-08,323.0019,323.1849,318.6574,322.6743,24761000
2021-12-09,322.1349,324.1385,319.9289,320.8730,22214200
2021-12-10,322.6840,330.4096,322.5010,329.9665,38095700
2021-12-13,328.1747,331.1706,326.6334,326.9417,28899400
2021-12-14,320.9885,322.3564,312.2129,316.2876,44438700
2021-12-15,316.5478,322.8863,312.5887,322.3661,35381100
2021-12-16,323.3872,324.3986,311.1630,312.9740,35034800
2021-12-17,309.1015,312.9933,305.6048,311.9143,47750300
2021-12-20,308.3019,310.9510,305.9130,308.1671,28326500
2021-12-21,311.4230,315.7000,308.0611,315.2762,24740600
2021-12-22,316.2491,321.3642,313.7927,320.9692,24831500
2021-12-23,320.5358,324.0422,320.5165,322.4045,19617800
2021-12-27,323.1462,329.9086,323.1173,329.8797,19947000
2021-12-28,330.5540,331.1898,327.8279,328.7238,15661500
2021-12-29,328.7720,331.6618,327.2114,329.3981,15042000
2021-12-30,329.3595,330.5348,326.3830,326.8646,15994500
2021-12-31,326.0844,326.9032,323.5220,323.9748,18000800
2022-01-03,323.0404,325.5931,317.6749,322.4624,28865100
2022-01-04,322.5394,322.8958,314.1491,316.9330,32674300
2022-01-05,313.8987,314.1010,304.3814,304.7667,40054300
2022-01-06,301.6552,307.0015,300.0561,302.3584,39646100
2022-01-07,302.6185,304.8822,298.7075,302.5125,32720000
2022-01-10,298.1296,303.1676,293.5058,302.7341,44289500
2022-01-11,301.8768,304.9882,298.5149,303.4181,29386800
2022-01-12,307.9359,311.5386,305.4409,306.5872,34372200
2022-01-13,308.7066,309.1016,292.8412,293.6118,45366000
2022-01-14,293.0819,299.4108,292.6003,298.8135,39846400
2022-01-18,292.9085,298.4282,290.6640,291.5406,42333200
2022-01-19,295.0470,302.3873,291.5888,292.1957,45933900
2022-01-20,297.7249,300.2102,290.0860,290.5291,35380700
2022-01-21,291.5792,292.9471,284.7591,285.1637,57984400
2022-01-24,281.4743,286.2041,265.9171,285.4912,85731500
2022-01-25,280.8192,284.1618,274.7023,277.9004,72848600
2022-01-26,296.6846,297.1759,282.2738,285.8187,90428900
2022-01-27,291.5503,296.0200,286.9939,288.8338,53481300
2022-01-28,289.2095,297.1566,283.6416,296.9447,49743700
2022-01-31,297.6095,300.9135,295.1241,299.5649,46444500
2022-02-01,299.0159,299.2278,293.9297,297.4265,40950400
2022-02-02,298.2644,303.5529,297.5420,301.9538,36636000
2022-02-03,298.1296,299.8058,288.9494,290.1921,43730000
2022-02-04,289.1902,297.4649,288.9591,294.7099,35096500
2022-02-07,294.9314,296.5401,288.8916,289.9030,28533300
2022-02-08,290.1921,294.3439,288.9398,293.3806,32421200
2022-02-09,298.4956,300.4799,296.1066,299.7864,31284700
2022-02-10,292.8797,297.7732,289.6623,291.2806,45386200
2022-02-11,292.0608,293.1205,283.4201,284.2100,39175600
2022-02-14,282.9866,285.8669,280.6555,284.1715,36359500
2022-02-15,288.9976,289.7585,286.1173,289.4407,27058300
2022-02-16,288.0120,290.4252,283.4848,289.1028,29982100
2022-02-17,286.0718,286.4966,279.9326,280.6373,32461600
2022-02-18,282.8768,283.6586,276.3708,277.9345,34264000
2022-02-22,275.1062,281.4192,274.6236,277.7318,41736100
2022-02-23,280.1064,281.5736,270.3763,270.5404,37811200
2022-02-24,263.0499,284.9136,262.0942,284.3633,56989700
2022-02-25,284.8942,287.2978,281.5253,286.9889,32546700
2022-02-28,284.0930,288.7553,282.8284,288.4174,34627500
2022-03-01,286.1104,289.5565,282.0080,284.7108,31217800
2022-03-02,285.1066,291.0045,283.5042,289.7689,31873000
2022-03-03,292.3752,292.6068,283.8420,285.6471,27314500
2022-03-04,284.0737,285.3961,277.2009,279.7975,32356500
2022-03-07,278.5136,279.6334,268.8608,269.2276,43157200
2022-03-08,268.1562,274.1023,260.6269,266.2739,48159500
2022-03-09,273.6003,279.5465,271.0327,278.4846,35204500
2022-03-10,273.1949,276.6506,270.8396,275.6757,30628000
2022-03-11,277.9634,279.4596,269.7296,270.3474,27209300
2022-03-14,270.6079,275.4923,266.2449,266.8433,30660700
2022-03-15,270.6176,277.8282,269.0538,277.1815,34245100
2022-03-16,279.0735,284.3440,273.3687,284.1702,37826300
2022-03-17,283.1085,285.3479,279.3246,284.9715,30816600
2022-03-18,285.1162,290.5508,282.5679,290.0005,43390600
2022-03-21,288.5140,289.7206,284.6625,288.7746,28351200
2022-03-22,289.3924,294.4119,288.3982,293.5045,27599700
2022-03-23,290.0777,292.7033,287.3846,289.0931,25715400
2022-03-24,288.7553,293.6397,287.9638,293.5431,24484500
2022-03-25,294.6339,294.8946,288.9001,293.1377,22566500
2022-03-28,293.7652,300.0106,293.7652,299.9141,29578200
2022-03-29,303.0126,304.8563,298.3213,304.4605,30393400
2022-03-30,302.8677,304.9817,300.7634,302.9642,28163600
2022-03-31,303.0030,304.2000,297.2017,297.6071,33422100
2022-04-01,298.6302,299.3638,294.9331,298.6784,27110500
2022-04-04,299.3252,304.1709,298.9584,304.0358,24289600
2022-04-05,302.3948,303.9392,299.1128,300.0877,23156700
2022-04-06,294.5953,296.3425,286.4097,289.1028,40110400
2022-04-07,286.3614,293.1088,286.0622,290.9079,31411200
2022-04-08,290.0102,290.6666,285.9946,286.6607,24361900
2022-04-11,281.6605,282.4520,275.1062,275.3571,34569300
2022-04-12,279.1990,280.6469,270.7528,272.2683,30966700
2022-04-13,272.9150,278.5619,271.5346,277.6353,21907200
2022-04-14,278.0890,278.3013,269.6234,270.1157,28221600
2022-04-18,269.2276,272.6544,268.6774,270.7817,20778000
2022-04-19,269.6813,276.2356,268.7450,275.3958,22297700
2022-04-20,279.3535,279.6431,275.4634,276.4190,22906700
2022-04-21,278.5619,283.1180,270.3377,271.0616,29454600
2022-04-22,271.9015,273.3687,263.8896,264.5170,29405800
2022-04-25,263.8027,271.3512,261.3702,270.9748,35678900
2022-04-26,267.8665,268.6967,260.6269,260.8393,46518400
2022-04-27,272.3070,280.8691,269.4690,273.3881,63477700
2022-04-28,275.2896,280.8786,271.6891,279.5755,33646600
2022-04-29,278.5909,279.8168,266.9013,267.8859,37073900
2022-05-02,268.0693,275.0483,266.6310,274.5946,35151100
2022-05-03,274.1023,274.2664,270.4246,271.9980,25978600
2022-05-04,272.7799,280.7821,267.1234,279.9134,33599300
2022-05-05,275.6275,276.4093,264.8163,267.7218,43260400
2022-05-06,265.2700,269.5558,261.8528,265.1927,37780300
2022-05-09,260.6848,262.9050,254.1788,255.3951,47726000
2022-05-10,262.2582,264.2467,255.8681,260.1443,39336400
2022-05-11,256.4569,261.9397,250.2984,251.5050,48975900
2022-05-12,248.7443,250.8582,241.3405,246.4855,51033800
2022-05-13,248.4161,253.9086,246.4855,252.0552,34925100
2022-05-16,250.9355,256.5920,246.9006,252.4220,32550900
2022-05-17,256.8719,259.0149,253.3487,257.5573,28828800
2022-05-18,254.4612,255.0418,244.5634,245.8308,31356000
2022-05-19,245.6567,249.3043,243.7023,244.9213,32692300
2022-05-20,248.8882,250.1460,238.4389,244.3602,39199300
2022-05-23,247.1951,253.0099,245.2019,252.1875,33175400
2022-05-24,249.5172,252.8455,245.2697,251.1910,29043900
2022-05-25,249.7590,255.9899,248.7818,253.9968,28547900
2022-05-26,253.7549,258.4377,252.9422,257.2670,25002100
2022-05-27,259.7633,264.4655,258.8732,264.3687,26910800
2022-05-31,263.6818,265.8491,260.1987,263.0433,37827700
2022-06-01,266.2651,268.6743,261.2726,263.5754,25292200
2022-06-02,255.8641,265.7330,253.1067,265.6652,44008200
2022-06-03,261.5339,264.5720,259.6956,261.2533,28059000
2022-06-06,263.2271,265.2783,258.5442,260.0246,22400300
2022-06-07,257.9830,264.2623,257.3058,263.6528,22860700
2022-06-08,262.8885,264.1366,260.8566,261.6307,17372300
2022-06-09,259.0861,263.8560,256.0383,256.1931,26439700
2022-06-10,252.1198,252.1198,244.3311,244.7762,31422800
2022-06-13,237.1521,240.9351,233.6883,234.3946,46135800
2022-06-14,235.9426,237.7616,233.6689,236.5522,28651500
2022-06-15,240.2482,247.0112,238.4195,243.5862,33111700
2022-06-16,237.9938,239.3871,235.1299,237.0166,33169200
2022-06-17,236.7554,242.3671,236.1071,239.6096,43084800
2022-06-21,242.1348,246.4791,241.4092,245.5019,29928300
2022-06-22,243.7119,248.8205,242.2413,244.9117,25939900
2022-06-23,247.2725,250.9491,245.3955,250.4556,25861400
2022-06-24,253.3099,259.2795,253.2228,259.0086,33923200
2022-06-27,259.5021,259.5891,254.7321,256.2899,24615100
2022-06-28,255.4094,258.2443,247.9981,248.1529,27295500
2022-06-29,249.2268,253.4646,247.4563,251.8102,20069800
2022-06-30,248.7044,251.1039,244.6892,248.4916,31730900
2022-07-01,248.0658,251.3361,246.3436,251.1522,22837700
2022-07-05,247.8433,254.4419,246.4694,254.3161,22941000
2022-07-06,255.1869,259.2892,253.8807,257.5670,23824400
2022-07-07,256.5124,260.3245,256.4156,259.6859,20859900
2022-07-08,256.1932,259.3957,254.7419,258.9700,19658800
2022-07-11,257.0252,257.8766,253.6679,255.9222,19455200
2022-07-12,257.2477,257.3057,243.8570,245.4341,35868500
2022-07-13,242.0671,245.3180,240.0547,244.5150,29497400
2022-07-14,242.4348,246.8564,237.9551,245.8308,25102800
2022-07-15,247.4176,251.9166,246.4984,248.3851,29774100
2022-07-18,251.3167,252.3713,245.0761,245.9953,20975000
2022-07-19,249.2172,251.2877,245.4438,251.1039,25012600
2022-07-20,251.4618,256.2705,250.5040,253.7549,22788300
2022-07-21,251.3555,256.2899,248.6851,256.2415,22404700
2022-07-22,256.6285,256.7155,250.6588,251.9069,21881300
2022-07-25,252.5261,253.0099,248.4722,250.4266,21056000
2022-07-26,251.4231,251.4425,241.4672,243.7216,39348000
2022-07-27,252.6809,261.2823,250.4459,260.0148,45994000
2022-07-28,260.9920,268.8194,259.1731,267.4358,33459300
2022-07-29,268.6840,272.8444,267.6487,271.6253,32152800
2022-08-01,268.8001,272.1478,266.8844,268.9839,21539600
2022-08-02,267.0391,268.8678,263.5367,265.8975,22754200
2022-08-03,267.7746,274.2957,267.6294,273.2992,23518900
2022-08-04,272.6508,274.5858,271.0737,274.4407,18098700
2022-08-05,270.0869,274.4408,269.6321,273.7248,16774600
2022-08-08,274.8278,276.6372,270.2514,271.2190,18739200
2022-08-09,270.5610,273.8893,268.5969,273.1346,23405200
2022-08-10,278.8140,280.4008,277.6240,279.7719,24687800
2022-08-11,281.4071,281.7554,277.2080,277.7014,20065900
2022-08-12,279.1140,282.4326,277.6240,282.4326,22619700
2022-08-15,281.5521,284.6289,280.6910,283.9419,18085700
2022-08-16,282.5100,284.4934,280.9910,283.2066,18102900
2022-08-17,280.9281,284.4283,280.6663,282.4600,18253400
2022-08-18,281.3644,283.0321,280.2882,281.3450,17186200
2022-08-19,280.1136,280.4530,276.8752,277.4473,20570000
2022-08-22,273.5011,273.8695,268.7889,269.3028,25061100
2022-08-23,268.0326,270.3790,267.0242,268.0326,17527400
2022-08-24,267.0339,268.7985,266.7430,267.4023,18137000
2022-08-25,268.8955,270.5341,266.1709,270.3693,16583400
2022-08-26,270.5923,271.8140,259.8299,259.9366,27549300
2022-08-29,257.7647,259.2675,255.8255,257.1635,20338500
2022-08-30,258.5597,258.9281,252.7325,254.9722,22767100
2022-08-31,257.3187,258.9864,253.3821,253.5179,24791800
2022-09-01,250.9970,252.9555,247.6422,252.4804,23263400
2022-09-02,253.7409,256.6884,246.7308,248.2724,22855400
2022-09-06,248.4082,249.9886,244.2777,245.5479,21328200
2022-09-07,246.9538,250.9582,245.5188,250.2407,24126700
2022-09-08,249.6783,252.5095,247.0410,250.6576,20319900
2022-09-09,252.5774,257.1636,252.3738,256.4170,22084700
2022-09-12,257.6968,259.3160,257.0957,258.5403,18747700
2022-09-13,250.9678,252.4804,243.9383,244.3262,33353300
2022-09-14,245.8194,246.4981,242.2610,244.5492,23913000
2022-09-15,242.1737,243.7541,236.5986,237.9172,31530900
2022-09-16,236.8313,237.8396,234.6982,237.2967,39791800
2022-09-19,235.0957,237.6845,233.5250,237.0834,26826900
2022-09-20,234.7079,236.1041,232.3518,235.0764,26660300
2022-09-21,236.8410,240.1279,231.6343,231.6828,28625600
2022-09-22,230.6356,236.4434,230.3447,233.6510,31061200
2022-09-23,232.2548,233.7964,228.0468,230.6841,34176000
2022-09-26,229.8406,234.1067,229.6951,230.2284,27694200
2022-09-27,232.6815,234.4461,227.3681,229.2200,27018700
2022-09-28,229.6079,234.9600,227.5911,233.7383,29029700
2022-09-29,231.6246,232.6524,227.2809,230.2769,27484200
2022-09-30,231.0428,233.2244,225.6519,225.8168,35694800
2022-10-03,228.2504,234.2619,227.5232,233.4183,28880400
2022-10-04,237.6360,242.7458,237.5294,241.3108,34888400
2022-10-05,238.5087,242.9591,236.6762,241.6211,20347100
2022-10-06,240.3896,242.7264,238.5959,239.2843,20239900
2022-10-07,233.5735,233.9807,226.0786,227.1160,37769600
2022-10-10,225.9622,227.4263,219.8344,222.2778,29743600
2022-10-11,220.6974,222.0936,217.2941,218.5546,30474000
2022-10-12,218.5449,220.9301,217.1487,218.8842,21903900
2022-10-13,213.1637,228.9195,212.4656,227.1160,42551800
2022-10-14,228.3765,230.0248,221.3955,221.6088,30198600
2022-10-17,228.6480,231.6925,227.9887,230.3060,28142300
2022-10-18,235.8423,236.5113,228.2116,231.2464,26329600
2022-10-19,229.8309,232.3227,227.1645,229.2879,19985700
2022-10-20,228.5995,233.9710,227.7269,228.9680,21811000
2022-10-21,227.6008,235.6096,227.3681,234.7564,26299700
2022-10-24,236.3465,240.3024,233.9613,239.7304,24911200
2022-10-25,239.7400,243.4051,238.3535,243.0366,34775500
2022-10-26,224.1394,231.0526,223.0632,224.2849,82543200
2022-10-27,224.0133,226.5828,218.9133,219.8538,40424600
2022-10-28,219.3593,229.4043,219.1751,228.6965,40647700
2022-10-31,226.6506,227.7754,224.1200,225.0702,28357300
2022-11-01,227.4651,228.5704,220.4162,221.2306,30592300
2022-11-02,222.4814,224.2654,213.3479,213.4061,38407000
2022-11-03,213.3964,213.7066,207.4722,207.7340,36633900
2022-11-04,210.9336,214.8508,206.9389,214.6568,36789100
2022-11-07,215.2386,221.4633,214.5502,220.9397,33498000
2022-11-08,221.7445,224.6048,218.9715,221.9094,28192500
2022-11-09,220.4550,221.6767,217.5074,217.6819,27852900
2022-11-10,228.2698,235.9296,227.8529,235.5902,46268000
2022-11-11,235.5999,240.4479,234.5722,239.5946,34620200
2022-11-14,234.6303,236.4919,231.9349,234.2037,31123300
2022-11-15,238.1887,239.4879,232.7299,234.6109,31390100
2022-11-16,236.0694,237.0515,233.7650,235.0387,24093300
2022-11-17,231.1981,236.5167,231.0523,234.9901,23123500
2022-11-18,236.7695,236.9931,232.4135,234.5429,27613500
2022-11-21,234.7471,237.8974,234.5137,235.3499,26394700
2022-11-22,236.8472,238.5196,234.0470,238.2474,19665700
2022-11-23,238.3252,241.4074,237.5084,240.7268,19508500
2022-11-25,240.4643,241.8158,239.9003,240.6393,9200800
2022-11-28,239.2683,239.8225,234.1345,235.0679,24778200
2022-11-29,234.7179,236.0694,231.6162,233.6775,17956300
2022-11-30,233.9108,248.2623,233.2205,248.0775,47594200
2022-12-01,246.8427,249.0304,243.9744,247.6400,26041500
2022-12-02,242.9048,248.9721,242.7784,247.9609,21528500
2022-12-05,245.0342,246.7941,241.1935,243.2743,23435300
2022-12-06,243.8772,244.8884,237.0320,238.3349,22463700
2022-12-07,238.0529,239.3461,235.5055,237.6057,20481500
2022-12-08,238.0627,241.8547,236.3319,240.5518,22611800
2022-12-09,237.9265,241.4366,237.4015,238.6266,20609700
2022-12-12,240.6004,245.5495,240.3282,245.5204,30665100
2022-12-13,254.4462,256.6145,246.0648,249.8083,42196900
2022-12-14,250.0125,255.3213,247.2705,250.1000,35410900
2022-12-15,246.6968,247.1636,240.4934,242.1172,35560400
2022-12-16,241.6700,242.9243,236.7695,237.9168,86102000
2022-12-19,238.0821,238.4224,232.1024,233.7942,29696400
2022-12-20,232.7732,236.1861,231.8204,235.1068,25150800
2022-12-21,234.9998,238.8210,233.4636,237.6640,23690600
2022-12-22,234.5817,235.2915,227.3963,231.5967,28651700
2022-12-23,229.5743,232.2579,227.4644,232.1218,21207000
2022-12-27,232.0926,232.3163,229.3021,230.4008,16688600
2022-12-28,230.3327,233.0844,227.6880,228.0381,17457100
2022-12-29,229.1270,235.2235,229.1270,234.3387,19770700
2022-12-30,231.6162,233.3178,230.1091,233.1817,21938500
2023-01-03,236.3514,238.9475,230.8286,232.9483,25740000
2023-01-04,225.8504,226.4240,219.7053,222.7584,50623400
2023-01-05,220.9109,221.2513,215.6215,216.1563,39585600
2023-01-06,216.8272,219.5108,213.2782,218.7038,43613600
2023-01-09,220.1817,224.8391,220.1428,220.8331,27369800
2023-01-10,221.4554,224.9072,221.0373,222.5153,27033900
2023-01-11,224.8877,229.4187,224.7127,229.2437,28669300
2023-01-12,228.7478,233.2594,227.0949,231.9079,27269500
2023-01-13,230.4396,232.7440,228.4172,232.6079,21333300
2023-01-17,231.3828,234.2414,230.5272,233.6969,29831300
2023-01-18,234.8832,235.6708,229.0006,229.2826,30028700
2023-01-19,227.3088,229.0006,224.2946,225.5100,28623000
2023-01-20,228.3589,234.0762,228.0186,233.5705,35389800
2023-01-23,234.4262,238.3835,233.0163,235.8652,31934000
2023-01-24,235.7875,237.1973,233.7845,235.3402,40234400
2023-01-25,227.9894,236.5653,224.5085,233.9498,66526600
2023-01-26,236.9056,241.4366,235.3013,241.1352,33454500
2023-01-27,242.0978,242.9146,239.9976,241.2908,26498900
2023-01-30,237.7418,238.8016,235.4957,235.9916,25867400
2023-01-31,236.7111,241.0866,236.2250,240.9505,26541100
2023-02-01,241.1352,248.1164,238.6752,245.7537,31259900
2023-02-02,251.6557,257.3632,250.1291,257.2757,39940400
2023-02-03,252.3558,256.8868,249.9833,251.1987,29077300
2023-02-06,250.3139,251.1501,247.7275,249.6624,22518000
2023-02-07,253.3183,261.3302,252.8808,260.1537,50841400
2023-02-08,265.6376,269.0991,258.8411,259.3467,54686000
2023-02-09,266.2210,266.3961,255.5255,256.3228,42375100
2023-02-10,254.2907,256.7798,253.4448,255.8173,25818500
2023-02-13,260.2316,266.9989,259.7551,263.8097,44630900
2023-02-14,265.1223,267.3586,261.8261,264.6361,37047900
2023-02-15,261.5462,263.8953,259.4602,262.5209,28922400
2023-02-16,257.3547,260.0061,255.2882,255.5319,29603600
2023-02-17,252.8416,253.5239,249.5372,251.5452,30000100
2023-02-21,248.0555,249.0401,245.2385,246.2912,28397400
2023-02-22,247.6754,247.9191,244.0201,245.1605,22491100
2023-02-23,249.1083,250.3560,244.1566,248.3383,29219100
2023-02-24,243.6497,244.6634,241.8366,242.9283,24990900
2023-02-27,246.0866,246.4375,243.0941,243.8447,21190000
2023-02-28,242.7822,245.1411,242.4507,243.1233,22491000
2023-03-01,244.4295,244.5952,239.5849,240.0528,27565300
2023-03-02,240.3258,245.0534,239.4095,244.7707,24808200
2023-03-03,245.8234,249.1668,245.0436,248.8451,30760100
2023-03-06,249.9563,253.5532,249.5177,250.3852,24109800
2023-03-07,249.8296,251.1846,246.9931,247.7339,21473200
2023-03-08,247.6267,248.1140,244.4782,247.2952,17340200
2023-03-09,249.3618,253.0073,245.2288,245.9501,26653400
2023-03-10,244.7414,246.4082,241.3493,242.3143,28333900
2023-03-13,241.1543,251.3990,239.5265,247.5097,33339700
2023-03-14,250.2682,254.4792,249.4007,254.2062,33620300
2023-03-15,253.4168,259.7527,252.6662,258.7389,46028000
2023-03-16,258.5147,269.5781,256.6334,269.2272,54768800
2023-03-17,271.2352,276.1772,269.3442,272.3757,69527400
2023-03-20,269.9876,270.4749,263.0376,265.3575,43466600
2023-03-21,267.9406,268.0575,262.7159,266.8683,34558700
2023-03-22,266.4979,273.9451,265.3087,265.4160,34873300
2023-03-23,270.9233,273.9645,268.2525,270.6504,36610900
2023-03-24,270.2410,273.5454,268.3304,273.4869,28172000
2023-03-27,273.4187,274.3545,268.5644,269.4027,26840200
2023-03-28,268.8276,269.1688,265.1820,268.2817,21878600
2023-03-29,271.9175,274.0425,271.3814,273.4284,25087000
2023-03-30,277.0546,277.2787,274.3740,276.8791,25053400
2023-03-31,276.5672,281.9673,275.8556,281.0218,32766000
2023-04-03,279.2867,280.9925,276.7816,279.9788,24883300
2023-04-04,279.9788,283.1175,278.4582,279.9300,25824300
2023-04-05,278.6337,279.9009,275.7777,277.1618,22064800
2023-04-06,276.0603,284.7063,274.9101,284.2385,29770300
2023-04-10,281.9088,282.2889,277.5224,282.0843,23103000
2023-04-11,278.5362,278.7604,274.5299,275.6899,27276600
2023-04-12,277.6004,279.7643,274.8418,276.3332,27403400
2023-04-13,276.4307,282.5814,276.0213,282.5229,24222700
2023-04-14,279.7546,281.1972,276.5282,278.9163,20987900
2023-04-17,282.6106,284.2385,278.9358,281.5092,23836200
2023-04-18,284.2093,284.3945,279.7644,281.0900,20161800
2023-04-19,278.7701,281.7528,277.3567,281.1680,17150300
2023-04-20,278.0487,281.7333,277.8830,278.8870,23244400
2023-04-21,277.8148,279.0430,275.9140,278.5459,21676400
2023-04-24,274.9685,277.7564,271.6836,274.6566,26611000
2023-04-25,272.4537,274.4909,268.4182,268.4669,45772200
2023-04-26,289.2097,292.0072,285.3399,287.9132,64599200
2023-04-27,288.4982,297.4952,287.7964,297.1345,46462600
2023-04-28,296.3352,301.1309,295.6528,299.5031,36469600
2023-05-01,299.2204,300.8093,297.4464,297.8460,21294100
2023-05-02,299.9906,301.3747,296.2378,297.6999,26404400
2023-05-03,298.8793,300.8191,296.4132,296.7154,22360800
2023-05-04,298.5089,299.9906,295.7406,297.6999,22519900
2023-05-05,298.0020,304.0942,296.5886,302.8076,28197100
2023-05-08,302.3007,302.3690,298.3627,300.8581,21318600
2023-05-09,300.2244,302.2130,298.5771,299.2497,21340800
2023-05-10,300.8288,305.0982,299.9028,304.4256,30078000
2023-05-11,302.2714,303.2656,298.5283,302.2811,31680200
2023-05-12,302.7101,302.8076,298.8598,301.1700,19774700
2023-05-15,301.2967,302.0765,299.8248,301.6476,16336500
2023-05-16,302.0082,305.7903,302.0082,303.8700,26730300
2023-05-17,305.0716,307.1621,303.5574,306.7421,24315000
2023-05-18,307.2598,311.6656,306.4685,311.1576,27276000
2023-05-19,309.4187,311.3823,309.0573,310.9818,27546700
2023-05-22,311.2358,315.1335,310.6594,313.7561,24115700
2023-05-23,312.6327,315.2605,307.9632,307.9730,30797200
2023-05-24,307.4552,309.1843,305.3842,306.5956,23384900
2023-05-25,315.7685,319.3439,312.6034,318.3865,43301700
2023-05-26,316.5304,325.6936,316.3937,325.1954,36630600
2023-05-30,327.4814,327.9796,322.8802,323.5543,29503100
2023-05-31,324.6093,328.1749,319.7639,320.7994,45950600
2023-06-01,318.3963,325.8206,317.2142,324.8925,26773900
2023-06-02,326.5240,329.6988,324.8632,327.6474,25873800
2023-06-05,327.4716,330.7344,326.9245,328.1749,21307100
2023-06-06,327.5790,327.6181,324.4921,325.9672,20396200
2023-06-07,323.9841,326.7585,315.0456,315.9053,40717100
2023-06-08,316.4523,319.0899,315.8759,317.7418,23277700
2023-06-09,317.4780,322.3624,316.9114,319.2364,22529000
2023-06-12,320.9850,324.4237,317.6441,324.1795,24260300
2023-06-13,326.7389,329.1909,322.7532,326.5630,22951300
2023-06-14,326.6120,331.2034,325.1174,329.5427,26003800
2023-06-15,329.6793,341.7536,329.4058,340.0538,38899100
2023-06-16,343.1995,343.3460,334.0460,334.4172,46552000
2023-06-20,331.4670,334.1730,328.0967,330.2361,26375400
2023-06-21,328.5950,329.9236,324.3944,325.8499,25117800
2023-06-22,326.3970,332.2583,325.6351,331.8578,23556800
2023-06-23,326.6314,330.1482,325.7425,327.2762,23146900
2023-06-26,326.0063,328.3410,320.8971,321.0046,21520600
2023-06-27,324.1892,328.3800,321.6884,326.8366,24354100
2023-06-28,326.9245,330.1678,326.0942,328.0870,20259500
2023-06-29,326.9733,328.3410,324.9317,327.3055,16997000
2023-06-30,329.9431,334.8080,329.4058,332.6686,26832800
2023-07-03,331.3498,333.0203,328.7904,330.1775,12508700
2023-07-05,327.3445,333.7529,326.9929,330.3338,18172400
2023-07-06,329.5035,335.0620,327.7451,333.3817,28161200
2023-07-07,331.4768,333.8897,329.2104,329.4254,21214800
2023-07-10,326.8659,327.4814,320.0180,324.1599,32791400
2023-07-11,323.4077,325.1661,319.4416,324.7852,26698200
2023-07-12,328.8197,333.7529,327.9112,329.4058,29995300
2023-07-13,331.7112,335.7946,331.1837,334.7396,20567200
2023-07-14,339.5556,343.3068,336.3514,337.2599,28352700
2023-07-17,337.6898,338.9695,334.2902,337.7386,20363900
2023-07-18,337.8363,358.3021,334.2610,351.1806,64738600
2023-07-19,353.3884,354.0819,344.2936,346.8725,39732900
2023-07-20,345.3974,349.6957,337.3870,338.8523,33778400
2023-07-21,341.0796,342.2030,331.9750,335.8240,69405400
2023-07-24,337.8559,338.9012,334.3977,337.1330,26678100
2023-07-25,339.0867,343.7563,337.0939,342.8673,41637700
2023-07-26,333.5478,336.7032,325.4104,329.9626,58383700
2023-07-27,332.6100,333.4404,321.4442,323.0756,39635300
2023-07-28,325.9574,332.1508,325.4689,330.5487,28484900
2023-07-31,329.1323,329.8943,325.6546,328.1555,25446000
2023-08-01,327.4423,330.7148,325.9867,328.5657,18311900
2023-08-02,325.9183,325.9183,318.8164,319.9300,27761300
2023-08-03,318.4647,322.2550,318.4159,319.1094,18253700
2023-08-04,324.2088,327.3935,319.6761,320.2036,23741500
2023-08-07,320.7799,323.4566,319.9495,322.4797,17741500
2023-08-08,319.4025,321.1512,315.5341,318.5135,22327600
2023-08-09,318.9238,319.5490,313.6291,314.7819,22373300
2023-08-10,318.4842,320.6725,313.7561,315.4657,20113700
2023-08-11,312.8574,314.9577,311.8316,313.5900,24355500
2023-08-14,313.9612,316.5695,312.6815,316.5500,18836100
2023-08-15,315.5340,317.5757,313.4826,314.4204,16966300
2023-08-16,314.0484,317.5922,313.0694,313.6568,20698900
2023-08-17,313.7939,315.0959,309.5550,310.2109,21257200
2023-08-18,307.8712,311.6793,304.9931,309.8193,24755000
2023-08-21,311.2388,315.9769,310.3675,315.1057,24040000
2023-08-22,318.6495,319.2173,314.6945,315.6735,16084600
2023-08-23,317.0048,322.2716,316.6524,320.1179,21166400
2023-08-24,325.8448,325.9720,313.2260,313.2358,23281400
2023-08-25,314.7043,318.5124,312.0905,316.1825,21684100
2023-08-28,318.8061,319.2858,314.9490,316.8874,14808500
2023-08-29,315.1057,322.0563,315.1057,321.4983,19284600
2023-08-30,321.7528,322.8688,319.5795,321.8702,15222100
2023-08-31,322.2716,323.9456,319.9026,320.8619,26411000
2023-09-01,324.3373,325.0029,319.9026,321.7430,14942000
2023-09-05,322.0759,327.8027,321.7430,326.5301,18553900
2023-09-06,326.3636,327.4209,323.2310,325.8741,17535800
2023-09-07,324.3176,326.0699,322.1051,322.9666,18381000
2023-09-08,323.1429,329.0852,322.5262,327.2349,19530100
2023-09-11,330.1424,331.2976,328.3705,330.8277,16583300
2023-09-12,328.7523,329.7019,324.5036,324.7875,17565500
2023-09-13,324.3372,329.7606,324.2001,328.9872,16544400
2023-09-14,332.0122,333.6862,329.4865,331.5717,20267000
2023-09-15,329.8292,330.2991,322.7122,323.2702,37679800
2023-09-18,320.9010,323.4463,319.4913,322.1345,16834200
2023-09-19,319.3053,322.4576,317.6803,321.7331,16505900
2023-09-20,322.5751,322.6534,313.7645,314.0190,21436500
2023-09-21,312.5408,318.5027,308.3705,312.8051,35560400
2023-09-22,314.5575,314.6847,309.4962,310.3382,21447900
2023-09-25,309.9270,310.9843,308.3705,310.8570,17836000
2023-09-26,308.4977,309.2319,303.4952,305.5706,26297600
2023-09-27,305.7273,307.6852,303.1722,306.2070,19410100
2023-09-28,304.4448,308.8404,302.9373,307.0391,19683600
2023-09-29,311.0626,312.7464,308.3509,309.1047,24147300
2023-10-02,309.6235,315.1154,308.5466,315.0273,20570000
2023-10-03,314.0777,314.6259,304.6602,306.7943,21033500
2023-10-04,307.4209,313.3044,307.3916,312.2472,20720100
2023-10-05,312.3744,313.2457,308.2726,312.6387,16965600
2023-10-06,309.8878,322.2618,309.6431,320.3724,25673600
2023-10-09,317.9152,323.3484,316.3782,322.8785,19891200
2023-10-10,323.9946,324.1316,320.7738,321.4787,20557100
2023-10-11,324.2393,325.8154,322.2129,325.4239,20063200
2023-10-12,323.6128,326.6084,321.8017,324.1903,19313100
2023-10-13,325.3847,326.8041,319.4914,320.8326,21072400
2023-10-16,324.0826,329.0655,323.6421,325.6392,22158000
2023-10-17,322.6534,326.4420,320.5193,325.0714,18338500
2023-10-18,325.4923,328.5271,321.3905,323.1624,23153600
2023-10-19,325.1595,329.7900,323.9456,324.3470,25052100
2023-10-20,324.7386,324.9344,318.6006,319.7949,25027700
2023-10-23,318.6202,325.7274,317.5629,322.3891,24374700
2023-10-24,324.3274,324.8560,320.7053,323.5736,31153600
2023-10-25,337.7587,338.9139,330.5144,333.5002,55053800
2023-10-26,333.3730,334.4400,320.0592,320.9892,37828500
2023-10-27,323.4757,329.6333,321.4884,322.8688,29856500
2023-10-30,326.3930,332.3059,324.8463,330.2109,22828100
2023-10-31,331.7185,331.8654,327.6461,330.9941,20265300
2023-11-01,332.6387,340.1081,332.5016,338.7865,28158800
2023-11-02,339.9319,341.4885,337.5139,340.9892,24348100
2023-11-03,342.2717,346.9315,340.0201,345.3749,23637700
2023-11-06,346.0112,350.0152,345.9133,349.0264,23828300
2023-11-07,351.8360,354.8316,350.1032,352.9422,25833900
2023-11-08,354.0680,356.2119,352.9618,355.5561,26767800
2023-11-09,354.6750,357.1126,352.7758,353.0989,24847300
2023-11-10,353.8821,362.3109,353.4709,361.8899,28042100
2023-11-13,360.4704,360.7152,358.1992,358.9628,19986500
2023-11-14,363.2017,364.1219,359.6187,362.4773,27683900
2023-11-15,364.2037,366.0185,360.1132,362.6244,26860100
2023-11-16,363.8898,369.1771,363.1246,369.0005,27182300
2023-11-17,366.4893,367.2348,360.0053,362.8010,40157000
2023-11-20,364.1449,371.6490,363.9290,370.2463,52465100
2023-11-21,368.5100,369.0496,364.0467,365.9596,28423100
2023-11-22,370.7956,372.5515,367.8234,370.6485,23345300
2023-11-24,370.1384,370.7662,367.9901,370.2365,10176600
2023-11-27,369.5988,373.3853,369.0299,371.3940,22179200
2023-11-28,371.1390,375.7003,370.9526,375.4061,20453100
2023-11-29,376.4458,376.9755,370.2463,371.6294,28963400
2023-11-30,371.2763,372.8458,368.3138,371.6883,30554400
2023-12-01,369.5793,370.9526,364.2331,367.3722,33040500
2023-12-04,362.0652,362.4772,355.9833,362.1044,32063300
2023-12-05,359.4657,365.9693,358.6515,365.4200,23065000
2023-12-06,366.4206,367.0484,361.0156,361.7709,21182100
2023-12-07,361.2118,364.3705,359.3382,363.8800,23118900
2023-12-08,362.1633,367.3231,361.2118,367.0975,20154400
2023-12-11,361.4571,364.5176,359.1224,364.2233,27708800
2023-12-12,363.7819,367.2838,363.3993,367.2446,24838300
2023-12-13,368.8533,370.4425,363.7034,367.2348,30955500
2023-12-14,366.1949,366.6364,357.1899,358.9556,43277500
2023-12-15,359.8581,365.3023,359.2990,363.6642,78502300
2023-12-18,362.4086,365.8909,361.6533,365.5476,21802900
2023-12-19,364.4097,366.1459,362.7911,366.1459,20603700
2023-12-20,367.8528,368.8631,363.4680,363.5562,26316700
2023-12-21,365.4593,367.2740,362.9873,366.4206,17708000
2023-12-22,366.5580,368.0294,365.6064,367.4408,17107500
2023-12-26,367.8528,369.7558,366.3814,367.5193,12673100
2023-12-27,366.5678,367.9117,365.7046,366.9406,14905400
2023-12-28,368.2157,369.2849,367.0288,368.1274,14327000
2023-12-29,368.8338,369.9717,366.3618,368.8730,18730800
2024-01-02,366.7345,368.7356,359.7797,363.8015,25258600
2024-01-03,361.9769,366.1459,361.4865,363.5366,23083500
2024-01-04,363.6053,365.9890,360.1720,360.9273,20901500
2024-01-05,361.9377,364.9688,359.5148,360.7410,21004600
2024-01-08,362.2614,368.0490,361.9769,367.5487,23134000
2024-01-09,364.9198,368.8239,364.1154,368.6277,20830000
2024-01-10,369.1967,376.8481,369.1477,375.4747,25514200
2024-01-11,378.6431,383.2339,373.1303,377.2993,27850800
2024-01-12,378.1428,381.2720,377.3188,381.0660,21661200
2024-01-16,386.1571,386.5201,380.2322,382.8317,27202300
2024-01-17,380.5854,382.6748,377.4758,382.0470,22234100
2024-01-18,384.2541,386.4809,382.6846,386.3632,23392100
2024-01-19,388.2171,391.0716,386.0001,391.0716,29331100
2024-01-22,392.3959,392.9845,386.0885,388.9529,27016900
2024-01-23,388.2073,391.7681,386.4220,391.2973,20525900
2024-01-24,393.8870,397.8990,392.8178,394.8875,24867000
2024-01-25,396.6140,399.2527,394.8581,397.1535,21021200
2024-01-26,396.6630,398.4287,394.7600,396.2314,17803300
2024-01-29,398.3208,402.1661,396.6238,401.9111,24510200
2024-01-30,404.4027,405.1776,398.7034,400.8026,33477600
2024-01-31,399.2036,407.4043,389.6395,390.0024,47871100
2024-02-01,394.1715,400.2239,394.1420,396.0843,30657700
2024-02-02,396.1137,404.7852,395.8684,403.3824,28256700
2024-02-05,402.0876,403.3236,396.2902,397.9186,25352300
2024-02-06,398.1442,400.1944,395.2308,397.7617,18382600
2024-02-07,399.6745,406.4037,399.6353,406.1585,22340500
2024-02-08,406.1585,407.6397,404.6675,406.2173,21225300
2024-02-09,407.3356,412.7994,407.1786,412.5346,22032800
2024-02-12,412.5444,412.7210,406.8452,407.3455,21202900
2024-02-13,397.2221,402.2543,395.7017,398.5758,27824900
2024-02-14,401.0328,402.7722,397.5931,402.4283,20401200
2024-02-15,401.1016,402.0745,397.3180,399.5488,21825500
2024-02-16,400.9247,401.2490,396.4826,397.0919,22296500
2024-02-20,396.2861,397.5145,391.1463,395.8438,24307900
2024-02-21,393.2690,395.3524,390.3698,395.2443,18518900
2024-02-22,403.1162,405.7107,401.5242,404.5510,27009900
2024-02-23,408.5017,408.6884,401.9172,403.2636,16295900
2024-02-26,404.3643,405.0522,400.3350,400.5119,16193500
2024-02-27,400.9541,401.2785,396.8855,400.4529,14835800
2024-02-28,401.1408,402.2415,398.3302,400.6888,13183100
2024-02-29,401.5929,407.0571,398.9198,406.5067,31947300
2024-03-01,404.1776,408.6983,403.7943,408.3347,17823400
2024-03-04,406.3101,410.1527,405.2094,407.7646,17596000
2024-03-05,406.8212,407.1062,393.7309,395.7062,26919200
2024-03-06,396.0207,398.1729,391.5197,395.1559,22344100
2024-03-07,399.1164,402.7133,395.3033,402.0843,18718500
2024-03-08,400.9246,403.3422,397.3572,399.2147,18002200
2024-03-11,396.7970,398.6839,394.3402,397.5439,16120800
2024-03-12,400.5905,408.4034,399.7748,408.1184,22457000
2024-03-13,410.8898,410.9684,404.3545,407.9415,17115900
2024-03-14,412.9929,420.4422,410.7817,417.8870,34157300
2024-03-15,412.0593,415.3122,405.6714,409.2388,45079900
2024-03-18,407.1062,413.4744,406.6443,410.1232,20106000
2024-03-19,410.6244,414.3982,408.3837,414.1427,19837900
2024-03-20,414.7225,418.6142,413.4056,417.8968,17860100
2024-03-21,422.4175,423.3904,419.7935,421.9654,21296200
2024-03-22,422.2897,422.4470,418.7223,421.3463,17648500
2024-03-25,417.9066,420.0392,414.3392,415.5677,18060500
2024-03-26,418.2702,418.6437,414.0837,414.3785,16725600
2024-03-27,417.1205,417.1303,411.7841,414.1624,16705000
2024-03-28,413.7004,414.5947,411.8922,413.4646,21871200
2024-04-01,416.6389,420.5110,414.9387,417.2482,16316000
2024-04-02,412.8651,415.0960,410.6343,414.1722,17912000
2024-04-03,412.4917,415.9608,411.8627,413.1992,16502300
2024-04-04,417.6609,421.2775,410.3689,410.6736,19370900
2024-04-05,412.7668,419.1547,411.1060,418.1818,16554800
2024-04-08,417.8378,419.9114,416.0001,417.2678,14272400
2024-04-09,419.0860,420.3635,414.3491,418.9287,12496900
2024-04-10,414.9093,416.7175,412.4622,415.9608,16216600
2024-04-11,418.4767,421.9655,415.0763,420.5503,17966400
2024-04-12,416.7371,417.8476,412.5309,414.6242,19253800
2024-04-15,419.2432,419.4594,406.3003,406.5067,20273500
2024-04-16,407.4206,411.1846,406.5951,407.4305,16765600
2024-04-17,410.0544,411.6563,403.2537,404.7377,15855500
2024-04-18,403.5486,404.7869,396.9838,397.2982,21029900
2024-04-19,397.0624,398.4874,390.9104,392.2371,30565800
2024-04-22,393.1805,395.9027,388.9251,394.0453,20286900
2024-04-23,397.2688,401.1605,396.1091,400.5414,15734500
2024-04-24,402.4970,405.3568,399.7650,402.0056,15065300
2024-04-25,387.2349,392.9939,381.3384,392.1585,40586500
2024-04-26,405.0620,405.8777,398.7626,399.3129,29694700
2024-04-29,398.2614,399.3129,392.3059,395.3131,19582100
2024-04-30,394.5662,395.2247,382.4587,382.6159,28781400
2024-05-01,385.8393,394.7922,383.5790,388.1292,23562500
2024-05-02,390.8023,393.0331,387.8442,390.9792,17709400
2024-05-03,395.3426,400.1286,394.9298,399.6470,17446700
2024-05-06,401.7108,406.7916,399.3620,406.4084,16996600
2024-05-07,407.5091,407.5190,402.0352,402.2809,20018200
2024-05-08,401.1311,405.1210,399.6962,403.4602,11792300
2024-05-09,403.4897,405.6026,402.0450,405.2095,14689700
2024-05-10,405.8188,408.2167,404.6984,407.5877,13402300
2024-05-13,410.8014,411.1355,403.7353,406.5853,15440200
2024-05-14,404.9146,410.2903,404.4527,409.3763,15109300
2024-05-15,411.4340,417.2526,410.8137,416.5338,22239500
2024-05-16,415.2737,418.8377,413.8461,414.4762,17530100
2024-05-17,416.0022,416.3763,411.5620,413.7082,15352200
2024-05-20,413.7083,420.1668,413.4917,418.7589,16272100
2024-05-21,420.2258,426.2708,418.2764,422.4016,21453300
2024-05-22,423.4354,425.7195,420.5212,423.8587,18073700
2024-05-23,426.2708,426.8910,418.8376,420.3932,17211700
2024-05-24,420.5802,424.3903,417.8432,423.5043,11855300
2024-05-28,422.9825,424.1541,419.9994,423.6618,15718000
2024-05-29,419.1035,424.2722,419.1035,422.5296,15517100
2024-05-30,417.7350,417.7350,407.8307,408.2540,28394500
2024-05-31,410.3018,410.3018,398.2512,408.7068,47995300
2024-06-03,409.1007,409.9868,402.5930,407.1218,17484700
2024-06-04,406.0486,409.9966,403.3412,409.6323,14348900
2024-06-05,411.3454,417.5184,409.8587,417.4495,16988000
2024-06-06,417.4495,418.7294,414.0725,417.9516,14861300
2024-06-07,419.6056,419.6844,416.4551,417.2920,13621700
2024-06-10,418.1288,421.4565,417.3313,421.2497,13982900
2024-06-11,418.8967,426.1231,418.6702,425.9853,14551100
2024-06-12,428.5845,436.5394,426.5465,434.2357,22366200
2024-06-13,434.0289,436.5296,432.5718,434.7476,15960600
2024-06-14,431.4987,436.2835,429.9628,435.7223,13582000
2024-06-17,435.7420,443.9628,433.9009,441.4326,20790000
2024-06-18,442.7518,443.1752,438.0064,439.4339,17112500
2024-06-20,439.3946,439.6210,434.4424,438.8039,19877400
2024-06-21,440.4579,443.6083,439.6013,442.8207,34187100
2024-06-24,442.8404,445.7448,439.5029,440.7434,15913700
2024-06-25,441.3144,444.4353,439.8376,443.9726,16413400
2024-06-26,442.0528,446.5816,441.2553,445.1639,16507000
2024-06-27,445.1836,449.1119,444.7800,445.8433,14806300
2024-06-28,446.0598,448.3341,439.5029,440.0345,28362300
2024-07-01,441.7181,450.2933,438.7645,449.6632,17662800
2024-07-02,446.1878,452.4789,446.0992,452.1737,13979800
2024-07-03,451.1006,453.8868,450.7954,453.6407,9932800
2024-07-05,452.4986,461.1034,451.8685,460.3256,16000300
2024-07-08,459.3313,460.4635,457.2736,459.0261,12962300
2024-07-09,459.7743,460.0992,450.9135,452.4297,17207200
2024-07-10,454.0837,459.2426,451.7602,459.0359,18196100
2024-07-11,455.8165,457.5886,444.5633,447.6646,23111200
2024-07-12,447.3003,449.2989,443.6773,446.5324,16324300
2024-07-15,446.2862,450.1850,444.4452,446.9360,14429400
2024-07-16,447.1920,447.2708,439.7490,442.5647,17175700
2024-07-17,435.7420,437.9670,432.3847,436.6576,21778000
2024-07-18,437.4649,437.7701,427.6787,433.5564,20794800
2024-07-19,426.3988,434.3144,425.3159,430.3468,20940400
2024-07-22,434.9544,437.7209,432.1189,436.0866,15808800
2024-07-23,437.0318,441.4523,436.2441,437.9671,13107100
2024-07-24,433.6351,434.6492,420.9741,422.2638,26805800
2024-07-25,422.1653,423.1499,411.0501,411.9263,29943800
2024-07-26,411.7294,422.2835,410.8137,418.6899,23583800
2024-07-29,424.9023,425.4635,418.1288,420.1274,15125800
2024-07-30,421.1021,422.4115,410.9023,416.3763,32687600
2024-07-31,413.9938,415.2540,405.8320,411.8770,42891400
2024-08-01,414.2793,420.8461,406.6984,410.6562,30296400
2024-08-02,406.1077,408.5789,398.0838,402.1696,29437900
2024-08-05,383.1485,394.8349,379.6140,389.0360,40709200
2024-08-06,393.8110,399.3933,392.3342,393.4270,24946500
2024-08-07,402.3173,403.7350,391.3201,392.2653,20650900
2024-08-08,396.2132,399.5803,393.7519,396.4594,20203000
2024-08-09,397.7786,401.7364,396.0360,399.7378,19276700
2024-08-12,400.7617,402.4354,397.9854,400.5156,16762900
2024-08-13,403.2526,408.5296,403.2329,407.6042,19414300
2024-08-14,408.3819,411.2568,406.0683,410.4101,18267000
2024-08-15,414.0495,415.3416,411.9388,415.2627,20752100
2024-08-16,414.8386,415.5684,411.5838,412.7378,22775600
2024-08-19,413.2210,415.9728,410.7553,415.7558,15234000
2024-08-20,415.9235,420.0265,415.8644,418.9810,16387600
2024-08-21,418.2709,420.5591,415.9432,418.3301,16067300
2024-08-22,418.5470,420.9438,408.9306,409.8577,19361900
2024-08-23,411.2682,413.5169,406.4451,411.0808,18493800
2024-08-26,410.6666,411.5641,405.7055,407.8260,13152800
2024-08-27,407.2046,408.6840,404.6304,408.1712,13492900
2024-08-28,409.1969,409.3153,401.7306,404.9756,14882700
2024-08-29,409.2561,416.2687,404.9756,407.4610,17045200
2024-08-30,409.9071,411.7711,406.4846,411.4260,24308300
2024-09-03,412.1854,414.1284,401.4545,403.8315,20313600
2024-09-04,400.3498,405.6068,398.8309,403.2989,15135800
2024-09-05,402.0364,407.4413,400.5668,402.7959,14195500
2024-09-06,403.4567,405.0249,395.3098,396.1975,19609500
2024-09-09,401.6616,403.0523,396.6413,400.1624,15295100
2024-09-10,402.6084,410.6270,402.1153,408.5262,19594300
2024-09-11,409.8084,418.1821,403.9695,417.2451,19266900
2024-09-12,417.5114,421.5158,414.0002,421.1509,17395700
2024-09-13,419.9969,425.9147,419.6320,424.6917,15874600
2024-09-16,424.7016,427.5914,422.3542,425.4314,13834700
2024-09-17,434.1997,435.7975,426.3487,429.1893,18874200
2024-09-18,429.0414,430.0572,424.5142,424.9088,18898000
2024-09-19,435.1860,435.4523,430.9153,432.6808,21706600
2024-09-20,431.2309,433.2232,428.2720,429.3076,55167100
2024-09-23,428.3312,430.4813,424.4945,427.5717,15128900
2024-09-24,427.0687,427.4139,420.2632,423.2912,17015800
2024-09-25,423.9421,427.1871,422.6994,426.1909,13396400
2024-09-26,429.1301,429.3372,423.2517,425.4019,14492000
2024-09-27,425.6090,425.9345,421.6145,422.1570,14896100
2024-09-30,422.3444,424.5241,419.5433,424.4057,16807300
2024-10-01,422.5810,422.6106,413.0731,414.9273,19092900
2024-10-02,416.7915,417.0282,411.0019,411.4161,16582300
2024-10-03,411.9093,413.8029,408.6150,410.8342,13686400
2024-10-04,412.5109,414.0002,409.2857,410.3608,19169700
2024-10-07,410.3016,411.3964,403.3975,403.9301,20919800
2024-10-08,405.2714,409.9662,402.5788,409.0292,19229300
2024-10-09,410.1635,414.6216,408.6249,411.7416,14974300
2024-10-10,409.5422,411.6331,407.4906,410.1438,13848400
2024-10-11,410.4397,411.4161,407.5892,410.6172,14144900
2024-10-14,412.0473,418.2315,411.8008,413.3986,16653100
2024-10-15,416.3969,416.6928,409.5717,413.0040,18900200
2024-10-16,409.4830,410.6567,404.8573,410.4200,15508900
2024-10-17,416.5745,416.7126,409.8972,411.0117,14820000
2024-10-18,411.4260,413.9016,410.5580,412.4320,17145300
2024-10-21,410.4200,413.2211,408.0825,413.0435,14206100
2024-10-22,412.7575,424.6819,412.3137,421.6539,25482200
2024-10-23,424.9580,425.1750,416.7421,418.7838,19654400
2024-10-24,419.5038,420.1449,416.6139,418.9120,13581600
2024-10-25,420.9142,426.5953,420.7268,422.2851,16899100
2024-10-28,425.7471,426.0233,420.4605,420.7466,14882400
2024-10-29,422.1372,427.2364,419.9674,426.0331,17644100
2024-10-30,431.4479,432.4934,426.1811,426.6052,29749100
2024-10-31,409.6704,410.4595,400.7345,400.7838,53971000
2024-11-01,403.4073,409.8084,401.9180,404.7487,24230400
2024-11-04,404.1865,404.7980,400.0145,402.8649,19672300
2024-11-05,402.7761,409.2167,402.4901,405.8238,17626000
2024-11-06,406.7707,414.6907,404.8967,414.4243,26681800
2024-11-07,415.5093,421.0030,414.1285,419.6024,19901800
2024-11-08,419.4940,420.6578,416.0024,416.7520,16891400
2024-11-11,416.7323,418.9909,410.3016,412.2841,24503300
2024-11-12,412.5208,418.6260,411.4852,417.2353,19401200
2024-11-13,415.8643,423.4490,412.4813,419.3756,21502200
2024-11-14,419.1783,422.3049,414.2468,421.0424,30246900
2024-11-15,414.0693,417.0085,407.9740,409.3153,28247600
2024-11-18,409.1871,412.6687,406.4550,410.0649,24727000
2024-11-19,407.4512,412.2150,405.9126,412.0671,18133500
2024-11-20,411.1597,411.5739,404.9558,409.7986,19191700
2024-11-21,414.5818,414.8586,405.4798,408.0296,20780200
2024-11-22,406.5471,412.5064,406.2408,412.1111,24814600
2024-11-25,413.4750,416.1433,409.9863,413.8802,27691100
2024-11-26,414.6708,424.0100,413.9395,422.9723,23458900
2024-11-27,420.1261,422.2213,417.0723,418.0310,18332400
2024-11-29,415.1649,419.8988,412.9018,418.4954,16271900
2024-12-02,416.6276,427.9236,416.3707,425.9273,20207200
2024-12-03,424.8006,427.3998,422.7252,426.1447,18302000
2024-12-04,427.9532,434.5154,427.5579,432.2917,26009400
2024-12-05,432.7859,439.4469,431.0564,437.4308,21697800
2024-12-06,437.1145,440.8700,436.5907,438.3697,18821000
2024-12-09,437.4110,443.0738,435.3356,440.7909,19144400
2024-12-10,439.1801,444.3487,436.4228,438.1325,18469500
2024-12-11,438.8440,445.0702,438.8440,443.7261,19200200
2024-12-12,443.8447,450.8120,443.8447,444.2894,20834800
2024-12-13,443.1825,446.1375,440.3561,442.0262,20177800
2024-12-16,442.0263,446.8787,440.0596,446.2957,23598800
2024-12-17,445.7225,449.9523,444.2993,449.1320,22733500
2024-12-18,446.0288,447.3432,431.8965,432.2621,24444500
2024-12-19,436.4425,437.9842,431.2047,431.9063,22963700
2024-12-20,428.0323,438.5377,423.6048,431.4814,64263700
2024-12-23,431.6197,432.5191,427.7556,430.1472,19152500
2024-12-24,429.5542,434.4462,429.0996,434.1793,7164500
2024-12-26,433.9323,435.7705,431.5110,432.9737,8194200
2024-12-27,429.5048,430.1176,421.3516,425.4825,18117700
2024-12-30,421.0650,422.5375,416.9537,419.8494,13158700
2024-12-31,421.1045,421.7271,415.7282,416.5584,13246500
2025-01-02,420.5412,421.0748,409.9864,413.6726,16896500
2025-01-03,416.1433,419.0587,414.6214,418.3867,16662900
2025-01-06,422.9822,429.2281,420.4918,422.8340,20573600
2025-01-07,423.9705,425.6011,415.8666,417.4182,18139100
2025-01-08,418.4954,421.9643,416.5979,419.5825,15054600
2025-01-10,419.6517,419.7307,410.1543,414.0383,20201100
2025-01-13,410.3718,413.5936,407.4564,412.2989,17604800
2025-01-14,412.9116,414.8190,405.9048,410.7968,16935900
2025-01-15,414.2162,423.1304,413.3663,421.3120,19637800
2025-01-16,423.6740,424.4547,419.4145,419.6023,15300000
2025-01-17,429.0009,429.3863,423.1503,424.0002,26197500
2025-01-21,425.1564,425.8482,420.6103,423.4763,26085700
2025-01-22,432.4302,442.0263,430.8885,440.9689,27803800
2025-01-23,436.8180,441.5123,436.3239,441.4728,18389300
2025-01-24,439.9410,441.4135,436.2251,438.8539,15549500
2025-01-27,419.0390,430.0978,418.5349,429.4653,35647800
2025-01-28,429.5048,443.1233,426.3226,441.9571,23491700
2025-01-29,441.4531,441.6409,435.2368,437.1442,23581400
2025-01-30,413.8604,417.9025,408.3162,410.1247,54586300
2025-01-31,414.0680,415.7579,410.0457,410.1939,34161900
2025-02-03,406.7745,410.5398,403.8689,406.1024,25679100
2025-02-04,407.8517,409.0673,404.9363,407.5354,20532100
2025-02-05,407.5157,408.9783,405.5885,408.4446,16316700
2025-02-06,409.1463,413.2971,409.1463,410.9450,16309800
2025-02-07,411.5972,413.7418,403.3155,404.9461,22886800
2025-02-10,408.8597,410.5892,406.1025,407.3872,20817900
2025-02-11,404.8375,407.6540,404.5014,406.6164,18140600
2025-02-12,402.4359,405.9345,399.6292,404.2445,19121700
2025-02-13,402.2284,406.1815,401.5959,405.7269,23891700
2025-02-14,403.0092,404.1160,401.1215,403.6416,22758500
2025-02-18,403.2167,405.7862,401.7343,404.8375,21423100
2025-02-19,403.0981,410.6188,402.8708,409.9073,24114200
2025-02-20,411.2441,415.2250,408.5209,412.0760,23508700
2025-02-21,413.2742,413.9773,403.9163,404.2331,27524800
2025-02-24,404.5303,405.3819,395.4298,400.0642,26443700
2025-02-25,397.1924,398.0044,392.8352,394.0235,29387400
2025-02-26,394.1325,399.6680,390.4091,395.8357,19619000
2025-02-27,397.3607,401.7872,388.3494,388.7059,21127400
2025-02-28,388.8346,393.7562,382.8040,393.1224,32845700
2025-03-03,394.9346,394.9346,382.3979,384.7052,23007700
2025-03-04,379.6648,388.7554,377.2882,384.8241,29342900
2025-03-05,385.5470,397.7569,385.0221,397.1132,23433100
2025-03-06,390.4388,398.2321,388.8544,393.0234,23304600
2025-03-07,388.4979,390.9537,381.7840,389.4783,22034100
2025-03-10,382.0810,382.6356,373.5450,376.4564,32840100
2025-03-11,375.3077,382.2395,373.2380,376.7436,30380200
2025-03-12,379.2192,381.4671,375.2582,379.5361,24253600
2025-03-13,379.4272,381.5661,373.7728,375.0799,20473000
2025-03-14,376.0801,386.4283,375.8127,384.7745,19952800
2025-03-17,382.9327,388.8841,381.8137,384.9132,22474300
2025-03-18,383.2991,383.5962,377.3873,379.7837,19486900
2025-03-19,381.7741,385.8836,380.2590,384.0418,19185500
2025-03-20,381.9820,387.9731,379.5460,383.0713,18470500
2025-03-21,379.4866,387.9236,379.0707,387.4483,39675900
2025-03-24,391.5479,391.5479,386.0124,389.2505,21004500
2025-03-25,390.0824,392.4986,388.8148,391.3103,15775000
2025-03-26,391.1519,391.4588,384.7845,386.1709,16108400
2025-03-27,386.3293,388.4187,383.6259,386.7749,13766800
2025-03-28,384.2992,385.3390,373.2578,375.1096,21632000
2025-03-31,368.9106,373.3965,363.6623,371.7329,35184700
2025-04-01,371.0001,379.1202,369.5939,378.4666,19689500
2025-04-02,374.2877,381.3284,372.9509,378.4171,16092600
2025-04-03,371.1387,373.8025,365.7517,369.4751,30198000
2025-04-04,360.5826,370.9407,355.9779,356.3344,49209900
2025-04-07,347.4616,367.3856,341.4310,354.3736,50425000
2025-04-08,364.6723,370.0098,346.8378,351.1058,35868900
2025-04-09,350.0957,389.3991,349.6600,386.6857,50199700
2025-04-10,378.3379,380.1599,364.2168,377.6348,38024400
2025-04-11,376.9318,386.2501,375.1988,384.6657,23839200
2025-04-14,389.3892,390.8052,380.4669,384.0319,19251200
2025-04-15,384.7251,388.0721,380.4174,381.9721,17199900
2025-04-16,376.9614,377.8923,364.4149,367.9897,21967800
2025-04-17,370.1088,370.6733,363.3157,364.1970,21120200
2025-04-21,359.2853,360.9292,352.2050,355.6214,20807300
2025-04-22,359.8399,364.1871,356.3542,363.2464,19485000
2025-04-23,372.3964,376.6842,369.3860,370.7426,20545500
2025-04-24,372.0399,384.6656,371.5348,383.5268,22232300
2025-04-25,383.2298,388.3395,380.8532,388.0325,18973200
2025-04-28,388.1414,388.9138,382.8733,387.3492,16579400
2025-04-29,387.4878,391.2508,386.5768,390.2012,14974000
2025-04-30,386.4976,392.7957,380.6947,391.4093,36461100
2025-05-01,426.9100,432.7328,420.7605,421.2557,58938100
2025-05-02,427.5339,435.1589,425.8009,431.0394,30757400
2025-05-05,428.6529,435.2183,427.9003,431.9207,20136100
2025-05-06,427.9894,433.4655,426.9695,429.0886,15104200
2025-05-07,429.6135,433.8518,426.9100,429.1282,23295300
2025-05-08,433.6636,439.3477,431.4157,433.9012,23491300
2025-05-09,435.7134,436.4462,431.6336,434.4558,15324200
2025-05-12,441.5955,444.9921,435.4956,444.8832,22821900
2025-05-13,443.4176,446.2795,441.0212,444.7644,23618800
2025-05-14,443.7741,449.4780,443.7741,448.5273,19902800
2025-05-15,447.1980,452.5750,446.8607,449.5393,21992300
2025-05-16,448.4678,450.7595,445.1741,450.6702,23849800
2025-05-19,447.3071,455.9481,447.2277,455.2338,21336500
2025-05-20,451.9798,454.7080,450.7199,454.5394,15441800
2025-05-21,450.9679,454.1524,448.2297,448.9837,19216900
2025-05-22,451.3449,456.6029,450.3032,451.2556,18025600
2025-05-23,446.4142,450.0948,445.3527,446.6126,16883500
2025-05-27,452.8627,457.2973,452.5056,457.0394,20974300
2025-05-28,457.5652,458.8549,453.3092,453.7357,17086300
2025-05-29,457.8926,458.0612,451.7020,455.0453,13974800
2025-05-30,456.0771,458.0215,451.9302,456.7120,34770500
2025-06-02,453.5175,458.4481,453.2695,458.3092,16626500
2025-06-03,457.8132,460.4620,457.2080,459.3013,15743800
2025-06-04,460.3231,461.9997,459.3509,460.1942,14162700
2025-06-05,461.2755,465.9284,460.3529,463.9740,20131700
2025-06-06,466.3649,469.5891,465.0653,466.6526,15285600
2025-06-09,465.9780,469.6784,464.9065,469.0038,16469900
2025-06-10,467.4562,469.0534,463.2597,467.1883,15375900
2025-06-11,466.2954,471.7022,465.9383,468.8748,16399200
2025-06-12,471.2558,476.6130,469.7677,475.0753,18950600
2025-06-13,472.6348,475.3828,469.0137,471.1963,16814500
2025-06-16,471.4443,476.8809,471.2360,475.3432,15626100
2025-06-17,471.6328,474.9464,470.3233,474.2519,15414100
2025-06-18,474.2122,477.1884,470.7003,476.4344,17526500
2025-06-20,478.4087,479.6289,473.0911,473.6169,37576200
2025-06-23,474.4205,483.8849,468.7657,482.1488,24864000
2025-06-24,485.0754,487.9525,482.9425,486.2262,22305600
2025-06-25,488.1410,490.6410,485.5120,488.3691,17495100
2025-06-26,489.0735,494.0934,488.9048,493.5081,21578900
2025-06-27,493.6073,495.3434,489.1231,492.0100,34539200
2025-06-30,493.1013,496.7918,491.4048,493.4684,28369000
2025-07-01,492.5358,494.1033,487.0893,488.1508,19945400
2025-07-02,486.1072,489.5894,484.8274,487.1985,16319600
2025-07-03,489.8969,496.1669,489.5299,494.8871,13984800
2025-07-07,493.4386,494.7978,491.3057,493.7759,13981600
2025-07-08,493.2997,494.2521,490.1945,492.6846,11846600
2025-07-09,496.3355,502.7642,495.7799,499.5201,18659500
2025-07-10,499.0637,500.4427,493.8057,497.5061,16492100
2025-07-11,494.5200,501.0280,493.8553,499.3316,16459500
2025-07-14,497.5458,499.9764,497.0597,499.0339,12058800
2025-07-15,499.0339,504.2721,498.8058,501.8118,14927200
2025-07-16,501.1769,502.7047,497.9129,501.6134,15154400
2025-07-17,501.6729,509.3019,501.6133,507.6452,17503100
2025-07-18,510.4031,510.5619,503.4090,506.0082,21209700
2025-07-21,502.6947,508.0321,501.5439,506.0182,14066800
2025-07-22,506.9209,507.1491,501.2661,501.2661,13868600
2025-07-23,502.7344,502.7741,496.7323,501.8613,16396600
2025-07-24,504.7384,509.5995,503.2800,506.8317,16107000
2025-07-25,508.4090,514.1829,506.3158,509.6393,19125700
2025-07-28,510.0063,510.9190,506.0776,508.4388,14308000
2025-07-29,511.4448,513.5182,507.5062,508.5082,16469200
2025-07-30,511.0876,511.8615,505.4031,509.1729,26380400
2025-07-31,550.8302,551.0485,527.6851,529.2724,51617300
2025-08-01,530.7605,531.5542,516.7325,519.9568,28977600
2025-08-04,524.0838,533.9847,523.9449,531.3954,25349000
2025-08-05,532.9233,533.0423,523.0620,523.5680,19171600
2025-08-06,526.6931,527.4867,519.8775,520.7803,21355700
2025-08-07,522.6254,523.9053,513.4487,516.7127,16079100
2025-08-08,518.4588,520.5025,515.2941,517.9033,15531000
2025-08-11,518.1611,523.4093,515.6016,517.6354,20194400
2025-08-12,519.5997,526.7723,518.5580,525.0461,18667000
2025-08-13,527.8934,528.4787,515.2543,516.4548,19619200
2025-08-14,518.4190,521.7822,516.0182,518.3397,20269100
2025-08-15,518.6275,521.9310,514.9667,516.0480,25213300
2025-08-18,517.4569,518.6771,509.9468,513.0024,23760600
2025-08-19,510.9190,511.0777,504.5201,505.7304,21481000
2025-08-20,505.8296,506.9507,500.4427,501.7125,27723000
2025-08-21,500.5201,504.4353,499.5562,501.0666,18443300
2025-08-22,501.0766,507.5158,499.2482,504.0378,24324200
2025-08-25,503.4416,504.9918,500.9474,501.0865,21638600
2025-08-26,501.1859,501.8020,495.3727,498.8805,30835700
2025-08-27,498.8407,504.0974,496.7539,503.5509,17277900
2025-08-28,503.8987,507.8735,502.3187,506.4326,18015600
2025-08-29,505.4588,506.3929,501.3151,503.5012,20961600
2025-09-02,497.3203,502.8155,493.6834,501.9411,18128000
2025-09-03,500.6195,504.5943,499.1587,502.1696,16345100
2025-09-04,501.1262,504.9520,499.9835,504.7732,15509500
2025-09-05,505.8663,508.7480,489.2713,491.8848,31994800
2025-09-08,494.9752,498.0458,491.9146,495.0646,16771000
2025-09-09,498.2743,499.0892,494.5678,495.2733,14410500
2025-09-10,499.8146,500.0630,493.5940,497.2210,21611800
2025-09-11,499.0892,500.0034,494.7467,497.8570,18881600
2025-09-12,503.4615,509.3243,500.6791,506.6910,23624900
2025-09-15,505.5880,512.2259,503.8093,512.1166,17143800
2025-09-16,513.6271,513.9749,505.3992,505.8364,19711900
2025-09-17,507.4065,508.0723,502.7460,506.8102,15816600
2025-09-18,508.2710,509.8411,504.4651,505.2502,18913700
2025-09-19,507.3468,516.0318,507.0984,514.6704,52474100
2025-09-22,512.3452,514.4816,509.3143,511.2123,20009300
2025-09-23,510.5665,511.3516,504.1173,506.0253,19799600
2025-09-24,507.1680,509.2547,503.7298,506.9394,13533700
2025-09-25,505.1011,506.8003,501.8616,503.8391,15786500
2025-09-26,506.8500,510.7056,503.4316,508.2412,16213100
2025-09-29,508.2809,513.5972,505.6774,511.3614,17617800
2025-09-30,510.0100,514.8990,506.4525,514.6904,19728200
2025-10-01,511.5602,517.2343,508.4698,516.4393,22632300
2025-10-02,514.3823,518.3174,507.4661,512.4943,21222900
2025-10-03,513.8456,517.2143,511.7589,514.0941,15112300
2025-10-06,515.3462,527.6881,514.9388,525.2435,21388600
2025-10-07,524.9652,526.4658,518.1584,520.6824,14615200
2025-10-08,519.9868,523.6337,519.7980,521.5469,13363400
2025-10-09,519.0527,521.0302,514.1438,519.1124,18343600
2025-10-10,516.3697,520.2849,506.4227,507.7443,24133800
2025-10-13,513.1600,513.1600,508.4598,510.8149,14284200
2025-10-14,507.0189,512.0372,502.8155,510.3379,14684300
2025-10-15,511.7192,513.9351,506.7904,510.1988,14694700
2025-10-16,509.3542,513.5972,504.9321,508.3902,15559600
2025-10-17,505.8365,512.2359,504.1173,510.3479,19867800
2025-10-20,511.3713,515.4356,510.1988,513.5376,14665600
2025-10-21,514.2432,515.4257,509.8112,514.4022,15586200
2025-10-22,517.8702,521.9245,514.4519,517.2640,18962700
2025-10-23,519.1720,520.6526,515.3462,517.2839,14023500
2025-10-24,519.4999,522.0437,517.4330,520.3147,15532400
2025-10-27,528.4334,531.2157,525.6808,528.1750,18734700
2025-10-28,546.5387,550.2352,537.3668,538.6586,29986700
2025-10-29,541.5105,542.8322,533.3522,538.1418,36023000
2025-10-30,527.1414,531.6032,518.8341,522.4512,41023100
2025-10-31,525.5515,525.9888,511.8582,514.5512,34006400
2025-11-03,516.5386,521.6562,511.3515,513.7761,22374700
2025-11-04,508.5393,512.3055,504.6440,511.0932,20958700
2025-11-05,510.0696,511.5900,503.3919,503.9682,23024300
2025-11-06,502.4777,502.5174,492.6897,493.9716,27406500
2025-11-07,493.8225,496.2372,490.1458,493.6933,24019800
2025-11-10,496.8930,503.6602,495.6608,502.8155,26101500
2025-11-11,501.6231,506.3929,499.1885,505.4787,17980000
2025-11-12,506.1544,508.4499,495.9788,507.9232,26574900
2025-11-13,507.0984,510.2683,498.1352,500.1226,25273100
2025-11-14,495.0945,508.3803,494.3094,506.9692,28505700
2025-11-17,505.2501,508.8970,501.7324,504.2961,19092800
2025-11-18,492.2524,499.8146,483.7165,490.6824,33815100
2025-11-19,487.0156,492.0736,479.7913,484.0544,23245300
2025-11-20,490.5256,491.3818,473.3919,476.3089,26802500
2025-11-21,476.3785,476.7967,466.1939,470.0268,31769200
2025-11-24,472.8941,474.7857,465.9450,471.8985,34421000
2025-11-25,471.9682,477.0256,462.8289,474.8752,28019800
2025-11-26,484.1539,486.1450,479.0666,483.3475,25709100
2025-11-28,485.4382,490.4459,484.4924,489.8287,14386700
2025-12-01,486.2745,487.6882,482.5013,484.5820,23964000
2025-12-02,484.5621,491.3121,484.1639,487.8276,19562700
2025-12-03,474.2082,482.0931,473.0932,475.6120,34615100
2025-12-04,477.6330,479.1860,474.3774,478.7082,22318200
2025-12-05,480.3807,481.2568,476.7569,481.0179,22608700
2025-12-08,482.7403,490.1174,482.2325,488.8430,21965900
2025-12-09,486.9316,489.9382,486.3342,489.8386,14696100
2025-12-10,481.8840,482.1030,472.9737,476.4383,35756200
2025-12-11,474.5168,483.8752,473.7502,481.3265,24669200
2025-12-12,477.6927,480.3111,474.2281,476.4084,21248100
2025-12-15,477.9715,478.5887,470.4251,472.7149,23727700
2025-12-16,469.8178,475.7713,468.7923,474.2779,20705600
2025-12-17,474.7956,477.8719,472.8941,474.0091,24527200
2025-12-18,476.0699,487.4293,475.7713,481.8343,28573500
2025-12-19,485.1992,485.6871,480.3508,483.7657,70836100
2025-12-22,483.9648,486.5632,480.5500,482.7701,16963000
2025-12-23,482.8299,485.6672,482.5909,484.6916,14683600
2025-12-24,483.5267,486.9913,482.6805,485.8563,5855900
2025-12-26,484.5522,485.9559,483.8055,485.5477,8842200
2025-12-29,482.7103,486.1849,482.0334,484.9404,10893400
2025-12-30,483.7756,487.5090,483.3475,485.3188,13944500
2025-12-31,485.6772,485.9758,481.1573,481.4759,15601600
2026-01-02,482.2424,482.5112,468.0755,470.8432,25571600
2026-01-05,471.9582,473.9593,467.4184,470.7536,25250300
2026-01-06,471.6994,476.6175,467.6673,476.3885,23037700
2026-01-07,477.6330,487.5289,475.8310,481.3265,25564200
2026-01-08,479.1064,480.5201,473.7502,475.9903,18162600
2026-01-09,471.9582,477.6927,470.1065,477.1551,18491000
2026-01-12,474.5567,478.8575,473.5710,475.0644,23519900
2026-01-13,472.5755,473.6706,463.8842,468.5833,28545800
2026-01-14,464.3920,466.1243,455.1432,457.3434,28184300
2026-01-15,462.0623,462.1918,453.8788,454.6354,23225800
2026-01-16,455.8002,461.1365,454.4562,457.8212,34246700
2026-01-20,449.2195,454.7747,447.2881,452.5049,26130000
2026-01-21,450.5934,450.6830,436.7351,442.1410,37980500
2026-01-22,445.6354,450.8323,442.7284,449.1399,25349400
2026-01-23,449.8666,469.0113,448.5325,463.8842,38000200
2026-01-26,463.2470,472.1474,459.9517,468.1950,29291200
2026-01-27,471.5999,480.7292,471.0623,478.4493,29213900
2026-01-28,481.0676,481.5953,475.8807,479.4947,36875400
2026-01-29,438.0393,440.5382,419.1534,431.5781,128855300
2026-01-30,437.2229,437.6510,424.5593,428.3823,58566800
2026-02-02,428.3325,428.8303,420.3780,421.4930,42219900
2026-02-03,420.1390,420.1788,406.7486,409.3869,61424100
2026-02-04,409.1778,417.9388,407.4256,412.3537,45012400
2026-02-05,405.6336,406.4898,390.5806,391.9247,66289200
2026-02-06,397.4003,400.0087,391.1780,399.3615,53515300
2026-02-09,403.0551,413.0506,399.0927,411.7663,45480500
2026-02-10,417.7596,421.8016,410.8703,411.4377,44857900
2026-02-11,414.3348,414.6136,399.2321,402.5772,42491000
2026-02-12,403.2044,404.3991,396.2454,400.0584,40802400
2026-02-13,402.6569,403.7420,396.2852,399.5407,34091600
2026-02-17,397.4500,398.7443,392.7808,395.1005,32078800
2026-02-18,396.3649,400.7752,394.5629,397.8283,23223400
2026-02-19,399.8240,403.5559,395.8127,397.5988,28234000
2026-02-20,395.2539,399.2553,394.3060,396.3715,34015200
2026-02-23,394.1463,394.5055,382.2720,383.6391,43238300
2026-02-24,383.3098,388.5185,380.8850,388.1593,33884700
2026-02-25,389.6860,400.6023,389.3168,399.7342,43625500
2026-02-26,403.8353,406.6093,397.8782,400.8518,34405900
2026-02-27,390.0352,395.9624,389.0374,391.8912,51367200
2026-03-02,392.0109,400.3229,389.7858,397.6886,35474900
2026-03-03,392.2903,405.8210,391.8214,403.0570,38199200
2026-03-04,400.4028,410.1417,399.4448,404.3243,35808000
2026-03-05,403.5460,410.7204,403.5260,409.7924,39001300
2026-03-06,408.3156,412.1573,407.6271,408.0761,31123900
2026-03-09,404.0449,409.3234,402.6279,408.5252,30131900
2026-03-10,409.1438,409.3135,402.0592,404.8831,31706400
2026-03-11,404.6935,408.1261,400.7221,404.0050,25512100
2026-03-12,403.7555,405.2423,400.8418,400.9915,27263900
2026-03-13,400.1334,403.9251,393.3980,394.6951,26848000
2026-03-16,397.2097,399.7642,393.9368,399.0856,27733700
2026-03-17,399.4049,403.5260,396.8904,398.5468,26228300
2026-03-18,396.2717,397.1398,390.1550,390.9433,25908500
2026-03-19,389.2569,391.6417,386.2235,388.1792,25138800
2026-03-20,385.9541,386.1636,379.2985,381.0447,50853200
2026-03-23,383.0703,386.3732,380.8551,382.1723,29680100
2026-03-24,381.5336,381.6434,371.0464,371.9344,42733600
2026-03-25,376.1054,376.2451,368.8312,370.2381,31181200
2026-03-26,370.0186,373.9102,364.4008,365.1791,36836600
2026-03-27,361.1178,361.6667,355.7395,355.9989,37883400
2026-03-30,361.1179,364.5704,355.5100,358.1842,44797000
2026-03-31,363.7621,372.0941,362.2853,369.3700,45244400
2026-04-01,372.6828,373.1817,367.4043,368.5717,29417200
2026-04-02,366.4164,372.8325,363.3630,372.6529,24099100
2026-04-06,372.6828,372.9223,368.7014,372.0741,16146600
2026-04-07,369.5396,371.6451,365.7678,371.4854,21443300
2026-04-08,384.1480,384.1679,370.6073,373.5210,33064800
2026-04-09,371.6950,372.6928,366.2567,372.2637,30435300
2026-04-10,372.1739,374.8282,369.2303,370.0685,28111100
2026-04-13,372.8026,383.7090,370.2182,383.5393,35745800
2026-04-14,387.0817,393.8370,385.6847,392.2604,37504500
2026-04-15,397.1398,413.4745,395.8726,410.3313,45063400
2026-04-16,418.9526,419.9105,411.2493,419.3517,41642400
2026-04-17,423.9019,430.6473,419.7808,421.8763,48568200
2026-04-20,420.2398,422.4151,415.4003,417.1665,27582200
2026-04-21,419.3318,426.2568,416.2984,423.2433,32048500
2026-04-22,425.2689,432.7627,422.7544,431.9844,29378200
2026-04-23,418.9825,422.7444,410.5209,414.8515,38308000
2026-04-24,416.0688,424.0316,414.9014,423.7023,27457400
2026-04-27,421.4672,426.1869,416.1686,423.9019,30867300
2026-04-28,423.6524,428.9909,420.9882,428.3223,30438100
2026-04-29,423.6624,425.8975,419.3817,423.5426,38288300
2026-04-30,409.9222,413.5244,397.1498,406.8987,70909400
2026-05-01,411.9078,416.2085,409.5530,413.5443,31372400
2026-05-04,410.6506,419.8706,409.9122,412.7261,28066500
2026-05-05,414.4224,415.8793,407.9165,410.4909,25700900
2026-05-06,407.1182,417.5157,404.2345,413.0653,30285900
2026-05-07,419.2020,427.0551,417.8550,419.8606,34942400
2026-05-08,416.4880,417.7253,413.1053,414.2228,33383800
2026-05-11,406.9885,411.7981,404.6236,411.7682,35657900
2026-05-12,413.5842,414.6020,405.7612,406.8887,38594200
2026-05-13,402.3286,405.4319,400.1633,404.3343,29667100
2026-05-14,403.6059,410.9499,400.0136,408.5451,27077500
2026-05-15,413.3747,427.2446,412.0176,421.0081,50771200
2026-05-18,415.7196,424.2012,414.7118,422.6247,32564100
2026-05-19,428.9709,431.7649,415.5899,416.5179,33018700
2026-05-20,413.2749,421.1878,410.4111,420.1500,27864000
2026-05-21,424.7500,426.3400,415.7100,419.0900,31393500
2026-05-22,419.5400,424.4000,416.3300,418.5700,22390300
2026-05-26,416.4300,419.7700,413.0200,416.0300,30398000
2026-05-27,411.0100,415.9400,409.5800,412.6700,28901500
2026-05-28,412.9800,429.4900,412.6700,426.9900,47250500
2026-05-29,432.5500,450.3300,432.3600,450.2400,79654400
2026-06-01,464.8400,466.3200,458.2700,460.5200,53628900
2026-06-02,446.8800,453.5000,440.4300,441.3100,37036800
2026-06-03,438.4500,440.3900,424.2500,427.3400,39037000
2026-06-04,435.8100,436.1500,426.4100,428.0500,26899500
2026-06-05,428.3400,429.4700,414.4000,416.6700,34782200
2026-06-08,414.1400,417.1600,408.5600,411.7400,32086700
2026-06-09,409.0300,411.9800,398.4800,403.4100,35317300
2026-06-10,398.5500,405.0400,397.1600,397.3600,32576000
2026-06-11,395.2100,396.8500,384.0000,390.3400,47224100
2026-06-12,391.4300,391.7400,382.2700,390.7400,34865800
2026-06-15,396.8000,401.7500,392.8500,399.7600,32266400
2026-06-16,395.7900,396.8400,390.6900,393.8300,31506800
2026-06-17,390.2500,390.3700,377.3200,378.9100,41987800
2026-06-18,377.8200,381.3700,373.2800,379.4000,59714200
2026-06-22,375.7400,381.6300,367.0700,367.3400,45171100
2026-06-23,372.3800,377.2200,370.6700,373.9400,40647600
2026-06-24,371.5700,378.8800,364.7800,365.4600,44509900
2026-06-25,362.7700,364.2300,349.2000,352.8300,66179000
2026-06-26,357.1500,376.6100,355.4300,372.9700,186201600
2026-06-29,377.5000,380.5000,359.9000,368.5700,51229900
2026-06-30,371.0300,374.1500,367.4500,373.0200,44945700
2026-07-01,380.8300,388.8300,374.8900,384.2800,48065800
2026-07-02,384.4800,392.2000,383.7000,390.4900,42128900
2026-07-06,387.0400,389.1500,381.2200,386.7400,34224500
2026-07-07,392.4900,395.5700,388.2200,388.8400,29297500
2026-07-08,384.0300,385.3100,381.3300,383.3400,25908300
2026-07-09,374.4500,384.6500,373.3500,384.3600,31083200
2026-07-10,387.8000,391.9100,381.5000,385.1000,24644600
2026-07-13,387.7500,393.6500,384.1500,390.9900,28914900
2026-07-14,382.8200,388.1900,378.6500,384.9300,27863900
2026-07-15,387.8000,398.9600,386.4000,395.6300,36253700
2026-07-16,398.3100,405.9900,392.0500,401.1000,37047400
2026-07-17,394.8600,398.3900,389.3900,393.8200,33010300
2026-07-20,391.1000,403.1800,389.6700,402.2900,27611882
