Date,Open,High,Low,Close,Volume
2016-07-21,1.3263,1.3304,1.3003,1.3047,361308000
2016-07-22,1.3094,1.3402,1.2998,1.3402,315768000
2016-07-25,1.3483,1.3682,1.3424,1.3650,312528000
2016-07-26,1.3770,1.3954,1.3751,1.3883,514508000
2016-07-27,1.4003,1.4028,1.3660,1.3743,446676000
2016-07-28,1.3775,1.3876,1.3731,1.3773,221916000
2016-07-29,1.3824,1.4035,1.3576,1.3998,409588000
2016-08-01,1.4057,1.4108,1.3817,1.3907,301120000
2016-08-02,1.3974,1.3981,1.3606,1.3738,282748000
2016-08-03,1.3721,1.3802,1.3645,1.3775,299828000
2016-08-04,1.3841,1.4094,1.3814,1.4030,272712000
2016-08-05,1.4192,1.4275,1.4123,1.4268,371588000
2016-08-08,1.4464,1.4498,1.4248,1.4400,305064000
2016-08-09,1.4471,1.4577,1.4400,1.4437,372344000
2016-08-10,1.4564,1.4586,1.4297,1.4344,375740000
2016-08-11,1.4420,1.4697,1.4390,1.4636,681064000
2016-08-12,1.5175,1.5538,1.4864,1.5454,1425744000
2016-08-15,1.5471,1.5567,1.5231,1.5440,573304000
2016-08-16,1.5418,1.5442,1.5300,1.5346,287652000
2016-08-17,1.5346,1.5381,1.4871,1.4991,595212000
2016-08-18,1.4969,1.5248,1.4910,1.5224,331684000
2016-08-19,1.5217,1.5378,1.5150,1.5263,291560000
2016-08-22,1.5310,1.5349,1.5128,1.5327,244748000
2016-08-23,1.5483,1.5552,1.5407,1.5451,339764000
2016-08-24,1.5505,1.5512,1.5141,1.5213,298448000
2016-08-25,1.5218,1.5225,1.4923,1.5112,406032000
2016-08-26,1.5151,1.5321,1.5031,1.5235,300024000
2016-08-29,1.5296,1.5358,1.5200,1.5225,274652000
2016-08-30,1.5205,1.5286,1.5095,1.5137,285544000
2016-08-31,1.5166,1.5208,1.5021,1.5065,388544000
2016-09-01,1.5078,1.5566,1.5065,1.5510,428492000
2016-09-02,1.5542,1.5559,1.5183,1.5358,323148000
2016-09-06,1.5412,1.5502,1.5333,1.5502,306812000
2016-09-07,1.5453,1.5529,1.5186,1.5274,397988000
2016-09-08,1.5259,1.5409,1.5085,1.5385,315808000
2016-09-09,1.5215,1.5301,1.4491,1.4618,697760000
2016-09-12,1.4424,1.4950,1.4078,1.4920,598260000
2016-09-13,1.4884,1.5055,1.4621,1.4704,471768000
2016-09-14,1.4739,1.4884,1.4616,1.4834,319048000
2016-09-15,1.4859,1.5414,1.4825,1.5397,515212000
2016-09-16,1.5451,1.5534,1.5257,1.5434,902444000
2016-09-19,1.5596,1.6028,1.5525,1.5638,417128000
2016-09-20,1.5817,1.5817,1.5409,1.5495,331112000
2016-09-21,1.5542,1.5959,1.5539,1.5930,336212000
2016-09-22,1.6023,1.6072,1.5878,1.5969,308732000
2016-09-23,1.5989,1.6035,1.5881,1.5952,276132000
2016-09-26,1.5770,1.5866,1.5603,1.5802,230040000
2016-09-27,1.5741,1.6367,1.5733,1.6342,402752000
2016-09-28,1.6367,1.6414,1.6193,1.6401,319788000
2016-09-29,1.6374,1.6605,1.6222,1.6554,336684000
2016-09-30,1.6645,1.6993,1.6546,1.6829,429932000
2016-10-03,1.6829,1.7072,1.6782,1.6812,242596000
2016-10-04,1.6836,1.7119,1.6649,1.6775,281624000
2016-10-05,1.6917,1.7089,1.6706,1.6757,305440000
2016-10-06,1.6556,1.6659,1.6274,1.6539,360212000
2016-10-07,1.6649,1.6694,1.6372,1.6419,286260000
2016-10-10,1.6505,1.6593,1.6325,1.6480,287876000
2016-10-11,1.6426,1.6450,1.6116,1.6242,388540000
2016-10-12,1.6175,1.6401,1.6040,1.6315,419920000
2016-10-13,1.6124,1.6161,1.5645,1.6050,390116000
2016-10-14,1.6247,1.6357,1.6112,1.6207,330636000
2016-10-17,1.6205,1.6357,1.6092,1.6114,195328000
2016-10-18,1.6338,1.6453,1.6271,1.6360,269372000
2016-10-19,1.6249,1.6401,1.6166,1.6325,199060000
2016-10-20,1.6517,1.6689,1.6283,1.6635,312084000
2016-10-21,1.6576,1.6618,1.6431,1.6588,279508000
2016-10-24,1.6701,1.7386,1.6699,1.7367,339836000
2016-10-25,1.7337,1.7757,1.7254,1.7651,397460000
2016-10-26,1.7504,1.7917,1.7487,1.7723,333792000
2016-10-27,1.7858,1.7892,1.7288,1.7359,388664000
2016-10-28,1.7443,1.7708,1.7298,1.7330,290856000
2016-10-31,1.7386,1.7593,1.7376,1.7477,252388000
2016-11-01,1.7541,1.7637,1.6772,1.6959,473224000
2016-11-02,1.7089,1.7320,1.6858,1.6888,295848000
2016-11-03,1.6966,1.6981,1.6367,1.6691,309664000
2016-11-04,1.6581,1.6880,1.6352,1.6595,328780000
2016-11-07,1.7082,1.7615,1.7069,1.7504,487580000
2016-11-08,1.7570,1.7627,1.7315,1.7477,429884000
2016-11-09,1.7003,1.7413,1.6878,1.7182,456532000
2016-11-10,1.7558,1.7561,1.6396,1.6645,869280000
2016-11-11,1.9528,2.1802,1.9280,2.1606,2175344000
2016-11-14,2.1635,2.1660,2.0537,2.0542,1348796000
2016-11-15,2.0702,2.1478,2.0613,2.1169,626092000
2016-11-16,2.1451,2.2733,2.1208,2.2505,987984000
2016-11-17,2.2672,2.3281,2.2264,2.2691,832988000
2016-11-18,2.2691,2.3168,2.2546,2.2929,576060000
2016-11-21,2.3109,2.3173,2.2694,2.2836,436436000
2016-11-22,2.2915,2.3023,2.2689,2.3001,330368000
2016-11-23,2.3052,2.3429,2.2819,2.3114,443236000
2016-11-25,2.3225,2.3392,2.2976,2.3161,195564000
2016-11-28,2.3089,2.3303,2.3023,2.3148,278736000
2016-11-29,2.3121,2.3229,2.2760,2.2937,444568000
2016-11-30,2.3023,2.3161,2.2654,2.2678,440500000
2016-12-01,2.2654,2.2671,2.0851,2.1557,1035524000
2016-12-02,2.1215,2.1842,2.0937,2.1756,478292000
2016-12-05,2.2135,2.2779,2.1891,2.2600,602284000
2016-12-06,2.2681,2.3055,2.2524,2.2971,498796000
2016-12-07,2.2836,2.3441,2.2654,2.3384,480804000
2016-12-08,2.3414,2.3766,2.2888,2.2993,381544000
2016-12-09,2.3170,2.3188,2.2312,2.2585,382312000
2016-12-12,2.2100,2.2125,2.1532,2.2037,601332000
2016-12-13,2.2159,2.2701,2.2150,2.2425,387796000
2016-12-14,2.2762,2.3886,2.2524,2.3724,983980000
2016-12-15,2.3835,2.4582,2.3761,2.4280,746548000
2016-12-16,2.4555,2.4769,2.4039,2.4698,1089528000
2016-12-19,2.4523,2.5200,2.4351,2.4998,744656000
2016-12-20,2.5724,2.6105,2.5610,2.5869,848056000
2016-12-21,2.5984,2.6061,2.5510,2.6031,576136000
2016-12-22,2.6275,2.6779,2.6203,2.6346,718612000
2016-12-23,2.6166,2.7017,2.6139,2.7003,647692000
2016-12-27,2.7563,2.8867,2.7357,2.8857,1194272000
2016-12-28,2.9418,2.9499,2.6735,2.6872,2295764000
2016-12-29,2.5802,2.7423,2.5286,2.7409,2175368000
2016-12-30,2.7389,2.7529,2.6147,2.6255,1212932000
2017-01-03,2.5679,2.6164,2.4445,2.5091,1501996000
2017-01-04,2.5433,2.5950,2.4973,2.5677,1199220000
2017-01-05,2.5711,2.6029,2.4855,2.5025,984296000
2017-01-06,2.5298,2.5642,2.4892,2.5360,822856000
2017-01-09,2.5458,2.6565,2.5458,2.6388,916248000
2017-01-10,2.6518,2.6858,2.5982,2.6189,880920000
2017-01-11,2.6073,2.6122,2.5618,2.5866,525664000
2017-01-12,2.5638,2.5753,2.4996,2.5443,625616000
2017-01-13,2.5483,2.5827,2.5350,2.5441,457820000
2017-01-17,2.5335,2.5384,2.4737,2.4870,580612000
2017-01-18,2.4656,2.5392,2.4378,2.5323,654424000
2017-01-19,2.5352,2.6186,2.5330,2.5866,644872000
2017-01-20,2.6093,2.6270,2.5364,2.5583,492024000
2017-01-23,2.5532,2.6048,2.5507,2.5849,369904000
2017-01-24,2.5950,2.6462,2.5802,2.6400,428052000
2017-01-25,2.6823,2.6885,2.6154,2.6513,522760000
2017-01-26,2.6540,2.7044,2.6245,2.6971,458800000
2017-01-27,2.7040,2.7522,2.6774,2.7492,471996000
2017-01-30,2.7283,2.7305,2.6543,2.7062,496004000
2017-01-31,2.6799,2.7069,2.6614,2.6855,362756000
2017-02-01,2.7199,2.8070,2.7022,2.8028,590004000
2017-02-02,2.7868,2.8469,2.7563,2.8383,483240000
2017-02-03,2.8397,2.8508,2.8016,2.8134,372744000
2017-02-06,2.8041,2.8860,2.8041,2.8855,506768000
2017-02-07,2.9197,2.9743,2.9000,2.9302,746224000
2017-02-08,2.9123,2.9347,2.8626,2.9175,449580000
2017-02-09,2.9236,2.9285,2.8434,2.8626,842568000
2017-02-10,2.9499,2.9689,2.7696,2.7947,1651092000
2017-02-13,2.7891,2.8036,2.6614,2.6658,1180724000
2017-02-14,2.6562,2.7094,2.6144,2.6757,850632000
2017-02-15,2.6786,2.7008,2.6506,2.6811,373020000
2017-02-16,2.6907,2.6919,2.5989,2.6380,647176000
2017-02-17,2.6245,2.6420,2.5775,2.6375,563740000
2017-02-21,2.6621,2.7359,2.6619,2.7320,551952000
2017-02-22,2.7441,2.7534,2.7088,2.7278,433772000
2017-02-23,2.5983,2.6202,2.4549,2.4749,1592888000
2017-02-24,2.3907,2.5121,2.3569,2.4988,1029904000
2017-02-27,2.5170,2.5864,2.5012,2.5714,715400000
2017-02-28,2.5810,2.5909,2.4820,2.4993,625360000
2017-03-01,2.5562,2.5704,2.4901,2.5315,504804000
2017-03-02,2.5187,2.5328,2.4355,2.4382,754332000
2017-03-03,2.4276,2.4325,2.3697,2.4241,864692000
2017-03-06,2.3879,2.4160,2.3439,2.4054,883568000
2017-03-07,2.4054,2.4512,2.3926,2.4318,603400000
2017-03-08,2.4801,2.4948,2.4251,2.4273,638712000
2017-03-09,2.4113,2.4493,2.3988,2.4269,478060000
2017-03-10,2.4532,2.4650,2.4229,2.4411,499740000
2017-03-13,2.4515,2.5182,2.4507,2.5084,774136000
2017-03-14,2.5212,2.5305,2.4744,2.5066,522016000
2017-03-15,2.5182,2.5364,2.4707,2.5256,615036000
2017-03-16,2.5362,2.5571,2.5222,2.5566,523100000
2017-03-17,2.5741,2.6135,2.5566,2.6123,1119688000
2017-03-20,2.6298,2.6995,2.6138,2.6955,748568000
2017-03-21,2.6783,2.7081,2.6005,2.6084,913484000
2017-03-22,2.5973,2.6662,2.5933,2.6616,616764000
2017-03-23,2.6537,2.6736,2.6278,2.6374,533940000
2017-03-24,2.6837,2.6916,2.6209,2.6468,439500000
2017-03-27,2.6002,2.6699,2.5510,2.6660,506644000
2017-03-28,2.6672,2.6818,2.6419,2.6522,432444000
2017-03-29,2.6596,2.6719,2.6414,2.6436,349992000
2017-03-30,2.6507,2.7091,2.6451,2.6943,525532000
2017-03-31,2.6847,2.7064,2.6697,2.6827,440808000
2017-04-03,2.6832,2.7005,2.6456,2.6692,445232000
2017-04-04,2.5465,2.5717,2.4712,2.4820,1271280000
2017-04-05,2.4633,2.5212,2.4505,2.4635,747048000
2017-04-06,2.4687,2.4936,2.4237,2.4815,635120000
2017-04-07,2.4879,2.5054,2.4559,2.4709,429068000
2017-04-10,2.4717,2.4783,2.4037,2.4079,756332000
2017-04-11,2.3778,2.4357,2.3729,2.4165,618148000
2017-04-12,2.4165,2.4308,2.3914,2.3966,414092000
2017-04-13,2.3724,2.3941,2.3517,2.3517,506892000
2017-04-17,2.3645,2.4441,2.3594,2.4438,497292000
2017-04-18,2.4296,2.4515,2.4037,2.4453,370116000
2017-04-19,2.4628,2.4869,2.4483,2.4549,380828000
2017-04-20,2.4695,2.4985,2.4483,2.4938,404016000
2017-04-21,2.4835,2.5069,2.4717,2.5042,341896000
2017-04-24,2.5357,2.5485,2.5148,2.5355,371820000
2017-04-25,2.5500,2.5941,2.5286,2.5795,388440000
2017-04-26,2.5931,2.5956,2.5598,2.5618,327004000
2017-04-27,2.5692,2.6101,2.5512,2.6017,319700000
2017-04-28,2.5948,2.6017,2.5630,2.5687,348248000
2017-05-01,2.5795,2.6315,2.5724,2.6263,307732000
2017-05-02,2.5995,2.6007,2.5259,2.5485,629972000
2017-05-03,2.5416,2.5771,2.5268,2.5675,336904000
2017-05-04,2.5736,2.5847,2.5497,2.5576,209788000
2017-05-05,2.5461,2.5650,2.5305,2.5579,228428000
2017-05-08,2.5697,2.5712,2.5197,2.5310,365240000
2017-05-09,2.5367,2.5842,2.5283,2.5352,847672000
2017-05-10,2.8147,3.0002,2.8081,2.9871,2129096000
2017-05-11,2.9566,3.2122,2.9532,3.1155,1939792000
2017-05-12,3.1187,3.1918,3.0977,3.1497,962620000
2017-05-15,3.1908,3.3103,3.1864,3.3078,1087540000
2017-05-16,3.3588,3.3849,3.2844,3.3694,1120700000
2017-05-17,3.3026,3.3213,3.1413,3.1455,1271368000
2017-05-18,3.1893,3.2861,3.1290,3.2773,1156032000
2017-05-19,3.3783,3.4077,3.3337,3.3530,1018372000
2017-05-22,3.3966,3.4387,3.3857,3.4244,836608000
2017-05-23,3.4442,3.4464,3.3458,3.3783,681248000
2017-05-24,3.4752,3.4779,3.4042,3.4163,815996000
2017-05-25,3.4516,3.4523,3.3638,3.4087,608228000
2017-05-26,3.4005,3.5817,3.3803,3.4969,779140000
2017-05-30,3.5428,3.6066,3.5268,3.5716,989652000
2017-05-31,3.6165,3.6241,3.5021,3.5588,887316000
2017-06-01,3.5746,3.5756,3.5137,3.5591,503340000
2017-06-02,3.5561,3.5822,3.5354,3.5413,487456000
2017-06-05,3.5250,3.6619,3.5134,3.6490,817376000
2017-06-06,3.6444,3.6905,3.6192,3.6325,758728000
2017-06-07,3.6569,3.6951,3.6414,3.6764,612612000
2017-06-08,3.7834,3.9446,3.7422,3.9432,1161744000
2017-06-09,4.0615,4.1542,3.5194,3.6882,3692928000
2017-06-12,3.5965,3.7400,3.5036,3.6974,1697532000
2017-06-13,3.8066,3.8157,3.5909,3.7326,1672504000
2017-06-14,3.7356,3.7982,3.6611,3.7405,1184640000
2017-06-15,3.6232,3.7869,3.6118,3.7565,963824000
2017-06-16,3.7662,3.8140,3.7040,3.7380,924960000
2017-06-19,3.7822,3.8838,3.7785,3.8786,778176000
2017-06-20,3.9207,3.9875,3.8687,3.8729,1095444000
2017-06-21,3.9005,3.9353,3.8386,3.9316,682652000
2017-06-22,3.9397,3.9530,3.8805,3.9045,469132000
2017-06-23,3.9121,3.9279,3.7775,3.7925,1088588000
2017-06-26,3.8253,3.8608,3.6569,3.7511,1063960000
2017-06-27,3.7336,3.7422,3.6081,3.6138,999492000
2017-06-28,3.6813,3.7459,3.5933,3.7413,994948000
2017-06-29,3.7129,3.7159,3.5522,3.6163,1064424000
2017-06-30,3.6335,3.6471,3.5379,3.5640,731060000
2017-07-03,3.5761,3.5909,3.4166,3.4350,709072000
2017-07-05,3.4984,3.5556,3.4794,3.5268,820188000
2017-07-06,3.4977,3.5842,3.4456,3.5374,746284000
2017-07-07,3.5941,3.6365,3.5711,3.6182,654972000
2017-07-10,3.6917,3.7967,3.6656,3.7893,958492000
2017-07-11,3.7930,3.8507,3.7511,3.8431,757956000
2017-07-12,3.9027,4.0186,3.8598,4.0065,1145208000
2017-07-13,4.0186,4.1000,3.9138,3.9602,1369132000
2017-07-14,3.9765,4.0682,3.9695,4.0667,941948000
2017-07-17,4.1007,4.1296,3.9878,4.0494,930792000
2017-07-18,3.9885,4.1061,3.9767,4.0916,776640000
2017-07-19,4.1007,4.1271,4.0583,4.0704,687044000
2017-07-20,4.0908,4.1298,4.0410,4.1296,699596000
2017-07-21,4.1091,4.1739,4.0948,4.1443,648332000
2017-07-24,4.1515,4.1611,4.0857,4.0963,652524000
2017-07-25,4.0733,4.0908,4.0329,4.0765,496556000
2017-07-26,4.1340,4.1895,4.0889,4.1236,640404000
2017-07-27,4.1485,4.1601,3.8845,3.9875,782856000
2017-07-28,3.9518,4.0773,3.9269,4.0529,513348000
2017-07-31,4.0664,4.1024,3.9599,4.0065,559672000
2017-08-01,3.9972,4.0571,3.9693,4.0553,431384000
2017-08-02,4.0864,4.0904,3.9760,4.0529,478444000
2017-08-03,4.0524,4.1081,4.0354,4.1044,442420000
2017-08-04,4.1271,4.1929,4.1044,4.1224,589096000
2017-08-07,4.1515,4.2496,4.1419,4.2491,717412000
2017-08-08,4.2871,4.3036,4.1594,4.1986,755336000
2017-08-09,4.1525,4.2457,4.1337,4.2432,530784000
2017-08-10,4.2444,4.2568,4.0514,4.0615,1328088000
2017-08-11,3.8741,3.9200,3.7699,3.8450,1497196000
2017-08-14,3.9365,4.1554,3.9249,4.1517,1279020000
2017-08-15,4.1569,4.1831,4.0825,4.1167,764532000
2017-08-16,4.1318,4.1552,4.0393,4.0716,596632000
2017-08-17,4.0632,4.0802,3.9787,3.9809,525444000
2017-08-18,4.0351,4.0521,3.9358,3.9816,601204000
2017-08-21,4.0060,4.0174,3.8798,3.9237,623672000
2017-08-22,3.9602,4.0170,3.9410,4.0110,450456000
2017-08-23,3.9777,4.1023,3.9691,4.0912,579520000
2017-08-24,4.1233,4.1278,4.0498,4.0762,469700000
2017-08-25,4.1004,4.1105,4.0357,4.0421,357200000
2017-08-28,4.0611,4.0740,4.0056,4.0708,389496000
2017-08-29,4.0120,4.0858,4.0039,4.0641,324096000
2017-08-30,4.0838,4.0994,4.0535,4.0883,384400000
2017-08-31,4.1085,4.1850,4.1011,4.1811,612684000
2017-09-01,4.1936,4.2418,4.1850,4.2062,445432000
2017-09-05,4.1549,4.1598,4.0360,4.0940,695364000
2017-09-06,4.1268,4.1406,4.0567,4.0915,397672000
2017-09-07,4.1083,4.1428,4.0703,4.1105,352868000
2017-09-08,4.0989,4.1137,4.0150,4.0392,498856000
2017-09-11,4.0848,4.1808,4.0794,4.1702,567444000
2017-09-12,4.1949,4.1949,4.1201,4.1853,411488000
2017-09-13,4.1601,4.2329,4.1278,4.2040,580960000
2017-09-14,4.1650,4.2580,4.1406,4.1801,513712000
2017-09-15,4.2655,4.4443,4.2603,4.4443,1364792000
2017-09-18,4.5685,4.7180,4.5616,4.6279,1684460000
2017-09-19,4.5776,4.6847,4.5556,4.6230,874280000
2017-09-20,4.6267,4.6741,4.5455,4.5857,724920000
2017-09-21,4.4821,4.5083,4.3827,4.4604,1075600000
2017-09-22,4.4490,4.4986,4.4071,4.4170,491232000
2017-09-25,4.3861,4.3873,4.1988,4.2196,874580000
2017-09-26,4.3540,4.4091,4.2035,4.2432,1125620000
2017-09-27,4.3336,4.3496,4.2627,4.3363,713720000
2017-09-28,4.3434,4.3474,4.2877,4.3350,435244000
2017-09-29,4.4189,4.4350,4.3738,4.4113,619092000
2017-10-02,4.4614,4.4905,4.3676,4.4170,503480000
2017-10-03,4.4231,4.4559,4.3819,4.4261,390332000
2017-10-04,4.4323,4.4853,4.3957,4.4631,427848000
2017-10-05,4.4875,4.4910,4.4308,4.4606,437364000
2017-10-06,4.4330,4.4870,4.4170,4.4737,318800000
2017-10-09,4.5105,4.6077,4.4917,4.5746,563492000
2017-10-10,4.7237,4.7612,4.6208,4.6620,974876000
2017-10-11,4.6785,4.7131,4.6326,4.7116,529508000
2017-10-12,4.7150,4.7646,4.6867,4.7138,528292000
2017-10-13,4.7760,4.8118,4.7291,4.8017,628728000
2017-10-16,4.8315,4.8870,4.7683,4.8841,576640000
2017-10-17,4.8633,4.9080,4.8451,4.8796,478596000
2017-10-18,4.8885,4.8893,4.7703,4.8754,567316000
2017-10-19,4.7980,4.8858,4.7488,4.8809,570772000
2017-10-20,4.8979,4.9250,4.8498,4.8587,451620000
2017-10-23,4.8804,4.9068,4.8315,4.8517,428696000
2017-10-24,4.8609,4.9043,4.8350,4.9026,407244000
2017-10-25,4.8631,4.9159,4.7173,4.7787,828160000
2017-10-26,4.8063,4.8404,4.7824,4.8288,322744000
2017-10-27,4.8809,4.9813,4.8550,4.9810,572192000
2017-10-30,4.9810,5.0854,4.9653,5.0299,504056000
2017-10-31,5.0617,5.1298,5.0561,5.1032,411908000
2017-11-01,5.1659,5.1812,5.0487,5.1128,502576000
2017-11-02,5.0832,5.1279,5.0252,5.0817,342308000
2017-11-03,5.1128,5.1496,5.0669,5.1496,353640000
2017-11-06,5.1128,5.1814,5.1005,5.1728,389944000
2017-11-07,5.1955,5.2535,5.1834,5.2320,427700000
2017-11-08,5.2276,5.2313,5.1138,5.1612,522988000
2017-11-09,5.0652,5.0913,4.9443,5.0664,978564000
2017-11-10,5.2579,5.3958,5.2221,5.3334,1253256000
2017-11-13,5.3334,5.3588,5.2315,5.2468,582376000
2017-11-14,5.2559,5.3004,5.2123,5.2851,529292000
2017-11-15,5.2300,5.2313,5.1276,5.1814,501948000
2017-11-16,5.2554,5.2855,5.2128,5.2216,441768000
2017-11-17,5.2786,5.3139,5.2004,5.2155,515664000
2017-11-20,5.2310,5.2947,5.1942,5.2826,396100000
2017-11-21,5.3223,5.3428,5.2905,5.3312,399176000
2017-11-22,5.3584,5.3584,5.2746,5.3072,356640000
2017-11-24,5.3235,5.3584,5.2991,5.3574,180752000
2017-11-27,5.3660,5.3672,5.2845,5.2877,422896000
2017-11-28,5.2929,5.3023,5.1420,5.2030,512752000
2017-11-29,5.1858,5.1885,4.7220,4.8502,1396788000
2017-11-30,4.9188,5.0048,4.8559,4.9561,823768000
2017-12-01,4.9215,4.9418,4.7526,4.8813,811548000
2017-12-04,4.9398,4.9460,4.5558,4.6092,1240844000
2017-12-05,4.5040,4.7583,4.4590,4.6358,981488000
2017-12-06,4.5855,4.6951,4.5642,4.6734,467032000
2017-12-07,4.7400,4.7805,4.6946,4.7408,542600000
2017-12-08,4.7907,4.8097,4.7200,4.7284,466876000
2017-12-11,4.7425,4.8097,4.7267,4.8067,372748000
2017-12-12,4.7633,4.7865,4.6889,4.7124,455016000
2017-12-13,4.7534,4.7546,4.5899,4.5973,554280000
2017-12-14,4.5909,4.6754,4.5583,4.6045,438164000
2017-12-15,4.6484,4.7504,4.5835,4.7302,670036000
2017-12-18,4.7707,4.8897,4.7410,4.8867,477704000
2017-12-19,4.8773,4.8825,4.8141,4.8425,373100000
2017-12-20,4.8818,4.8909,4.8040,4.8596,288820000
2017-12-21,4.8630,4.8880,4.8287,4.8371,300904000
2017-12-22,4.8003,4.8312,4.7225,4.8218,466276000
2017-12-26,4.7665,4.8830,4.7366,4.8754,355080000
2017-12-27,4.8620,4.9378,4.8475,4.8687,329488000
2017-12-28,4.8924,4.9233,4.8682,4.8744,240248000
2017-12-29,4.9006,4.9006,4.7781,4.7781,279964000
2018-01-02,4.8344,4.9262,4.8028,4.9225,355616000
2018-01-03,5.0398,5.2769,5.0312,5.2465,914704000
2018-01-04,5.3277,5.3843,5.2519,5.2742,583268000
2018-01-05,5.2890,5.3561,5.2122,5.3189,580124000
2018-01-08,5.4423,5.5559,5.3974,5.4818,881216000
2018-01-09,5.4873,5.5268,5.3989,5.4803,497000000
2018-01-10,5.3880,5.5268,5.3337,5.5233,582664000
2018-01-11,5.5559,5.5873,5.5117,5.5332,406032000
2018-01-12,5.5213,5.5557,5.4655,5.5060,359916000
2018-01-16,5.5324,5.6179,5.3507,5.4352,702348000
2018-01-17,5.4497,5.5589,5.3559,5.5490,538408000
2018-01-18,5.5297,5.5964,5.4986,5.5421,408632000
2018-01-19,5.6322,5.7063,5.6053,5.6821,609380000
2018-01-22,5.6900,5.7722,5.6324,5.7705,550944000
2018-01-23,5.8238,5.9221,5.8053,5.8994,475228000
2018-01-24,5.9026,5.9384,5.7670,5.8226,579972000
2018-01-25,5.8769,5.9201,5.8213,5.8362,409884000
2018-01-26,5.8799,6.0088,5.8670,6.0085,516356000
2018-01-29,5.9940,6.1266,5.9414,6.0954,455116000
2018-01-30,5.9537,6.0848,5.8870,5.9935,570832000
2018-01-31,6.0688,6.1552,6.0362,6.0695,478576000
2018-02-01,5.8897,6.0967,5.8784,5.9386,519224000
2018-02-02,5.8522,5.8762,5.7083,5.7663,718464000
2018-02-05,5.6053,5.7591,5.0620,5.2769,1165204000
2018-02-06,5.0472,5.5732,5.0374,5.5702,1114800000
2018-02-07,5.6690,5.8021,5.5979,5.6497,802932000
2018-02-08,5.7752,5.8083,5.3710,5.3712,1144000000
2018-02-09,5.8831,5.8989,5.3712,5.7307,1674604000
2018-02-12,5.8117,5.8147,5.5566,5.6307,1093172000
2018-02-13,5.5944,5.7905,5.5621,5.7443,625524000
2018-02-14,5.7041,5.9903,5.6929,5.9614,744988000
2018-02-15,6.0446,6.1330,5.9638,6.0868,698900000
2018-02-16,6.0596,6.1732,6.0120,6.0211,637656000
2018-02-20,6.0436,6.2194,6.0399,6.1505,686240000
2018-02-21,6.2150,6.2219,5.9599,5.9636,892292000
2018-02-22,5.9974,6.0691,5.9176,5.9831,534364000
2018-02-23,6.0429,6.0765,5.9922,6.0765,415300000
2018-02-26,6.1227,6.1272,6.0303,6.0926,469312000
2018-02-27,6.0659,6.1501,6.0567,6.0797,455436000
2018-02-28,6.0906,6.1301,5.9678,5.9794,523116000
2018-03-01,5.9772,6.0310,5.6364,5.7375,1040120000
2018-03-02,5.6300,5.8509,5.4815,5.8445,913428000
2018-03-05,5.7943,5.8620,5.6710,5.8225,620776000
2018-03-06,5.9077,6.0026,5.8647,5.9833,636808000
2018-03-07,5.8806,6.0276,5.8793,5.9754,581208000
2018-03-08,6.0029,6.0029,5.9149,5.9591,411912000
2018-03-09,6.0066,6.0745,5.9905,6.0617,505524000
2018-03-12,6.1029,6.2512,6.0948,6.1711,605060000
2018-03-13,6.2139,6.2882,6.0792,6.1205,619772000
2018-03-14,6.1635,6.1907,6.0837,6.1459,505496000
2018-03-15,6.1595,6.2418,6.1187,6.1608,401952000
2018-03-16,6.1771,6.2079,6.1395,6.1889,399456000
2018-03-19,6.1321,6.1610,5.8559,5.9547,713772000
2018-03-20,5.9577,6.2055,5.9577,6.1667,554696000
2018-03-21,6.1603,6.2265,6.1111,6.1415,438688000
2018-03-22,6.0782,6.1247,5.9384,5.9757,551196000
2018-03-23,5.9893,5.9917,5.7452,5.7563,735620000
2018-03-26,5.8806,6.0419,5.8287,6.0407,611424000
2018-03-27,6.1215,6.1771,5.4321,5.5722,1409000000
2018-03-28,5.5379,5.6678,5.3617,5.4692,945904000
2018-03-29,5.5374,5.8188,5.4531,5.7222,916628000
2018-04-02,5.6518,5.7978,5.3740,5.4618,922092000
2018-04-03,5.6285,5.6915,5.4692,5.5680,667432000
2018-04-04,5.3125,5.6004,5.2876,5.5900,789168000
2018-04-05,5.6483,5.6614,5.3985,5.4699,701240000
2018-04-06,5.3674,5.4753,5.2646,5.2937,662988000
2018-04-09,5.3567,5.4845,5.3024,5.3224,499524000
2018-04-10,5.5524,5.6582,5.4954,5.6313,761676000
2018-04-11,5.6164,5.6577,5.5574,5.5900,460244000
2018-04-12,5.6829,5.8143,5.6387,5.7966,593920000
2018-04-13,5.8601,5.8685,5.6718,5.7200,503036000
2018-04-16,5.7266,5.7531,5.6256,5.7197,350792000
2018-04-17,5.7718,5.8904,5.7163,5.8692,447224000
2018-04-18,5.8188,5.9114,5.7513,5.8403,391364000
2018-04-19,5.7261,5.7595,5.6038,5.6592,471996000
2018-04-20,5.6505,5.7348,5.6199,5.6510,386200000
2018-04-23,5.6688,5.7200,5.5057,5.5317,427508000
2018-04-24,5.5574,5.6532,5.4002,5.4655,414596000
2018-04-25,5.4358,5.4749,5.1961,5.3533,588492000
2018-04-26,5.5149,5.5729,5.4489,5.5648,375824000
2018-04-27,5.6705,5.6903,5.5500,5.5922,400848000
2018-04-30,5.6085,5.6582,5.5376,5.5569,327844000
2018-05-01,5.5487,5.6149,5.4902,5.6122,253788000
2018-05-02,5.6088,5.6532,5.5655,5.5917,268248000
2018-05-03,5.6236,5.7830,5.5784,5.7568,443144000
2018-05-04,5.7281,5.9100,5.7108,5.9068,400660000
2018-05-07,6.0113,6.2015,6.0014,6.1444,687616000
2018-05-08,6.1447,6.1897,6.0958,6.1869,506616000
2018-05-09,6.2070,6.3221,6.1798,6.3199,596760000
2018-05-10,6.3728,6.4365,6.3550,6.4274,994080000
2018-05-11,6.2458,6.4190,6.1904,6.2890,1214456000
2018-05-14,6.3270,6.3868,6.2858,6.3095,523140000
2018-05-15,6.2460,6.2487,5.9670,6.0674,963528000
2018-05-16,6.0288,6.1405,5.9920,6.0785,553828000
2018-05-17,6.0802,6.2141,6.0641,6.1205,519784000
2018-05-18,6.1724,6.2356,6.0718,6.0767,483716000
2018-05-21,6.1741,6.1778,5.9421,6.0347,640624000
2018-05-22,6.0481,6.0733,5.9362,5.9967,518264000
2018-05-23,5.9406,6.1213,5.9398,6.1201,442956000
2018-05-24,6.1164,6.1660,6.0632,6.1238,437372000
2018-05-25,6.1364,6.1794,6.1008,6.1631,292112000
2018-05-29,6.1450,6.2140,6.0993,6.1460,352684000
2018-05-30,6.1796,6.2635,6.1549,6.2548,390996000
2018-05-31,6.2229,6.3094,6.2123,6.2350,493868000
2018-06-01,6.2798,6.3755,6.2711,6.3693,421968000
2018-06-04,6.4034,6.5700,6.3713,6.5480,642024000
2018-06-05,6.5512,6.5910,6.5065,6.5535,391712000
2018-06-06,6.4635,6.5587,6.4472,6.5554,371356000
2018-06-07,6.5517,6.5636,6.4096,6.4998,369448000
2018-06-08,6.4271,6.5270,6.4083,6.4845,360456000
2018-06-11,6.4719,6.5134,6.4306,6.4434,265372000
2018-06-12,6.4699,6.5040,6.4197,6.4919,319160000
2018-06-13,6.4934,6.5683,6.4783,6.4875,338208000
2018-06-14,6.5325,6.6556,6.5176,6.5990,430016000
2018-06-15,6.5418,6.6130,6.5109,6.5582,432260000
2018-06-18,6.5142,6.5715,6.4870,6.5540,356268000
2018-06-19,6.4509,6.5181,6.3050,6.4323,594932000
2018-06-20,6.4734,6.5381,6.4350,6.4852,369780000
2018-06-21,6.5171,6.5354,6.3490,6.3567,359516000
2018-06-22,6.3774,6.3908,6.1890,6.2044,434160000
2018-06-25,6.0981,6.1018,5.8234,5.9119,665816000
2018-06-26,6.0251,6.0733,5.9314,5.9828,478884000
2018-06-27,6.0264,6.0926,5.8224,5.8278,453892000
2018-06-28,5.8179,5.9668,5.8103,5.9549,338012000
2018-06-29,6.0199,6.0325,5.8558,5.8570,392300000
2018-07-02,5.7875,5.9927,5.7670,5.9890,357572000
2018-07-03,6.0236,6.0296,5.8471,5.8555,222732000
2018-07-05,5.9107,6.0061,5.8718,6.0011,306216000
2018-07-06,5.9767,6.1233,5.9554,6.1149,296352000
2018-07-09,6.1890,6.1987,6.0837,6.1623,303880000
2018-07-10,6.1747,6.2832,6.1344,6.2612,360016000
2018-07-11,6.1685,6.2031,6.1092,6.1198,367508000
2018-07-12,6.1651,6.2593,6.1552,6.2113,345508000
2018-07-13,6.2298,6.2298,6.1220,6.1641,246988000
2018-07-16,6.1364,6.1893,6.1240,6.1364,197036000
2018-07-17,6.0872,6.2872,6.0617,6.2721,362136000
2018-07-18,6.2647,6.2785,6.1720,6.2229,277640000
2018-07-19,6.2041,6.2647,6.1890,6.2311,235752000
2018-07-20,6.2286,6.2674,6.1920,6.2029,222352000
2018-07-23,6.1764,6.1782,6.0147,6.1663,301584000
2018-07-24,6.2143,6.3008,6.1314,6.1490,354620000
2018-07-25,6.1584,6.2397,6.1005,6.2271,319112000
2018-07-26,6.2071,6.3374,6.1903,6.3005,325124000
2018-07-27,6.3371,6.3441,6.1769,6.2308,295420000
2018-07-30,6.2449,6.2508,6.0009,6.0358,340340000
2018-07-31,6.0254,6.1285,5.9866,6.0538,283988000
2018-08-01,6.0852,6.1403,6.0298,6.0936,283556000
2018-08-02,6.0224,6.2002,5.9636,6.1962,269668000
2018-08-03,6.2207,6.2565,6.2039,6.2328,214288000
2018-08-06,6.2202,6.2840,6.1737,6.2805,207508000
2018-08-07,6.3292,6.3713,6.3025,6.3527,258132000
2018-08-08,6.3539,6.4341,6.3191,6.3891,262100000
2018-08-09,6.4069,6.4096,6.3329,6.3406,204280000
2018-08-10,6.2588,6.3317,6.2476,6.2993,256396000
2018-08-13,6.3080,6.4528,6.3062,6.3322,375208000
2018-08-14,6.4375,6.4776,6.3544,6.4635,466220000
2018-08-15,6.4842,6.5181,6.3268,6.4054,591136000
2018-08-16,6.4751,6.4776,6.3047,6.3648,801260000
2018-08-17,6.2536,6.2543,6.0259,6.0528,1143188000
2018-08-20,6.0123,6.2600,5.9020,6.1275,854388000
2018-08-21,6.1438,6.2674,6.1240,6.2630,673988000
2018-08-22,6.2303,6.5028,6.2269,6.4978,749856000
2018-08-23,6.4593,6.6625,6.4454,6.5972,720684000
2018-08-24,6.6056,6.7448,6.6012,6.7302,531512000
2018-08-27,6.7599,6.8954,6.7285,6.8212,505776000
2018-08-28,6.8153,6.8380,6.6637,6.7836,475384000
2018-08-29,6.7760,6.9140,6.7552,6.8890,420108000
2018-08-30,6.8579,6.9689,6.8353,6.8722,346608000
2018-08-31,6.8522,6.9561,6.8423,6.9432,306592000
2018-09-04,6.9301,7.0555,6.9016,7.0179,391720000
2018-09-05,7.0003,7.0357,6.8064,6.8873,393156000
2018-09-06,6.8710,6.8734,6.7134,6.7463,322796000
2018-09-07,6.6543,6.8504,6.6095,6.7250,295420000
2018-09-10,6.7475,6.8257,6.7037,6.7960,220140000
2018-09-11,6.7497,6.8373,6.7290,6.7483,243112000
2018-09-12,6.7084,6.7280,6.4791,6.6345,419092000
2018-09-13,6.7003,6.8027,6.6830,6.7122,305536000
2018-09-14,6.8024,6.9041,6.7656,6.8381,386936000
2018-09-17,6.8126,6.8616,6.7569,6.7762,205528000
2018-09-18,6.7802,6.8828,6.6976,6.7042,299520000
2018-09-19,6.6857,6.7458,6.6357,6.7280,224860000
2018-09-20,6.6060,6.6483,6.5331,6.5870,430584000
2018-09-21,6.5989,6.6444,6.4838,6.5170,435128000
2018-09-24,6.4861,6.5761,6.3990,6.5726,293912000
2018-09-25,6.6387,6.6647,6.5531,6.6397,280388000
2018-09-26,6.6446,6.6849,6.5870,6.6028,268548000
2018-09-27,6.6379,6.6592,6.5833,6.6147,214428000
2018-09-28,6.7465,6.9739,6.7186,6.9516,709396000
2018-10-01,7.0293,7.2247,6.9907,7.1579,622060000
2018-10-02,7.1305,7.2420,7.0644,7.0867,383964000
2018-10-03,7.1569,7.1643,6.9890,7.0929,320552000
2018-10-04,7.0567,7.0810,6.8319,6.9088,391220000
2018-10-05,6.8841,6.9462,6.6182,6.6755,426636000
2018-10-08,6.5924,6.7077,6.4336,6.5744,408612000
2018-10-09,6.5538,6.6483,6.5009,6.5687,273500000
2018-10-10,6.4628,6.5086,6.0754,6.0776,684940000
2018-10-11,5.9906,6.1239,5.7949,5.8164,725436000
2018-10-12,6.0732,6.1729,5.9282,6.0987,608236000
2018-10-15,6.0853,6.0853,5.8216,5.8226,449760000
2018-10-16,5.9352,6.0922,5.8859,6.0811,408712000
2018-10-17,6.1432,6.1813,5.9636,6.0126,329668000
2018-10-18,6.0819,6.1202,5.8649,5.9253,524020000
2018-10-19,5.9804,6.0000,5.6326,5.6690,613608000
2018-10-22,5.7212,5.8211,5.6170,5.7197,368844000
2018-10-23,5.4528,5.5458,5.3608,5.4684,626436000
2018-10-24,5.4300,5.4765,4.9190,4.9328,884288000
2018-10-25,4.8354,5.1886,4.7911,5.1413,951720000
2018-10-26,4.9056,5.0671,4.7772,4.9051,664784000
2018-10-29,5.0461,5.0496,4.3540,4.5917,758016000
2018-10-30,4.6147,5.0315,4.5917,5.0216,807192000
2018-10-31,5.1861,5.2588,5.0466,5.2153,745772000
2018-11-01,5.2517,5.4048,5.1253,5.3954,566528000
2018-11-02,5.3860,5.4916,5.2000,5.3165,452960000
2018-11-05,5.3034,5.3266,5.0780,5.2386,379332000
2018-11-06,5.2306,5.3148,5.1839,5.2210,299012000
2018-11-07,5.2875,5.3781,5.2240,5.2885,483812000
2018-11-08,5.2294,5.2302,5.0422,5.0956,511352000
2018-11-09,5.0068,5.1780,4.9731,5.0877,413240000
2018-11-12,4.9964,5.0184,4.6669,4.6887,617116000
2018-11-13,4.7864,5.0516,4.7802,4.9303,644712000
2018-11-14,5.1033,5.1176,4.7700,4.8779,526580000
2018-11-15,4.8720,5.0785,4.8361,5.0065,840708000
2018-11-16,4.0401,4.2216,3.9978,4.0675,1963520000
2018-11-19,4.0022,4.0029,3.5777,3.5795,1697820000
2018-11-20,3.3162,3.8159,3.2977,3.6878,1692032000
2018-11-21,3.8248,3.8417,3.5525,3.5797,1025496000
2018-11-23,3.5451,3.7004,3.5322,3.5869,411968000
2018-11-26,3.7078,3.7964,3.6255,3.7860,814832000
2018-11-27,3.7600,3.8840,3.7242,3.8028,738060000
2018-11-28,3.9203,3.9649,3.7880,3.9597,804524000
2018-11-29,3.9619,3.9990,3.8663,3.8965,549172000
2018-11-30,3.9062,4.0575,3.8559,4.0468,729564000
2018-12-03,4.2739,4.3254,4.1436,4.2105,890804000
2018-12-04,4.1659,4.1709,3.8752,3.8903,812112000
2018-12-06,3.7499,3.9245,3.7343,3.9195,692308000
2018-12-07,3.9238,3.9339,3.6058,3.6551,681676000
2018-12-10,3.6103,3.7851,3.6066,3.7603,629472000
2018-12-11,3.8519,3.8601,3.5905,3.6695,671912000
2018-12-12,3.6751,3.7831,3.5860,3.6870,654136000
2018-12-13,3.7338,3.7980,3.6509,3.6868,471384000
2018-12-14,3.6452,3.7289,3.6028,3.6264,471820000
2018-12-17,3.5964,3.6685,3.4974,3.5553,662868000
2018-12-18,3.5991,3.7224,3.5719,3.6385,564372000
2018-12-19,3.6048,3.6583,3.3783,3.4298,745364000
2018-12-20,3.4213,3.5112,3.2856,3.3453,749588000
2018-12-21,3.3718,3.4047,3.1809,3.2084,863740000
2018-12-24,3.1321,3.2185,3.0828,3.1467,463840000
2018-12-26,3.1928,3.2968,3.0819,3.2958,695100000
2018-12-27,3.2435,3.2780,3.0997,3.2480,637044000
2018-12-28,3.2686,3.4020,3.2267,3.3094,628728000
2018-12-31,3.3527,3.3852,3.2750,3.3057,465140000
2019-01-02,3.2349,3.4290,3.2203,3.3731,508752000
2019-01-03,3.3129,3.3468,3.1618,3.1693,705552000
2019-01-04,3.2423,3.4104,3.2116,3.3723,585620000
2019-01-07,3.4295,3.5877,3.3783,3.5508,709160000
2019-01-08,3.6323,3.6345,3.3899,3.4624,786016000
2019-01-09,3.5137,3.5778,3.4632,3.5305,617260000
2019-01-10,3.5112,3.6048,3.4508,3.5962,523156000
2019-01-11,3.5739,3.7081,3.5461,3.6853,874764000
2019-01-14,3.6331,3.7504,3.6095,3.7252,730168000
2019-01-15,3.7579,3.7972,3.6927,3.7111,617012000
2019-01-16,3.7383,3.7712,3.6801,3.6855,470104000
2019-01-17,3.6526,3.7967,3.6254,3.7569,493436000
2019-01-18,3.8066,3.9119,3.7551,3.8859,651336000
2019-01-22,3.8557,3.8673,3.6536,3.6838,661552000
2019-01-23,3.7390,3.8277,3.6655,3.6967,591020000
2019-01-24,3.7811,3.9260,3.7764,3.9084,708972000
2019-01-25,3.8490,3.9837,3.7465,3.9656,1154572000
2019-01-28,3.3812,3.5073,3.2438,3.4174,2511528000
2019-01-29,3.3713,3.4196,3.2440,3.2587,1153932000
2019-01-30,3.3347,3.4164,3.2552,3.4020,974228000
2019-01-31,3.3988,3.5952,3.3770,3.5595,842852000
2019-02-01,3.5781,3.6348,3.5305,3.5838,625048000
2019-02-04,3.5996,3.7311,3.5776,3.6940,528592000
2019-02-05,3.7059,3.7497,3.6722,3.7130,542424000
2019-02-06,3.7462,3.8529,3.7408,3.7886,702464000
2019-02-07,3.7423,3.7445,3.6075,3.6504,637120000
2019-02-08,3.5833,3.6796,3.5689,3.6690,461604000
2019-02-11,3.6249,3.6791,3.5781,3.6264,495180000
2019-02-12,3.6647,3.7588,3.6504,3.7432,591060000
2019-02-13,3.7727,3.8586,3.7591,3.7856,605372000
2019-02-14,3.7846,3.8547,3.7415,3.8264,827264000
2019-02-15,4.0349,4.0577,3.8732,3.8960,1516748000
2019-02-19,3.8854,3.9592,3.8663,3.8787,551892000
2019-02-20,3.9079,3.9931,3.8968,3.9260,540988000
2019-02-21,3.9386,3.9631,3.8425,3.8571,448548000
2019-02-22,3.9089,3.9606,3.8953,3.9418,401740000
2019-02-25,4.0253,4.0926,3.9208,3.9294,656020000
2019-02-26,3.9247,3.9807,3.8566,3.8901,488464000
2019-02-27,3.8757,3.9022,3.7913,3.8482,500256000
2019-02-28,3.8420,3.8643,3.8014,3.8237,324944000
2019-03-01,3.8735,3.9201,3.8153,3.8780,357188000
2019-03-04,3.9164,3.9392,3.8296,3.8862,409992000
2019-03-05,3.8705,3.9179,3.8163,3.8797,362924000
2019-03-06,3.8708,3.8792,3.7662,3.7689,403524000
2019-03-07,3.7454,3.7550,3.6537,3.6998,450104000
2019-03-08,3.6105,3.7446,3.5892,3.7340,422416000
2019-03-11,3.7575,4.0170,3.7104,3.9942,859728000
2019-03-12,4.0220,4.0748,3.9459,4.0284,579576000
2019-03-13,4.0659,4.2089,4.0584,4.1796,768900000
2019-03-14,4.1888,4.2007,4.0961,4.1038,519384000
2019-03-15,4.1469,4.2518,4.1434,4.2091,661484000
2019-03-18,4.2406,4.2944,4.1608,4.1878,486992000
2019-03-19,4.2823,4.3997,4.2654,4.3554,854972000
2019-03-20,4.3844,4.4377,4.2882,4.3229,719148000
2019-03-21,4.3460,4.5857,4.3410,4.5594,824312000
2019-03-22,4.5321,4.5807,4.3859,4.3997,747644000
2019-03-25,4.3591,4.4233,4.2414,4.3075,525212000
2019-03-26,4.4491,4.5051,4.3279,4.3841,703508000
2019-03-27,4.4097,4.4560,4.3056,4.3750,474372000
2019-03-28,4.4010,4.4592,4.3405,4.3936,480264000
2019-03-29,4.4602,4.4751,4.4099,4.4508,456896000
2019-04-01,4.5425,4.5485,4.4709,4.5182,483824000
2019-04-02,4.5423,4.5804,4.4994,4.5361,440920000
2019-04-03,4.5857,4.7344,4.5807,4.6754,783504000
2019-04-04,4.6600,4.7088,4.6037,4.6665,457376000
2019-04-05,4.7096,4.7505,4.6732,4.7331,481744000
2019-04-08,4.7027,4.7790,4.6786,4.7540,424192000
2019-04-09,4.7205,4.7317,4.6491,4.6912,439972000
2019-04-10,4.6905,4.7874,4.6860,4.7616,444772000
2019-04-11,4.7641,4.7956,4.6984,4.7478,374600000
2019-04-12,4.7864,4.7904,4.7012,4.7098,471708000
2019-04-15,4.7022,4.7071,4.5386,4.5782,440092000
2019-04-16,4.6174,4.6841,4.5847,4.6652,394964000
2019-04-17,4.7002,4.7210,4.6201,4.6424,351004000
2019-04-18,4.6491,4.6831,4.5901,4.6179,380988000
2019-04-22,4.5943,4.6873,4.5628,4.6717,279936000
2019-04-23,4.6848,4.7574,4.6751,4.7262,346856000
2019-04-24,4.7366,4.7792,4.6759,4.7386,318204000
2019-04-25,4.6984,4.7207,4.5534,4.6330,499296000
2019-04-26,4.4793,4.4838,4.2956,4.4144,868988000
2019-04-29,4.4223,4.4729,4.3502,4.4451,391920000
2019-04-30,4.4129,4.5120,4.3938,4.4865,362920000
2019-05-01,4.5388,4.5809,4.4731,4.4734,354280000
2019-05-02,4.4830,4.5824,4.4399,4.5408,394684000
2019-05-03,4.5492,4.5591,4.4749,4.5363,336824000
2019-05-06,4.3502,4.4701,4.3130,4.4580,422176000
2019-05-07,4.4097,4.4097,4.2428,4.2909,555220000
2019-05-08,4.2634,4.3911,4.2515,4.3110,419168000
2019-05-09,4.2421,4.2518,4.0998,4.2186,660248000
2019-05-10,4.1878,4.2533,4.0651,4.1846,569500000
2019-05-13,4.0527,4.0758,3.9117,3.9276,656912000
2019-05-14,3.9672,4.0517,3.9285,4.0165,524880000
2019-05-15,3.9610,3.9920,3.9018,3.9556,502320000
2019-05-16,3.9501,4.0133,3.9077,3.9707,781088000
2019-05-17,3.9288,4.0579,3.8405,3.8800,1022068000
2019-05-20,3.7813,3.8363,3.7367,3.7615,572064000
2019-05-21,3.8222,3.8594,3.7835,3.8435,361848000
2019-05-22,3.8049,3.8309,3.7617,3.7726,325868000
2019-05-23,3.7104,3.7104,3.5919,3.6517,591844000
2019-05-24,3.6705,3.7057,3.5912,3.5979,357584000
2019-05-28,3.6155,3.6482,3.5508,3.5528,428356000
2019-05-29,3.5052,3.5401,3.4440,3.4787,559800000
2019-05-30,3.4819,3.5176,3.4139,3.4521,394300000
2019-05-31,3.4032,3.4705,3.3598,3.3615,389720000
2019-06-03,3.3727,3.4114,3.2906,3.3198,478644000
2019-06-04,3.3839,3.5538,3.3618,3.5486,641836000
2019-06-05,3.6223,3.6278,3.4697,3.5059,511616000
2019-06-06,3.5102,3.5926,3.5077,3.5680,408140000
2019-06-07,3.5739,3.6449,3.5548,3.6107,348856000
2019-06-10,3.6668,3.7519,3.6668,3.6834,402780000
2019-06-11,3.7432,3.7809,3.7015,3.7410,383872000
2019-06-12,3.6975,3.7037,3.6129,3.6280,358892000
2019-06-13,3.6501,3.6975,3.6325,3.6792,308080000
2019-06-14,3.5861,3.6104,3.5447,3.5893,394428000
2019-06-17,3.5876,3.6360,3.5648,3.5990,276040000
2019-06-18,3.6603,3.8492,3.6494,3.7938,581920000
2019-06-19,3.8290,3.8405,3.7737,3.7998,331644000
2019-06-20,3.8903,3.9042,3.8097,3.8241,350168000
2019-06-21,3.8092,3.8583,3.7596,3.7660,434428000
2019-06-24,3.7874,3.8179,3.7402,3.7884,282948000
2019-06-25,3.7933,3.8683,3.7563,3.7591,311868000
2019-06-26,3.8864,4.0132,3.8735,3.9521,584072000
2019-06-27,4.0377,4.0698,4.0018,4.0507,445440000
2019-06-28,4.0946,4.1038,4.0288,4.0755,397668000
2019-07-01,4.2824,4.3167,4.0861,4.1236,709756000
2019-07-02,4.1070,4.1281,4.0127,4.0258,400228000
2019-07-03,4.0492,4.0549,3.9789,4.0387,246636000
2019-07-05,3.9804,3.9849,3.9129,3.9762,396552000
2019-07-08,3.9166,3.9355,3.8712,3.9013,329788000
2019-07-09,3.8591,3.9318,3.8464,3.9037,342860000
2019-07-10,3.9472,4.0293,3.9333,3.9720,452076000
2019-07-11,4.0449,4.1670,4.0077,4.1263,682560000
2019-07-12,4.1541,4.2303,4.1541,4.1593,506392000
2019-07-15,4.1804,4.1966,4.1226,4.1509,289840000
2019-07-16,4.1360,4.1732,4.0906,4.1462,341444000
2019-07-17,4.1479,4.2184,4.1186,4.2115,348204000
2019-07-18,4.2219,4.2859,4.1653,4.2231,442192000
2019-07-19,4.2613,4.2678,4.1740,4.1799,344896000
2019-07-22,4.2013,4.2643,4.1938,4.2514,315940000
2019-07-23,4.2906,4.3611,4.2750,4.3591,428176000
2019-07-24,4.4023,4.4393,4.3264,4.4336,366236000
2019-07-25,4.3921,4.4048,4.2792,4.3025,392700000
2019-07-26,4.3296,4.3911,4.3296,4.3445,274160000
2019-07-29,4.3373,4.3544,4.2502,4.3383,248160000
2019-07-30,4.2919,4.3661,4.2775,4.3539,197772000
2019-07-31,4.3224,4.3234,4.1447,4.1869,359416000
2019-08-01,4.1973,4.2876,4.0405,4.0926,421212000
2019-08-02,4.0000,4.0693,3.9526,4.0000,428348000
2019-08-05,3.8166,3.8179,3.6950,3.7419,589156000
2019-08-06,3.8166,3.8621,3.7330,3.7807,361272000
2019-08-07,3.7199,3.8308,3.7025,3.8189,372560000
2019-08-08,3.8764,3.9286,3.8191,3.9273,309300000
2019-08-09,3.8864,3.8898,3.7757,3.8261,341816000
2019-08-12,3.7740,3.8261,3.7365,3.7583,279200000
2019-08-13,3.7568,3.9184,3.7179,3.8725,351956000
2019-08-14,3.7844,3.7955,3.6804,3.7241,419880000
2019-08-15,3.7429,3.7628,3.6576,3.6918,477200000
2019-08-16,3.9544,4.0087,3.8931,3.9596,1007960000
2019-08-19,4.0727,4.2539,4.0566,4.2380,815112000
2019-08-20,4.2326,4.2330,4.1447,4.1658,463188000
2019-08-21,4.2318,4.3043,4.2102,4.2492,427244000
2019-08-22,4.2589,4.3013,4.2162,4.2554,303488000
2019-08-23,4.1789,4.2333,4.0112,4.0310,568056000
2019-08-26,4.1097,4.1338,4.0675,4.1057,318208000
2019-08-27,4.1440,4.1467,3.9859,4.0152,290968000
2019-08-28,3.9888,4.0574,3.9496,4.0047,255612000
2019-08-29,4.0961,4.1806,4.0927,4.1483,357976000
2019-08-30,4.1945,4.2442,4.1428,4.1610,290616000
2019-09-03,4.0882,4.1212,4.0552,4.0780,296140000
2019-09-04,4.1386,4.1995,4.1386,4.1920,227728000
2019-09-05,4.2941,4.4710,4.2924,4.4648,695676000
2019-09-06,4.4414,4.4983,4.3997,4.4377,376976000
2019-09-09,4.4687,4.5701,4.4673,4.4837,417524000
2019-09-10,4.4509,4.5768,4.4412,4.5502,352812000
2019-09-11,4.5649,4.6270,4.5358,4.5788,361512000
2019-09-12,4.6252,4.6799,4.5693,4.5773,327840000
2019-09-13,4.5107,4.5477,4.4757,4.5194,324592000
2019-09-16,4.4444,4.5110,4.4340,4.4764,231832000
2019-09-17,4.4832,4.5020,4.4367,4.4978,223048000
2019-09-18,4.4909,4.5065,4.3843,4.4707,258152000
2019-09-19,4.4767,4.4951,4.3845,4.3952,245476000
2019-09-20,4.3942,4.4178,4.2795,4.2896,350244000
2019-09-23,4.2899,4.3885,4.2862,4.3431,249712000
2019-09-24,4.3744,4.4039,4.2502,4.2857,317268000
2019-09-25,4.2852,4.4469,4.2405,4.4273,308432000
2019-09-26,4.4176,4.4263,4.3542,4.4052,234564000
2019-09-27,4.3634,4.4141,4.2059,4.2665,362056000
2019-09-30,4.2924,4.3341,4.2611,4.3239,186184000
2019-10-01,4.3470,4.4961,4.3175,4.3222,366008000
2019-10-02,4.3003,4.3123,4.2261,4.2983,293372000
2019-10-03,4.3028,4.5100,4.2725,4.5038,450588000
2019-10-04,4.5060,4.5495,4.4409,4.5202,265524000
2019-10-07,4.5850,4.6784,4.5763,4.5788,480984000
2019-10-08,4.4871,4.4871,4.3843,4.4024,444436000
2019-10-09,4.4792,4.5383,4.4504,4.4889,292412000
2019-10-10,4.4866,4.5974,4.4814,4.5465,309124000
2019-10-11,4.6305,4.7032,4.6116,4.6200,446404000
2019-10-14,4.6113,4.6543,4.5803,4.6334,200040000
2019-10-15,4.7236,4.9504,4.7097,4.8779,664124000
2019-10-16,4.8438,4.9487,4.8128,4.8242,428944000
2019-10-17,4.8687,4.9136,4.7718,4.8262,263436000
2019-10-18,4.8267,4.8592,4.6575,4.7318,307440000
2019-10-21,4.7932,4.8823,4.7743,4.8689,261868000
2019-10-22,4.9258,5.0309,4.8513,4.8590,328720000
2019-10-23,4.7770,4.8602,4.7452,4.8461,279916000
2019-10-24,4.8873,4.9236,4.8533,4.8900,232020000
2019-10-25,4.9705,5.1017,4.9628,5.0808,423092000
2019-10-28,5.1245,5.1891,5.0952,5.1367,330792000
2019-10-29,5.1228,5.1292,5.0212,5.0406,211236000
2019-10-30,5.0674,5.0731,4.9745,5.0426,205960000
2019-10-31,5.0217,5.0426,4.9136,4.9934,209732000
2019-11-01,4.9581,5.0647,4.9330,5.0324,283640000
2019-11-04,5.1134,5.2413,5.0903,5.2289,376716000
2019-11-05,5.2286,5.2547,5.1588,5.2067,300868000
2019-11-06,5.1827,5.2082,5.0701,5.1576,269012000
2019-11-07,5.2440,5.2587,5.1305,5.1752,280340000
2019-11-08,5.1583,5.1928,5.1208,5.1613,189100000
2019-11-11,5.1605,5.1943,5.0744,5.1712,243436000
2019-11-12,5.2095,5.2626,5.1745,5.2067,283504000
2019-11-13,5.1754,5.2030,5.1146,5.1809,300188000
2019-11-14,5.1899,5.2135,5.1300,5.2112,518080000
2019-11-15,5.2090,5.2607,4.9839,5.0721,1053628000
2019-11-18,5.0647,5.2997,5.0617,5.2731,574588000
2019-11-19,5.2420,5.2656,5.1084,5.1665,414564000
2019-11-20,5.1437,5.3295,5.1310,5.2457,472588000
2019-11-21,5.2413,5.2969,5.1993,5.2209,288388000
2019-11-22,5.2435,5.2900,5.2149,5.2385,224100000
2019-11-25,5.3665,5.4999,5.3536,5.4949,506476000
2019-11-26,5.4773,5.4820,5.3839,5.3903,385244000
2019-11-27,5.4358,5.4701,5.3988,5.4251,215784000
2019-11-29,5.3943,5.4226,5.3640,5.3878,141556000
2019-12-02,5.3809,5.3943,5.1865,5.2016,372036000
2019-12-03,5.0182,5.1661,4.9809,5.1621,465232000
2019-12-04,5.2456,5.2680,5.1773,5.2059,273424000
2019-12-05,5.2277,5.2434,5.1584,5.1890,184884000
2019-12-06,5.2581,5.3070,5.2481,5.2742,232236000
2019-12-09,5.2514,5.3289,5.2427,5.2742,211880000
2019-12-10,5.3043,5.3709,5.2516,5.3192,256388000
2019-12-11,5.3297,5.4082,5.3272,5.4027,233796000
2019-12-12,5.3739,5.5882,5.3650,5.5700,404348000
2019-12-13,5.5730,5.6921,5.5141,5.5681,454704000
2019-12-16,5.6155,5.6692,5.5874,5.5969,320976000
2019-12-17,5.6155,5.6976,5.6061,5.6749,321196000
2019-12-18,5.7097,5.7657,5.7013,5.7053,343548000
2019-12-19,5.7398,5.8666,5.7349,5.8532,445360000
2019-12-20,5.9196,5.9757,5.9004,5.9504,603044000
2019-12-23,5.9790,6.0110,5.9260,5.9367,355060000
2019-12-24,5.9213,5.9489,5.8870,5.9317,138864000
2019-12-26,5.9352,5.9740,5.9163,5.9459,182852000
2019-12-27,5.9611,5.9745,5.8619,5.8882,254644000
2019-12-30,5.8664,5.8716,5.7438,5.7751,258056000
2019-12-31,5.7398,5.8587,5.7207,5.8492,231004000
2020-01-02,5.9350,5.9638,5.8845,5.9638,237536000
2020-01-03,5.8442,5.9121,5.8194,5.8683,205384000
2020-01-06,5.7751,5.8982,5.7490,5.8930,262636000
2020-01-07,5.9213,6.0100,5.8763,5.9643,314856000
2020-01-08,5.9601,6.0168,5.9201,5.9755,277108000
2020-01-09,6.0617,6.1135,5.9874,6.0411,255112000
2020-01-10,6.1483,6.1786,6.0593,6.0734,316296000
2020-01-13,6.1565,6.2890,6.1338,6.2638,319840000
2020-01-14,6.2211,6.2464,6.1338,6.1470,359088000
2020-01-15,6.1597,6.1821,6.0787,6.1045,263104000
2020-01-16,6.1579,6.1940,6.1346,6.1880,284192000
2020-01-17,6.2072,6.2146,6.1492,6.1967,253792000
2020-01-21,6.1602,6.1970,6.1294,6.1634,217916000
2020-01-22,6.2087,6.3039,6.1898,6.2174,239240000
2020-01-23,6.2574,6.2942,6.1686,6.2857,244516000
2020-01-24,6.4011,6.4508,6.1724,6.2266,373512000
2020-01-27,5.9223,6.0220,5.7729,5.9710,470536000
2020-01-28,6.0369,6.1965,5.9837,6.1642,310976000
2020-01-29,6.1497,6.1858,6.0640,6.1038,258848000
2020-01-30,6.0061,6.1239,5.9511,6.1105,290504000
2020-01-31,6.0647,6.0767,5.8355,5.8773,370420000
2020-02-03,5.8591,5.9936,5.8529,5.9742,255564000
2020-02-04,6.1159,6.1624,6.0660,6.1433,271544000
2020-02-05,6.2641,6.2743,6.1502,6.2335,208220000
2020-02-06,6.2678,6.3203,6.1868,6.3203,218284000
2020-02-07,6.2803,6.3024,6.2288,6.2542,189752000
2020-02-10,6.2768,6.5378,6.2718,6.5370,529608000
2020-02-11,6.6452,6.7739,6.5833,6.6593,638556000
2020-02-12,6.7120,6.7814,6.6733,6.7749,374644000
2020-02-13,6.7170,6.7983,6.6897,6.7312,528016000
2020-02-14,7.1409,7.3325,7.1095,7.2037,1041924000
2020-02-18,7.1006,7.3907,7.0812,7.3723,620164000
2020-02-19,7.4946,7.8406,7.4946,7.8230,694332000
2020-02-20,7.7750,7.8632,7.3668,7.6738,810052000
2020-02-21,7.5617,7.5868,7.2254,7.3101,768180000
2020-02-24,6.7165,7.0069,6.6621,6.7933,856916000
2020-02-25,6.8684,6.9303,6.4125,6.5142,1055496000
2020-02-26,6.5144,6.8473,6.5129,6.6534,747732000
2020-02-27,6.3402,6.6412,6.1907,6.2830,906416000
2020-02-28,6.0308,6.7770,6.0141,6.7176,1133252000
2020-03-02,6.8874,6.9046,6.4920,6.8757,890744000
2020-03-03,6.9315,6.9912,6.5283,6.6136,652792000
2020-03-04,6.7208,7.0862,6.6462,7.0767,597408000
2020-03-05,6.8775,7.0441,6.7531,6.7976,540328000
2020-03-06,6.6183,6.6758,6.4173,6.6173,515412000
2020-03-09,5.9671,6.4522,5.9243,6.1049,614160000
2020-03-10,6.3810,6.4939,6.1186,6.4939,580648000
2020-03-11,6.3542,6.3825,6.0335,6.1305,499964000
2020-03-12,5.6079,5.8731,5.3677,5.3804,816540000
2020-03-13,5.7333,5.9950,5.4624,5.9905,634836000
2020-03-16,5.2834,5.6239,4.8254,4.8851,726972000
2020-03-17,4.9973,5.4935,4.7508,5.4042,833632000
2020-03-18,4.9772,5.2219,4.4941,5.0448,874268000
2020-03-19,5.0234,5.3908,4.8103,5.2973,765512000
2020-03-20,5.4473,5.7288,5.1023,5.1177,804636000
2020-03-23,5.1167,5.3846,4.9379,5.2903,643876000
2020-03-24,5.6960,6.2845,5.6724,6.1979,1101644000
2020-03-25,6.3129,6.5123,6.0606,6.1094,793432000
2020-03-26,6.3163,6.5223,6.2183,6.3984,696108000
2020-03-27,6.2183,6.5447,6.1855,6.2862,638828000
2020-03-30,6.3517,6.6153,6.3076,6.6061,602252000
2020-03-31,6.6462,6.8501,6.4111,6.5566,949960000
2020-04-01,6.3589,6.5051,6.0014,6.0460,656912000
2020-04-02,6.0751,6.3676,6.0271,6.3544,675764000
2020-04-03,6.3168,6.3584,5.9296,6.0669,663212000
2020-04-06,6.3487,6.7128,6.2912,6.6760,727884000
2020-04-07,6.8974,6.9210,6.3999,6.4430,784520000
2020-04-08,6.5519,6.6648,6.4820,6.6399,542444000
2020-04-09,6.7656,6.7884,6.4775,6.5405,525564000
2020-04-13,6.4808,6.7208,6.3925,6.7121,398408000
2020-04-14,6.8402,7.0969,6.8126,7.0628,530948000
2020-04-15,6.8949,7.0683,6.8496,6.9854,366148000
2020-04-16,7.1406,7.4371,7.1275,7.3302,745620000
2020-04-17,7.4123,7.4337,7.1372,7.2710,539120000
2020-04-20,7.1446,7.3003,7.0956,7.1399,449388000
2020-04-21,7.0220,7.0832,6.6439,6.7036,735160000
2020-04-22,6.8956,7.1603,6.8501,7.1175,483356000
2020-04-23,7.1596,7.2914,7.0392,7.0643,424160000
2020-04-24,7.0541,7.2051,6.9795,7.2031,352328000
2020-04-27,7.3374,7.5491,7.3128,7.3894,479388000
2020-04-28,7.5366,7.5665,7.2416,7.2471,442904000
2020-04-29,7.3817,7.4764,7.3066,7.4237,379160000
2020-04-30,7.3697,7.4237,7.2561,7.2700,375916000
2020-05-01,7.0727,7.1859,6.9854,7.0337,342096000
2020-05-04,6.9864,7.2590,6.9864,7.2454,317556000
2020-05-05,7.3493,7.4687,7.2454,7.3063,368896000
2020-05-06,7.3856,7.5118,7.3478,7.4070,323464000
2020-05-07,7.5461,7.6463,7.4948,7.5831,373732000
2020-05-08,7.6548,7.7791,7.6210,7.7729,339216000
2020-05-11,7.7680,8.0714,7.7394,8.0246,469060000
2020-05-12,8.0824,8.1311,7.7533,7.7630,493060000
2020-05-13,7.8774,8.0376,7.5563,7.7406,625852000
2020-05-14,7.8020,7.9953,7.6486,7.9898,602312000
2020-05-15,7.8498,8.4574,7.8341,8.4477,987660000
2020-05-18,8.7161,8.8713,8.6365,8.7059,774460000
2020-05-19,8.7457,9.0415,8.7184,8.7609,717320000
2020-05-20,8.9455,8.9972,8.8437,8.9246,587536000
2020-05-21,9.0057,9.0066,8.6932,8.7308,761068000
2020-05-22,8.7806,9.0469,8.6691,8.9805,1038764000
2020-05-26,9.1104,9.1352,8.6281,8.6736,770780000
2020-05-27,8.5813,8.5890,7.9562,8.4821,1175892000
2020-05-28,8.3696,8.7161,8.3368,8.4440,734896000
2020-05-29,8.5112,8.8305,8.4420,8.8305,745256000
2020-06-01,8.7885,8.7960,8.6455,8.7616,389876000
2020-06-02,8.7517,8.7925,8.6141,8.7805,391320000
2020-06-03,8.7776,8.8213,8.6559,8.7251,365440000
2020-06-04,8.6878,8.9020,8.6375,8.7261,424280000
2020-06-05,8.7540,8.9555,8.6678,8.8789,481748000
2020-06-08,8.8363,8.8488,8.6457,8.7644,387736000
2020-06-09,8.7594,9.0677,8.7109,9.0043,468488000
2020-06-10,9.1255,9.4562,9.1113,9.3236,632180000
2020-06-11,9.1078,9.2185,8.7455,8.7557,583652000
2020-06-12,9.1203,9.1449,8.6631,8.8913,570908000
2020-06-15,8.7746,9.1399,8.7034,9.1314,400004000
2020-06-16,9.1825,9.2240,8.7980,9.0267,535716000
2020-06-17,9.0717,9.2561,9.0284,9.1934,408304000
2020-06-18,9.1845,9.2397,9.0725,9.1755,254408000
2020-06-19,9.1999,9.4014,9.1847,9.2185,524160000
2020-06-22,9.2571,9.4873,9.2305,9.4828,398468000
2020-06-23,9.5070,9.5980,9.3641,9.4064,375108000
2020-06-24,9.4326,9.5124,9.1023,9.1929,449372000
2020-06-25,9.3126,9.4612,9.1399,9.4462,376072000
2020-06-26,9.4562,9.4562,9.0829,9.1128,592084000
2020-06-29,9.1275,9.1621,8.8590,9.1576,342248000
2020-06-30,9.2711,9.4823,9.2238,9.4540,367892000
2020-07-01,9.4768,9.5316,9.3696,9.4861,326648000
2020-07-02,9.5946,9.6926,9.5341,9.5679,364056000
2020-07-06,9.6968,9.8631,9.6677,9.7939,315892000
2020-07-07,9.9004,10.0236,9.8053,9.8262,357800000
2020-07-08,9.9477,10.1779,9.9195,10.1689,365480000
2020-07-09,10.3324,10.5213,10.1863,10.4605,494548000
2020-07-10,10.5399,10.6061,10.3309,10.4309,497676000
2020-07-13,10.5461,10.7425,9.9788,10.0059,457076000
2020-07-14,10.0285,10.3548,9.7404,10.3291,542676000
2020-07-15,10.3662,10.3849,10.0094,10.1801,403984000
2020-07-16,9.9688,10.1597,9.8499,10.0880,344964000
2020-07-17,10.1783,10.2012,10.0412,10.1545,266284000
2020-07-20,10.2269,10.4827,10.1099,10.4623,284852000
2020-07-21,10.4645,10.5113,10.2393,10.2809,277036000
2020-07-22,10.3197,10.5536,10.2440,10.3906,367292000
2020-07-23,10.4018,10.4984,9.9850,10.0830,411660000
2020-07-24,9.8295,10.3170,9.7319,10.1475,473292000
2020-07-27,10.1851,10.3936,10.1706,10.3734,292132000
2020-07-28,10.3264,10.3341,10.1622,10.1684,271636000
2020-07-29,10.3428,10.4678,10.2993,10.4172,284508000
2020-07-30,10.3272,10.5740,10.2478,10.5651,308880000
2020-07-31,10.5145,10.7169,10.3849,10.5658,386080000
2020-08-03,10.6830,11.0476,10.6658,10.9595,412720000
2020-08-04,10.9990,11.1760,10.8557,11.1760,310336000
2020-08-05,11.1922,11.3193,11.1148,11.2347,249924000
2020-08-06,11.2974,11.3056,11.1272,11.2832,244316000
2020-08-07,11.2603,11.4517,10.9866,11.1479,342516000
2020-08-10,11.2820,11.3556,10.8064,11.1135,427796000
2020-08-11,11.0227,11.0854,10.7460,10.8000,354512000
2020-08-12,10.9401,11.4141,10.9077,11.3875,464412000
2020-08-13,11.4928,11.6677,11.3034,11.3902,374460000
2020-08-14,11.4768,11.6508,11.3877,11.5107,366436000
2020-08-17,11.7966,12.3525,11.7628,12.2801,621300000
2020-08-18,12.3926,12.4384,12.0305,12.2042,503448000
2020-08-19,12.2398,12.2582,12.0422,12.0825,622624000
2020-08-20,11.9198,12.3179,11.8240,12.0850,921388000
2020-08-21,12.1455,12.7497,12.1390,12.6250,999868000
2020-08-24,12.8243,12.8530,12.4498,12.6616,490564000
2020-08-25,12.5725,12.7024,12.5158,12.6912,289076000
2020-08-26,12.7402,12.8092,12.6193,12.7141,321244000
2020-08-27,12.7226,12.7907,12.5086,12.5700,317604000
2020-08-28,12.6166,13.0874,12.5842,13.0871,537160000
2020-08-31,13.1220,13.5124,12.9776,13.3128,500840000
2020-09-01,13.4219,13.9334,13.3785,13.7614,511316000
2020-09-02,14.6403,14.6632,13.8400,14.2846,874012000
2020-09-03,13.7691,13.8246,12.8232,12.9594,945128000
2020-09-04,12.7286,13.1182,11.6543,12.5681,1463684000
2020-09-08,11.6839,12.4959,11.6538,11.8616,795728000
2020-09-09,12.3465,12.7540,12.1790,12.6602,736200000
2020-09-10,12.9332,13.0089,12.1145,12.2586,698684000
2020-09-11,12.4316,12.5979,11.8444,12.1120,636928000
2020-09-14,13.0246,13.2576,12.5768,12.8167,1201744000
2020-09-15,13.2227,13.2414,12.7724,12.9350,727556000
2020-09-16,12.9014,13.0363,12.4598,12.4605,556384000
2020-09-17,12.0799,12.5354,11.9828,12.4097,792512000
2020-09-18,12.5394,12.5780,11.9370,12.1367,698460000
2020-09-21,11.8736,12.4685,11.8532,12.4633,721044000
2020-09-22,12.5208,12.5934,12.1031,12.5832,646452000
2020-09-23,12.5213,12.6721,12.0271,12.0715,647012000
2020-09-24,12.0202,12.5153,11.9622,12.2947,731240000
2020-09-25,12.3938,12.8279,12.1929,12.8182,588016000
2020-09-28,12.9840,12.9955,12.6950,12.9788,573808000
2020-09-29,12.8817,13.3848,12.8775,13.1687,621460000
2020-09-30,13.1008,13.5637,13.0935,13.4721,689184000
2020-10-01,13.6987,13.7034,13.4027,13.5558,525004000
2020-10-02,13.1680,13.4612,12.9947,13.0059,552496000
2020-10-05,13.1789,13.5854,13.1657,13.5837,479820000
2020-10-06,13.7703,14.0810,13.6061,13.6773,784420000
2020-10-07,13.9394,14.0584,13.8037,13.9038,418084000
2020-10-08,14.0143,14.0237,13.6987,13.7791,378900000
2020-10-09,13.7076,13.7646,13.6018,13.7034,346892000
2020-10-12,13.9292,14.2851,13.8525,14.1646,434744000
2020-10-13,14.2348,14.2866,13.9583,14.1868,344604000
2020-10-14,14.2289,14.2809,13.8998,14.0345,276100000
2020-10-15,13.7512,13.9453,13.7084,13.9097,267224000
2020-10-16,13.9762,14.0606,13.7330,13.7519,242392000
2020-10-19,13.8430,13.9232,13.3489,13.4395,298068000
2020-10-20,13.5249,13.7402,13.4487,13.5866,229212000
2020-10-21,13.5662,13.7320,13.4194,13.4664,219596000
2020-10-22,13.4642,13.5530,13.1747,13.3034,290480000
2020-10-23,13.3920,13.5346,13.2339,13.5316,233484000
2020-10-26,13.3691,13.6337,12.9823,13.0846,336896000
2020-10-27,13.2486,13.3840,13.1346,13.3390,250520000
2020-10-28,13.1411,13.2028,12.5546,12.5725,376520000
2020-10-29,12.7831,13.1358,12.6950,12.9678,320080000
2020-10-30,12.7946,12.8807,12.2469,12.4799,416820000
2020-11-02,12.6032,12.7814,12.3415,12.5265,299652000
2020-11-03,12.6537,13.0485,12.5484,12.9633,272900000
2020-11-04,13.3315,13.7679,13.2795,13.7348,410228000
2020-11-05,14.1014,14.2772,13.9307,14.0989,319028000
2020-11-06,14.0489,14.5258,13.8351,14.4992,383348000
2020-11-09,14.4897,14.6281,13.5520,13.5720,582976000
2020-11-10,13.5478,13.5478,12.5738,12.7149,644068000
2020-11-11,12.9974,13.3771,12.8924,13.3601,404744000
2020-11-12,13.4209,13.7066,13.2586,13.3987,365812000
2020-11-13,13.5685,13.6098,13.0029,13.2396,346312000
2020-11-16,13.1157,13.5906,13.0993,13.4570,413776000
2020-11-17,13.4940,13.5376,13.2464,13.3644,312028000
2020-11-18,13.4072,13.5471,13.1281,13.3708,510924000
2020-11-19,13.1558,13.4293,13.0435,13.3823,565936000
2020-11-20,13.3960,13.4363,13.0086,13.0313,341088000
2020-11-23,13.1144,13.3248,12.9594,13.0833,361356000
2020-11-24,13.0858,13.1052,12.8294,12.9019,346500000
2020-11-25,12.9763,13.2123,12.9638,13.1777,259916000
2020-11-27,13.3173,13.3497,13.1137,13.2041,167276000
2020-11-30,13.2078,13.3546,12.9163,13.3437,286952000
2020-12-01,13.4341,13.4704,13.1712,13.3322,296948000
2020-12-02,13.2929,13.6145,13.1772,13.4861,283360000
2020-12-03,13.5329,13.6051,13.2754,13.3422,199520000
2020-12-04,13.3944,13.5055,13.3349,13.5038,202244000
2020-12-07,13.5466,13.6761,13.4457,13.5521,223244000
2020-12-08,13.5304,13.5441,13.2281,13.2963,271920000
2020-12-09,13.2470,13.3601,12.8165,12.8788,401300000
2020-12-10,12.8173,13.0162,12.7979,12.9201,207764000
2020-12-11,12.9151,12.9677,12.7715,12.9609,209264000
2020-12-14,13.0354,13.3349,13.0249,13.2553,270156000
2020-12-15,13.3857,13.4099,13.1338,13.3068,193016000
2020-12-16,13.3686,13.3832,13.1594,13.1893,223116000
2020-12-17,13.3130,13.3257,13.1255,13.2876,231384000
2020-12-18,13.3252,13.3511,13.0180,13.2187,342064000
2020-12-21,13.0222,13.3163,12.9154,13.2787,302332000
2020-12-22,13.2657,13.2836,13.0015,13.2249,185580000
2020-12-23,13.2027,13.2216,12.9527,12.9570,179144000
2020-12-24,12.9849,13.0797,12.8867,12.9415,97884000
2020-12-28,13.0100,13.0100,12.7120,12.8482,212564000
2020-12-29,12.8731,13.0200,12.7906,12.8912,170372000
2020-12-30,12.9380,13.1606,12.8449,13.0929,225396000
2020-12-31,13.0837,13.0981,12.8631,13.0025,192424000
2021-01-04,13.0516,13.5976,12.9104,13.0608,560640000
2021-01-05,13.0471,13.3895,13.0344,13.3509,322760000
2021-01-06,13.1694,13.1918,12.5354,12.5638,580424000
2021-01-07,12.9154,13.3240,12.8347,13.2904,461480000
2021-01-08,13.3088,13.3671,12.9896,13.2234,292528000
2021-01-11,13.3648,13.9049,13.3088,13.5668,518344000
2021-01-12,13.6972,13.6992,13.2914,13.4306,291476000
2021-01-13,13.4358,13.5702,13.3312,13.4774,210028000
2021-01-14,13.5204,13.5451,13.1275,13.1472,283120000
2021-01-15,13.1748,13.2717,12.7969,12.8078,277780000
2021-01-19,12.9639,13.0414,12.7924,12.9729,226188000
2021-01-20,13.0591,13.3765,13.0043,13.3120,258572000
2021-01-21,13.3646,13.9430,13.1997,13.8118,337780000
2021-01-22,13.6848,13.7861,13.5725,13.6574,246820000
2021-01-25,13.7264,13.7729,13.1833,13.5984,251112000
2021-01-26,13.5259,13.5899,13.3337,13.3813,163980000
2021-01-27,13.1768,13.1796,12.7423,12.8658,371272000
2021-01-28,12.9440,13.2861,12.9084,12.9985,228316000
2021-01-29,13.0224,13.2812,12.8596,12.9375,271552000
2021-02-01,13.0008,13.2174,12.8509,13.1838,217204000
2021-02-02,13.3449,13.5175,13.2321,13.5023,220440000
2021-02-03,13.5812,13.8758,13.4622,13.4761,245408000
2021-02-04,13.4766,13.6185,13.2841,13.6093,201340000
2021-02-05,13.6698,13.6820,13.4913,13.5364,169152000
2021-02-08,13.6721,14.4156,13.6721,14.3807,434624000
2021-02-09,14.2831,14.5246,14.1653,14.2059,287560000
2021-02-10,14.4051,14.8451,14.2839,14.7049,485352000
2021-02-11,14.9200,15.2109,14.8650,15.1895,450828000
2021-02-12,14.9895,15.2298,14.7156,14.9011,374756000
2021-02-16,15.0037,15.3107,14.8899,15.2686,321960000
2021-02-17,15.1100,15.1623,14.7206,14.8461,274756000
2021-02-18,14.6698,14.8135,14.5164,14.7694,233868000
2021-02-19,14.9641,15.1160,14.7871,14.8665,271724000
2021-02-22,14.7154,15.0724,14.2674,14.2981,325884000
2021-02-23,14.0187,14.1815,13.3357,14.0852,391780000
2021-02-24,14.0660,14.4484,13.7007,14.4407,448320000
2021-02-25,13.9890,14.3170,13.1631,13.2540,824436000
2021-02-26,13.6972,13.7988,13.3073,13.6594,500932000
2021-03-01,13.8192,13.8690,13.4988,13.7861,353184000
2021-03-02,13.8441,13.8646,13.3422,13.3524,264116000
2021-03-03,13.3723,13.3974,12.7473,12.7533,377592000
2021-03-04,12.7493,12.9229,12.0352,12.3205,573344000
2021-03-05,12.4996,12.4996,11.6323,12.4114,542840000
2021-03-08,12.4000,12.4211,11.5200,11.5467,543112000
2021-03-09,12.0857,12.5704,12.0149,12.4742,521824000
2021-03-10,12.7933,12.9323,12.4117,12.4224,384376000
2021-03-11,12.9024,12.9983,12.6877,12.9457,299916000
2021-03-12,12.6018,12.8414,12.5437,12.8088,243964000
2021-03-15,12.8175,13.1582,12.7203,13.1428,221988000
2021-03-16,13.3074,13.4628,13.0685,13.2424,272128000
2021-03-17,12.9918,13.4038,12.9418,13.2922,243864000
2021-03-18,13.0882,13.1355,12.6703,12.6757,293896000
2021-03-19,12.7031,12.8740,12.5661,12.7985,299208000
2021-03-22,12.8653,13.3453,12.8593,13.1378,297804000
2021-03-23,13.2055,13.2955,12.9734,13.0227,222048000
2021-03-24,13.1029,13.1109,12.5903,12.5965,245840000
2021-03-25,12.4536,12.6680,12.2269,12.4892,295144000
2021-03-26,12.5084,12.8090,12.3280,12.7921,363968000
2021-03-29,12.7731,13.0145,12.6533,12.9007,273520000
2021-03-30,12.7948,12.9276,12.6583,12.8244,200204000
2021-03-31,12.9677,13.4210,12.9348,13.2992,314776000
2021-04-01,13.5224,13.8190,13.4616,13.7610,308276000
2021-04-05,13.8165,13.9625,13.6825,13.9361,255672000
2021-04-06,13.9483,14.0026,13.7229,13.8106,191744000
2021-04-07,13.8297,14.1912,13.6611,14.0915,251284000
2021-04-08,14.2004,14.4183,14.1966,14.2644,244416000
2021-04-09,14.1618,14.3550,14.1229,14.3471,195172000
2021-04-12,14.2372,15.2961,14.0873,15.1531,869324000
2021-04-13,15.1755,15.6423,15.0702,15.6219,676212000
2021-04-14,15.5676,15.6627,15.1715,15.2209,385500000
2021-04-15,15.6049,16.1547,15.5740,16.0779,598480000
2021-04-16,15.9940,16.1063,15.8069,15.8540,335208000
2021-04-19,15.4794,15.7494,15.1770,15.3053,404420000
2021-04-20,15.2669,15.4400,14.9080,15.1155,334132000
2021-04-21,15.0632,15.3060,15.0467,15.3040,216776000
2021-04-22,15.3185,15.3818,14.7292,14.7957,277788000
2021-04-23,14.8794,15.2786,14.8455,15.2091,227500000
2021-04-26,15.1292,15.4221,15.0694,15.4211,197796000
2021-04-27,15.5212,15.6129,15.2981,15.3252,164572000
2021-04-28,15.3080,15.4752,15.1596,15.2206,209416000
2021-04-29,15.3434,15.3798,15.0161,15.2684,173196000
2021-04-30,15.1187,15.3085,14.9419,14.9543,201912000
2021-05-03,15.0694,15.1907,14.7332,14.7822,203912000
2021-05-04,14.5835,14.5837,13.9588,14.2985,405324000
2021-05-05,14.6549,14.7591,14.3346,14.4054,292024000
2021-05-06,14.4420,14.5177,14.1657,14.4696,193380000
2021-05-07,14.7538,14.9157,14.6178,14.7578,229328000
2021-05-10,14.7329,14.7516,14.1976,14.2133,268904000
2021-05-11,13.7742,14.3020,13.6995,14.2537,285584000
2021-05-12,13.9580,14.2078,13.6589,13.7079,303408000
2021-05-13,13.9822,14.0290,13.4095,13.6150,285404000
2021-05-14,13.8389,14.2753,13.6980,14.1907,258616000
2021-05-17,14.1050,14.1172,13.8026,14.1134,216980000
2021-05-18,14.2146,14.3513,13.9525,13.9642,186256000
2021-05-19,13.5166,14.0278,13.4935,14.0141,344000000
2021-05-20,14.2499,14.6298,14.2181,14.5588,321592000
2021-05-21,15.1080,15.1661,14.8148,14.9367,672992000
2021-05-24,15.1566,15.6871,15.1202,15.5546,554816000
2021-05-25,15.7081,15.7604,15.4256,15.5902,435408000
2021-05-26,15.6764,15.7357,15.5290,15.6423,370440000
2021-05-27,15.6420,15.6921,15.4032,15.4311,581476000
2021-05-28,15.4440,16.2177,15.4440,16.1848,644536000
2021-06-01,16.2102,16.3280,15.8448,16.2047,472804000
2021-06-02,16.1925,16.8566,16.1758,16.7166,594168000
2021-06-03,16.6394,17.1956,16.5221,16.9074,580008000
2021-06-04,17.0496,17.5961,17.0327,17.5136,617120000
2021-06-07,17.5067,17.7470,17.1296,17.5542,575756000
2021-06-08,17.4628,17.5567,17.1876,17.3928,323848000
2021-06-09,17.4554,17.5144,17.1963,17.2984,381656000
2021-06-10,17.2902,17.4317,17.1168,17.3649,287772000
2021-06-11,17.4193,17.8774,17.3836,17.7638,416308000
2021-06-14,17.8443,17.9773,17.6019,17.9566,321376000
2021-06-15,17.8532,17.9542,17.6669,17.7272,243032000
2021-06-16,17.7294,17.8929,17.5239,17.7489,307124000
2021-06-17,17.7132,18.7701,17.6950,18.5929,809656000
2021-06-18,18.7193,19.3082,18.5199,18.5745,968856000
2021-06-21,18.3717,18.4726,17.7613,18.3637,672384000
2021-06-22,18.4078,18.8984,18.3226,18.8216,580144000
2021-06-23,18.9422,19.0867,18.8426,18.9916,332356000
2021-06-24,19.1615,19.3531,19.0225,19.1393,320924000
2021-06-25,19.2140,19.2788,18.8294,18.9654,278364000
2021-06-28,19.2945,20.0095,19.2524,19.9161,495436000
2021-06-29,19.8140,20.0295,19.5892,19.9577,367632000
2021-06-30,19.9303,20.0930,19.7953,19.9336,326568000
2021-07-01,20.0556,20.3855,19.9500,20.1423,480136000
2021-07-02,20.3698,20.4346,20.2178,20.4164,342764000
2021-07-06,20.6660,20.7702,20.2801,20.6272,446708000
2021-07-07,20.7816,20.8030,20.2619,20.3015,418428000
2021-07-08,19.7881,20.0636,19.6328,19.8341,503300000
2021-07-09,19.8937,20.0110,19.6862,19.9811,296624000
2021-07-12,20.1702,20.4620,20.1182,20.4418,321984000
2021-07-13,20.3302,20.3907,20.0447,20.1802,290708000
2021-07-14,20.2876,20.3474,19.6847,19.7731,380100000
2021-07-15,19.7435,19.7786,18.7935,18.9009,550564000
2021-07-16,18.9649,19.0910,18.0107,18.0984,688224000
2021-07-19,17.8535,18.9764,17.8039,18.7150,749060000
2021-07-20,18.6654,18.7731,18.1014,18.5478,434687000
2021-07-21,18.8169,19.4597,18.6774,19.3431,371017000
2021-07-22,19.5743,19.8184,19.2096,19.5265,323826000
2021-07-23,19.5882,19.6321,19.1836,19.4906,195672000
2021-07-26,19.2444,19.3750,18.8488,19.2275,203943000
2021-07-27,19.1986,19.5544,18.6764,19.1418,248863000
2021-07-28,19.2524,19.5783,18.9295,19.4358,202191000
2021-07-29,19.4517,19.7846,19.2614,19.5942,190781000
2021-07-30,19.3511,19.5623,19.1966,19.4318,183497000
2021-08-02,19.6321,19.8922,19.2943,19.6819,217444000
2021-08-03,19.6720,20.1523,19.1537,19.7467,301811000
2021-08-04,19.9211,20.2480,19.7597,20.2041,231309000
2021-08-05,20.4293,20.6615,20.2719,20.5659,211435000
2021-08-06,20.4533,20.4991,20.1403,20.2958,178497000
2021-08-09,20.3755,20.4373,20.0736,20.2250,146443000
2021-08-10,20.2520,20.3596,19.7666,19.8673,179238000
2021-08-11,19.9739,19.9799,19.3630,19.6311,185925000
2021-08-12,19.8015,19.9600,19.5524,19.8364,151652000
2021-08-13,19.8364,20.1443,19.7826,20.1184,183063000
2021-08-16,20.0656,20.2171,19.3859,19.8812,210876000
2021-08-17,19.6171,19.7019,19.2006,19.3909,204585000
2021-08-18,19.4328,19.5663,18.9345,18.9744,285913000
2021-08-19,19.4268,20.4244,18.6973,19.7298,766555000
2021-08-20,19.9221,20.7931,19.8643,20.7443,675741000
2021-08-23,20.8987,21.9212,20.8778,21.8823,575807000
2021-08-24,21.6780,21.8833,21.4608,21.7179,297299000
2021-08-25,21.6621,22.3925,21.6471,22.1364,347701000
2021-08-26,22.1235,22.2630,21.7149,21.9919,237940000
2021-08-27,22.1075,22.6437,22.0906,22.5580,304722000
2021-08-30,22.7513,22.9636,22.4733,22.6098,262580000
2021-08-31,22.6208,22.6208,22.0476,22.3118,259850000
2021-09-01,22.4114,22.6228,22.2839,22.3676,201767000
2021-09-02,22.4443,22.5191,22.2221,22.3227,187834000
2021-09-03,22.2520,22.9108,22.1274,22.7683,280532000
2021-09-07,22.7583,22.8241,22.4483,22.5879,198107000
2021-09-08,22.4394,22.5360,21.9051,22.2659,254434000
2021-09-09,22.2390,22.4643,22.0586,22.1045,196856000
2021-09-10,22.2749,22.5520,22.1971,22.4045,248376000
2021-09-13,22.6098,22.8889,21.7865,22.0795,297500000
2021-09-14,22.2021,22.3367,22.0137,22.1692,199755000
2021-09-15,22.2360,22.2938,21.8941,22.2679,166538000
2021-09-16,22.1104,22.2041,21.8553,22.1692,156033000
2021-09-17,22.2271,22.2480,21.7586,21.8284,294503000
2021-09-20,21.0768,21.3629,20.5944,21.0439,349440000
2021-09-21,21.3469,21.3549,20.8815,21.1765,204688000
2021-09-22,21.2961,21.8882,21.1267,21.8692,268726000
2021-09-23,22.0676,22.4613,21.8184,22.4085,248555000
2021-09-24,21.9978,22.0765,21.7895,22.0088,217655000
2021-09-27,21.6390,21.7277,21.2552,21.5891,245215000
2021-09-28,21.1446,21.3489,20.5835,20.6313,343069000
2021-09-29,20.8715,20.9482,20.4000,20.4499,218394000
2021-09-30,20.7001,20.9971,20.6203,20.6482,221009000
2021-10-01,20.6821,20.7908,20.1369,20.6742,240978000
2021-10-04,20.4369,20.4748,19.4910,19.6674,345635000
2021-10-05,19.8847,20.5805,19.7891,20.3841,279282000
2021-10-06,20.0542,20.6522,20.0143,20.6323,297202000
2021-10-07,21.0230,21.2522,20.9034,21.0061,256919000
2021-10-08,21.0320,21.1366,20.7070,20.7629,151258000
2021-10-11,20.5077,20.9941,20.4439,20.6273,163388000
2021-10-12,20.7599,20.9881,20.4608,20.6034,162134000
2021-10-13,20.8496,20.9213,20.6452,20.8705,180652000
2021-10-14,21.2184,21.6838,21.0529,21.6749,243589000
2021-10-15,21.7387,21.8593,21.5911,21.7905,226994000
2021-10-18,21.6779,22.2181,21.5732,22.1493,189494000
2021-10-19,22.2031,22.3058,21.9649,22.2171,161473000
2021-10-20,22.2320,22.3596,21.9101,22.0307,146276000
2021-10-21,22.0247,22.6367,22.0108,22.6178,187590000
2021-10-22,22.7483,23.0543,22.4872,22.6517,249384000
2021-10-25,22.8978,23.2786,22.6955,23.0902,230235000
2021-10-26,23.9105,25.1764,23.8457,24.6361,485898000
2021-10-27,24.3939,25.0079,24.2026,24.3710,245990000
2021-10-28,24.7966,24.8684,24.4428,24.8594,234204000
2021-10-29,24.9192,25.6249,24.9182,25.4834,292503000
2021-11-01,25.5651,25.8093,25.1445,25.7425,265740000
2021-11-02,25.7375,26.5907,25.7156,26.3146,294112000
2021-11-03,26.5828,26.6964,26.1492,26.5110,239910000
2021-11-04,27.1399,31.2624,27.0293,29.7035,1153631000
2021-11-05,30.0882,31.2973,29.3138,29.6547,851260000
2021-11-08,30.0504,30.9983,29.8092,30.7032,503101000
2021-11-09,32.1764,32.2043,29.8660,30.5567,646746000
2021-11-10,29.2600,30.7491,28.6839,29.3626,636206000
2021-11-11,30.3683,30.4899,29.6796,30.2906,332172000
2021-11-12,29.9118,30.5796,29.5331,30.2906,413054000
2021-11-15,30.4521,30.5438,29.1513,29.9268,384909000
2021-11-16,29.6616,30.2906,29.6088,30.1042,264484000
2021-11-17,30.3185,30.4092,28.7058,29.1653,428508000
2021-11-18,32.2611,32.6528,31.2185,31.5714,781711000
2021-11-19,32.1375,32.9798,31.8006,32.8771,533867000
2021-11-22,33.4074,34.5337,31.7956,31.8515,754335000
2021-11-23,31.4318,32.2541,30.7790,31.6422,532163000
2021-11-24,31.3581,32.7475,30.8268,32.5671,435162000
2021-11-26,32.4934,32.6030,31.2474,31.3999,283069000
2021-11-29,32.2601,33.3027,31.9312,33.2668,454964000
2021-11-30,33.0605,33.2439,31.7598,32.5691,622066000
2021-12-01,33.1144,33.1842,31.2812,31.3360,484368000
2021-12-02,31.1157,32.3757,30.9273,32.0248,472890000
2021-12-03,31.8992,32.0278,30.0351,30.5963,544325000
2021-12-06,29.7859,30.1458,27.9497,29.9424,658938000
2021-12-07,30.8595,32.3468,30.5545,32.3249,593053000
2021-12-08,31.8982,32.1883,31.3220,31.7258,475551000
2021-12-09,31.6341,32.1036,30.3322,30.3940,488507000
2021-12-10,31.0519,31.2064,29.7670,30.1029,488825000
2021-12-13,30.1537,30.1986,28.0275,28.0723,598344000
2021-12-14,27.6118,28.5877,27.1642,28.2478,667035000
2021-12-15,28.3106,30.4040,27.7503,30.3631,698297000
2021-12-16,31.0539,31.0619,28.0045,28.2976,707366000
2021-12-17,27.8969,28.8309,27.6726,27.7134,713758000
2021-12-20,27.2190,28.0554,27.0595,27.6317,461847000
2021-12-21,28.2846,29.0283,27.3147,28.9834,524385000
2021-12-22,28.8000,29.4619,28.3594,29.3074,395184000
2021-12-23,29.6613,29.9643,29.3383,29.5467,343022000
2021-12-27,29.5666,30.9891,29.5467,30.8475,403686000
2021-12-28,31.2134,31.2313,29.9175,30.2265,420591000
2021-12-29,30.1777,30.4518,29.2735,29.9065,343139000
2021-12-30,29.7331,30.3611,29.4470,29.4928,308864000
2021-12-31,29.5806,29.9354,29.2386,29.3184,266530000
2022-01-03,29.7211,30.6143,29.6912,30.0261,391547000
2022-01-04,30.1817,30.3721,28.2597,29.1978,527154000
2022-01-05,28.8578,29.3234,27.4463,27.5171,498064000
2022-01-06,27.5530,28.3484,26.9798,28.0893,454186000
2022-01-07,28.0524,28.3325,26.9718,27.1612,409939000
2022-01-10,26.4973,27.3825,25.5632,27.3137,594681000
2022-01-11,27.2370,27.9766,26.7545,27.7294,404089000
2022-01-12,27.9786,28.5049,27.5211,27.9108,383413000
2022-01-13,28.2896,28.3903,26.4146,26.4913,540171000
2022-01-14,26.2172,27.1114,26.1275,26.8572,395832000
2022-01-18,26.1773,26.5541,25.6888,25.8214,424270000
2022-01-19,25.9969,26.4594,24.9731,24.9881,488315000
2022-01-20,25.2243,25.4985,24.0022,24.0739,435181000
2022-01-21,23.4330,24.7448,23.1897,23.3004,718958000
2022-01-24,22.2597,23.3064,20.8222,23.2984,913982000
2022-01-25,22.4750,22.8707,21.9307,22.2537,664616000
2022-01-26,23.1668,23.9812,22.2298,22.7003,755959000
2022-01-27,23.4938,23.9194,21.6067,21.8749,573353000
2022-01-28,21.9427,22.7860,21.2289,22.7681,543774000
2022-01-31,23.1090,24.4318,22.9794,24.4089,564680000
2022-02-01,25.0249,25.0658,23.8148,24.5604,518925000
2022-02-02,25.7128,25.7357,24.4757,25.1625,543419000
2022-02-03,24.3810,24.9980,23.7051,23.8726,410178000
2022-02-04,23.8965,24.5574,23.5576,24.2424,354829000
2022-02-07,24.2952,25.1027,24.1258,24.6501,376868000
2022-02-08,24.2823,25.1505,23.9045,25.0289,410359000
2022-02-09,25.5413,26.6408,25.2732,26.6209,524282000
2022-02-10,25.9131,26.8402,25.5194,25.7427,513200000
2022-02-11,25.8344,26.0696,23.6981,23.8736,605472000
2022-02-14,23.8586,24.7967,23.6802,24.1906,440424000
2022-02-15,24.8704,26.4614,24.7060,26.4116,699869000
2022-02-16,26.1763,26.4983,25.4715,26.4275,732676000
2022-02-17,25.5493,25.7038,24.0889,24.4298,810595000
2022-02-18,24.5903,24.9073,23.0273,23.5675,761255000
2022-02-22,22.9625,23.9882,22.9276,23.3163,633422000
2022-02-23,23.7270,24.0789,22.2308,22.3165,566511000
2022-02-24,20.9488,23.7250,20.8242,23.6732,735801000
2022-02-25,23.6463,24.1407,23.3074,24.0809,528866000
2022-02-28,23.9165,24.5873,23.6323,24.3082,477319000
2022-03-01,24.2145,24.3002,23.0592,23.4031,412056000
2022-03-02,23.6852,24.3363,23.3452,24.1478,389642000
2022-03-03,24.1897,24.2535,23.3991,23.6433,365095000
2022-03-04,23.3143,23.6094,22.4150,22.8677,431415000
2022-03-07,22.7490,22.9644,21.2664,21.2884,450821000
2022-03-08,21.2455,22.3063,20.5885,21.4499,557467000
2022-03-09,22.3203,23.1508,22.1807,22.9454,492742000
2022-03-10,22.4639,22.7201,21.8168,22.5905,428066000
2022-03-11,22.9534,23.0760,21.9803,22.0342,367209000
2022-03-14,21.8038,22.1957,21.0960,21.2665,385354000
2022-03-15,21.4539,22.9694,21.2585,22.9046,491996000
2022-03-16,23.4300,24.5237,23.1030,24.4230,671422000
2022-03-17,24.0481,24.7680,23.8348,24.6922,471941000
2022-03-18,24.7251,26.4898,24.5506,26.3742,730719000
2022-03-21,26.4280,27.0711,25.8896,26.6544,591727000
2022-03-22,26.6474,27.1569,25.9943,26.4450,547007000
2022-03-23,26.0482,26.5327,25.4988,25.5576,502120000
2022-03-24,26.0880,28.2356,25.8298,28.0661,877379000
2022-03-25,27.8029,28.2735,27.1897,27.6095,579016000
2022-03-28,27.6733,28.1658,27.1249,28.1349,425494000
2022-03-29,28.6095,28.8598,27.8966,28.5706,488984000
2022-03-30,28.2197,28.4111,27.4211,27.6075,463487000
2022-03-31,27.6992,28.1638,27.1888,27.2047,523440000
2022-04-01,27.2934,27.4141,26.1887,26.6324,517235000
2022-04-04,26.6484,27.4759,26.5337,27.2785,397120000
2022-04-05,27.1728,27.2376,25.7431,25.8537,436615000
2022-04-06,24.8597,25.2246,23.9315,24.3343,703833000
2022-04-07,24.3682,24.6483,23.4081,24.1359,557992000
2022-04-08,23.8457,23.8517,22.9933,23.0501,524781000
2022-04-11,22.1478,22.2535,21.5955,21.8517,575207000
2022-04-12,22.4699,22.6573,21.2186,21.4399,662258000
2022-04-13,21.6633,22.4330,21.3911,22.1368,516943000
2022-04-14,22.4380,22.7091,21.0999,21.1947,569097000
2022-04-18,21.1368,22.0222,21.0162,21.7181,525701000
2022-04-19,21.6553,22.3063,21.2505,22.1319,512781000
2022-04-20,22.4499,22.6025,21.1368,21.4180,468974000
2022-04-21,21.6443,22.3253,19.9404,20.1229,656209000
2022-04-22,20.2425,20.4250,19.4419,19.4569,624713000
2022-04-25,19.1448,19.8856,19.0391,19.8427,641566000
2022-04-26,19.6593,19.7290,18.6144,18.7320,653143000
2022-04-27,18.5426,19.1099,18.2355,18.3601,499460000
2022-04-28,18.9105,19.9773,18.4349,19.7231,570327000
2022-04-29,19.3442,20.0680,18.4618,18.4917,500435000
2022-05-02,18.4858,19.5157,18.3362,19.4748,572049000
2022-05-03,19.3422,19.7659,19.0760,19.5436,475751000
2022-05-04,19.8636,20.3392,18.6951,20.2734,648855000
2022-05-05,19.8078,19.8656,18.4449,18.7879,626331000
2022-05-06,18.6802,19.4539,17.9364,18.6194,633297000
2022-05-09,17.9803,18.2006,16.7769,16.8995,644455000
2022-05-10,17.6363,18.1438,16.9743,17.5426,761474000
2022-05-11,17.2953,17.7001,16.5186,16.5805,670167000
2022-05-12,16.1707,16.7380,15.5206,16.1268,708728000
2022-05-13,16.7380,17.8746,16.5436,17.6532,670437000
2022-05-16,17.4568,17.7350,17.0550,17.2126,521446000
2022-05-17,18.0201,18.3163,17.5815,18.1228,585830000
2022-05-18,17.6523,18.0640,16.8138,16.8875,545161000
2022-05-19,16.8865,17.6343,16.6841,17.0730,621310000
2022-05-20,17.2804,17.3581,15.7081,16.6443,739105000
2022-05-23,16.2255,16.8646,16.1308,16.8477,639889000
2022-05-24,16.4608,16.5476,15.7330,16.1059,588550000
2022-05-25,15.9723,17.0600,15.9523,16.9244,781132000
2022-05-26,15.9882,18.0381,15.9743,17.7978,996575000
2022-05-27,18.1318,18.8247,18.0461,18.7550,738379000
2022-05-31,18.9235,19.1428,18.2953,18.6164,664100000
2022-06-01,18.6682,18.9962,18.0680,18.2654,544514000
2022-06-02,18.2375,19.5605,18.1438,19.5336,648656000
2022-06-03,19.0252,19.2744,18.4668,18.6642,598779000
2022-06-06,19.0820,19.2794,18.5087,18.7300,422406000
2022-06-07,18.4170,18.9434,18.1338,18.8696,388914000
2022-06-08,18.7470,19.1269,18.4837,18.5964,363252000
2022-06-09,18.4298,18.8806,17.9911,17.9980,395574000
2022-06-10,17.5513,17.6480,16.8223,16.9270,465248000
2022-06-13,15.9557,16.2668,15.5628,15.6037,604153000
2022-06-14,15.6874,16.0215,15.3693,15.7922,469680000
2022-06-15,16.0504,16.8213,15.8819,16.4812,563936000
2022-06-16,15.8161,15.8979,15.3584,15.5578,545749000
2022-06-17,15.6047,15.9507,15.2856,15.8360,630334000
2022-06-21,16.4294,16.9609,16.3616,16.5201,483089000
2022-06-22,16.1811,16.6159,16.1352,16.3147,437135000
2022-06-23,16.4733,16.5391,15.8091,16.1801,463680000
2022-06-24,16.4543,17.0925,16.2648,17.0786,472153000
2022-06-27,17.2641,17.2820,16.5800,16.8223,427968000
2022-06-28,16.8532,17.1544,15.9009,15.9378,461149000
2022-06-29,15.7702,15.7762,15.1280,15.4990,482352000
2022-06-30,15.3185,15.5239,14.8209,15.1170,686070000
2022-07-01,14.8578,15.0213,14.3522,14.4828,577610000
2022-07-05,14.1358,14.9296,14.0161,14.9226,651397000
2022-07-06,14.9684,15.2766,14.7481,15.0881,529066000
2022-07-07,15.4132,15.9009,15.3464,15.8141,492903000
2022-07-08,15.3873,15.9926,15.3464,15.7942,467972000
2022-07-11,15.4830,15.4840,14.9964,15.1101,437321000
2022-07-12,15.2257,15.3883,14.8358,15.0402,458483000
2022-07-13,14.5496,15.3324,14.4250,15.1220,521918000
2022-07-14,15.0662,15.4302,14.6872,15.3294,456235000
2022-07-15,15.6156,15.7383,15.4022,15.7184,385935000
2022-07-18,16.2569,16.8502,15.9577,16.0564,670517000
2022-07-19,16.4404,17.0626,16.1272,16.9450,702366000
2022-07-20,16.9001,17.8833,16.7545,17.7577,760538000
2022-07-21,17.8355,18.0938,17.4964,18.0000,557049000
2022-07-22,17.8435,17.9173,17.0896,17.2710,536671000
2022-07-25,16.9719,17.0766,16.6029,16.9769,480748000
2022-07-26,16.8422,16.8722,16.4324,16.4872,397865000
2022-07-27,16.9848,17.8863,16.8662,17.7407,569776000
2022-07-28,17.9252,18.0898,17.3917,17.9342,474646000
2022-07-29,17.7637,18.1935,17.6430,18.1127,435460000
2022-08-01,18.1317,18.7938,17.9402,18.3899,476469000
2022-08-02,18.0718,18.8856,18.0419,18.4747,489527000
2022-08-03,18.1337,18.9155,18.0868,18.8407,418146000
2022-08-04,18.7968,19.2206,18.7081,19.1618,409652000
2022-08-05,18.7579,19.1758,18.6143,18.9364,386068000
2022-08-08,17.4535,18.1885,17.1943,17.7437,981859000
2022-08-09,17.2042,17.3987,16.6777,17.0387,668263000
2022-08-10,17.6490,18.0678,17.2691,18.0469,597422000
2022-08-11,18.0808,18.6552,17.8265,17.8923,509327000
2022-08-12,18.1097,18.6662,17.9033,18.6572,478094000
2022-08-15,18.6492,19.1109,18.5615,18.9793,457666000
2022-08-16,18.8676,19.0890,18.4498,18.8267,451240000
2022-08-17,18.4717,18.6363,18.0948,18.2842,446799000
2022-08-18,18.2503,18.8128,18.1327,18.7210,415447000
2022-08-19,18.3550,18.4687,17.7208,17.7996,441588000
2022-08-22,17.4416,17.5094,16.9190,16.9868,409593000
2022-08-23,16.9420,17.4167,16.9230,17.1334,369986000
2022-08-24,16.9649,17.3578,16.8482,17.1743,522661000
2022-08-25,16.7974,17.8973,16.7864,17.8634,770691000
2022-08-26,17.8076,17.8744,16.1920,16.2150,769127000
2022-08-29,15.9756,16.2928,15.7233,15.7573,496132000
2022-08-30,15.9158,15.9946,15.1400,15.4252,530181000
2022-08-31,15.3414,15.4970,14.9176,15.0522,573710000
2022-09-01,14.1697,14.3402,13.2333,13.8984,1178865000
2022-09-02,14.0610,14.1318,13.5534,13.6092,743157000
2022-09-06,13.6930,13.7409,13.3140,13.4277,535751000
2022-09-07,13.5295,13.8038,13.3130,13.6801,512657000
2022-09-08,13.4257,13.9734,13.3359,13.9554,624873000
2022-09-09,14.1220,14.4382,14.0911,14.3514,486612000
2022-09-12,14.3335,14.5110,14.1629,14.4691,484159000
2022-09-13,13.7679,13.8876,13.0666,13.0985,714956000
2022-09-14,13.2212,13.2571,12.8811,13.0955,588507000
2022-09-15,12.9828,13.2003,12.7584,12.8970,523625000
2022-09-16,12.7105,13.1793,12.5858,13.1654,670751000
2022-09-19,12.9798,13.4297,12.9778,13.3489,569685000
2022-09-20,13.1823,13.4497,13.0247,13.1434,524818000
2022-09-21,13.1803,13.9963,13.0776,13.2282,807679000
2022-09-22,13.0377,13.1165,12.3973,12.5299,759162000
2022-09-23,12.3893,12.5798,12.2267,12.4851,663309000
2022-09-26,12.4601,12.6277,12.1838,12.1978,547343000
2022-09-27,12.4761,12.7045,12.2277,12.3823,553854000
2022-09-28,12.3793,12.7913,12.3235,12.7045,542414000
2022-09-29,12.4172,12.4691,11.9165,12.1898,532763000
2022-09-30,12.0571,12.6018,12.0451,12.1090,565638000
2022-10-03,12.3165,12.6467,12.0751,12.4811,547478000
2022-10-04,12.8472,13.1873,12.8472,13.1344,584182000
2022-10-05,12.8791,13.2881,12.5898,13.1763,507131000
2022-10-06,13.1873,13.6222,13.0706,13.0975,644157000
2022-10-07,12.4741,12.6387,11.9923,12.0461,672478000
2022-10-10,12.0072,12.0940,11.3798,11.6411,698699000
2022-10-11,11.5324,11.8167,11.2551,11.5574,667482000
2022-10-12,11.5504,11.7060,11.3170,11.4716,492590000
2022-10-13,10.9439,12.0481,10.7863,11.9304,850103000
2022-10-14,12.0272,12.0811,11.1763,11.1992,713432000
2022-10-17,11.4895,11.9185,11.4885,11.8586,580774000
2022-10-18,12.3135,12.4611,11.5893,11.9374,659362000
2022-10-19,11.8496,12.3195,11.8047,12.0212,523131000
2022-10-20,12.0831,12.7374,12.0751,12.1639,652398000
2022-10-21,12.0681,12.4671,11.8576,12.4352,609494000
2022-10-24,12.4771,12.6786,12.0342,12.5679,517457000
2022-10-25,12.6626,13.2671,12.6327,13.2282,505482000
2022-10-26,12.8372,13.3549,12.6766,12.8641,532953000
2022-10-27,13.5963,13.8038,13.0896,13.1434,583113000
2022-10-28,13.0716,13.8158,13.0287,13.7998,521040000
2022-10-31,13.7439,13.8038,13.2641,13.4636,486341000
2022-11-01,13.7769,13.8906,13.4856,13.5095,432817000
2022-11-02,13.8158,14.1749,13.1783,13.1863,672628000
2022-11-03,13.0108,13.7469,12.9240,13.3878,500065000
2022-11-04,13.9514,14.1938,13.6631,14.1210,612576000
2022-11-07,14.1928,14.3764,13.9195,14.2656,410061000
2022-11-08,14.7644,14.8542,14.1809,14.5659,595292000
2022-11-09,14.1270,14.1759,13.7250,13.7419,454414000
2022-11-10,14.7634,15.7340,14.5110,15.7111,700819000
2022-11-11,15.7679,16.3485,15.4437,16.2866,655487000
2022-11-14,16.1779,16.4991,15.8826,16.2547,527852000
2022-11-15,16.6807,16.9560,16.3415,16.6248,545876000
2022-11-16,16.1220,16.3215,15.8338,15.8707,649547000
2022-11-17,15.6761,16.2258,15.4966,15.6382,710894000
2022-11-18,15.9265,15.9624,15.0826,15.3709,492072000
2022-11-21,15.1096,15.4387,15.0427,15.2791,404739000
2022-11-22,15.2901,16.0183,15.0846,15.9984,472866000
2022-11-23,16.0582,16.4861,16.0083,16.4782,427241000
2022-11-25,16.2777,16.4462,16.1320,16.2298,167934000
2022-11-28,15.9864,16.3166,15.6861,15.7879,303741000
2022-11-29,15.7879,15.8926,15.4816,15.6003,298384000
2022-11-30,15.6622,16.8925,15.5624,16.8855,565298000
2022-12-01,16.9613,17.2267,16.5981,17.0970,470977000
2022-12-02,16.6221,16.8955,16.4085,16.8386,371389000
2022-12-05,16.6420,16.9573,16.4355,16.5732,352255000
2022-12-06,16.4934,16.5363,15.7839,15.9516,352694000
2022-12-07,15.7370,16.1501,15.6323,16.0843,372388000
2022-12-08,16.2369,17.1409,15.9236,17.1309,515456000
2022-12-09,17.1220,17.5440,16.9374,16.9633,465338000
2022-12-12,16.9992,17.4991,16.7598,17.4961,457328000
2022-12-13,18.4899,18.7483,17.6717,18.0319,656589000
2022-12-14,17.9471,18.2115,17.3814,17.6348,496888000
2022-12-15,17.1080,17.2816,16.6630,16.9144,478542000
2022-12-16,16.8266,17.0032,16.3736,16.5343,478232000
2022-12-19,16.5353,16.5722,16.1092,16.2180,354039000
2022-12-20,16.0284,16.2738,15.8169,16.0493,403260000
2022-12-21,16.0783,16.5901,16.0663,16.4644,325025000
2022-12-22,16.0583,16.1022,14.8490,15.3050,565045000
2022-12-23,15.1623,15.3050,14.8500,15.1723,349326000
2022-12-27,15.0406,15.0665,14.0248,14.0897,464902000
2022-12-28,13.8961,14.2304,13.8532,14.0049,351066000
2022-12-29,14.3701,14.6504,14.1955,14.5706,354923000
2022-12-30,14.3022,14.5966,14.2014,14.5816,310490000
2023-01-03,14.8181,14.9628,14.0647,14.2833,401277000
2023-01-04,14.5347,14.8201,14.2094,14.7163,431324000
2023-01-05,14.4589,14.5317,14.1166,14.2334,389168000
2023-01-06,14.4419,14.9767,14.0029,14.8261,405044000
2023-01-09,15.2501,16.0204,15.1074,15.5934,504231000
2023-01-10,15.4726,15.9266,15.4377,15.8737,384101000
2023-01-11,15.8049,15.9925,15.5285,15.9655,353285000
2023-01-12,16.0643,16.6001,15.4577,16.4744,551409000
2023-01-13,16.2419,16.8845,16.1292,16.8615,447287000
2023-01-17,16.8615,17.6887,16.8615,17.6628,511102000
2023-01-18,17.6278,17.8334,17.2437,17.3385,439624000
2023-01-19,16.9982,17.1589,16.6939,16.7278,452932000
2023-01-20,16.9733,17.8164,16.7877,17.7995,564967000
2023-01-23,18.0240,19.2023,17.7785,19.1504,655163000
2023-01-24,18.7853,19.4518,18.7783,19.2223,496204000
2023-01-25,18.8711,19.3271,18.5388,19.2802,449537000
2023-01-26,19.6573,20.1213,19.2353,19.7581,489535000
2023-01-27,19.4189,20.5823,19.3620,20.3198,542142000
2023-01-30,19.9058,20.0953,19.1075,19.1195,488611000
2023-01-31,19.1275,19.6434,18.9080,19.4937,498017000
2023-02-01,19.6473,21.1450,19.5675,20.8966,660477000
2023-02-02,20.9534,21.9003,20.6541,21.6609,564276000
2023-02-03,20.9534,21.6968,20.7429,21.0532,429366000
2023-02-06,20.7599,21.5222,20.7399,21.0422,452197000
2023-02-07,21.3346,22.2097,21.1031,22.1238,664150000
2023-02-08,22.3374,22.8273,21.9592,22.1558,559651000
2023-02-09,22.5559,22.9690,22.0710,22.2875,523876000
2023-02-10,21.6419,22.0291,20.7649,21.2179,550737000
2023-02-13,21.4902,21.9991,20.9155,21.7397,474919000
2023-02-14,21.5302,22.9979,21.3186,22.9201,675474000
2023-02-15,22.4990,22.8043,22.0570,22.7135,420575000
2023-02-16,22.0839,22.5000,21.8784,21.9532,412026000
2023-02-17,21.5830,21.6918,20.9285,21.3406,465888000
2023-02-21,20.9534,21.4463,20.5723,20.6092,410015000
2023-02-22,20.6611,21.0572,20.3757,20.7080,513184000
2023-02-23,23.3880,23.8350,22.9740,23.6115,1117995000
2023-02-24,23.1735,23.4220,22.8961,23.2344,589716000
2023-02-27,23.6175,23.8271,23.4020,23.4489,452994000
2023-02-28,23.3202,23.7722,23.1545,23.1645,455963000
2023-03-01,23.1406,23.2044,22.4581,22.6477,460026000
2023-03-02,22.4381,23.3282,22.3823,23.2623,389415000
2023-03-03,23.2683,23.8470,23.0787,23.8370,412393000
2023-03-06,23.8380,24.1942,23.4349,23.5018,437429000
2023-03-07,23.5517,24.0756,23.1934,23.2403,515154000
2023-03-08,23.4389,24.1504,23.3760,24.1315,513573000
2023-03-09,24.1255,24.4039,23.3351,23.3880,501257000
2023-03-10,23.3611,23.5786,22.6795,22.9180,474866000
2023-03-13,22.7054,23.2503,22.2513,22.9190,421890000
2023-03-14,23.4479,24.1694,23.4120,24.0137,474910000
2023-03-15,23.7123,24.2363,23.3122,24.1784,524486000
2023-03-16,23.9778,25.5356,23.8451,25.4887,583253000
2023-03-17,25.9288,26.3449,25.6154,25.6723,848547000
2023-03-20,25.5626,25.9707,25.0785,25.8470,432747000
2023-03-21,26.1264,26.3380,25.3290,26.1454,547408000
2023-03-22,26.3709,27.5325,26.1833,26.4138,797295000
2023-03-23,27.0595,27.4427,26.6354,27.1353,564889000
2023-03-24,26.9757,27.1114,26.3010,26.7242,454920000
2023-03-27,26.7820,26.9447,26.3110,26.4767,361026000
2023-03-28,26.3928,26.4587,25.7971,26.3559,356104000
2023-03-29,26.7701,27.0226,26.5425,26.9288,393694000
2023-03-30,27.1732,27.4427,27.0465,27.3269,364516000
2023-03-31,27.0844,27.7770,27.0495,27.7201,433933000
2023-04-03,27.4527,27.9427,27.2800,27.9077,398716000
2023-04-04,27.9087,27.9427,27.2511,27.3968,368592000
2023-04-05,26.7741,26.9427,26.3410,26.8260,515015000
2023-04-06,26.5296,27.0246,26.3729,26.9816,397654000
2023-04-10,26.7681,27.5644,26.6144,27.5225,395279000
2023-04-11,27.6672,27.7331,27.0705,27.1134,314378000
2023-04-12,27.3140,27.4118,26.3938,26.4407,446259000
2023-04-13,26.6793,26.8319,26.2751,26.4088,353615000
2023-04-14,26.4497,26.8280,26.1663,26.7032,395660000
2023-04-17,26.5106,26.9507,26.3789,26.9467,321471000
2023-04-18,27.4766,28.0524,27.3010,27.6103,604812000
2023-04-19,27.3050,27.9427,27.1762,27.8738,358660000
2023-04-20,27.6143,27.9726,26.9447,27.0485,427713000
2023-04-21,26.8968,27.1273,26.6673,27.0635,345103000
2023-04-24,26.9577,27.3100,26.6164,26.9866,339282000
2023-04-25,27.0226,27.1912,26.1713,26.1873,378527000
2023-04-26,26.9467,27.2740,26.6503,26.9008,406337000
2023-04-27,27.3070,27.4387,26.5705,27.1703,377161000
2023-04-28,27.1693,27.7012,27.0156,27.6922,292216000
2023-05-01,27.7830,28.9985,27.7231,28.8508,570329000
2023-05-02,28.6213,28.7770,28.0255,28.1522,402730000
2023-05-03,27.7830,28.3089,27.4157,27.7451,383387000
2023-05-04,27.5944,27.8020,27.1842,27.5056,321850000
2023-05-05,27.7690,28.6961,27.6742,28.6213,361494000
2023-05-08,28.4636,29.1602,28.2920,29.0913,344979000
2023-05-09,28.8398,28.9137,28.3917,28.5125,314869000
2023-05-10,28.9456,29.0534,28.4027,28.8259,369350000
2023-05-11,28.8368,28.8907,28.1882,28.5195,322149000
2023-05-12,28.4706,28.7211,27.9886,28.2820,274222000
2023-05-15,28.4496,28.9097,28.0944,28.8937,293926000
2023-05-16,28.7819,29.8088,28.7730,29.1532,449405000
2023-05-17,29.5234,30.1372,29.3697,30.1162,432535000
2023-05-18,30.3477,31.7628,30.2579,31.6131,748725000
2023-05-19,31.4714,31.5153,30.8527,31.2000,473908000
2023-05-22,30.8377,31.4555,30.6172,31.1122,372000000
2023-05-23,30.9365,31.2239,30.5683,30.6252,356253000
2023-05-24,30.1481,30.5443,29.7450,30.4755,721419000
2023-05-25,38.4441,39.3992,36.5600,37.9022,1543911000
2023-05-26,37.8124,39.0898,37.4731,38.8663,714397000
2023-05-30,40.5119,41.8521,39.8672,40.0289,923401000
2023-05-31,39.4071,40.2125,37.7446,37.7565,1002580000
2023-06-01,38.4102,39.9680,38.2615,39.6886,635873000
2023-06-02,40.0149,40.4171,38.9780,39.2465,482731000
2023-06-05,38.8293,39.4840,38.6277,39.0908,396094000
2023-06-06,38.7505,39.0798,38.0699,38.5749,388729000
2023-06-07,38.8393,39.4222,37.2834,37.4021,511998000
2023-06-08,37.6507,38.7884,37.4321,38.4351,417772000
2023-06-09,38.9611,39.6338,38.4920,38.6946,427717000
2023-06-12,39.1238,39.4531,38.5429,39.4052,388701000
2023-06-13,40.1079,41.0211,39.6627,40.9422,613208000
2023-06-14,40.7446,42.9164,40.4732,42.9134,740465000
2023-06-15,42.5192,43.2048,42.0651,42.5701,568622000
2023-06-16,43.3655,43.6360,42.5780,42.6090,655709000
2023-06-20,42.9144,43.9045,42.5910,43.7228,451153000
2023-06-21,43.4164,43.5302,41.9982,42.9613,551603000
2023-06-22,42.1708,43.3416,42.1519,42.9413,417737000
2023-06-23,42.3814,42.7258,41.9333,42.1269,358140000
2023-06-26,42.3784,42.6809,40.0220,40.5530,594322000
2023-06-27,40.7197,41.8584,40.3694,41.7946,462175000
2023-06-28,40.5810,41.7636,40.4392,41.0371,582639000
2023-06-29,41.4772,41.5191,40.5211,40.7426,380514000
2023-06-30,41.5990,42.4673,41.4203,42.2197,501148000
2023-07-03,42.4343,42.8146,42.1199,42.3305,198209000
2023-07-05,42.0531,43.0931,42.0032,42.2347,323618000
2023-07-06,41.7626,42.0970,41.2656,42.0211,303582000
2023-07-07,42.2397,43.1300,42.0980,42.4204,355881000
2023-07-10,42.5741,42.7278,41.5680,42.0980,353908000
2023-07-11,42.3984,42.6749,41.9852,42.3225,298244000
2023-07-12,42.9493,43.8496,42.6938,43.8166,481277000
2023-07-13,44.4314,46.0653,44.4055,45.8876,478204000
2023-07-14,46.4924,47.9945,44.9724,45.3806,772075000
2023-07-17,46.1990,46.4056,45.1740,46.3707,510488000
2023-07-18,46.6102,47.8029,45.6451,47.4016,569164000
2023-07-19,47.3717,47.7250,46.6511,46.9855,427502000
2023-07-20,46.4166,46.9954,44.9744,45.4315,537865000
2023-07-21,45.6990,45.7768,44.0143,44.2228,963769000
2023-07-24,44.6440,45.0213,43.9544,44.5253,382516000
2023-07-25,44.8536,46.0932,44.8357,45.5902,348081000
2023-07-26,45.9315,45.9635,44.5432,45.3636,364237000
2023-07-27,46.4286,47.3029,45.6611,45.8108,455976000
2023-07-28,46.5773,46.9356,46.2908,46.6591,331194000
2023-07-31,46.6631,47.0384,46.4156,46.6381,251055000
2023-08-01,46.3697,46.8088,45.9375,46.4166,237858000
2023-08-02,45.7419,45.7509,43.3026,44.1829,530142000
2023-08-03,43.7148,45.0303,43.7148,44.4284,324176000
2023-08-04,44.8975,45.5533,44.3067,44.5931,362666000
2023-08-07,45.0233,45.4515,44.4764,45.3287,322154000
2023-08-08,44.7658,45.1540,43.9703,44.5772,353843000
2023-08-09,44.1879,44.2258,42.0521,42.4713,586449000
2023-08-10,42.0780,43.4893,41.7537,42.3056,492705000
2023-08-11,41.6698,41.9363,40.5600,40.7756,533085000
2023-08-14,40.4073,43.7148,40.2326,43.6679,690286000
2023-08-15,44.4734,45.1800,43.6250,43.8546,676512000
2023-08-16,44.4334,44.5881,43.3216,43.4015,527451000
2023-08-17,43.8845,43.9763,42.9174,43.2597,452395000
2023-08-18,42.5521,43.4933,41.5790,43.2148,583768000
2023-08-21,44.4075,46.9735,44.1360,46.8757,692573000
2023-08-22,48.0414,48.0933,45.2449,45.5792,755293000
2023-08-23,45.7768,47.1082,45.1201,47.0244,779046000
2023-08-24,50.1184,50.1683,47.0673,47.0713,1156044000
2023-08-25,46.9206,47.7121,44.9365,45.9285,925341000
2023-08-28,46.3916,46.8887,44.8007,46.7439,685192000
2023-08-29,46.5753,48.9856,46.3008,48.6891,701397000
2023-08-30,48.9486,49.8299,48.3308,49.1682,735206000
2023-08-31,49.2840,49.6473,48.8628,49.2590,528570000
2023-09-01,49.6652,49.7032,48.0484,48.4147,463830000
2023-09-05,48.1292,48.7560,47.7669,48.4536,382653000
2023-09-06,48.3508,48.4586,46.4933,46.9734,468670000
2023-09-07,45.4402,46.2577,45.0679,46.1549,433330000
2023-09-08,45.8565,46.5192,45.1867,45.4871,473069000
2023-09-11,46.0621,46.0770,44.2295,45.0939,473966000
2023-09-12,44.6547,45.5880,44.4481,44.7864,349256000
2023-09-13,44.5169,45.8445,44.4201,45.4003,398355000
2023-09-14,45.8644,45.9014,45.0470,45.4961,370097000
2023-09-15,45.2566,45.5141,43.7264,43.8183,506831000
2023-09-18,42.6684,44.1596,41.9218,43.8841,500271000
2023-09-19,43.7514,43.8841,42.9219,43.4390,373064000
2023-09-20,43.5188,43.8213,42.1444,42.1604,367108000
2023-09-21,41.5056,42.0216,40.9037,40.9406,450736000
2023-09-22,41.4946,42.0366,41.1542,41.5325,479236000
2023-09-25,41.5136,42.4568,41.1003,42.1434,419091000
2023-09-26,41.9228,42.7403,41.5774,41.8330,402282000
2023-09-27,42.2512,42.7922,41.5515,42.3889,444935000
2023-09-28,42.3809,43.3651,42.0366,43.0088,424663000
2023-09-29,43.7454,44.0618,43.2264,43.4180,397830000
2023-10-02,43.9480,45.0909,43.7793,44.6986,433298000
2023-10-03,44.7246,45.0460,43.1655,43.4360,470850000
2023-10-04,43.6606,44.0608,43.2114,43.9590,361821000
2023-10-05,43.9680,44.8164,43.8063,44.6048,393483000
2023-10-06,44.1107,45.7037,43.9440,45.6768,434436000
2023-10-09,44.7585,45.5201,44.2854,45.1887,409675000
2023-10-10,45.2256,46.1729,45.0040,45.7127,368582000
2023-10-11,46.1100,46.7717,45.9642,46.7188,378137000
2023-10-12,46.6899,47.5203,46.2437,46.8576,481325000
2023-10-13,46.8726,47.0283,45.1957,45.3763,474115000
2023-10-16,44.9791,46.1389,44.8284,46.0092,375099000
2023-10-17,43.9181,44.6707,42.4009,43.8562,812333000
2023-10-18,42.5117,43.1385,41.7471,42.1174,627294000
2023-10-19,42.7313,43.2164,41.8040,42.0226,501233000
2023-10-20,41.8120,42.3909,41.0015,41.3099,477266000
2023-10-23,41.1522,43.1675,40.8688,42.8950,478530000
2023-10-24,42.9968,43.6156,42.6115,43.5817,401463000
2023-10-25,43.3172,43.5687,41.4776,41.7012,398379000
2023-10-26,41.7751,42.1773,39.8057,40.2509,541001000
2023-10-27,41.0534,41.1293,39.9405,40.4246,416784000
2023-10-30,41.0105,41.6882,40.4056,41.0844,388028000
2023-10-31,40.3747,40.8029,39.1570,40.7041,517969000
2023-11-01,40.8079,42.3021,40.7929,42.2462,437593000
2023-11-02,43.2473,43.8023,42.8141,43.4250,409172000
2023-11-03,43.9380,45.2246,43.6416,44.9212,424610000
2023-11-06,45.2007,45.8495,44.8154,45.6658,400733000
2023-11-07,45.6339,46.1319,45.0739,45.8694,343165000
2023-11-08,46.0142,46.7797,45.8824,46.4873,346719000
2023-11-09,47.3786,48.1402,46.6629,46.8626,540496000
2023-11-10,47.4115,48.3817,47.1950,48.2450,421245000
2023-11-13,48.2300,49.0245,48.0094,48.5295,384136000
2023-11-14,49.5875,49.7412,48.9487,49.5635,416954000
2023-11-15,49.8420,49.8670,48.1103,48.7970,475497000
2023-11-16,48.5884,49.4328,48.2400,49.3879,339756000
2023-11-17,49.4318,49.6244,48.9157,49.2062,325205000
2023-11-20,49.2202,50.4539,49.0894,50.3151,414120000
2023-11-21,50.0327,50.4229,49.1303,49.8510,565747000
2023-11-22,49.7592,50.2413,47.6012,48.6253,899420000
2023-11-24,48.3797,48.8299,47.6561,47.6870,294645000
2023-11-27,47.7110,48.4396,47.5633,48.1522,395662000
2023-11-28,48.1462,48.2330,47.3846,47.7320,401491000
2023-11-29,48.2889,48.6712,47.7709,48.0504,382005000
2023-11-30,47.9346,48.0204,46.3356,46.6829,526247000
2023-12-01,46.4384,47.1121,46.1010,46.6779,369317000
2023-12-04,45.9912,45.9912,44.9262,45.4252,437543000
2023-12-05,45.3853,46.5173,45.1907,46.4834,371718000
2023-12-06,47.1312,47.3029,45.3314,45.4223,380590000
2023-12-07,45.6189,46.5463,45.5231,46.5133,350823000
2023-12-08,46.5123,47.6563,46.4674,47.4217,359224000
2023-12-11,47.4067,47.4467,45.7487,46.5443,509728000
2023-12-12,45.9643,47.5814,45.9643,47.5724,372387000
2023-12-13,47.5445,48.5078,47.5235,48.0027,447792000
2023-12-14,48.3041,48.5836,47.3379,48.2642,391232000
2023-12-15,48.1085,49.3163,48.0346,48.8032,479948000
2023-12-18,49.3123,50.3435,49.0628,49.9881,412587000
2023-12-19,49.3363,49.6118,48.8082,49.5160,464444000
2023-12-20,49.5669,49.9103,48.0127,48.0256,397894000
2023-12-21,48.7244,49.0079,48.3331,48.9031,300425000
2023-12-22,49.1077,49.2954,48.3810,48.7434,252507000
2023-12-26,48.8811,49.5120,48.8731,49.1916,244200000
2023-12-27,49.4232,49.5919,48.9979,49.3293,233648000
2023-12-28,49.5549,49.7955,49.3243,49.4341,246587000
2023-12-29,49.7246,49.9083,48.6645,49.4341,389293000
2024-01-02,49.1566,49.2075,47.5105,48.0825,411254000
2024-01-03,47.4007,48.0985,47.2360,47.4846,320896000
2024-01-04,47.6822,48.4139,47.4237,47.9128,306535000
2024-01-05,48.3760,49.4591,48.2203,49.0099,415039000
2024-01-08,49.4242,52.1823,49.3912,52.1603,642510000
2024-01-09,52.3080,54.2286,51.5983,53.0457,773100000
2024-01-10,53.5209,54.5031,53.3941,54.2536,533796000
2024-01-11,54.9014,55.2478,53.4650,54.7247,596759000
2024-01-12,54.5231,54.8725,54.2336,54.6129,352994000
2024-01-16,54.9204,56.7342,54.8026,56.2820,449580000
2024-01-17,56.2470,56.3708,54.6429,55.9535,474394000
2024-01-18,57.1584,57.4978,56.0074,57.0057,491650000
2024-01-19,57.8861,59.3944,57.1235,59.3854,543501000
2024-01-22,59.9425,60.2240,58.9652,59.5482,452955000
2024-01-23,59.4643,59.8037,58.4811,59.7668,294654000
2024-01-24,60.1970,62.7375,59.8317,61.2531,560271000
2024-01-25,62.2394,62.6077,60.7420,61.5077,482777000
2024-01-26,60.8518,61.6734,60.4655,60.9227,390309000
2024-01-29,61.1234,62.3781,60.7989,62.3542,348733000
2024-01-30,62.7884,63.3803,62.1495,62.6626,410735000
2024-01-31,61.3310,62.1585,60.5923,61.4178,453795000
2024-02-01,61.9898,63.0789,61.5406,62.9152,369146000
2024-02-02,63.8605,66.4818,63.5770,66.0426,476578000
2024-02-05,68.1039,69.3737,67.0858,69.2090,680078000
2024-02-06,69.5064,69.6302,66.1824,68.1019,683111000
2024-02-07,68.1978,70.0954,67.4800,69.9746,495575000
2024-02-08,69.9497,70.6684,69.3318,69.5174,414422000
2024-02-09,70.4078,72.0569,70.0874,72.0050,436637000
2024-02-12,72.4712,74.4786,71.1236,72.1198,613710000
2024-02-13,70.2751,73.3197,69.4965,72.0000,602580000
2024-02-14,73.0721,74.1043,71.8104,73.7689,504917000
2024-02-15,73.7379,73.8437,72.2715,72.5291,420122000
2024-02-16,73.9685,74.2700,72.3724,72.4842,495327000
2024-02-20,71.8193,71.8283,67.6138,69.3288,704833000
2024-02-21,67.8853,68.7658,66.1305,67.3523,673755000
2024-02-22,74.8919,78.4356,74.0883,78.3987,865100000
2024-02-23,80.6466,82.2478,77.4324,78.6771,829388000
2024-02-26,79.5586,80.5029,78.3657,78.9517,503973000
2024-02-27,79.2402,79.3390,77.0251,78.5614,391705000
2024-02-28,77.4823,78.7929,76.9881,77.5252,393110000
2024-02-29,78.9537,79.8481,78.2110,78.9716,507289000
2024-03-01,79.8580,82.1540,79.2940,82.1330,479135000
2024-03-04,83.9807,87.5394,83.5704,85.0857,615616000
2024-03-05,85.1227,85.9483,83.2729,85.8155,520639000
2024-03-06,87.8699,89.5690,86.8797,88.5468,582520000
2024-03-07,90.0022,92.6067,89.4472,92.5089,608119000
2024-03-08,94.9736,97.2317,86.3566,87.3768,1142269000
2024-03-11,86.2797,88.6436,84.0206,85.6258,678364000
2024-03-12,87.8969,91.8011,86.0012,91.7542,668075000
2024-03-13,90.8977,91.3459,88.2822,90.7310,635713000
2024-03-14,89.4223,90.4894,86.4504,87.7921,602318000
2024-03-15,86.7798,89.3913,86.1080,87.6853,642086000
2024-03-18,90.2319,92.2454,86.9346,88.3022,668976000
2024-03-19,86.5502,90.3876,84.8632,89.2436,672171000
2024-03-20,89.6419,90.2538,88.0706,90.2159,479063000
2024-03-21,92.1405,92.4879,90.2488,91.2770,480372000
2024-03-22,90.9835,94.6143,90.6771,94.1261,586719000
2024-03-25,93.7787,96.5988,93.3485,94.8379,552136000
2024-03-26,95.6854,96.2085,92.3422,92.4011,513648000
2024-03-27,92.9511,93.0789,88.9690,90.0941,586067000
2024-03-28,89.8445,91.1423,89.0389,90.1999,435212000
2024-04-01,90.1430,92.0657,89.0499,90.2069,452441000
2024-04-02,88.2952,89.9384,87.4686,89.2975,433064000
2024-04-03,88.3312,90.2179,88.2473,88.8103,370067000
2024-04-04,90.2498,90.4774,85.7316,85.7566,434965000
2024-04-05,86.7159,88.3282,85.7776,87.8560,399678000
2024-04-08,88.5468,88.6765,86.5822,86.9825,283220000
2024-04-09,87.2909,87.4836,82.8786,85.2065,501700000
2024-04-10,83.7810,87.2490,83.5644,86.8886,431929000
2024-04-11,87.2690,90.5822,86.7758,90.4595,431637000
2024-04-12,89.5440,90.0192,87.3788,88.0337,426805000
2024-04-15,88.9441,90.4565,85.7806,85.8524,443077000
2024-04-16,86.2837,87.9658,85.9153,87.2640,370453000
2024-04-17,88.1874,88.6216,83.8050,83.8898,495400000
2024-04-18,84.8232,86.0411,82.2596,84.5247,447260000
2024-04-19,83.0064,84.1783,75.4754,76.0684,875198000
2024-04-22,77.9691,79.9347,76.2680,79.3806,596341000
2024-04-23,80.6295,82.6260,80.1253,82.2806,438559000
2024-04-24,83.8050,83.9367,79.0462,79.5394,512208000
2024-04-25,78.7318,83.1791,78.0879,82.4893,424641000
2024-04-26,83.6732,88.1784,83.2429,87.5834,551011000
2024-04-29,87.4437,87.8400,85.1187,87.6054,388971000
2024-04-30,87.0893,88.6656,86.1509,86.2527,363709000
2024-05-01,84.9300,85.8514,81.1146,82.8975,559863000
2024-05-02,84.3031,86.0880,83.0563,85.6687,377898000
2024-05-03,87.6373,89.1268,86.8896,88.6356,398341000
2024-05-06,89.2356,92.0607,88.9012,91.9808,376203000
2024-05-07,90.9406,91.6224,88.8572,90.3976,437342000
2024-05-08,89.3284,91.0365,89.2655,90.2558,325721000
2024-05-09,90.3726,90.9147,88.0786,88.5937,378013000
2024-05-10,90.1490,91.2431,89.0729,89.7227,335325000
2024-05-13,90.3217,90.8408,88.3761,90.2429,289680000
2024-05-14,89.4442,91.4927,88.7804,91.1982,296507000
2024-05-15,92.3123,94.6981,91.4408,94.4665,417735000
2024-05-16,94.7460,95.6535,93.9404,94.1960,323952000
2024-05-17,94.2060,94.5763,91.6474,92.3192,359691000
2024-05-20,93.5881,95.0356,93.2786,94.6163,318764000
2024-05-21,93.4373,95.2352,93.0190,95.2212,328946000
2024-05-22,95.2941,95.8541,93.0879,94.7860,548648000
2024-05-23,101.8518,106.1363,101.3446,103.6197,835065000
2024-05-24,104.2686,106.2911,102.8221,106.2851,429494000
2024-05-28,110.0536,114.7404,109.6932,113.7042,652728000
2024-05-29,112.8547,115.2925,110.7094,114.6266,557442000
2024-05-30,114.4519,115.6189,109.4736,110.3091,484553000
2024-05-31,112.3256,112.5223,106.7553,109.4436,613263000
2024-06-03,113.4247,114.8013,111.8095,114.8013,438392000
2024-06-04,115.5161,116.3986,113.8480,116.2359,403324000
2024-06-05,118.1665,122.2375,117.2651,122.2285,528402000
2024-06-06,123.8337,125.3700,118.1156,120.7890,664696000
2024-06-07,119.5631,121.4818,117.8181,120.6792,412386000
2024-06-10,120.1621,122.8873,116.8079,121.5796,313434100
2024-06-11,121.5696,122.6678,118.5446,120.7110,222551200
2024-06-12,122.8575,126.6712,122.3683,124.9940,299595000
2024-06-13,129.1771,129.5864,126.9507,129.3967,260704500
2024-06-14,129.7462,132.6214,128.1089,131.6630,309320400
2024-06-17,132.7712,133.5099,129.3668,130.7645,288504400
2024-06-18,130.9242,136.1057,130.4749,135.3569,294335100
2024-06-20,139.5700,140.5284,129.3069,130.5648,517768400
2024-06-21,126.9108,130.4151,124.0955,126.3617,649445800
2024-06-24,123.0372,124.2552,117.8458,117.9156,476060900
2024-06-25,121.0006,126.2918,119.1237,125.8825,414192600
2024-06-26,125.9224,127.9092,122.3983,126.1920,362975900
2024-06-27,123.8958,126.2020,122.7177,123.7860,252571700
2024-06-28,124.3750,127.4999,122.5480,123.3367,315516700
2024-07-01,123.2668,124.6346,118.6345,124.0955,284885500
2024-07-02,120.9307,123.2069,120.8308,122.4681,218374000
2024-07-03,121.4598,128.0689,121.1603,128.0689,215749000
2024-07-05,127.1704,128.6380,125.4732,125.6229,214176700
2024-07-08,127.2802,130.5548,126.8309,127.9890,237677300
2024-07-09,130.1355,133.5998,128.4383,131.1638,285366600
2024-07-10,133.8095,134.8777,132.2021,134.6880,248978600
2024-07-11,135.5266,135.9260,126.8410,127.1904,374782700
2024-07-12,128.0490,131.7030,127.0107,129.0274,252680500
2024-07-15,130.3451,131.1738,126.9707,128.2286,208326200
2024-07-16,128.2286,128.8277,124.3750,126.1521,214769500
2024-07-17,121.1503,121.6495,116.5279,117.7958,390086200
2024-07-18,121.6495,122.1986,116.3682,120.8907,320979500
2024-07-19,120.1520,121.3999,117.1769,117.7360,217223800
2024-07-22,120.1520,123.8658,119.6628,123.3367,258068900
2024-07-23,122.5780,124.4848,121.8991,122.3883,173911000
2024-07-24,118.9739,119.7526,113.2533,114.0620,327776900
2024-07-25,112.8540,116.4381,106.1251,112.0952,460067000
2024-07-26,115.9988,116.0088,111.3964,112.8740,293399100
2024-07-29,113.5029,116.0886,111.1168,111.4064,248152100
2024-07-30,111.3365,111.8057,102.3713,103.5593,486833300
2024-07-31,112.7142,118.1453,110.6975,116.8274,473174200
2024-08-01,117.3366,119.9623,106.6342,109.0303,523462300
2024-08-02,103.5892,108.5411,101.2032,107.0935,482027500
2024-08-05,91.9085,103.2398,90.5408,100.2847,552842400
2024-08-06,103.6691,107.5328,100.3846,104.0785,409012100
2024-08-07,107.6326,108.6210,98.5276,98.7472,411440400
2024-08-08,101.8322,105.3264,97.3595,104.7973,391910000
2024-08-09,105.4662,106.4246,103.2598,104.5776,290844200
2024-08-12,106.1451,110.8872,106.0852,108.8406,325559900
2024-08-13,112.2550,116.0387,111.3964,115.9489,312646700
2024-08-14,118.3350,118.4048,113.8823,117.8857,339246400
2024-08-15,118.5646,123.0372,117.2767,122.6578,318086700
2024-08-16,121.7393,124.7943,120.9806,124.3750,302589900
2024-08-19,124.0755,129.7861,123.2169,129.7861,318333600
2024-08-20,128.1887,129.6663,125.6828,127.0406,300087400
2024-08-21,127.1105,129.1372,126.4516,128.2885,257883600
2024-08-22,129.8061,130.5349,122.8974,123.5364,376189100
2024-08-23,125.6529,129.3868,125.0140,129.1571,323230300
2024-08-26,129.3568,131.0440,124.1653,126.2519,331964700
2024-08-27,124.8442,128.9874,123.6761,128.0889,303134600
2024-08-28,127.9092,128.1188,122.4382,125.4033,448101100
2024-08-29,121.1603,124.2252,116.5180,117.3965,453023300
2024-08-30,119.3333,121.5497,117.0271,119.1736,333751600
2024-09-03,115.8191,116.0188,107.1135,107.8223,477155100
2024-09-04,105.2366,113.0836,103.9487,106.0352,372470300
2024-09-05,104.8172,109.4696,104.5876,107.0336,306850700
2024-09-06,107.8622,107.9720,100.7839,102.6608,413638100
2024-09-09,104.7074,106.3747,103.5194,106.2948,273912000
2024-09-10,107.6326,109.2200,104.7773,107.9221,268283700
2024-09-11,109.2100,116.9972,107.2432,116.7176,441422400
2024-09-12,116.6577,120.6016,115.2000,118.9541,366052700
2024-09-13,118.8942,119.7728,117.4165,118.9142,238358300
2024-09-16,116.6078,117.9956,114.1816,116.5978,248772300
2024-09-17,117.9856,118.6147,114.6509,115.4097,231925900
2024-09-18,115.7092,117.5164,113.0434,113.1931,310318900
2024-09-19,117.1669,119.4733,117.0671,117.6861,293506400
2024-09-20,116.8774,118.4349,115.2100,115.8190,382462400
2024-09-23,116.3682,116.8075,114.6808,116.0786,206228500
2024-09-24,116.3382,121.6100,115.2000,120.6814,354966800
2024-09-25,121.8296,124.7451,121.4203,123.3173,284692900
2024-09-26,126.6022,127.4708,121.6100,123.8465,302582900
2024-09-27,123.7766,123.8365,119.0739,121.2106,271009200
2024-09-30,118.1254,121.3105,117.9657,121.2505,226553700
2024-10-01,121.5800,122.2490,115.6093,116.8175,302094500
2024-10-02,116.2584,119.1938,114.9604,118.6646,221845900
2024-10-03,120.7314,124.1660,120.1523,122.6583,277118000
2024-10-04,124.7451,124.8449,121.6399,124.7251,243678100
2024-10-07,124.7950,130.4362,124.7551,127.5207,346250200
2024-10-08,130.0568,133.2717,129.2181,132.6827,285722500
2024-10-09,133.9008,134.3101,131.1750,132.4431,246191600
2024-10-10,131.7042,134.7894,130.7956,134.5997,242311300
2024-10-11,133.8009,135.5682,133.4515,134.5897,170209500
2024-10-14,136.2571,139.3822,136.0874,137.8546,232347700
2024-10-15,137.6549,138.3538,128.5392,131.3947,377831000
2024-10-16,133.7710,136.4069,131.3747,135.5083,264879700
2024-10-17,139.1226,140.6702,136.6565,136.7164,306435900
2024-10-18,138.4537,138.6833,137.0658,137.7847,176090200
2024-10-21,137.9145,143.4858,137.7847,143.4858,264554500
2024-10-22,142.6871,144.1947,141.5588,143.3660,226311600
2024-10-23,141.8084,142.2078,137.2456,139.3423,285930000
2024-10-24,140.6003,141.1295,138.2440,140.1909,172354900
2024-10-25,140.7101,143.9052,140.5803,141.3192,205122100
2024-10-28,142.7769,142.9167,139.8315,140.3008,173586700
2024-10-29,140.0711,142.0381,138.6833,141.0296,157593600
2024-10-30,139.3223,140.1111,136.5966,139.1226,179418100
2024-10-31,137.3853,137.3953,131.9039,132.5529,270039600
2024-11-01,134.4899,137.0958,134.3601,135.1888,207127800
2024-11-04,136.9959,138.7432,135.3585,135.8377,187528200
2024-11-05,137.2356,140.1510,137.1157,139.6917,160537400
2024-11-06,142.7370,146.2615,141.7386,145.3829,242043900
2024-11-07,146.1616,148.6977,145.9420,148.6478,207323300
2024-11-08,148.5379,149.5363,146.0318,147.3997,175665800
2024-11-11,148.4480,148.6178,143.3460,145.0334,182325600
2024-11-12,146.5510,149.4165,145.7822,148.0586,198634700
2024-11-13,148.8375,149.0970,145.6724,146.0418,191903300
2024-11-14,147.4097,148.7675,145.3229,146.5310,194463300
2024-11-15,144.6440,145.0134,139.8614,141.7585,250132900
2024-11-18,139.2824,141.3292,136.9360,139.9314,221205300
2024-11-19,141.0995,146.9005,140.7701,146.7807,227834900
2024-11-20,147.1800,147.3298,142.5073,145.6624,309871700
2024-11-21,149.1170,152.6515,140.4805,146.4412,400946600
2024-11-22,145.7023,146.9304,140.8799,141.7286,236406200
2024-11-25,141.7685,141.8284,135.6081,135.8078,344941900
2024-11-26,137.4852,139.0827,135.4583,136.7064,190287700
2024-11-27,134.7994,137.0059,131.5944,135.1289,226370900
2024-11-29,136.5666,139.1326,135.8378,138.0343,141863200
2024-12-02,138.6134,140.2309,137.6050,138.4137,171682800
2024-12-03,138.0443,140.3207,137.7348,140.0412,164414000
2024-12-04,141.7785,145.5625,140.0711,144.9136,231224300
2024-12-05,144.8936,146.3215,143.7353,144.8437,172621200
2024-12-06,144.3844,145.4827,141.0993,142.2276,188505600
2024-12-09,138.7628,139.7413,136.9255,138.6030,189308600
2024-12-10,138.8027,141.6085,133.5905,134.8686,210020900
2024-12-11,137.1552,139.9610,135.0084,139.1022,184905200
2024-12-12,136.8756,138.2335,135.5975,137.1352,159211400
2024-12-13,138.7328,139.3918,132.3423,134.0498,231514900
2024-12-16,133.9799,134.1996,130.2255,131.8031,237951100
2024-12-17,128.8975,131.3937,126.6708,130.1955,259410300
2024-12-18,133.6604,136.4961,128.0887,128.7178,277444500
2024-12-19,131.5635,133.8301,129.3568,130.4851,209719200
2024-12-20,129.6164,135.0783,128.0288,134.4991,306528600
2024-12-23,136.0768,139.5815,134.9185,139.4617,176053500
2024-12-24,139.7912,141.6884,138.4432,140.0109,105157000
2024-12-26,139.4917,140.6400,137.5246,139.7213,116205600
2024-12-27,138.3434,138.8127,134.5091,136.8057,170582600
2024-12-30,134.6289,140.0608,133.8201,137.2849,167734700
2024-12-31,137.8242,137.8641,133.6304,134.0897,155659200
2025-01-02,135.7972,138.6729,134.4292,138.1037,198247200
2025-01-03,139.8012,144.6839,139.5216,144.2546,229322500
2025-01-06,148.3684,151.9331,147.5996,149.2072,265377400
2025-01-07,152.8018,152.9016,139.8012,139.9310,351782200
2025-01-08,142.3674,143.7353,137.3548,139.9010,227349900
2025-01-10,137.2450,139.7113,134.0198,135.7073,207602500
2025-01-13,129.7962,133.2909,129.3169,133.0313,204808900
2025-01-14,135.8471,136.1766,129.8561,131.5635,195590500
2025-01-15,133.4507,136.2465,131.0942,136.0368,185217300
2025-01-16,138.4332,138.5431,133.2909,133.3708,209235600
2025-01-17,136.4862,138.2935,135.2580,137.5046,201188800
2025-01-21,138.9525,141.6185,136.8855,140.6200,197749000
2025-01-22,144.4443,147.5696,143.4557,146.8507,237651400
2025-01-23,144.8337,147.0104,143.5057,147.0005,155915500
2025-01-24,148.1487,148.7479,141.6684,142.4073,234657600
2025-01-27,124.6139,128.2085,116.5260,118.2434,818830900
2025-01-28,121.6283,128.8076,116.0766,128.7976,579666400
2025-01-29,126.3113,126.7008,119.8710,123.5155,467120600
2025-01-30,122.9164,124.8136,117.9239,124.4641,392925500
2025-01-31,123.5954,127.6593,119.0123,119.8909,388161100
2025-02-03,114.5789,118.3932,112.8415,116.4860,371235700
2025-02-04,116.7856,121.0192,116.5260,118.4731,256550000
2025-02-05,121.5784,124.8136,120.5799,124.6438,262230800
2025-02-06,127.2300,128.5780,125.0233,128.4881,251483600
2025-02-07,129.0273,130.1756,124.8136,129.6463,228186300
2025-02-10,129.8960,134.7987,129.7662,133.3708,216989100
2025-02-11,132.3823,134.2795,130.8246,132.6020,178902400
2025-02-12,129.8261,132.0428,128.8875,130.9444,160278600
2025-02-13,131.3638,136.2964,130.9744,135.0882,197430000
2025-02-14,136.2765,139.0423,135.2979,138.6429,195479600
2025-02-18,141.0593,143.2261,137.7243,139.1921,219176600
2025-02-19,139.3020,141.1492,137.0154,139.0224,167536000
2025-02-20,139.8212,140.4502,136.5860,139.9010,143903600
2025-02-21,139.8311,141.2490,133.8301,134.2295,228217600
2025-02-24,136.3564,138.3833,129.8860,130.0857,251381100
2025-02-25,129.7862,130.0058,124.2544,126.4412,271428700
2025-02-26,129.7962,133.5306,128.2984,131.0842,322553800
2025-02-27,134.7987,134.8087,119.8310,119.9708,443175800
2025-02-28,117.8440,124.9034,116.2264,124.7337,389091100
2025-03-03,123.3258,123.5155,112.1126,113.8899,411381400
2025-03-04,110.4850,119.1321,109.9458,115.8170,398163300
2025-03-05,117.4047,118.1036,114.3392,117.1251,284337900
2025-03-06,113.3607,115.1780,110.0556,110.4051,321181900
2025-03-07,111.0841,113.3108,107.3996,112.5220,341755500
2025-03-10,109.7361,111.6832,105.3027,106.8205,366487400
2025-03-11,106.8304,112.0726,104.6137,108.5978,354865700
2025-03-12,113.9603,116.5966,112.7220,115.5780,323857500
2025-03-13,116.8662,117.5952,113.6308,115.4183,299033100
2025-03-14,118.4440,121.7094,117.9847,121.4997,277593500
2025-03-17,122.5682,122.7180,117.8648,119.3627,255501500
2025-03-18,117.8349,118.8534,114.3797,115.2685,299686900
2025-03-19,117.1059,120.2814,115.5181,117.3555,273426200
2025-03-20,116.3869,120.0318,116.3070,118.3641,248829700
2025-03-21,116.7763,117.8249,115.2585,117.5353,266498500
2025-03-24,119.7122,122.0490,119.1730,121.2401,228452500
2025-03-25,120.3813,121.1203,118.7536,120.5211,167447200
2025-03-26,118.5638,118.6737,112.5523,113.6008,293463300
2025-03-27,111.1942,114.2898,110.5051,111.2741,236902100
2025-03-28,111.3340,112.7121,108.9174,109.5165,229872500
2025-03-31,104.9829,110.8047,103.5049,108.2283,299212700
2025-04-01,108.3681,110.0458,106.3210,109.9959,222614000
2025-04-02,107.1398,111.8233,106.6405,110.2655,220601200
2025-04-03,103.3651,105.4822,101.4578,101.6575,338769400
2025-04-04,98.7716,99.9899,91.9811,94.1780,532273800
2025-04-07,87.3376,101.6076,86.4988,97.5033,611041300
2025-04-08,103.6647,105.7019,94.3278,96.1652,476243400
2025-04-09,98.7516,114.9389,97.3935,114.1700,612918300
2025-04-10,109.2169,110.7049,99.0112,107.4195,437812400
2025-04-11,108.3482,111.3939,107.3296,110.7748,313417300
2025-04-14,113.9503,114.1301,108.9174,110.5551,264705000
2025-04-15,110.8147,113.4610,110.3454,112.0430,228966900
2025-04-16,104.4037,106.6406,100.3094,104.3438,397016900
2025-04-17,104.3038,104.3238,99.9100,101.3480,292517500
2025-04-21,98.6318,99.3008,94.9070,96.7744,288501100
2025-04-22,98.6417,99.6703,97.1438,98.7516,241004800
2025-04-23,104.3737,104.6533,101.8772,102.5663,247526000
2025-04-24,103.3352,106.3909,102.9657,106.2811,220815000
2025-04-25,106.7005,111.7634,105.5820,110.8547,251064700
2025-04-28,109.5365,110.2156,105.8716,108.5779,207708500
2025-04-29,107.5193,110.0458,107.2896,108.8674,170444300
2025-04-30,104.3238,108.7676,103.9343,108.7676,235044600
2025-05-01,112.9217,114.7791,111.1442,111.4538,236121500
2025-05-02,114.0202,115.2385,113.2114,114.3398,190194800
2025-05-05,112.7520,114.5095,112.5023,113.6607,133163200
2025-05-06,111.3240,114.5794,110.6649,113.3811,158525600
2025-05-07,112.8918,117.5153,112.1229,116.8962,206758800
2025-05-08,118.0845,118.5139,115.6879,117.2057,198428100
2025-05-09,117.1858,118.0645,115.0488,116.4868,132972200
2025-05-12,121.7993,122.8279,120.1117,122.8279,225023300
2025-05-13,124.8051,131.0364,124.2958,129.7482,330430100
2025-05-14,133.0136,135.2505,131.4957,135.1506,281180800
2025-05-15,134.1021,136.1093,132.4744,134.6413,226632600
2025-05-16,136.0294,136.1592,133.2732,135.2105,226542500
2025-05-19,132.2047,135.6798,132.2047,135.3803,193154600
2025-05-20,134.1021,134.3917,132.4344,134.1919,161514200
2025-05-21,132.8738,137.2077,130.4072,131.6156,270608700
2025-05-22,132.0449,134.0621,131.3659,132.6441,187344000
2025-05-23,129.8181,132.4943,128.9793,131.1063,198821300
2025-05-27,133.9622,135.4701,133.1234,135.3104,192953600
2025-05-28,135.8396,137.0579,134.6014,134.6213,304021100
2025-05-29,142.0509,143.2892,137.7170,138.9952,369241900
2025-05-30,138.5259,139.4246,132.7340,134.9409,333170900
2025-06-02,135.3004,137.9267,135.2105,137.1877,197663100
2025-06-03,138.5858,141.8013,137.7569,141.0224,225578800
2025-06-04,141.9910,142.1907,139.3447,141.7214,167120800
2025-06-05,141.9710,143.7985,138.6357,139.7941,231397900
2025-06-06,142.3105,143.0695,141.3119,141.5217,153986200
2025-06-09,142.9896,144.7971,141.7414,142.4304,185114500
2025-06-10,142.4903,144.0881,141.3319,143.7585,155881900
2025-06-11,144.4176,144.7971,141.6813,142.6400,167694000
2025-06-12,141.7812,144.8071,141.6613,144.8071,162365000
2025-06-13,142.2905,143.3890,140.6626,141.7811,180820600
2025-06-16,143.1593,145.9856,143.0095,144.4975,183133700
2025-06-17,144.2978,145.0268,143.5887,143.9283,139108000
2025-06-18,143.8184,145.4563,142.9296,145.2865,161494100
2025-06-20,145.2565,146.0055,142.4602,143.6587,242956200
2025-06-23,142.3105,144.5874,141.8411,143.9782,154308900
2025-06-24,145.3664,147.7632,145.3065,147.7033,187566100
2025-06-25,149.0715,154.2446,149.0615,154.1048,269146500
2025-06-26,155.7725,156.5115,153.7951,154.8138,198145700
2025-06-27,155.8324,158.4989,155.0535,157.5402,263234500
2025-06-30,158.1893,158.4490,155.7526,157.7799,194580300
2025-07-01,156.0821,156.9909,151.2885,153.0961,213143600
2025-07-02,152.7765,157.3904,152.7665,157.0408,171224100
2025-07-03,158.1593,160.7659,157.5601,159.1281,143716100
2025-07-07,157.9896,159.0981,157.1307,158.0295,140139000
2025-07-08,159.1181,160.0069,158.1793,159.7872,138133000
2025-07-09,161.0055,164.2013,160.9456,162.6633,183656400
2025-07-10,164.1014,164.2812,161.3950,163.8817,167704100
2025-07-11,163.5022,167.6667,163.2526,164.7006,193633300
2025-07-14,165.1500,165.2699,161.8045,163.8518,136975800
2025-07-15,170.9623,172.1707,168.9749,170.4729,230627400
2025-07-16,170.8325,171.5216,168.6753,171.1421,158831500
2025-07-17,171.7912,173.9284,170.6028,172.7699,160841100
2025-07-18,173.4090,174.0182,171.0322,172.1807,146456400
2025-07-21,172.5202,173.1494,170.7726,171.1521,123126100
2025-07-22,171.1121,171.1620,164.3611,166.8078,193114300
2025-07-23,169.3045,171.0322,167.7466,170.5528,154082200
2025-07-24,172.2106,173.5988,171.0722,173.5089,128984600
2025-07-25,173.3791,174.4876,172.7300,173.2692,122316800
2025-07-28,173.7885,176.7646,173.7386,176.5149,140023500
2025-07-29,177.7233,179.1414,174.7872,175.2766,154077500
2025-07-30,176.2752,179.6507,175.8058,179.0316,174312200
2025-07-31,182.6567,183.0562,175.6960,177.6334,221685400
2025-08-01,173.8584,176.3052,170.6627,173.4889,204529000
2025-08-04,174.9270,179.9603,174.2879,179.7606,148174600
2025-08-05,179.3811,180.0202,175.6660,178.0229,156407600
2025-08-06,176.0955,179.6607,176.0156,179.1814,137192300
2025-08-07,181.3285,183.6354,178.5622,180.5296,151878400
2025-08-08,181.3085,183.0562,180.1600,182.4570,123396700
2025-08-11,181.8078,183.5955,180.0102,181.8178,138323200
2025-08-12,182.7167,184.2346,179.2213,182.9164,145485700
2025-08-13,182.3771,183.7253,179.1115,181.3485,179871700
2025-08-14,179.5109,182.7765,179.2213,181.7779,129554000
2025-08-15,181.6381,181.6580,177.8032,180.2100,156602200
2025-08-18,180.3598,182.6967,180.3498,181.7679,132008000
2025-08-19,182.1873,182.2572,175.2566,175.4064,185229200
2025-08-20,174.9370,175.7659,168.5755,175.1667,215142700
2025-08-21,174.6174,176.6647,173.5788,174.7472,140040900
2025-08-22,172.3804,178.3525,170.9723,177.7533,172789400
2025-08-25,178.1128,181.6680,176.3352,179.5708,163012800
2025-08-26,179.8205,182.1474,178.5722,181.5282,168688200
2025-08-27,181.7379,182.2473,178.8618,181.3584,235518900
2025-08-28,180.5795,184.2246,176.1754,179.9304,281787800
2025-08-29,177.8731,177.9130,172.9197,173.9483,243257900
2025-09-02,169.7739,172.1507,166.9976,170.5528,231164900
2025-09-03,170.8325,172.1807,168.6554,170.3931,164424900
2025-09-04,170.3431,171.6314,169.1847,171.4317,141670100
2025-09-05,167.8065,168.8052,163.8518,166.7979,224441400
2025-09-08,167.3271,170.7326,167.1274,168.0861,163769100
2025-09-09,168.8651,170.7526,166.5182,170.5329,157548400
2025-09-10,176.4050,179.0515,175.2366,177.0941,226852000
2025-09-11,179.4511,180.0504,176.2552,176.9443,151159300
2025-09-12,177.5436,178.3725,176.2252,177.5935,124911000
2025-09-15,175.4462,178.6222,174.2877,177.5236,147061600
2025-09-16,176.7745,177.2739,174.1579,174.6572,140737800
2025-09-17,172.4201,172.9794,168.1955,170.0731,211843800
2025-09-18,173.7584,176.8744,172.7397,176.0155,191763300
2025-09-19,175.5461,177.8532,174.9568,176.4449,237182100
2025-09-22,175.0767,184.3149,174.4875,183.3761,269637000
2025-09-23,181.7382,182.1876,175.9856,178.2027,192559600
2025-09-24,179.5410,179.5510,175.1766,176.7446,143564100
2025-09-25,174.2578,180.0304,172.9095,177.4637,191586700
2025-09-26,177.9430,179.5410,174.7072,177.9630,148573700
2025-09-29,180.2002,183.7656,180.0903,181.6184,193063500
2025-09-30,181.8481,187.1114,181.2488,186.3423,236981000
2025-10-01,185.0040,187.9003,183.6657,187.0015,173844900
2025-10-02,189.3585,190.8067,187.8205,188.6494,136805800
2025-10-03,188.9490,190.1175,185.1439,187.3810,137596900
2025-10-06,185.2637,186.9915,183.0965,185.3036,157678100
2025-10-07,185.9928,188.8192,183.7656,184.8043,140088000
2025-10-08,186.3324,189.3585,186.3024,188.8691,130168900
2025-10-09,191.9851,195.0512,190.8166,192.3247,182997200
2025-10-10,193.2635,195.3708,181.8181,182.9267,268774400
2025-10-13,187.7306,189.8678,185.7231,188.0801,153482800
2025-10-14,184.5346,184.5646,179.4711,179.8007,205641400
2025-10-15,184.5646,184.6345,177.0642,179.6009,214450500
2025-10-16,181.9979,183.0465,179.5410,181.5784,179723300
2025-10-17,179.9505,183.8655,179.5210,182.9866,173135200
2025-10-20,182.8967,184.9641,181.4985,182.4073,128544700
2025-10-21,182.5571,182.5571,179.5710,180.9292,124240200
2025-10-22,180.9093,183.2063,176.5348,180.0504,162249600
2025-10-23,180.1902,182.7969,179.5610,181.9280,111363700
2025-10-24,183.6058,187.2312,183.2662,186.0227,131296700
2025-10-27,189.7480,191.7554,188.1900,191.2461,153452700
2025-10-28,192.8041,202.8912,191.6656,200.7739,297986200
2025-10-29,207.7151,211.9197,204.5192,206.7763,308829600
2025-10-30,204.8887,205.8974,201.1535,202.6316,178864400
2025-10-31,206.1870,207.7051,201.8126,202.2321,179802200
2025-11-03,207.8149,211.0708,205.2981,206.6165,180267300
2025-11-04,202.7414,203.7102,197.6779,198.4369,188919300
2025-11-05,198.5168,202.6615,194.4021,194.9613,171350300
2025-11-06,196.1698,197.3683,186.1426,187.8404,223029800
2025-11-07,184.6645,188.0801,178.6821,187.9103,264942300
2025-11-10,194.8615,199.6853,193.5432,198.7965,198897100
2025-11-11,194.9114,195.1711,191.0563,192.9140,176483300
2025-11-12,195.4707,195.6405,190.8865,193.5531,154935300
2025-11-13,190.8066,191.1961,183.6158,186.6220,207423100
2025-11-14,182.6271,190.7667,180.3500,189.9277,186591900
2025-11-17,185.7331,188.7592,184.0852,186.3623,173628900
2025-11-18,183.1464,184.5646,179.4212,181.1290,213598900
2025-11-19,184.5546,187.6207,182.5971,186.2824,247246400
2025-11-20,195.7004,195.7503,179.6209,180.4099,343504800
2025-11-21,181.0091,184.3249,172.7097,178.6521,346926200
2025-11-24,179.2614,183.2663,176.2552,182.3175,256618300
2025-11-25,174.6872,177.9331,169.3340,177.5935,320600300
2025-11-26,181.3986,182.6770,178.0130,180.0304,183852000
2025-11-28,178.7820,179.0616,176.2752,176.7745,121332800
2025-12-01,174.5374,180.0703,173.4588,179.6908,188131000
2025-12-02,181.5285,185.4235,179.7707,181.2289,182632200
2025-12-03,180.8493,182.2176,178.8819,179.3612,165138000
2025-12-04,181.3988,184.2952,179.7408,183.1566,167364900
2025-12-05,183.6660,184.4350,180.6896,182.1878,143971100
2025-12-08,182.4175,187.7710,182.1778,185.3240,204378100
2025-12-09,185.3340,185.4938,183.0967,184.7447,144719700
2025-12-10,184.7447,185.2540,181.8182,183.5561,162785400
2025-12-11,180.0604,181.0991,176.4048,180.7096,182136600
2025-12-12,180.8894,182.5973,174.4073,174.8068,204274900
2025-12-15,177.7232,178.2027,174.8168,176.0752,164775600
2025-12-16,176.0453,178.2726,174.6869,177.5035,148588100
2025-12-17,175.8855,175.9154,170.1025,170.7318,222775500
2025-12-18,174.3174,175.9354,171.6107,173.9279,176096000
2025-12-19,176.4548,181.2289,176.1252,180.7695,324925900
2025-12-22,183.6959,183.9357,182.1279,183.4662,129064400
2025-12-23,182.7471,189.0994,182.6772,188.9795,174873600
2025-12-24,187.7111,188.6799,186.3627,188.3802,65528500
2025-12-26,189.6886,192.4553,187.7710,190.2979,139740300
2025-12-29,187.4813,188.5300,185.6835,187.9907,120006100
2025-12-30,188.0107,188.7598,186.7023,187.3115,97687300
2025-12-31,189.3391,190.3279,186.2628,186.2728,120100500
2026-01-02,189.6087,192.6950,188.0307,188.6199,148240500
2026-01-05,191.5264,193.3941,185.9232,187.8908,183529700
2026-01-06,190.2879,191.9359,186.5924,187.0119,176862600
2026-01-07,188.3403,191.1369,186.3327,188.8796,153543200
2026-01-08,188.8796,189.3191,183.4862,184.8146,172457000
2026-01-09,184.8545,186.1130,183.4462,184.6348,131327500
2026-01-12,182.9968,186.8920,182.7970,184.7147,137968500
2026-01-13,184.7746,187.8808,183.1766,185.5836,160128900
2026-01-14,184.0955,184.2353,180.5797,182.9169,159586100
2026-01-15,186.2728,189.4689,186.1030,186.8221,206188600
2026-01-16,188.8497,190.2080,185.8533,186.0031,187967200
2026-01-20,181.6784,182.1578,177.3936,177.8531,223345300
2026-01-21,178.8319,185.1542,178.1827,183.0967,200381000
2026-01-22,184.5249,185.9432,183.7059,184.6148,139636600
2026-01-23,187.2716,189.3690,186.5924,187.4414,142748100
2026-01-26,186.9320,188.8896,185.7634,186.2428,124799600
2026-01-27,187.0119,189.7685,185.4738,188.2903,143711600
2026-01-28,191.0370,192.1157,189.6087,191.2867,148552700
2026-01-29,191.1069,193.2443,185.8333,192.2755,171764400
2026-01-30,190.9771,194.2531,189.2392,190.8972,179489500
2026-02-02,186.9720,190.0682,184.6548,185.3839,165794100
2026-02-03,186.0131,186.0431,176.0153,180.1203,204019600
2026-02-04,179.2414,179.3612,171.7006,173.9778,207014100
2026-02-05,174.7169,176.6046,170.8216,171.6706,206312900
2026-02-06,176.4747,186.7722,174.3873,185.1841,231346200
2026-02-09,184.0355,193.4241,183.7259,189.8085,196387400
2026-02-10,191.1469,192.2455,187.8908,188.3103,136764800
2026-02-11,192.2156,193.0246,188.5400,189.8185,144192700
2026-02-12,192.7949,193.3742,186.2828,186.7123,189932500
2026-02-13,187.2516,187.2716,181.3688,182.5873,161888000
2026-02-17,181.5286,186.9220,178.9617,184.7447,162276900
2026-02-18,188.5201,190.1381,186.5325,187.7510,164749100
2026-02-19,186.8321,188.2004,185.4338,187.6711,126554500
2026-02-20,186.3427,190.0981,185.7135,189.5888,178422300
2026-02-23,191.1668,193.7137,189.3491,191.3167,171584800
2026-02-24,191.2567,193.5340,187.1717,192.6151,175123600
2026-02-25,194.2131,197.3892,193.5539,195.3218,250637100
2026-02-26,194.0333,194.0533,184.0955,184.6648,360807900
2026-02-27,181.0292,182.3676,176.1651,176.9742,311636500
2026-03-02,174.7968,183.2365,174.4273,182.2577,209095300
2026-03-03,178.2726,180.6796,176.7045,179.8307,178099400
2026-03-04,180.2202,184.4750,179.8407,182.8170,177731200
2026-03-05,180.9493,183.8358,177.6633,183.1167,198779700
2026-03-06,179.6209,182.5373,176.6046,177.6034,189021900
2026-03-09,176.6146,182.6872,175.3461,182.4275,177213600
2026-03-10,182.1778,186.2129,181.7883,184.5449,179118500
2026-03-11,185.6936,187.4016,184.2353,185.8134,145280400
2026-03-12,183.8357,184.7247,181.5384,182.9268,155762700
2026-03-13,184.7047,185.8734,179.7305,180.0402,160988400
2026-03-16,182.7570,188.6601,181.1988,183.0067,217307400
2026-03-17,184.8446,185.1842,181.4685,181.7182,182497800
2026-03-18,182.2676,183.1665,180.1201,180.1900,156683100
2026-03-19,177.8028,179.7705,175.5853,178.3521,170968500
2026-03-20,177.7928,178.0525,171.5201,172.4989,241323500
2026-03-23,177.0536,178.1623,174.5566,175.4355,182836300
2026-03-24,174.6265,176.0148,173.7775,174.9960,147667800
2026-03-25,176.8938,181.0090,176.6441,178.4720,162602100
2026-03-26,175.8650,176.3045,170.9408,171.0407,186152200
2026-03-27,169.8021,170.7710,166.8156,167.3250,196212700
2026-03-30,168.5835,169.2527,164.0788,164.9777,185627000
2026-03-31,166.7756,174.4167,166.7656,174.1970,226181300
2026-04-01,175.7951,177.1635,174.5466,175.5454,168132000
2026-04-02,171.9795,177.2834,171.1705,177.1835,143143200
2026-04-06,176.9538,177.5830,175.5554,177.4332,107564300
2026-04-07,175.5254,178.0225,173.4578,177.8927,132534900
2026-04-08,184.2852,185.0443,180.0901,181.8680,147732700
2026-04-09,181.6283,183.8657,180.4097,183.6959,116428500
2026-04-10,184.0954,189.7788,184.0855,188.4104,160459500
2026-04-13,185.8134,189.4392,185.5238,189.0896,133648200
2026-04-14,190.6178,196.2812,190.5479,196.2812,161307000
2026-04-15,196.3112,200.1667,195.5121,198.6385,185338400
2026-04-16,197.2002,199.6173,195.5820,198.1191,134012900
2026-04-17,199.6673,201.4652,199.0380,201.4452,160324400
2026-04-20,199.7472,201.9346,197.6097,201.8248,119381400
2026-04-21,201.8947,202.5140,198.7683,199.6473,107945300
2026-04-22,200.7560,202.2643,198.7683,202.2643,107501000
2026-04-23,202.2243,203.5927,196.9904,199.4076,113561800
2026-04-24,199.7272,210.7044,199.5774,208.0275,214134400
2026-04-27,209.4059,216.5776,207.1386,216.3578,187172400
2026-04-28,209.2461,214.4800,207.9576,212.9218,180275400
2026-04-29,212.4524,212.4724,207.3384,209.0064,123711800
2026-04-30,209.6856,210.0552,198.4687,199.3377,225239200
2026-05-01,201.0457,202.7637,196.8905,198.2190,128647000
2026-05-04,199.2677,201.4951,194.5133,198.2489,125368100
2026-05-05,199.0680,200.0069,195.8018,196.2712,113406600
2026-05-06,199.6573,208.0275,198.3788,207.5881,188362800
2026-05-07,208.0975,213.9506,206.2596,211.2538,168307900
2026-05-08,212.7820,217.5465,212.6422,214.9495,136421400
2026-05-11,213.7908,222.0412,213.6410,219.1845,160685800
2026-05-12,218.2956,223.4895,214.6698,220.5230,159176600
2026-05-13,224.6681,227.5748,221.3121,225.5671,150405400
2026-05-14,229.5824,236.2646,229.0331,235.4656,180782900
2026-05-15,229.4925,231.2305,223.9790,225.0577,180977600
2026-05-18,229.6024,229.7323,218.1158,222.0612,146280900
2026-05-19,219.3643,224.2187,217.6563,220.3532,140948200
2026-05-20,222.9202,225.8668,220.2433,223.2099,184201600
2026-05-21,222.0312,227.1353,217.6763,219.2545,203381800
2026-05-22,220.6428,220.7527,214.5499,215.0793,169275700
2026-05-26,216.2879,217.9260,211.7532,214.6099,187202600
2026-05-27,213.8707,213.9007,208.5369,212.3525,167601200
2026-05-28,211.0340,215.2691,210.9741,214.0006,143996000
2026-05-29,214.3302,217.6064,210.8842,210.8942,289410600
2026-06-01,215.4789,224.6082,215.4489,224.0988,212850700
2026-06-02,226.9155,232.0096,221.0923,222.5606,193362900
2026-06-03,221.4619,222.5606,214.2603,214.5000,160907000
2026-06-04,213.9100,221.6000,210.9700,218.6600,169022200
2026-06-05,214.5300,214.8700,204.3300,205.1000,219655500
2026-06-08,210.1800,210.4700,206.0000,208.6400,138372800
2026-06-09,210.6200,211.4000,199.3400,208.1900,180962500
2026-06-10,204.4300,207.2200,199.9200,200.4200,161746600
2026-06-11,201.4900,205.6600,199.5400,204.8700,158643200
2026-06-12,204.8600,207.0700,203.4400,205.1900,112001800
2026-06-15,208.9200,212.7100,208.3400,212.4500,149936700
2026-06-16,211.1800,211.4900,207.2900,207.4100,125694100
2026-06-17,208.5300,209.2100,203.0800,204.6500,128363500
2026-06-18,207.3300,211.3900,206.5000,210.6900,241272000
2026-06-22,211.4400,213.9900,207.7200,208.6500,122041400
2026-06-23,202.1700,203.7700,200.0000,200.0400,153496200
2026-06-24,200.1200,201.6700,196.5800,199.0000,151810700
2026-06-25,200.0800,200.8000,192.1300,195.7400,149550000
2026-06-26,193.1200,195.5500,191.2200,192.5300,179304100
2026-06-29,193.8500,196.1800,189.8000,194.9700,148835700
2026-06-30,197.2400,200.6300,195.1100,200.0900,166476700
2026-07-01,196.2000,199.8500,193.4500,197.5800,146147600
2026-07-02,197.1400,200.0600,192.3500,194.8300,142068700
2026-07-06,194.4200,197.5500,193.9900,195.5500,108999000
2026-07-07,192.3700,198.4100,191.1400,196.9300,124154600
2026-07-08,195.1800,205.1600,195.0600,204.1200,147419100
2026-07-09,204.4600,204.5900,198.9600,202.7800,132037400
2026-07-10,202.0000,211.0000,201.9200,210.9600,148421000
2026-07-13,208.5400,210.5700,203.0000,203.5300,121411000
2026-07-14,208.2000,212.5500,203.8000,211.8000,124379600
2026-07-15,211.9600,213.8100,206.0400,212.5000,124797200
2026-07-16,210.1700,211.0800,205.8500,207.4000,122986100
2026-07-17,202.6400,206.6500,197.9700,202.8100,144033900
2026-07-20,205.8700,207.7400,202.2800,203.2800,87644878
