Date,Open,High,Low,Close,Volume
2016-07-21,184.8094,185.0309,183.7787,184.2216,67777300
2016-07-22,184.3409,185.0990,184.0768,185.0479,62787500
2016-07-25,184.8435,184.8946,183.9661,184.5453,55873100
2016-07-26,184.4432,184.9883,183.7873,184.6306,70080500
2016-07-27,185.0053,185.0734,183.6679,184.4346,84083900
2016-07-28,184.2387,184.9372,183.7787,184.6476,65035700
2016-07-29,184.3835,185.3034,184.1024,184.9457,79519400
2016-08-01,185.0054,185.3972,184.3409,184.7924,73311400
2016-08-02,184.5453,184.6987,182.7736,183.6084,92295500
2016-08-03,183.5487,184.2046,183.2506,184.1450,53993600
2016-08-04,184.2557,184.6561,182.5010,184.3409,46585500
2016-08-05,184.3409,185.8912,184.3409,185.8486,71892200
2016-08-08,186.0360,186.1382,185.4738,185.7378,39906500
2016-08-09,185.8060,186.3426,185.5249,185.8486,51251700
2016-08-10,185.9593,186.0360,185.0394,185.3886,57941100
2016-08-11,185.9168,186.4960,185.6527,186.2490,72504300
2016-08-12,185.9423,186.3001,185.6868,186.0871,61313500
2016-08-15,186.4534,186.9730,186.4449,186.6237,49813500
2016-08-16,186.2063,186.2745,185.6612,185.6612,53213600
2016-08-17,185.6953,186.1467,184.8605,186.0105,75134300
2016-08-18,185.9849,186.4619,185.8742,186.4278,52989300
2016-08-19,185.9594,186.3342,185.4738,186.1553,75443000
2016-08-22,185.9167,186.3767,185.5505,186.1467,61368800
2016-08-23,186.7601,187.0582,186.4619,186.5215,53399200
2016-08-24,186.3768,186.4705,185.1501,185.5675,71728900
2016-08-25,185.1842,185.8571,185.0309,185.4397,69224800
2016-08-26,185.6272,186.6493,184.2046,185.0905,122506300
2016-08-29,185.2182,186.2660,185.1841,186.0019,70502200
2016-08-30,185.9167,186.1978,185.1416,185.6953,58114500
2016-08-31,185.3631,185.4824,184.3920,185.1672,85269500
2016-09-01,185.1586,185.4653,184.0172,185.1757,97844200
2016-09-02,186.0275,186.4364,185.4397,186.0105,79293900
2016-09-06,186.2916,186.6493,185.5760,186.5727,56702100
2016-09-07,186.4108,186.7345,185.9508,186.5556,76554900
2016-09-08,186.2234,186.4960,185.8231,186.1297,74102900
2016-09-09,184.8179,184.8690,181.6492,181.6747,221589100
2016-09-12,180.9166,184.6816,180.8484,184.2812,168110900
2016-09-13,183.0036,183.2677,181.0104,181.6322,182828800
2016-09-14,181.6832,182.8843,181.0103,181.5640,134185500
2016-09-15,181.4022,183.7617,181.2233,183.3784,134427900
2016-09-16,182.7637,182.9434,181.9846,182.6695,155236400
2016-09-19,183.3201,183.9622,182.3784,182.7037,80250500
2016-09-20,183.5598,183.7139,182.6780,182.7122,69665300
2016-09-21,183.4143,184.9468,182.7294,184.7670,110284400
2016-09-22,185.7772,186.2309,185.5289,185.9313,76678700
2016-09-23,185.5375,185.6744,184.8183,184.9125,73630900
2016-09-26,184.0821,184.2619,183.2174,183.4143,89827300
2016-09-27,183.2516,184.6471,182.8835,184.5529,78494800
2016-09-28,184.7756,185.6231,183.8167,185.4690,87411000
2016-09-29,185.2635,185.6659,183.2431,183.7910,128070600
2016-09-30,184.6214,185.8799,184.3732,185.1779,117202900
2016-10-03,184.7670,184.9554,184.0992,184.7328,83512100
2016-10-04,184.8440,185.0666,183.2003,183.7910,119948100
2016-10-05,184.4160,185.0324,184.3475,184.6043,72816000
2016-10-06,184.3818,184.9554,183.8424,184.7328,62927400
2016-10-07,185.0067,185.1779,183.3715,184.0992,89788300
2016-10-10,185.0580,185.5203,184.9125,185.0580,51855000
2016-10-11,184.6300,184.6985,181.9932,182.7209,130367400
2016-10-12,182.8579,183.4828,182.3613,182.9606,73866100
2016-10-13,181.6335,182.8578,180.8202,182.3612,101357000
2016-10-14,183.3372,183.7995,182.3784,182.4554,93346200
2016-10-17,182.4298,182.6866,181.6421,181.8219,58275700
2016-10-18,183.4143,183.4743,182.5839,182.9606,76869700
2016-10-19,183.2260,183.7568,182.8664,183.4486,66519200
2016-10-20,183.0975,183.6625,182.4469,183.1061,73639800
2016-10-21,183.1061,183.2773,182.1472,183.1917,89089100
2016-10-24,184.0649,184.3389,183.6197,183.9707,60146600
2016-10-25,183.7910,184.0479,183.1917,183.3544,66542300
2016-10-26,182.5325,183.5684,182.2928,182.9863,75705500
2016-10-27,183.7054,183.7396,182.4212,182.4982,77220200
2016-10-28,182.4725,183.1488,181.2483,181.9588,140623200
2016-10-31,182.2928,182.5154,181.8048,181.9675,61272500
2016-11-01,182.2928,182.3442,179.4419,180.6490,122781800
2016-11-02,180.3409,180.7261,179.1252,179.5618,103330800
2016-11-03,179.7758,179.9898,178.4659,178.7399,88939300
2016-11-04,178.8512,179.6902,178.3975,178.5430,109122100
2016-11-07,178.5431,182.5154,178.5431,182.4812,109794900
2016-11-08,182.0873,183.8681,181.8219,183.3030,106772100
2016-11-09,181.8133,185.8628,181.7877,185.2464,258429000
2016-11-10,186.0340,186.8986,184.2533,185.7086,172113300
2016-11-11,184.9896,185.5204,184.3389,185.2806,100552700
2016-11-14,185.8029,186.0084,184.6814,185.4262,94580000
2016-11-15,185.8114,186.8730,185.6059,186.8730,91652600
2016-11-16,186.2566,186.7532,186.1368,186.5220,65617700
2016-11-17,186.6761,187.5408,186.5648,187.4809,69797200
2016-11-18,187.5493,187.7206,186.8816,187.0613,86265800
2016-11-21,187.6349,188.4996,187.4894,188.4739,72402600
2016-11-22,188.7821,189.0218,188.1143,188.8420,67429000
2016-11-23,188.3284,188.9962,188.1315,188.9448,56620200
2016-11-25,189.2873,189.6811,189.2102,189.6469,37872300
2016-11-28,189.3386,189.6126,188.6537,188.7564,76572500
2016-11-29,188.7907,189.5784,188.4911,189.1246,69886700
2016-11-30,189.7410,189.9036,188.6109,188.6708,113291800
2016-12-01,188.9705,188.9705,187.6178,187.9774,79040500
2016-12-02,188.0630,188.5596,187.7120,188.0716,74840300
2016-12-05,188.9020,189.5441,188.7051,189.2016,67837800
2016-12-06,189.3900,189.8352,188.9106,189.8009,59877400
2016-12-07,189.6469,192.3437,189.5270,192.2837,110738100
2016-12-08,192.2580,193.2254,191.9926,192.7546,99714400
2016-12-09,192.9771,193.9360,192.9429,193.9189,88005800
2016-12-12,193.8247,194.3041,193.2768,193.6963,102016100
2016-12-13,194.3555,195.4855,194.3383,194.9890,110477500
2016-12-14,194.6893,195.3914,192.9429,193.3795,142501800
2016-12-15,193.6192,195.0318,193.3880,194.1757,124972600
2016-12-16,194.6312,194.6915,193.4773,193.7959,156420200
2016-12-19,193.9768,194.6399,193.8304,194.2179,90341100
2016-12-20,194.7518,195.1135,194.5193,194.9671,89838800
2016-12-21,194.8379,195.0101,194.4245,194.4245,67909000
2016-12-22,194.2782,194.3987,193.6926,194.0887,56219100
2016-12-23,194.1318,194.3815,193.9423,194.3729,36697800
2016-12-27,194.6399,195.2513,194.6226,194.8551,42672500
2016-12-28,195.1135,195.1308,193.1329,193.2448,64095000
2016-12-29,193.3136,193.6667,192.7625,193.2017,48696100
2016-12-30,193.5289,193.6150,191.8066,192.4955,108998300
2017-01-03,193.7959,194.4762,192.7970,193.9681,91366500
2017-01-04,194.2954,195.2685,194.2868,195.1221,78744400
2017-01-05,194.8552,195.1221,194.1748,194.9671,78379000
2017-01-06,195.0790,196.1296,194.5365,195.6646,71559900
2017-01-09,195.4063,195.5441,194.9843,195.0188,46939700
2017-01-10,195.0360,195.8713,194.6312,195.0188,63771900
2017-01-11,194.9326,195.5699,194.2695,195.5699,74650000
2017-01-12,195.0532,195.2685,193.7270,195.0790,72113200
2017-01-13,195.2512,195.8282,195.2168,195.5268,62717900
2017-01-17,194.8896,195.2943,194.4504,194.8379,61240800
2017-01-18,195.0876,195.3116,194.5365,195.2685,54793300
2017-01-19,195.3460,195.4838,194.1146,194.5451,66608800
2017-01-20,195.2254,195.7507,194.5968,195.2599,129168600
2017-01-23,195.2599,195.3202,193.9940,194.7518,75061600
2017-01-24,194.9671,196.4139,194.8552,196.0005,95555300
2017-01-25,196.9478,197.6970,196.7841,197.6970,84437700
2017-01-26,197.5506,197.8175,197.2147,197.4903,59970700
2017-01-27,197.5678,197.7142,196.9994,197.1803,59711100
2017-01-30,196.4914,196.5172,194.9757,195.9574,79737300
2017-01-31,195.4666,196.0005,194.8982,195.9402,75880800
2017-02-01,195.9402,196.8531,195.4321,196.0177,79117700
2017-02-02,196.0177,196.4311,195.3288,196.1469,69657600
2017-02-03,197.0511,197.6798,196.7411,197.4989,80563200
2017-02-06,197.0942,197.4903,196.8100,197.1458,57790100
2017-02-07,197.5333,197.7745,196.9650,197.1544,57931200
2017-02-08,197.1544,197.5419,196.6118,197.4127,51566200
2017-02-09,197.4128,198.8854,197.4128,198.5840,65955200
2017-02-10,198.9284,199.5915,198.6012,199.3676,66015900
2017-02-13,199.8585,200.7111,199.8327,200.4527,55182100
2017-02-14,200.2718,201.2622,199.9274,201.2536,71109000
2017-02-15,201.0382,202.4936,200.9866,202.3042,86785800
2017-02-16,202.3300,202.5109,201.3828,202.1320,84722400
2017-02-17,201.4689,202.4506,201.4517,202.4506,77204100
2017-02-21,202.8209,203.8284,202.8123,203.6562,88946100
2017-02-22,203.2514,203.6992,203.0878,203.4753,62115200
2017-02-23,203.9921,204.0093,202.8554,203.6132,74615900
2017-02-24,202.7692,203.9146,202.7262,203.8715,82381600
2017-02-27,203.7854,204.3624,203.5356,204.1901,56515400
2017-02-28,203.8113,204.0524,203.2515,203.6390,96961900
2017-03-01,205.2924,206.9545,205.2752,206.4894,149158200
2017-03-02,206.3000,206.3086,205.1374,205.1891,70246000
2017-03-03,205.1030,205.4819,204.7241,205.3183,81974300
2017-03-06,204.5260,205.0599,204.1040,204.7069,55391500
2017-03-07,204.4054,204.7585,203.8887,204.0954,65103700
2017-03-08,204.3882,204.6466,203.5787,203.7165,78168800
2017-03-09,203.8371,204.3021,203.0104,203.9749,90683900
2017-03-10,204.9307,204.9738,203.7423,204.6896,81991700
2017-03-13,204.6293,204.8360,204.3020,204.7929,57256800
2017-03-14,204.2505,204.3021,203.3979,204.0093,59880800
2017-03-15,204.5776,206.1966,204.3451,205.7746,96081800
2017-03-16,205.9124,205.9899,205.0426,205.3699,78344000
2017-03-17,205.6320,205.8223,205.0093,205.0093,89002100
2017-03-20,205.0092,205.2946,204.3951,204.7843,52537000
2017-03-21,205.3898,205.5109,202.0253,202.1551,131809300
2017-03-22,202.1897,202.9162,201.5669,202.6308,97569200
2017-03-23,202.6307,203.5475,202.0426,202.4145,100410300
2017-03-24,202.7172,203.2881,201.4891,202.2675,112504900
2017-03-27,200.5982,202.3194,200.3215,202.0599,87454500
2017-03-28,201.7572,203.9541,201.6448,203.5303,93483900
2017-03-29,203.2448,203.9540,203.0199,203.7205,61950400
2017-03-30,203.6600,204.5682,203.4871,204.3693,56737900
2017-03-31,204.0319,204.5595,203.8416,203.8936,73733100
2017-04-03,203.9454,204.1444,202.3108,203.5389,85546500
2017-04-04,203.2535,203.7551,202.8729,203.6686,56466200
2017-04-05,204.3433,205.3206,202.8556,203.0632,108800600
2017-04-06,203.2016,204.1530,202.7605,203.6340,69135800
2017-04-07,203.3832,204.1184,202.9421,203.4265,74412300
2017-04-10,203.5649,204.3433,203.0200,203.5476,67615300
2017-04-11,203.1670,203.4092,201.8178,203.3054,88045300
2017-04-12,203.0286,203.2189,202.1896,202.4145,81864400
2017-04-13,202.0772,202.8124,201.0999,201.0999,92880400
2017-04-17,201.6188,202.8816,201.4199,202.8816,68405400
2017-04-18,202.1464,202.8124,201.5929,202.2762,83225800
2017-04-19,202.8384,203.2103,201.6794,201.9043,68699900
2017-04-20,202.5183,203.9887,202.1983,203.5476,92572200
2017-04-21,203.4697,203.5216,202.5010,202.8989,110389800
2017-04-24,205.1390,205.3379,202.8729,205.1303,119209900
2017-04-25,205.7704,206.6699,205.6839,206.3240,76698300
2017-04-26,206.2893,207.1715,206.1509,206.1941,84702500
2017-04-27,206.5142,206.6699,205.8309,206.3672,57410300
2017-04-28,206.6267,206.6526,205.7877,205.9174,63532800
2017-05-01,206.4363,206.8602,206.0212,206.4363,66882500
2017-05-02,206.5747,206.6958,206.1077,206.5142,57375700
2017-05-03,206.5142,206.6094,205.5888,206.2634,73137700
2017-05-04,206.5661,206.6439,205.6579,206.5055,61462700
2017-05-05,206.8775,207.3359,206.4364,207.3186,62001300
2017-05-08,207.3619,207.5089,206.8602,207.2840,48385700
2017-05-09,207.5435,207.7424,206.7477,207.0937,51363200
2017-05-10,207.0505,207.4656,206.8429,207.4656,54293800
2017-05-11,207.0159,207.2061,205.9607,207.0418,62358300
2017-05-12,206.7910,207.0851,206.4277,206.6958,53912700
2017-05-15,207.1196,207.9586,207.1023,207.8375,61918900
2017-05-16,208.1316,208.1576,207.2581,207.6473,51241800
2017-05-17,207.6472,207.6472,203.9022,203.9627,172174100
2017-05-18,203.8848,205.6319,203.6253,204.7843,107047700
2017-05-19,205.2687,206.7823,205.2168,206.1163,115011400
2017-05-22,206.6266,207.3272,206.5575,207.1629,61010600
2017-05-23,207.5348,207.7856,207.1542,207.6213,48341700
2017-05-24,207.8549,208.2095,207.5176,208.1057,46927700
2017-05-25,208.6159,209.3770,208.4083,209.1003,64071700
2017-05-26,208.9101,209.2214,208.8322,209.0571,46629900
2017-05-30,208.7370,209.1262,208.5814,208.8754,35201900
2017-05-31,209.1695,209.2041,208.1316,208.8235,91796000
2017-06-01,209.2819,210.5014,208.9965,210.4841,68962000
2017-06-02,210.5360,211.3404,210.2419,211.1847,88666100
2017-06-05,211.0117,211.2972,210.8301,211.0290,44698800
2017-06-06,210.4668,211.0204,210.2766,210.3544,50375400
2017-06-07,210.6917,210.9685,210.0257,210.7436,54144300
2017-06-08,210.8388,211.3231,210.3198,210.8474,65950700
2017-06-09,211.1155,211.9113,209.2646,210.5274,132256400
2017-06-12,210.2852,210.5360,209.6365,210.4841,86108100
2017-06-13,211.0203,211.5652,210.6744,211.5134,60067000
2017-06-14,211.7815,211.7902,210.4236,211.2453,78602300
2017-06-15,209.8960,210.9599,209.6193,210.8388,66464900
2017-06-16,210.9978,211.0500,210.0070,210.8849,84553100
2017-06-19,211.7105,212.7013,211.6149,212.6405,65123800
2017-06-20,212.2841,212.2928,211.1890,211.2064,56906400
2017-06-21,211.5975,211.7105,210.6849,211.1542,55977600
2017-06-22,211.1629,211.6583,210.8848,211.0586,44148100
2017-06-23,211.1195,211.6409,210.7370,211.3107,66986800
2017-06-26,211.9799,212.3971,211.2412,211.4498,56700500
2017-06-27,211.2324,211.5279,209.7288,209.7462,82247700
2017-06-28,210.7631,211.8235,210.5285,211.6236,70042600
2017-06-29,211.7713,211.8235,208.5556,209.7636,106949700
2017-06-30,210.5720,210.9457,209.9636,210.1548,86820700
2017-07-03,211.0934,211.5280,210.5111,210.5111,39153800
2017-07-05,210.8762,211.2064,210.0679,210.9978,54427600
2017-07-06,210.2330,210.3546,208.8858,209.0683,65400800
2017-07-07,209.6420,210.5719,209.0770,210.4242,57972300
2017-07-10,210.4242,211.0239,210.1200,210.6502,36663300
2017-07-11,210.6501,210.8066,209.3291,210.4937,50354600
2017-07-12,211.4584,212.2406,211.4584,212.0755,59610400
2017-07-13,212.0842,212.5448,211.8582,212.4319,39471600
2017-07-14,212.4318,213.7790,212.3362,213.4227,60262700
2017-07-17,213.3444,213.7268,213.2227,213.3966,33531900
2017-07-18,212.9881,213.5618,212.6492,213.5096,42742500
2017-07-19,213.8225,214.6742,213.8138,214.6655,51034300
2017-07-20,214.9175,215.0392,214.2136,214.7611,47135200
2017-07-21,214.1875,214.5960,213.9615,214.5699,82340800
2017-07-24,214.4916,214.6568,214.0484,214.5177,46622300
2017-07-25,215.2652,215.3695,214.8133,215.0392,54915600
2017-07-26,215.3260,215.3608,214.7872,215.0479,47575400
2017-07-27,215.5086,215.5434,213.5270,214.8481,70766600
2017-07-28,214.3700,214.7263,213.9180,214.5960,50088400
2017-07-31,214.9958,215.0914,214.2657,214.4743,65838700
2017-08-01,215.0740,215.1087,214.4308,214.9523,55050400
2017-08-02,215.0827,215.1957,214.1267,215.0566,47211200
2017-08-03,214.9436,214.9697,214.3613,214.6394,40856000
2017-08-04,215.1261,215.3608,214.6481,215.0305,60191800
2017-08-07,215.1001,215.4303,214.9958,215.4303,31995000
2017-08-08,215.1175,216.3342,214.5265,214.9002,61719400
2017-08-09,214.2136,214.9436,213.8572,214.8915,62632600
2017-08-10,214.0571,214.1875,211.8061,211.8582,120479500
2017-08-11,212.0842,212.7621,211.8495,212.1711,74869900
2017-08-14,213.4487,214.4916,213.4139,214.2744,73291900
2017-08-15,214.6568,214.6742,213.9441,214.2483,55242700
2017-08-16,214.7698,215.1696,214.1961,214.6220,56715500
2017-08-17,214.0137,214.3266,211.2759,211.2759,128490400
2017-08-18,211.1108,212.2320,210.5024,210.9457,136748000
2017-08-21,210.8848,211.3715,210.1808,211.1108,65469700
2017-08-22,211.6931,213.4748,211.6757,213.3183,63140100
2017-08-23,212.3536,212.9794,212.2059,212.5535,50203800
2017-08-24,212.9359,213.0924,211.8495,212.0581,50741700
2017-08-25,212.8490,213.4661,212.4058,212.5535,64445900
2017-08-28,213.0837,213.1098,212.1451,212.5622,40565600
2017-08-29,211.2498,213.0663,211.1369,212.8056,51135700
2017-08-30,212.7882,214.0832,212.6057,213.8138,62030800
2017-08-31,214.4308,215.3434,213.8485,215.1001,103803900
2017-09-01,215.4738,215.8301,215.2565,215.4043,62007000
2017-09-05,214.9001,215.1261,212.8924,213.8572,91398800
2017-09-06,214.5351,214.9176,214.0050,214.5873,57916900
2017-09-07,214.8915,214.9089,214.1527,214.5612,58034700
2017-09-08,214.2744,214.7698,214.0658,214.3092,63832800
2017-09-11,215.5781,216.6732,215.5607,216.5950,71364800
2017-09-12,216.9600,217.3598,216.7774,217.3250,56896000
2017-09-13,217.0382,217.4641,216.9253,217.4294,59228000
2017-09-14,217.1078,217.5597,216.9339,217.3598,95446300
2017-09-15,217.2157,217.7397,217.1108,217.6524,95432400
2017-09-18,218.0192,218.4647,217.7310,218.1153,46235200
2017-09-19,218.3599,218.4211,218.0106,218.3337,47108100
2017-09-20,218.4211,218.5259,217.4166,218.4123,59574100
2017-09-21,218.2551,218.3424,217.6524,217.8271,48211400
2017-09-22,217.5301,218.0367,217.5039,217.8708,51214000
2017-09-25,217.6175,217.9668,216.6829,217.4253,57064400
2017-09-26,217.8533,218.0978,217.3205,217.5563,54082000
2017-09-27,218.2551,218.7879,217.3729,218.4036,81001400
2017-09-28,218.1241,218.7442,218.0368,218.6656,44778800
2017-09-29,218.6568,219.5128,218.4734,219.4342,85578000
2017-10-02,219.6613,220.3863,219.4866,220.3863,59023000
2017-10-03,220.3863,220.8841,220.3076,220.8579,66810200
2017-10-04,220.7094,221.3645,220.5959,221.1199,55953600
2017-10-05,221.4518,222.4476,221.1549,222.4301,63522800
2017-10-06,221.9846,222.4650,221.7226,222.1768,80646000
2017-10-09,222.4039,222.4650,221.5479,221.8100,35803100
2017-10-10,222.3778,222.7708,221.8362,222.3952,43057400
2017-10-11,222.2991,222.7445,222.1331,222.7445,47674300
2017-10-12,222.4301,222.7795,222.1768,222.4127,47065100
2017-10-13,222.8494,222.9629,222.4127,222.6834,54800400
2017-10-16,222.9105,223.1726,222.5699,222.9804,38221700
2017-10-17,222.9280,223.1813,222.7097,223.1376,31561000
2017-10-18,223.5132,223.5569,223.1638,223.3560,40888300
2017-10-19,222.5786,223.4520,222.1594,223.4171,61903800
2017-10-20,224.2119,224.5963,223.3996,224.5700,89176400
2017-10-23,224.8933,224.9195,223.6180,223.6966,63915300
2017-10-24,224.1246,224.3255,223.7316,224.0897,66935900
2017-10-25,223.7578,223.8713,221.8537,222.9804,103715300
2017-10-26,223.5918,223.8626,223.1464,223.2686,69798000
2017-10-27,224.0111,225.2514,223.2774,225.0941,85562500
2017-10-30,224.0110,224.9980,223.9586,224.2556,54285700
2017-10-31,224.6312,224.8583,224.3080,224.6050,60304800
2017-11-01,225.3824,225.7230,224.5351,224.9020,54202700
2017-11-02,224.8321,225.1291,223.7665,224.9893,56449500
2017-11-03,225.1465,225.7841,224.7360,225.7404,59589700
2017-11-06,225.6095,226.2209,225.5396,226.0899,49652600
2017-11-07,226.1946,226.5265,225.4260,225.9326,57502200
2017-11-08,225.7580,226.4130,225.4785,226.3170,50469600
2017-11-09,225.1116,225.6881,223.9150,225.4959,95085500
2017-11-10,225.1116,225.6007,224.7971,225.4260,59984700
2017-11-13,224.7447,225.8627,224.7098,225.6356,50228600
2017-11-14,224.8321,225.2164,224.0547,225.1116,61315200
2017-11-15,224.1421,224.6661,223.2774,223.9848,80811500
2017-11-16,224.9282,226.2558,224.8845,225.8889,67777000
2017-11-17,225.5396,225.8627,225.1465,225.2251,75756800
2017-11-20,225.4697,225.8016,225.2252,225.6095,48075500
2017-11-21,226.3781,227.2690,225.5746,227.0856,69176800
2017-11-22,227.0943,227.2253,226.7187,226.8847,45033400
2017-11-24,227.3738,227.5136,227.2341,227.4087,27856500
2017-11-27,227.4524,227.7494,227.0943,227.2952,52274900
2017-11-28,227.7581,229.6272,227.6620,229.6010,98971700
2017-11-29,229.7321,230.2649,229.0159,229.4614,77512100
2017-11-30,230.3784,232.3785,230.2998,231.4702,127894400
2017-12-01,231.2518,231.7322,227.7581,230.9898,164390900
2017-12-04,232.6057,233.0337,230.6579,230.7104,94040600
2017-12-05,229.8806,231.5925,229.7496,229.8806,77994500
2017-12-06,229.9766,230.3522,229.4613,229.9242,75898600
2017-12-07,230.6492,230.9636,229.6622,230.6492,77218600
2017-12-08,231.6013,231.9157,230.6143,231.9070,76563900
2017-12-11,232.6057,232.6669,231.8808,232.6057,83077500
2017-12-12,233.3918,233.4879,232.6406,233.0162,85195800
2017-12-13,233.2607,233.6975,232.9026,232.9900,102905400
2017-12-14,233.2870,233.4005,231.9856,232.0380,100666700
2017-12-15,233.0397,234.4355,232.9870,233.9702,144610300
2017-12-18,235.3661,235.8050,235.2607,235.4539,83653600
2017-12-19,235.6998,235.7437,234.4795,234.5498,82382900
2017-12-20,235.5154,235.5680,234.1283,234.4268,76751500
2017-12-21,235.0501,235.6207,234.6638,234.9096,67032300
2017-12-22,234.9272,234.9623,234.3126,234.8482,78720900
2017-12-26,234.4443,234.7867,234.3038,234.5672,45244400
2017-12-27,234.7340,235.0413,234.4092,234.6813,57751000
2017-12-28,235.1818,235.2081,234.7955,235.1642,45116100
2017-12-29,235.7436,235.7611,234.0844,234.2775,96007400
2018-01-02,235.1378,235.9894,234.7515,235.9543,86655700
2018-01-03,236.1211,237.5960,236.1211,237.4467,90070400
2018-01-04,238.0876,238.9304,237.5082,238.4475,80636400
2018-01-05,239.2377,240.1595,238.7461,240.0366,83524000
2018-01-08,239.9399,240.6335,239.6502,240.4755,57319200
2018-01-09,240.8968,241.6431,240.6159,241.0198,57254000
2018-01-10,240.2648,240.9145,239.5976,240.6511,69574300
2018-01-11,241.2042,242.4070,241.0374,242.4070,62361500
2018-01-12,242.6703,244.1539,242.3718,243.9872,90816100
2018-01-16,245.2426,245.8922,242.4596,243.1531,106555100
2018-01-17,244.0838,245.8571,243.1532,245.4708,113258800
2018-01-18,245.3567,245.7780,244.5665,245.0582,100728000
2018-01-19,245.6376,246.1731,245.0582,246.1731,140920100
2018-01-22,245.9624,248.1747,245.9097,248.1747,91322400
2018-01-23,248.2186,248.9911,247.8937,248.7014,97084700
2018-01-24,249.3424,249.9394,247.4286,248.6049,134816100
2018-01-25,249.4652,249.5617,247.9201,248.7102,84587300
2018-01-26,249.5443,251.6337,249.2897,251.5898,107743100
2018-01-29,251.0191,251.4580,249.7637,249.9217,90118300
2018-01-30,248.0958,249.9745,246.8843,247.3583,131796400
2018-01-31,248.2099,248.7102,246.4101,247.4812,108364800
2018-02-01,246.7525,248.4995,246.4101,247.2002,90102500
2018-02-02,245.8834,246.0151,241.7836,241.8187,173174800
2018-02-05,240.0629,242.1699,231.1610,231.7053,294681800
2018-02-06,228.2024,236.7707,227.1138,236.2703,355026800
2018-02-07,235.7172,239.1059,234.9095,234.9886,167376100
2018-02-08,235.2871,235.4275,226.1393,226.1744,246449500
2018-02-09,228.9574,231.4243,222.0395,229.5719,283565300
2018-02-12,231.6174,234.4092,229.7124,232.9431,143736000
2018-02-13,231.7404,234.0668,231.1610,233.5226,81223600
2018-02-14,232.0388,237.0341,232.0300,236.6741,120735700
2018-02-15,238.4124,239.7029,235.9543,239.6942,111200300
2018-02-16,239.0709,241.7046,239.0270,239.7644,160420100
2018-02-20,238.8163,240.2561,237.4731,238.2632,86369700
2018-02-21,238.7021,241.1778,236.9814,237.0780,98883700
2018-02-22,237.9998,239.7117,236.7180,237.3852,110511300
2018-02-23,238.6056,241.1691,238.1315,241.1691,92766400
2018-02-26,242.2401,244.0662,241.6520,243.9696,86491400
2018-02-27,244.1539,244.8650,240.8617,240.9232,99099200
2018-02-28,242.0206,242.4683,238.1666,238.4826,121907800
2018-03-01,238.2719,239.8170,233.5224,235.0149,176855100
2018-03-02,233.3469,236.7883,232.4866,236.2265,139083200
2018-03-05,235.0413,239.5713,234.9359,238.9567,97307400
2018-03-06,239.9311,240.0102,238.0700,239.5624,79213200
2018-03-07,237.4028,239.8258,237.2097,239.4747,87063500
2018-03-08,240.1507,240.7564,239.1587,240.6335,66901200
2018-03-09,242.0381,244.8211,241.7221,244.8211,113625300
2018-03-12,245.1108,245.7341,244.1276,244.5138,71924800
2018-03-13,245.6726,246.1731,242.3278,242.9336,91968900
2018-03-14,243.8906,244.0749,241.1340,241.6870,105895100
2018-03-15,242.1962,242.8371,240.9232,241.4237,83433000
2018-03-16,241.9499,242.7344,241.6326,241.6855,100343700
2018-03-19,240.9362,241.8617,236.7671,238.4153,109208400
2018-03-20,238.8120,239.4554,238.1421,238.8208,59757300
2018-03-21,238.7767,240.8657,238.1509,238.3624,78709600
2018-03-22,236.1412,236.9874,232.1308,232.4040,148785900
2018-03-23,232.8448,233.1709,227.2566,227.4505,183534800
2018-03-26,231.0467,233.9554,228.6492,233.6733,141956100
2018-03-27,234.6076,235.1364,228.1468,229.6981,129941400
2018-03-28,229.8303,231.4962,227.9176,229.0194,146452300
2018-03-29,230.1564,233.8055,229.0282,231.9457,111601600
2018-04-02,231.4169,231.9281,224.4713,226.9393,186286300
2018-04-03,228.1732,230.3239,226.3840,229.8479,119956900
2018-04-04,226.3046,233.0122,226.1724,232.3071,123715300
2018-04-05,234.0611,235.0219,232.9770,234.1405,82652600
2018-04-06,232.1837,233.6733,227.4064,228.9225,179521200
2018-04-09,230.3768,233.4353,229.1164,230.0507,105442900
2018-04-10,232.9329,234.4930,231.7959,233.7086,103529000
2018-04-11,232.2278,234.1405,232.1573,232.4834,91140200
2018-04-12,233.8056,235.3392,233.6293,234.3961,68890500
2018-04-13,235.7006,235.8152,232.7038,233.7086,85079200
2018-04-16,235.3392,236.3969,234.5194,235.6300,63405300
2018-04-17,237.3929,238.7503,236.8816,238.1509,64682000
2018-04-18,238.5916,239.1293,237.8688,238.3272,57303900
2018-04-19,237.6749,237.8777,235.9738,237.0051,77655900
2018-04-20,236.9346,237.1549,234.1140,234.9954,99953100
2018-04-23,235.5684,236.1237,233.8849,234.9602,65558000
2018-04-24,235.9827,236.2030,230.2975,231.7959,112885500
2018-04-25,231.7342,232.8096,229.9185,232.3689,103840900
2018-04-26,233.3913,235.5596,232.9506,234.7310,67731900
2018-04-27,235.3392,235.6388,234.0170,234.9513,57053600
2018-04-30,235.5683,236.1236,233.0739,233.1444,82182300
2018-05-01,232.5803,233.6645,231.0290,233.5587,74203400
2018-05-02,233.3649,234.1758,231.6020,231.9899,86368900
2018-05-03,231.1613,232.1308,228.3319,231.4786,136311500
2018-05-04,230.5090,235.1541,230.1829,234.4754,91222100
2018-05-07,235.2423,236.2382,234.5547,235.2687,55304900
2018-05-08,234.8985,235.6301,233.7086,235.2687,67499200
2018-05-09,235.9385,237.8689,235.4185,237.5427,59666100
2018-05-10,238.2832,240.0901,238.1774,239.7639,72063900
2018-05-11,239.8873,240.7599,239.3761,240.4955,59871500
2018-05-14,240.9275,241.5797,240.0636,240.6102,54790600
2018-05-15,239.3849,239.4025,238.0099,238.9530,87036100
2018-05-16,238.9883,240.4162,238.9619,239.9579,53942600
2018-05-17,239.6934,240.8304,238.9794,239.7551,56536400
2018-05-18,239.4114,239.7727,238.8032,239.1557,64368000
2018-05-21,240.6365,241.4915,240.2487,240.9538,58025900
2018-05-22,241.4739,241.7295,239.9578,240.2840,52966400
2018-05-23,239.0147,240.9715,238.8561,240.9450,64694200
2018-05-24,240.5484,240.8217,238.6710,240.4514,76043800
2018-05-25,239.8785,240.5043,239.3761,239.8785,56374800
2018-05-29,238.2567,239.0148,236.0091,237.1197,115908600
2018-05-30,238.4242,240.7247,238.3537,240.2840,69678400
2018-05-31,239.8786,240.1783,238.2127,238.8121,93519900
2018-06-01,240.1077,241.4563,240.0372,241.1566,71258400
2018-06-04,241.9763,242.5580,241.7383,242.3024,45385200
2018-06-05,242.4346,242.8577,241.6678,242.4787,51135000
2018-06-06,243.0869,244.6117,242.4699,244.5060,62732200
2018-06-07,244.9908,245.2816,243.5717,244.4795,72969400
2018-06-08,244.0211,245.2551,243.8537,245.2022,72139700
2018-06-11,245.4226,246.2424,245.3081,245.5284,58892500
2018-06-12,245.9427,246.2071,245.2023,245.8458,72329000
2018-06-13,246.0837,246.3393,244.8585,245.0612,79070600
2018-06-14,245.9251,246.2071,245.0877,245.6783,77097600
2018-06-15,244.8956,245.7013,243.7889,245.3649,120041600
2018-06-18,243.9128,244.9841,243.4347,244.8601,52917600
2018-06-19,242.5936,244.1430,242.1775,243.9217,97531500
2018-06-20,244.6034,245.0018,244.0013,244.3378,53785500
2018-06-21,244.3290,244.3467,242.3103,242.8061,71061400
2018-06-22,244.0633,244.1784,243.0274,243.2487,54898500
2018-06-25,242.0978,242.2572,238.2553,239.9375,137854200
2018-06-26,240.5041,241.3186,239.7515,240.4687,68547400
2018-06-27,241.0531,242.4785,238.3261,238.4766,105110700
2018-06-28,238.4235,240.6015,237.7151,239.8401,76650500
2018-06-29,240.9291,242.2926,240.0703,240.1854,97592500
2018-07-02,238.6183,240.8583,238.3792,240.6989,63554800
2018-07-03,241.5931,241.6905,239.4239,239.8489,42187100
2018-07-05,240.9734,241.8676,239.9020,241.8056,56925900
2018-07-06,241.8322,244.2227,241.4515,243.8509,66493700
2018-07-09,244.8513,246.0997,244.8071,246.0466,50550400
2018-07-10,246.4981,247.0293,246.2059,246.9319,51966800
2018-07-11,245.3825,246.1705,244.8247,245.1257,77054700
2018-07-12,246.3831,247.4013,245.7810,247.3482,60124700
2018-07-13,247.1710,247.8439,246.7195,247.5429,48216000
2018-07-16,247.5871,247.7288,246.8788,247.3215,48201000
2018-07-17,246.5512,248.7116,246.4981,248.3220,52315500
2018-07-18,248.4017,248.9506,247.9590,248.8444,44593500
2018-07-19,248.1803,248.5610,247.4277,247.9059,61412100
2018-07-20,247.7022,248.3308,247.4632,247.6225,82337700
2018-07-23,247.4189,248.2865,247.0735,248.0829,47047600
2018-07-24,249.4907,250.1724,248.4637,249.3313,68026900
2018-07-25,249.0834,251.7750,249.0392,251.4563,78882900
2018-07-26,250.7392,251.5448,250.6418,250.8631,57919500
2018-07-27,251.1905,251.2879,248.2422,249.1630,76768700
2018-07-30,249.2428,249.4021,247.3392,247.8616,63742500
2018-07-31,248.6231,249.6944,248.2424,249.0835,68570500
2018-08-01,249.2871,249.7917,248.0210,248.6673,53853300
2018-08-02,247.3658,250.1902,247.1622,250.0220,63426400
2018-08-03,250.1459,251.1464,249.9688,251.0932,53935400
2018-08-06,251.1286,252.3238,250.7390,252.0140,39400900
2018-08-07,252.6780,253.2270,252.5452,252.8462,43196600
2018-08-08,252.6780,253.1384,252.2795,252.7399,42114600
2018-08-09,252.8021,253.1916,252.2620,252.3948,35717000
2018-08-10,250.9604,251.5005,249.9954,250.7037,77076000
2018-08-13,250.9781,251.5890,249.4730,249.7652,65732900
2018-08-14,250.4912,251.5979,250.1016,251.3588,43842000
2018-08-15,250.0131,250.1548,248.0476,249.4819,102925400
2018-08-16,250.9161,252.3681,250.8807,251.5004,69967900
2018-08-17,251.2969,252.8286,250.8896,252.3859,65618500
2018-08-20,252.8374,253.1916,252.3859,252.9260,39807500
2018-08-21,253.4394,254.3779,252.9613,253.5191,67272000
2018-08-22,253.1119,253.8910,252.8462,253.3686,44993300
2018-08-23,253.1916,254.0504,252.7134,253.0322,49204900
2018-08-24,253.6077,254.6967,253.5546,254.5551,57487400
2018-08-27,255.7503,256.6711,255.5910,256.5649,57072400
2018-08-28,257.0253,257.1315,256.2284,256.6888,46943500
2018-08-29,256.9014,258.3003,256.6624,258.0701,61485500
2018-08-30,257.5919,257.9637,256.4320,257.0252,61229500
2018-08-31,256.6180,257.4768,256.1310,257.0341,66140800
2018-09-04,256.6179,256.9455,255.5909,256.5913,57594400
2018-09-05,256.2373,256.4409,254.8915,255.9008,72452400
2018-09-06,256.0071,256.3081,254.1035,255.1306,65909900
2018-09-07,254.0858,255.6087,253.8468,254.6348,73524800
2018-09-10,255.6440,255.9097,254.8826,255.0774,50210900
2018-09-11,254.4311,256.3612,254.0858,255.9185,50530500
2018-09-12,255.9274,256.5826,255.1926,255.9805,59810800
2018-09-13,257.0430,257.6805,256.7597,257.4945,51034200
2018-09-14,257.6981,257.8840,256.7596,257.5388,55079900
2018-09-17,257.4857,257.5211,255.9009,256.1753,68244000
2018-09-18,256.3878,258.1585,256.3612,257.5653,61930400
2018-09-19,257.6185,258.2559,257.4945,257.8398,49080600
2018-09-20,259.0971,260.2481,257.8576,259.9294,100360600
2018-09-21,260.6702,260.7858,259.5318,259.6918,105479700
2018-09-24,259.1137,259.2560,258.2510,258.8291,53409600
2018-09-25,259.2827,259.3895,258.3489,258.5890,44370000
2018-09-26,258.7313,259.9142,257.3972,257.8152,79739700
2018-09-27,258.2866,259.6207,258.0109,258.5356,59249500
2018-09-28,257.9130,259.0603,257.8774,258.5622,70091400
2018-10-01,259.7986,260.5279,258.7936,259.4606,62078900
2018-10-02,259.3094,260.0209,258.9359,259.3094,47258200
2018-10-03,260.3588,260.7768,259.0959,259.4517,64694600
2018-10-04,258.9714,259.0248,255.8408,257.4239,111545900
2018-10-05,257.6463,258.1621,254.5601,255.9831,105951700
2018-10-08,255.2983,256.3389,253.9197,255.9831,87742200
2018-10-09,255.6007,256.9081,255.0492,255.6096,74339000
2018-10-10,255.1026,255.1738,247.1426,247.5162,214731000
2018-10-11,246.4311,248.0498,240.4544,242.0642,274840500
2018-10-12,246.1555,246.4401,242.2422,245.4262,183186500
2018-10-15,245.0703,246.3955,243.9586,244.0475,102263700
2018-10-16,246.0042,249.7574,245.5328,249.3838,118255800
2018-10-17,249.4194,250.0508,246.8579,249.4283,110626000
2018-10-18,248.4945,249.0904,244.5545,245.8263,134557500
2018-10-19,246.4756,248.4055,244.9992,245.6929,139901600
2018-10-22,246.3599,246.6800,244.0564,244.5900,82415800
2018-10-23,240.9792,244.4655,238.8980,243.3449,146352700
2018-10-24,243.0958,243.4783,235.4204,235.9719,177806700
2018-10-25,237.8041,241.7440,236.7813,240.2054,138061500
2018-10-26,236.5056,241.0236,233.2771,235.9808,201574600
2018-10-29,239.0669,240.3565,231.1069,234.6733,160749100
2018-10-30,234.5044,238.4622,234.0152,238.1509,157116000
2018-10-31,240.7124,243.0070,240.2410,240.6946,128296300
2018-11-01,241.5573,243.4517,240.4722,243.2560,99495000
2018-11-02,244.3588,244.7857,239.7696,241.8152,122634100
2018-11-05,242.3043,243.7007,241.3349,243.1492,65622500
2018-11-06,243.0870,244.8480,243.0247,244.6879,60085900
2018-11-07,246.8579,250.0064,246.4310,249.9263,102752100
2018-11-08,249.1259,250.1132,248.3344,249.4728,65584900
2018-11-09,248.1654,248.3522,245.6307,247.0359,98812600
2018-11-12,246.5289,246.7690,241.9041,242.4200,99673600
2018-11-13,242.8824,244.8746,241.2459,241.9663,98176600
2018-11-14,243.8341,244.2343,238.7557,240.3121,125335900
2018-11-15,239.0492,243.2827,237.4750,242.8202,135101400
2018-11-16,241.7263,244.3589,241.2105,243.4517,126668000
2018-11-19,242.8468,243.1403,238.4177,239.3337,103061700
2018-11-20,236.0074,237.4660,234.0419,234.9046,136021300
2018-11-21,236.4521,237.5994,235.6962,235.7050,75563700
2018-11-23,234.0686,235.5272,233.9708,234.1309,42807900
2018-11-26,236.3811,238.1331,235.9897,237.9108,79981400
2018-11-27,236.8791,238.7112,236.2743,238.7112,75502400
2018-11-28,239.7785,244.2076,238.6490,244.2076,127629600
2018-11-29,243.4339,245.0703,242.2955,243.6740,82346400
2018-11-30,243.5228,245.7196,243.2027,245.1593,98204200
2018-12-03,249.2771,249.3838,246.8135,248.4055,103176300
2018-12-04,247.5784,248.0053,240.0453,240.3566,177986000
2018-12-06,236.5056,240.1076,233.4105,239.9919,204185400
2018-12-07,239.6540,241.2193,233.5795,234.4155,161018900
2018-12-10,234.2376,235.8296,230.0130,234.8602,151445900
2018-12-11,238.0531,238.2398,233.4461,234.9135,121504400
2018-12-12,237.8841,239.2448,236.0163,236.0964,97976700
2018-12-13,237.0392,237.9019,234.9047,236.0164,96662700
2018-12-14,233.8730,234.8246,231.1070,231.6584,116961100
2018-12-17,230.7067,231.8185,225.4860,227.1136,165492300
2018-12-18,228.7501,229.4171,225.2637,226.8646,134515100
2018-12-19,226.9446,230.7067,221.7684,223.4671,214992800
2018-12-20,222.2220,223.7873,217.5883,219.8296,252053400
2018-12-21,220.7286,223.3855,214.6812,215.3253,255345600
2018-12-24,213.8403,215.4506,209.5732,209.6358,147311600
2018-12-26,211.0939,220.2276,209.1169,220.2276,218485400
2018-12-27,216.9982,222.1152,213.7688,221.9184,186267300
2018-12-28,223.2692,224.8974,220.4692,221.6322,153100200
2018-12-31,223.2513,223.8149,221.3817,223.5734,144299400
2019-01-02,220.0487,224.7274,220.0219,223.8060,126925200
2019-01-03,222.0615,222.3657,217.9823,218.4653,144140700
2019-01-04,221.4890,226.4271,221.1133,225.7830,142628800
2019-01-07,226.0514,228.9677,225.1568,227.5632,103139100
2019-01-08,229.7460,230.1843,227.2233,229.7012,102512600
2019-01-09,230.4079,231.6156,229.1824,230.7747,95006600
2019-01-10,229.2450,231.8393,228.5651,231.5888,96823900
2019-01-11,230.5153,231.7051,229.9338,231.6783,73858100
2019-01-14,229.7817,231.0699,229.3792,230.2648,70908200
2019-01-15,230.6406,233.2170,230.6317,232.9039,85208300
2019-01-16,233.3332,234.3531,233.1275,233.4674,77636700
2019-01-17,232.5997,236.0975,232.5550,235.2387,96118400
2019-01-18,237.0457,238.8349,235.2745,238.3697,127900300
2019-01-22,236.9026,237.1173,233.5390,235.1492,115531200
2019-01-23,236.1780,236.8758,233.1811,235.6412,86030300
2019-01-24,235.4623,236.3479,234.4514,235.7664,59204100
2019-01-25,237.6093,238.5844,235.8649,237.7614,96883400
2019-01-28,235.6234,236.0170,234.1921,235.9544,85613700
2019-01-29,236.0975,236.6610,234.8093,235.6412,66136300
2019-01-30,237.1531,240.2125,236.3927,239.3716,92473700
2019-01-31,239.3091,241.9570,239.0943,241.4739,104012100
2019-02-01,241.6707,242.6100,240.8029,241.5902,85782500
2019-02-04,241.6349,243.3525,240.9640,243.2899,60744800
2019-02-05,243.7193,244.6139,243.2183,244.3097,79552800
2019-02-06,244.0325,244.5245,243.2542,243.9877,58347800
2019-02-07,242.3775,242.9231,240.0068,241.6618,95482000
2019-02-08,240.4183,242.0554,239.5953,241.9570,75788900
2019-02-11,242.6100,242.8694,241.5633,242.0911,68021400
2019-02-12,243.7015,245.5801,243.6299,245.2044,72270200
2019-02-13,246.0363,246.8414,245.6158,246.0005,65277200
2019-02-14,244.9180,246.5819,244.1039,245.4547,83234400
2019-02-15,247.2261,248.1654,247.0203,248.1296,97088700
2019-02-19,247.3333,249.2119,247.3244,248.5589,59120800
2019-02-20,248.5231,249.5161,248.0222,249.0599,76610800
2019-02-21,248.4247,248.7825,247.2170,248.1742,64214700
2019-02-22,248.7915,249.9097,248.1564,249.7130,78114600
2019-02-25,251.1354,251.6542,249.9724,250.0529,69030700
2019-02-26,249.7040,250.7507,249.4983,249.8740,56844100
2019-02-27,249.1583,250.1155,248.2280,249.7667,56921600
2019-02-28,249.5520,249.9903,248.9795,249.3015,69268300
2019-03-01,250.8759,251.2695,249.4267,250.8580,78880500
2019-03-04,251.9136,252.1552,247.6554,249.9455,106494600
2019-03-05,250.0708,250.2676,249.0599,249.6056,59114600
2019-03-06,249.7220,249.7310,247.7718,248.0939,75039800
2019-03-07,247.6465,247.7896,245.1775,246.0184,94885100
2019-03-08,244.1666,245.6963,243.7014,245.5264,85795800
2019-03-11,246.2420,249.2478,246.2152,249.0868,65098900
2019-03-12,249.6414,250.5450,249.4536,250.0261,79667500
2019-03-13,250.9117,252.6114,250.7507,251.6810,80639200
2019-03-14,251.7079,252.1284,251.0817,251.5201,67518400
2019-03-15,252.0709,253.5714,251.8822,252.7627,81309000
2019-03-18,252.9783,253.9757,252.7537,253.6792,62199800
2019-03-19,254.7395,255.5032,252.8526,253.7422,90268100
2019-03-20,253.5264,254.7304,251.8731,252.9782,84609200
2019-03-21,252.1607,256.2400,252.1158,255.8357,79550400
2019-03-22,254.4789,255.0000,250.8488,250.9117,122659300
2019-03-25,250.5703,251.7564,249.4652,250.7231,85575200
2019-03-26,252.4751,253.5444,251.1902,252.5919,68125900
2019-03-27,252.5830,253.1670,249.7257,251.2711,72224700
2019-03-28,251.9001,252.6728,250.7500,252.2236,56238500
2019-03-29,253.7331,254.1375,252.6100,253.8140,82186800
2019-04-01,255.8087,257.1206,255.5392,256.8240,77617900
2019-04-02,257.0127,257.1834,256.1591,256.9498,40070400
2019-04-03,258.1628,258.5581,256.7521,257.3541,68243200
2019-04-04,257.6776,258.2886,256.9858,258.0370,48997500
2019-04-05,258.7019,259.3398,258.4144,259.2859,58621700
2019-04-08,258.8637,259.5915,258.2078,259.4837,53566300
2019-04-09,258.5223,258.8457,257.6058,258.1539,66142300
2019-04-10,258.5671,259.1242,258.1538,259.0343,52601500
2019-04-11,259.5195,259.5285,258.3964,258.9624,55093100
2019-04-12,260.5709,260.9932,259.0075,260.7147,69727800
2019-04-15,260.7865,260.8853,259.7442,260.5439,49596700
2019-04-16,261.4245,261.4784,260.1216,260.7147,52153200
2019-04-17,261.8287,261.8557,259.6633,260.0766,58268300
2019-04-18,260.6608,260.8584,259.3669,260.5889,68708500
2019-04-22,259.8251,260.9662,259.7352,260.8134,40160100
2019-04-23,261.1819,263.3923,260.9483,263.1586,52246600
2019-04-24,263.0777,263.4102,262.4308,262.5746,50392900
2019-04-25,262.4757,263.0687,261.2267,262.4128,57770900
2019-04-26,262.4577,263.7067,261.6850,263.6348,50916400
2019-04-29,263.7247,264.5693,263.6348,264.0482,57197700
2019-04-30,263.7066,264.4704,262.2960,264.1829,81111700
2019-05-01,264.8118,265.0185,262.1881,262.1971,71671900
2019-05-02,262.0804,262.9969,260.1396,261.6311,65030200
2019-05-03,263.1046,264.4704,261.7389,264.1918,56543700
2019-05-06,259.8970,263.5450,259.5825,263.1047,107198100
2019-05-07,260.7056,261.2986,256.8060,258.7109,144729900
2019-05-08,258.3515,260.0587,257.7584,258.3515,91568300
2019-05-09,256.2849,258.1718,254.5508,257.5698,103471100
2019-05-10,256.6353,259.6184,253.6522,258.8636,112429300
2019-05-13,253.7600,254.7214,251.5227,252.3583,127290500
2019-05-14,253.3736,256.1680,253.2478,254.6405,77003200
2019-05-15,253.0142,256.7701,252.8076,256.1321,73956400
2019-05-16,256.8330,259.8610,256.7611,258.5043,76749600
2019-05-17,256.2040,259.3129,256.1860,256.8329,100353000
2019-05-20,255.2336,256.9408,254.3890,255.1348,62877600
2019-05-21,256.8240,257.8124,256.5724,257.4350,46847100
2019-05-22,256.4826,257.5967,256.1681,256.6443,49482500
2019-05-23,254.4249,254.4698,252.0978,253.5084,98733800
2019-05-24,254.9461,255.3594,253.4635,254.0835,55268100
2019-05-28,254.3621,255.3145,251.7025,251.7204,70029400
2019-05-29,250.6063,251.0106,248.6295,250.0312,104972900
2019-05-30,250.7859,251.6216,249.6179,250.7141,62523800
2019-05-31,248.1713,248.9979,247.3087,247.3357,86862800
2019-06-03,247.3716,248.4857,245.3768,246.7067,96428000
2019-06-04,248.9979,252.1966,248.5486,252.0619,77231900
2019-06-05,253.6792,254.2722,251.8732,254.2452,71169700
2019-06-06,254.5418,256.5725,253.8949,255.8986,69430400
2019-06-07,256.9139,259.5376,256.7432,258.4594,74272200
2019-06-10,260.0048,261.3076,259.5555,259.6454,60799100
2019-06-11,261.4604,261.8288,258.9356,259.5825,58641300
2019-06-12,259.3489,259.9059,258.6121,259.1242,47096300
2019-06-13,260.0316,260.5528,259.3308,260.1934,48945200
2019-06-14,259.9060,260.5080,259.1423,259.9060,52324700
2019-06-17,260.1395,260.7685,259.8340,260.0048,39205700
2019-06-18,261.8197,263.7785,261.4603,262.7272,85434800
2019-06-19,262.8621,263.8505,261.8917,263.3204,78674400
2019-06-20,265.9979,266.2405,263.3832,265.8361,116570000
2019-06-21,265.5671,266.8221,265.2331,265.4497,83309500
2019-06-24,265.6574,265.9734,264.9712,265.1247,47582700
2019-06-25,265.1788,265.2059,262.4160,262.5243,82028700
2019-06-26,263.4181,263.9238,262.1541,262.2625,51584900
2019-06-27,263.0210,263.6982,262.6418,263.1926,40355200
2019-06-28,264.1676,265.0434,263.6529,264.5468,59350900
2019-07-01,267.8695,268.0862,265.7477,266.9485,78705600
2019-07-02,266.9034,267.6979,266.0637,267.6437,61504500
2019-07-03,268.3209,269.8016,268.1764,269.7835,40898900
2019-07-05,268.5557,269.6392,267.2646,269.4766,51677300
2019-07-08,268.1675,269.2961,267.4542,267.9959,45841800
2019-07-09,266.8401,268.6278,266.7860,268.3299,41101300
2019-07-10,269.3953,270.5601,268.8626,269.6120,58448500
2019-07-11,270.2531,270.4879,269.2419,270.2441,50826100
2019-07-12,270.7316,271.5261,270.4246,271.4539,40326000
2019-07-15,271.8873,271.8873,271.0386,271.5442,33900000
2019-07-16,271.4539,271.6616,270.3614,270.6684,36650100
2019-07-17,270.6414,270.8039,268.8265,268.8265,36036300
2019-07-18,268.3299,270.1899,267.8875,269.8107,51392600
2019-07-19,270.9031,270.9302,268.1403,268.3119,58678600
2019-07-22,268.7091,269.5127,268.1945,268.9710,43638100
2019-07-23,270.0905,270.8941,269.2598,270.8941,44564500
2019-07-24,270.1357,272.1672,270.0454,272.1672,47213200
2019-07-25,271.7158,271.7700,270.0635,270.8671,55394100
2019-07-26,271.5533,272.8806,271.4269,272.6819,45084100
2019-07-29,272.5646,272.6819,271.6346,272.1853,38126500
2019-07-30,270.7858,271.9234,270.4065,271.5171,45849000
2019-07-31,271.7610,271.9506,266.5333,268.5467,104245200
2019-08-01,268.7001,271.6526,265.4136,266.2082,142646600
2019-08-02,265.3143,265.5580,262.6507,264.2037,116749700
2019-08-05,260.1136,260.2220,254.3622,256.2583,178745400
2019-08-06,258.1453,260.0685,256.6736,259.8518,120711700
2019-08-07,256.7820,260.7728,254.6512,260.0053,140572300
2019-08-08,261.4951,265.1067,260.9443,265.1067,87713900
2019-08-09,264.1677,264.7636,261.5222,263.3009,93730000
2019-08-12,261.8021,263.2919,259.1476,260.0956,65527600
2019-08-13,259.7976,265.5851,259.4545,264.1405,94299800
2019-08-14,260.0956,260.7005,256.2041,256.3305,135622100
2019-08-15,257.2153,257.9015,254.9671,257.0076,99556600
2019-08-16,258.6600,261.2332,257.0619,260.7998,83018300
2019-08-19,263.8154,264.6190,263.1382,263.9418,53571800
2019-08-20,263.4363,263.9690,261.7930,261.9194,51596400
2019-08-21,264.0773,264.4204,263.3911,264.0502,49524700
2019-08-22,264.7545,265.3865,262.1993,263.9689,51666400
2019-08-23,262.6688,264.3302,255.9423,257.1883,149161500
2019-08-26,259.3732,260.0323,257.8473,260.0323,72423800
2019-08-27,261.4228,261.7930,258.2537,259.0121,66668900
2019-08-28,258.3530,260.9985,257.5494,260.8360,59696700
2019-08-29,263.3911,264.6913,262.3889,264.1676,57899400
2019-08-30,265.6483,265.6664,263.1202,264.0502,62901200
2019-09-03,262.3528,263.2647,261.1790,262.5063,69101400
2019-09-04,264.6732,265.5039,263.9238,265.4858,46887300
2019-09-05,267.9688,269.8107,265.4497,268.8988,83258100
2019-09-06,269.2148,269.7475,268.5376,269.1064,49584300
2019-09-09,270.0906,270.1809,268.3029,269.2419,51260300
2019-09-10,268.4834,269.2419,267.2284,269.1787,57947100
2019-09-11,269.4856,271.1740,268.8355,271.0927,68821100
2019-09-12,271.9956,273.0881,271.2372,272.0318,72908700
2019-09-13,272.4743,272.8264,271.4811,271.8513,62104800
2019-09-16,270.7226,271.8964,270.3705,271.0115,58191200
2019-09-17,270.8129,271.7880,270.6413,271.6977,41475500
2019-09-18,271.3095,271.9686,269.2779,271.8602,73375800
2019-09-19,272.2485,273.2417,271.5082,271.8422,76560500
2019-09-20,272.4445,272.7257,269.7687,270.5578,89565000
2019-09-23,269.8956,271.2108,269.6416,270.4943,43476800
2019-09-24,271.5827,271.9728,267.4103,268.3717,94869400
2019-09-25,268.4534,270.4036,266.9749,269.9591,71854000
2019-09-26,269.9682,270.1768,267.9909,269.3968,56179700
2019-09-27,270.1496,270.2585,266.3944,267.9455,84746600
2019-09-30,268.4624,269.8956,268.4171,269.1881,51662400
2019-10-01,270.0680,270.7211,265.7686,265.9862,88242400
2019-10-02,264.4079,264.4170,259.9996,261.2877,122539500
2019-10-03,261.0609,263.4556,258.3488,263.4284,85278800
2019-10-04,264.0814,267.2470,264.0269,266.9930,65091200
2019-10-07,266.1948,267.8184,265.5598,265.8410,59610500
2019-10-08,263.9907,264.7254,261.6776,261.7139,95708100
2019-10-09,263.7277,265.1336,263.1018,264.1994,62359400
2019-10-10,264.1177,266.8661,263.9544,265.9862,55296300
2019-10-11,268.7345,270.9750,268.6166,268.7436,98720400
2019-10-14,268.4261,269.0974,268.0996,268.4443,40394800
2019-10-15,269.4875,271.8459,269.3696,271.1021,46754500
2019-10-16,270.6394,271.3560,270.2312,270.6666,48928200
2019-10-17,271.8276,272.3356,270.7754,271.4648,45736600
2019-10-18,270.9297,271.5737,269.4239,270.2766,64304000
2019-10-21,271.5918,272.3084,271.1564,272.1088,39048600
2019-10-22,272.6440,272.9343,271.1293,271.2200,48594700
2019-10-23,270.9660,272.0635,270.7574,272.0091,34352200
2019-10-24,272.9434,273.0885,271.6281,272.4536,35453100
2019-10-25,271.8821,274.1135,271.8276,273.5692,45205400
2019-10-28,274.7846,275.6100,274.7574,275.1111,42147000
2019-10-29,274.8391,275.9548,274.7121,275.0296,44284900
2019-10-30,275.2292,276.2451,273.9230,275.8732,49643900
2019-10-31,275.8641,275.8641,273.6872,275.1384,69053800
2019-11-01,276.5807,277.7327,276.4174,277.6873,71141500
2019-11-04,279.2383,279.3744,278.4311,278.8029,60606900
2019-11-05,279.0026,279.3019,278.2044,278.4946,42933200
2019-11-06,278.4945,278.8302,277.6147,278.5580,46487100
2019-11-07,279.8914,280.8710,279.0660,279.5376,54272300
2019-11-08,279.1930,280.2815,278.4946,280.2271,49032100
2019-11-11,278.8483,279.8642,278.7122,279.6919,35797300
2019-11-12,280.0547,281.1795,279.5105,280.2815,46484600
2019-11-13,279.2928,280.7713,279.0660,280.3722,53917700
2019-11-14,280.0910,280.8620,279.4561,280.7804,51219900
2019-11-15,282.1137,282.8575,281.4244,282.8122,62023600
2019-11-18,282.5763,283.2566,282.1227,283.0207,49228000
2019-11-19,283.6195,283.6286,282.2952,282.9392,67804700
2019-11-20,282.3495,282.8666,280.3359,281.8869,79406200
2019-11-21,281.9959,282.1047,280.6353,281.4335,54664700
2019-11-22,282.1772,282.3133,281.0525,282.0593,44850200
2019-11-25,282.9844,284.2452,282.9844,284.2452,48647200
2019-11-26,284.2816,285.0707,283.9641,284.8893,37569000
2019-11-27,285.3701,286.1592,285.1524,286.1592,44444600
2019-11-29,285.5968,285.8418,284.8712,285.0980,36592700
2019-12-02,285.3519,285.4154,282.2498,282.6761,75767800
2019-12-03,279.9640,280.8620,278.5853,280.7804,73941700
2019-12-04,281.8235,283.1115,281.4788,282.5128,49080000
2019-12-05,283.2112,283.2294,281.7146,283.0207,40709000
2019-12-06,284.9256,286.0050,284.9165,285.6059,48927000
2019-12-09,285.2158,285.8871,284.6353,284.7079,34838500
2019-12-10,284.6535,285.3156,283.7374,284.3904,52649800
2019-12-11,284.8440,285.4517,284.3088,285.1978,53429100
2019-12-12,285.2068,288.4359,284.9710,287.6559,96389600
2019-12-13,287.4200,289.0527,286.6490,287.8282,81503900
2019-12-16,289.5515,290.3951,287.7646,289.8055,82749700
2019-12-17,290.1866,290.4859,289.7874,289.8691,61097700
2019-12-18,290.2591,290.4859,289.8328,289.8872,48133000
2019-12-19,290.0777,291.1480,289.8237,291.0754,85310500
2019-12-20,292.1055,293.4819,291.1302,292.3516,147142100
2019-12-23,293.1356,293.1903,292.6525,292.7983,52990000
2019-12-24,293.0262,293.0718,292.5066,292.8074,20270000
2019-12-26,293.1902,294.3752,293.1811,294.3661,30911200
2019-12-27,295.0953,295.1500,293.7645,294.2931,42528800
2019-12-30,294.3752,294.5119,292.1876,292.6707,49729100
2019-12-31,292.1693,293.6277,291.8229,293.3816,57077300
2020-01-02,294.9130,296.1436,293.9924,296.1253,59151200
2020-01-03,292.7436,295.0041,292.6889,293.8830,77709700
2020-01-06,292.1329,295.0862,292.0144,295.0042,55653900
2020-01-07,294.4389,294.9129,293.7280,294.1746,40496400
2020-01-08,294.3660,296.9547,294.1199,295.7424,68296000
2020-01-09,297.3011,297.8207,296.7178,297.7478,48473300
2020-01-10,298.3312,298.4861,296.4261,296.8910,53029300
2020-01-13,297.5109,298.9420,297.0825,298.9329,47086800
2020-01-14,298.4952,299.5435,297.9210,298.4770,62832800
2020-01-15,298.3858,299.9081,298.3038,299.1515,72056600
2020-01-16,300.5280,301.6400,300.3001,301.6400,54050300
2020-01-17,302.3510,302.7885,301.5762,302.5789,95846000
2020-01-21,301.6218,302.7885,301.5489,301.9864,77742400
2020-01-22,302.8431,303.4903,301.8678,302.0227,48914900
2020-01-23,301.3756,302.7793,300.2635,302.3691,51963000
2020-01-24,303.0255,303.1075,298.3949,299.6802,87578400
2020-01-27,294.4481,296.3532,294.1109,294.8766,84062500
2020-01-28,296.2984,298.8416,294.9676,297.9665,63834000
2020-01-29,299.3248,299.5527,297.5200,297.7205,53888900
2020-01-30,295.6604,298.8963,294.9129,298.6866,75491800
2020-01-31,298.0668,298.2217,292.3515,293.2631,113845600
2020-02-03,294.7397,297.3011,294.6212,295.4416,69083000
2020-02-04,299.0422,300.8105,298.7231,299.9446,62573200
2020-02-05,302.8705,303.6180,301.4121,303.4083,65951100
2020-02-06,304.3654,304.6207,303.3536,304.4293,50359700
2020-02-07,303.3719,304.4384,302.2598,302.8068,64139400
2020-02-10,301.9225,305.1311,301.8861,305.0673,42070000
2020-02-11,306.4163,307.2002,305.0673,305.5960,54864500
2020-02-12,307.0271,307.7745,306.6625,307.5649,43992700
2020-02-13,306.1429,308.2029,305.8694,307.2367,54501900
2020-02-14,307.6469,307.8475,306.4529,307.7290,64582200
2020-02-18,306.7353,307.7927,305.5504,306.9359,57226200
2020-02-19,307.9021,309.0780,307.6195,308.4034,48814700
2020-02-20,307.8565,308.6769,304.1558,307.1364,74163400
2020-02-21,305.7874,306.0973,303.1531,303.9735,113788200
2020-02-24,294.5484,304.0464,292.8165,293.8921,161088400
2020-02-25,295.2776,295.8883,284.1115,284.9866,218913200
2020-02-26,286.3811,289.9634,283.2091,283.9383,194773800
2020-02-27,278.4327,283.9929,271.1861,271.1861,284353500
2020-02-28,263.1556,271.5325,260.2752,270.0467,384975800
2020-03-02,271.8242,281.8053,268.4060,281.7415,238703600
2020-03-03,282.1153,286.0713,271.2408,273.6746,300139100
2020-03-04,279.0343,285.3967,276.4912,285.1779,176613400
2020-03-05,277.9952,281.1764,273.4649,275.6982,186366800
2020-03-06,267.2119,272.3438,264.5503,271.1406,228667200
2020-03-09,250.9412,259.0447,249.2549,249.9659,309417300
2020-03-10,259.4549,262.9916,249.3006,262.9005,276444100
2020-03-11,255.8635,256.9937,246.9123,250.0844,255316300
2020-03-12,233.3489,243.0657,225.7651,226.1571,392220700
2020-03-13,239.8116,247.4593,226.5308,245.4904,329566100
2020-03-16,219.8403,234.1693,216.3583,218.6279,297240000
2020-03-17,223.3587,233.5040,216.0939,230.4321,262070500
2020-03-18,215.3465,226.3941,207.8447,218.7647,327597100
2020-03-19,218.0810,225.4917,211.6730,219.2295,289322000
2020-03-20,222.3707,224.1495,209.5069,209.7820,347158800
2020-03-23,209.2227,210.5888,200.1181,204.4182,326025200
2020-03-24,214.9349,223.8103,214.3664,222.9392,235494500
2020-03-25,224.5162,235.0420,219.8218,226.2766,299430300
2020-03-26,228.7797,240.9558,228.3487,239.4888,257632800
2020-03-27,232.2180,239.1313,230.1826,232.3556,224341200
2020-03-30,234.4460,240.6166,232.4564,239.9015,171369500
2020-03-31,238.9021,241.4418,234.9228,236.3256,194881100
2020-04-01,227.3677,236.2431,223.6268,225.6898,189554600
2020-04-02,224.8096,231.6771,224.2595,230.8977,177660400
2020-04-03,229.9167,232.2639,224.8372,227.5603,135561200
2020-04-06,236.4082,244.8068,227.5419,242.8446,188061200
2020-04-07,251.4175,252.1693,242.8722,243.0922,201427200
2020-04-08,245.6870,253.0587,243.2023,251.2525,153774500
2020-04-09,254.5073,257.8265,252.5727,255.0758,189999200
2020-04-13,254.1040,254.4432,248.8502,252.7470,114839100
2020-04-14,257.6247,261.2189,252.6094,260.2011,134143400
2020-04-15,254.4982,260.3387,252.5636,254.6724,121775000
2020-04-16,255.9468,256.7537,252.8386,255.9010,131798300
2020-04-17,261.6591,263.4195,258.9268,262.8144,146684800
2020-04-20,259.1193,262.9518,257.9640,258.1841,100109300
2020-04-21,253.7281,254.9292,249.4096,250.3448,126385700
2020-04-22,255.2133,257.6431,253.8930,255.9010,92951600
2020-04-23,257.1754,260.3387,255.5801,255.8826,104709700
2020-04-24,257.3955,260.1187,255.3509,259.4493,85063200
2020-04-27,261.4206,264.3088,260.9622,263.1902,77896600
2020-04-28,266.8303,267.1787,261.6774,261.9800,105270000
2020-04-29,267.2979,270.3694,266.2710,268.8382,118745600
2020-04-30,267.4629,268.9391,264.6023,266.3352,122901700
2020-05-01,261.5949,266.5002,258.1199,259.2843,125180000
2020-05-04,257.4046,260.3019,255.9284,259.9994,80873200
2020-05-05,262.8143,265.2074,260.1278,262.4017,79569900
2020-05-06,264.0979,264.4829,260.1920,260.6229,73632600
2020-05-07,263.8319,265.6932,263.2635,263.7678,75250400
2020-05-08,266.8943,268.5998,265.7666,268.1321,76452400
2020-05-11,266.2068,269.5625,265.7850,268.1872,79514200
2020-05-12,269.3699,269.7825,262.7042,262.8418,95870800
2020-05-13,262.2825,263.3186,255.7726,258.1932,144721100
2020-05-14,255.7635,261.4115,250.2989,261.2831,121977900
2020-05-15,258.8992,262.5301,257.9548,262.4842,111146300
2020-05-18,268.6915,272.0839,268.3706,270.4794,119703800
2020-05-19,269.8835,271.5889,267.6830,267.7013,95189300
2020-05-20,271.2312,273.1108,271.0020,272.2489,85861700
2020-05-21,272.1206,272.9275,269.2783,270.3694,78293900
2020-05-22,270.0852,271.0571,268.8474,270.8828,63958200
2020-05-26,276.8334,277.0718,270.9011,274.2202,88951400
2020-05-27,277.0076,278.3370,272.1939,278.3004,104817400
2020-05-28,279.3273,281.3352,277.1176,277.7869,90405200
2020-05-29,277.3192,279.6114,274.5778,279.0247,119090800
2020-06-01,278.3830,280.7577,277.8695,280.1526,55758300
2020-06-02,281.0693,282.5180,279.7399,282.4722,74267200
2020-06-03,284.4526,287.1849,284.1776,286.2314,92567600
2020-06-04,285.2503,286.9832,283.3890,285.4795,75794400
2020-06-05,290.8617,294.5659,290.7975,292.7963,150524700
2020-06-08,293.6032,296.5280,293.0622,296.3355,73641200
2020-06-09,293.6765,296.4088,292.8146,294.1258,77479200
2020-06-10,294.7034,295.5928,291.7694,292.4846,95000800
2020-06-11,285.5713,286.2040,275.0731,275.6232,209243600
2020-06-12,282.6189,283.3890,273.7801,278.9238,194678900
2020-06-15,273.2483,282.6555,272.0747,281.5277,135782700
2020-06-16,289.2571,289.4039,282.0963,286.9466,137627500
2020-06-17,287.9643,288.2577,285.0211,285.7546,83398900
2020-06-18,284.2418,286.3414,283.7833,285.8647,80828700
2020-06-19,289.3236,289.5170,282.2878,284.2310,135549600
2020-06-22,283.6323,286.4503,282.4904,286.0543,74649400
2020-06-23,288.6974,289.6275,286.9661,287.3713,68471200
2020-06-24,285.3361,285.9531,278.2082,280.0408,132813500
2020-06-25,279.4697,283.3099,277.4529,283.0428,89468000
2020-06-26,281.9470,282.1588,275.7401,276.3202,127961000
2020-06-29,277.5728,280.5197,275.2889,280.3816,79773300
2020-06-30,279.9487,285.6676,279.7922,283.9731,113394800
2020-07-01,285.0874,287.2239,284.6269,285.9622,72396500
2020-07-02,289.3881,290.7327,286.8740,287.5371,69344200
2020-07-06,291.3496,292.5560,290.6036,291.9758,61713800
2020-07-07,290.4379,292.4087,288.5869,288.9645,82910000
2020-07-08,289.7289,291.2852,287.9699,291.1747,54638600
2020-07-09,291.7825,292.0219,286.1096,289.5170,83354200
2020-07-10,289.4525,292.7402,288.0251,292.4731,57550400
2020-07-13,294.8123,297.1882,289.2868,289.9406,102997500
2020-07-14,288.5224,294.4715,287.3252,293.6979,93657000
2020-07-15,296.9119,297.4921,294.0202,296.3962,87196500
2020-07-16,294.4991,295.8713,293.8545,295.4200,54622500
2020-07-17,296.4239,297.0593,294.4531,296.2765,62774900
2020-07-20,296.0094,299.4168,295.2634,298.6708,56308800
2020-07-21,300.6325,301.0745,298.3210,299.3063,57292200
2020-07-22,298.9471,301.3231,298.8366,301.0099,57792900
2020-07-23,300.6509,301.3508,296.0555,297.4185,75738000
2020-07-24,295.5674,296.5252,294.0019,295.5030,73766600
2020-07-27,296.1936,297.8328,295.4016,297.6578,48293000
2020-07-28,296.9304,298.0447,295.4753,295.7700,57495000
2020-07-29,296.6449,299.9694,296.6080,299.4076,48454200
2020-07-30,296.4422,298.7537,294.3610,298.3393,61861700
2020-07-31,300.1259,300.7982,295.9173,300.6969,84986800
2020-08-03,302.3546,303.5517,301.8112,302.7874,53077900
2020-08-04,301.9309,303.9570,301.9309,303.9570,41917900
2020-08-05,305.2554,306.1027,304.9884,305.8448,42697700
2020-08-06,305.2646,308.0089,304.9423,307.8892,43679400
2020-08-07,306.9223,308.3958,306.0198,308.1103,57308300
2020-08-10,308.5615,309.2154,306.6276,309.0312,44282100
2020-08-11,310.2099,310.8453,305.7527,306.4802,69601100
2020-08-12,308.9114,311.5268,308.8838,310.7532,53774400
2020-08-13,309.9889,311.4992,309.2706,310.1915,41816100
2020-08-14,309.8047,310.7348,309.0772,310.2007,47260400
2020-08-17,311.2137,311.5820,310.2099,311.1860,35481000
2020-08-18,311.5821,312.2820,309.9889,311.8584,38733900
2020-08-19,312.2359,312.7517,309.9981,310.5599,68054200
2020-08-20,308.8378,312.0057,308.7089,311.5269,42207800
2020-08-21,311.1953,312.8530,310.8546,312.6320,55106600
2020-08-24,315.0632,315.8736,312.6044,315.8000,48588700
2020-08-25,316.3617,316.9879,315.2013,316.9050,38463400
2020-08-26,317.4944,320.3492,316.9510,320.0821,50790200
2020-08-27,320.9478,322.2279,319.1244,320.7820,58034100
2020-08-28,321.8042,322.9830,320.6163,322.8541,48588900
2020-08-31,322.6422,323.5171,321.4543,321.6845,66099200
2020-09-01,322.5134,324.8157,321.6201,324.7144,54908700
2020-09-02,326.6207,330.3780,325.4787,329.4111,69540000
2020-09-03,327.7257,328.1954,315.4960,318.0746,148011100
2020-09-04,318.7560,320.3215,308.3865,315.4775,139156300
2020-09-08,310.0810,315.5421,306.5539,306.8578,114465300
2020-09-09,310.8546,315.3763,309.9889,312.9174,91462300
2020-09-10,314.7869,315.4408,306.5263,307.4841,90569500
2020-09-11,309.2614,310.3204,304.8225,307.6405,84680200
2020-09-14,310.7994,313.4608,307.7880,311.6927,65605700
2020-09-15,314.1422,314.9710,311.7018,313.2674,52920900
2020-09-16,314.5014,315.9288,311.7478,312.0241,82096000
2020-09-17,307.1801,310.9927,306.6552,309.2798,91523300
2020-09-18,310.0832,310.1941,303.2412,305.7191,105877900
2020-09-21,301.1424,302.4646,297.4717,302.3166,99450800
2020-09-22,303.7960,305.9503,301.2903,305.3955,63612100
2020-09-23,305.9503,306.2277,297.8138,298.3131,93112200
2020-09-24,297.0002,302.1595,295.6873,299.1083,76681300
2020-09-25,298.2576,304.7298,297.3885,303.9439,71069400
2020-09-28,308.0954,309.7042,307.1060,308.9922,64584600
2020-09-29,308.7888,309.5285,306.6160,307.3094,51304000
2020-09-30,307.9752,312.7831,307.7810,309.6395,104081100
2020-10-01,312.2284,313.1992,309.7504,311.6274,88698700
2020-10-02,306.6899,311.5995,306.2184,308.6685,89431100
2020-10-05,310.7213,314.3273,310.6751,314.1424,45713100
2020-10-06,314.2810,316.3706,309.1679,309.6765,90128900
2020-10-07,312.6260,315.8713,312.5982,315.0669,56999600
2020-10-08,316.9993,317.9239,316.0839,317.8591,45242500
2020-10-09,319.5049,321.1600,318.8855,320.6977,59528600
2020-10-12,323.2311,327.3271,322.7411,325.8570,80388500
2020-10-13,325.7183,325.8940,322.7688,323.7304,73255500
2020-10-14,324.3037,325.3947,320.9659,321.6963,57727900
2020-10-15,317.7944,321.7794,317.2581,321.2986,60357700
2020-10-16,322.6487,324.3038,320.9290,321.1046,89501900
2020-10-19,322.3620,322.9907,315.3258,316.2227,68425600
2020-10-20,317.5634,320.7255,316.8052,317.4894,60051900
2020-10-21,317.4431,319.6067,316.5832,316.8883,63575000
2020-10-22,317.1010,319.2091,314.9652,318.6266,55399300
2020-10-23,319.8471,319.9026,317.2582,319.7084,49143900
2020-10-26,316.3336,317.1195,310.3144,313.8002,91473000
2020-10-27,314.1423,314.4751,312.5057,312.7184,65994100
2020-10-28,307.0599,312.7461,301.5400,302.0300,127094300
2020-10-29,302.2611,308.2618,300.5783,305.0996,90597700
2020-10-30,303.5279,304.8316,298.2762,301.9191,120287300
2020-11-02,305.3031,307.3002,302.5663,305.3031,86068300
2020-11-03,308.5300,312.7462,305.3863,310.6935,93294200
2020-11-04,315.1594,321.7056,313.9851,317.6373,126959700
2020-11-05,322.9075,325.6350,322.5561,323.8321,82039700
2020-11-06,323.5454,325.0063,321.4373,323.7581,74973000
2020-11-09,336.5268,336.9059,327.3640,327.8263,172304200
2020-11-10,326.8370,328.3996,324.0817,327.3456,85552000
2020-11-11,329.5276,330.6002,328.2887,329.7773,58649000
2020-11-12,328.7694,329.8235,324.7751,326.5781,67546200
2020-11-13,328.4828,331.8391,327.9650,331.0994,62892200
2020-11-16,333.7623,335.4266,332.4771,335.2324,74541100
2020-11-17,332.8284,334.6314,331.3213,333.4294,66111000
2020-11-18,333.6975,334.2430,329.3796,329.4166,70591300
2020-11-19,328.7880,331.1735,327.4473,330.8036,59940900
2020-11-20,330.5446,330.7480,328.4643,328.5382,70417300
2020-11-23,330.3413,331.7652,328.1130,330.5077,63230600
2020-11-24,333.0503,336.3789,332.1997,335.8334,62415900
2020-11-25,335.7502,335.7779,334.2246,335.3156,45330900
2020-11-27,336.4067,336.7210,335.2417,336.2495,28514100
2020-11-30,335.4728,335.7410,332.0888,334.7609,83872700
2020-12-01,338.0062,339.9571,337.4145,338.4223,74231400
2020-12-02,337.3128,339.2915,336.7396,339.1343,45927000
2020-12-03,339.0325,340.4286,337.9414,339.0417,62882000
2020-12-04,339.6243,341.9635,339.5318,341.9635,50749900
2020-12-07,341.1962,341.7509,339.9942,341.2609,48944300
2020-12-08,339.9941,342.8233,339.9478,342.2593,42458900
2020-12-09,342.9158,343.0729,338.3575,339.1896,74098300
2020-12-10,337.8213,340.1235,336.9521,339.0787,57735400
2020-12-11,337.3868,339.0881,335.8705,338.6812,57698600
2020-12-14,340.8448,341.9173,336.9892,337.1649,69216200
2020-12-15,339.6982,341.7231,338.3298,341.7231,63865300
2020-12-16,341.9357,343.1747,341.0573,342.2593,58420500
2020-12-17,343.8959,344.3767,343.0730,344.1733,64119500
2020-12-18,344.4611,344.6283,340.7934,342.7990,136542300
2020-12-21,338.8898,351.4158,336.1599,341.5733,96386700
2020-12-22,341.8982,342.0097,339.8740,340.9976,47949000
2020-12-23,341.9633,343.2076,340.9791,341.3041,46201400
2020-12-24,341.7777,342.6598,341.1927,342.6319,26457900
2020-12-28,345.1761,345.9654,344.5540,345.5754,39000400
2020-12-29,347.0982,347.2746,344.3312,344.9161,53680500
2020-12-30,345.7333,346.4390,345.0183,345.4083,49455300
2020-12-31,345.2133,347.8875,344.7026,347.1632,78520700
2021-01-04,348.4910,348.6210,338.7506,342.4370,110210800
2021-01-05,341.7962,345.8818,341.7497,344.7953,66426200
2021-01-06,343.2912,350.0417,342.7433,346.8568,107997700
2021-01-07,349.2246,352.7530,349.0482,352.0102,68766800
2021-01-08,353.3938,354.2294,350.1532,354.0159,71677200
2021-01-11,350.8495,353.3844,350.7288,351.6295,51034700
2021-01-12,351.8152,352.7159,349.4660,351.7038,52547700
2021-01-13,351.6295,353.6444,350.8495,352.6509,45303600
2021-01-14,353.3937,353.8951,351.0817,351.4159,49989100
2021-01-15,349.8003,350.5988,346.9961,348.8532,107160000
2021-01-19,351.3044,352.1309,349.8281,351.5923,51233300
2021-01-20,353.8766,357.2936,353.4866,356.4579,61836100
2021-01-21,357.0150,357.4422,355.8636,356.7829,47840100
2021-01-22,354.9351,356.6808,354.5544,355.5201,52860500
2021-01-25,356.2536,357.2750,351.4159,356.9222,70402000
2021-01-26,357.8693,358.2778,356.1329,356.3650,42665300
2021-01-27,353.0502,353.1431,345.4269,347.6554,123351100
2021-01-28,349.4660,354.6380,349.0296,350.6452,94198100
2021-01-29,348.7882,349.7539,341.9541,343.6255,126765100
2021-02-01,347.0147,350.3760,343.9133,349.3453,75817600
2021-02-02,352.5208,355.8357,349.4288,354.2851,64450700
2021-02-03,355.1115,356.2815,353.2916,354.5637,52427100
2021-02-04,355.5944,358.6400,354.6751,358.5936,47142600
2021-02-05,360.4600,360.7107,358.5472,360.0050,48669800
2021-02-08,361.4534,362.6512,360.5991,362.6048,38365200
2021-02-09,361.7692,362.9577,361.3606,362.3634,35551100
2021-02-10,364.0997,364.2483,359.8099,362.2055,59154400
2021-02-11,363.2827,363.7006,360.3671,362.7906,42913300
2021-02-12,361.9921,364.8241,361.9178,364.5827,50593300
2021-02-16,365.8083,366.0033,363.5519,364.2669,50972400
2021-02-17,362.5213,364.6012,361.5092,364.3505,52290600
2021-02-18,361.7506,363.5427,360.0328,362.7999,59712800
2021-02-19,364.0534,364.3413,361.7135,362.1592,83241000
2021-02-22,359.4014,361.7784,359.1042,359.3735,67414200
2021-02-23,357.1729,361.1563,353.0316,359.8099,107284100
2021-02-24,358.7235,364.2020,357.7393,363.7748,72433900
2021-02-25,362.5119,363.8769,353.5701,355.0093,146670500
2021-02-26,356.8851,358.0272,351.2024,353.1802,152701600
2021-03-01,358.0365,362.9856,353.3752,361.7413,105348800
2021-03-02,361.9641,362.1963,358.4171,358.9185,79595300
2021-03-03,358.2222,359.1879,354.0623,354.1645,119940200
2021-03-04,353.9787,356.5601,345.3061,349.7817,183433000
2021-03-05,353.2730,357.2657,346.0118,356.2165,152039600
2021-03-08,357.1729,359.9771,354.1645,354.4430,123149200
2021-03-09,358.2778,362.0477,357.7764,359.5035,113633600
2021-03-10,361.8435,363.4313,360.4321,361.7413,109899400
2021-03-11,364.2020,367.3776,363.7470,365.4091,86245000
2021-03-12,364.0534,366.0405,363.2456,365.9012,64653600
2021-03-15,366.1519,368.3433,364.0163,368.0833,73427200
2021-03-16,368.6961,369.4018,366.8483,367.6190,73722500
2021-03-17,366.3376,369.6711,365.1955,368.8726,97959300
2021-03-18,366.2911,368.3711,362.8277,363.5055,115349100
2021-03-19,363.2057,364.7800,360.6624,362.8330,113624500
2021-03-22,363.3453,367.1089,363.2895,365.7302,73778600
2021-03-23,365.0966,366.5406,362.0690,362.8515,90686600
2021-03-24,364.2490,365.8793,360.9605,361.0071,97588600
2021-03-25,359.5724,363.8297,357.6347,363.0379,116128600
2021-03-26,364.1838,369.2888,363.5876,368.8883,114409100
2021-03-29,367.4163,369.6056,365.9351,368.7019,108107600
2021-03-30,367.4349,368.3945,366.1307,367.7237,76262200
2021-03-31,368.2920,370.7700,368.2640,369.2142,112734200
2021-04-01,371.1426,373.2573,370.9377,373.2014,99682900
2021-04-05,375.8564,379.0983,375.7819,378.5580,91684800
2021-04-06,377.9991,379.3778,377.6637,378.3345,62021000
2021-04-07,378.1668,379.1171,377.7104,378.7724,55836300
2021-04-08,380.0206,380.6261,379.0890,380.5702,57863100
2021-04-09,380.4492,383.5047,380.3280,383.3370,61104600
2021-04-12,382.7409,383.7470,382.1354,383.4768,56704900
2021-04-13,383.3744,385.2376,382.9925,384.6134,56551000
2021-04-14,384.5854,385.6381,382.7595,383.2998,61659900
2021-04-15,385.4331,387.6876,385.3866,387.4174,60229800
2021-04-16,388.7030,389.3179,387.2870,388.7123,82037300
2021-04-19,387.7808,388.2279,385.4798,386.8026,78498500
2021-04-20,385.5915,386.6907,382.4986,383.9705,81851800
2021-04-21,383.3557,387.8087,383.2160,387.6038,66793000
2021-04-22,387.4361,388.2652,383.0017,384.0637,97582800
2021-04-23,384.6227,389.6346,384.5482,388.2279,73209200
2021-04-26,388.8799,389.6066,388.2930,389.0383,52182400
2021-04-27,389.3365,389.5321,387.8180,388.9545,51303100
2021-04-28,389.2247,390.3426,388.3769,388.8427,51238900
2021-04-29,391.5630,391.9356,387.9484,391.3207,78544300
2021-04-30,389.0570,389.9047,387.8552,388.7495,85527000
2021-05-03,390.7338,391.1158,389.0943,389.5880,68128300
2021-05-04,387.6038,388.0975,383.5048,387.1846,101591200
2021-05-05,388.8241,389.0570,386.7467,387.3056,60162200
2021-05-06,387.3802,390.5289,385.3773,390.3985,74321400
2021-05-07,391.1625,393.8920,390.4824,393.2399,67733800
2021-05-10,393.5938,393.8174,389.2247,389.3458,81852400
2021-05-11,384.8369,386.8584,382.0049,385.8709,116888000
2021-05-12,383.0949,384.3618,376.3595,377.6730,134811000
2021-05-13,379.2195,384.1383,379.1729,382.2099,106394000
2021-05-14,384.9394,388.9266,384.9115,388.0788,82201600
2021-05-17,386.9703,387.9018,385.0791,387.0913,65129200
2021-05-18,387.3522,387.5944,383.5979,383.7563,59810200
2021-05-19,379.0797,382.9272,377.5985,382.7502,106467100
2021-05-20,383.6259,388.1254,383.5048,386.8678,78022200
2021-05-21,388.3490,389.5881,386.0946,386.5511,76578700
2021-05-24,388.7868,391.5630,388.5446,390.4916,51376700
2021-05-25,391.5723,391.9263,389.0477,389.6253,57451400
2021-05-26,390.2122,390.9015,389.1781,390.3985,43088600
2021-05-27,391.4233,391.9356,390.3240,390.6035,56707700
2021-05-28,392.1685,392.4294,391.0693,391.3022,58520200
2021-06-01,393.6591,393.7988,390.5196,390.9575,54216600
2021-06-02,391.6095,392.4107,390.6034,391.5722,49097100
2021-06-03,389.2619,391.2555,387.7993,390.1190,58138800
2021-06-04,391.9636,393.9852,390.1843,393.6870,55938800
2021-06-07,393.6777,393.8547,392.3735,393.3051,51555000
2021-06-08,394.1621,394.2553,391.5630,393.3889,47134300
2021-06-09,394.2273,394.3019,392.5784,392.8020,48436300
2021-06-10,394.0223,395.5781,392.7088,394.6278,51020100
2021-06-11,395.1775,395.3918,393.8919,395.2800,45570800
2021-06-14,395.3919,396.2676,394.1529,396.1651,42358500
2021-06-15,396.3141,396.3513,394.5627,395.4384,51508500
2021-06-16,395.5781,395.8016,391.1903,393.2305,80386100
2021-06-17,392.8206,394.0782,390.6314,393.1001,90949700
2021-06-18,389.8251,390.5167,387.5913,387.7969,118676300
2021-06-21,389.5541,393.5356,388.7409,393.3487,72822000
2021-06-22,393.3394,396.2834,392.6197,395.4516,57700300
2021-06-23,395.5264,396.3302,394.8909,394.9750,49445400
2021-06-24,397.1153,397.7321,396.8629,397.3116,45110300
2021-06-25,398.0592,399.1714,397.7320,398.7227,58129500
2021-06-28,399.2463,399.6949,398.0500,399.5267,53159600
2021-06-29,399.9098,400.5453,399.2088,399.7415,35970500
2021-06-30,399.2836,400.7510,399.2556,400.0780,64827900
2021-07-01,400.8351,402.4521,400.7697,402.2932,53441000
2021-07-02,403.4522,405.7233,402.3773,405.3681,57697700
2021-07-06,405.4241,405.6391,401.9006,404.6297,68710400
2021-07-07,405.3120,406.3401,403.3025,406.0597,63549500
2021-07-08,400.7510,403.5081,399.5733,402.7511,97595200
2021-07-09,404.2558,407.3494,402.5548,407.0504,76238600
2021-07-12,406.9663,408.7608,406.5363,408.5084,52889600
2021-07-13,407.7233,409.2187,406.8541,407.1158,52911300
2021-07-14,408.8075,409.2935,406.4803,407.7233,64130400
2021-07-15,406.3868,407.0597,404.4334,406.3307,55126400
2021-07-16,407.5083,407.5550,402.7510,403.1436,75874700
2021-07-19,398.3304,403.2092,394.3862,397.1901,147987000
2021-07-20,397.8536,404.1530,397.0591,402.8819,99608200
2021-07-21,404.0782,406.2840,402.8352,406.1437,64724400
2021-07-22,406.3214,407.2373,405.3400,406.9943,47878500
2021-07-23,408.9196,411.5179,408.2373,411.1814,63766600
2021-07-26,410.5927,412.2002,410.5460,412.1909,43719200
2021-07-27,411.1534,411.1814,407.4896,410.3122,67397100
2021-07-28,410.9384,411.5179,408.7234,410.1440,52472400
2021-07-29,411.0693,412.9199,411.0599,411.8450,47435300
2021-07-30,409.2841,411.2936,409.1533,409.8449,68951200
2021-08-02,411.5553,412.1068,408.6299,408.9851,58783300
2021-08-03,409.7795,412.4339,407.5925,412.3124,58053900
2021-08-04,411.0319,412.2843,410.0506,410.2842,46732200
2021-08-05,411.4431,412.9666,411.1253,412.8824,38969700
2021-08-06,413.2002,413.9853,412.9198,413.5647,46930000
2021-08-09,413.5367,413.8545,412.4619,413.2283,41222600
2021-08-10,413.6770,414.4527,412.9947,413.7424,43339300
2021-08-11,414.8078,414.8639,413.6862,414.7704,44034300
2021-08-12,414.6209,416.1537,413.7237,416.0135,38909400
2021-08-13,416.4622,416.7893,415.9762,416.7706,39470300
2021-08-16,415.4715,417.8828,413.9200,417.7520,73740000
2021-08-17,415.2004,415.8733,412.0320,415.0135,92673900
2021-08-18,414.0040,415.5649,410.2281,410.4711,89351900
2021-08-19,407.7514,412.3031,407.6112,411.1067,92812200
2021-08-20,411.4525,414.7050,410.9664,414.3778,72008700
2021-08-23,416.0601,418.9295,414.4526,418.0229,54973000
2021-08-24,418.6866,419.2193,418.1725,418.6866,38744700
2021-08-25,418.8734,420.0791,418.4996,419.5651,40529700
2021-08-26,419.2847,419.5183,416.9948,417.0883,57829600
2021-08-27,417.8921,421.1914,417.8360,420.8175,77235100
2021-08-30,421.4904,423.4532,421.2474,422.6681,48357400
2021-08-31,422.5745,422.9110,421.4436,422.0418,59300200
2021-09-01,422.9766,423.4906,422.0326,422.2662,48721400
2021-09-02,423.6868,424.3691,422.3690,423.5653,42501000
2021-09-03,422.4344,423.9765,422.0325,423.4625,47170500
2021-09-07,423.1167,423.2102,421.2755,421.9484,51671500
2021-09-08,421.4156,422.1447,419.5183,421.4343,56181900
2021-09-09,421.2382,422.9860,419.3876,419.6306,57970400
2021-09-10,421.5559,421.9765,416.2005,416.3220,89948200
2021-09-13,419.3127,419.5744,415.0788,417.3874,83738600
2021-09-14,418.8268,419.0324,414.2471,415.1350,78197100
2021-09-15,415.5555,419.0978,414.4527,418.6024,78792200
2021-09-16,418.0790,419.0510,414.9947,417.9388,77786700
2021-09-17,417.1681,417.5900,413.5113,413.8676,118425000
2021-09-20,407.7544,409.3296,402.1099,406.9668,166445500
2021-09-21,409.3014,410.5953,406.0572,406.5823,92526100
2021-09-22,408.8514,412.5831,406.6948,410.5485,102350100
2021-09-23,412.4143,417.1400,412.1799,415.5366,76396000
2021-09-24,413.9053,416.9338,413.6896,416.2212,62094800
2021-09-27,415.1897,416.3523,414.3364,415.0303,61371100
2021-09-28,412.2644,412.5925,405.9354,406.6667,130436300
2021-09-29,408.0450,409.7796,406.7886,407.3512,82329200
2021-09-30,408.8233,409.5265,402.0349,402.3725,140506000
2021-10-01,404.0976,408.8326,400.5815,407.1542,129240100
2021-10-04,405.9917,406.8918,399.7658,401.9037,128570000
2021-10-05,403.4038,408.3263,402.6068,406.0854,90682500
2021-10-06,402.4943,407.9794,400.8722,407.7731,113032200
2021-10-07,411.0454,414.1302,410.8673,411.2986,72437500
2021-10-08,412.0674,412.4519,409.9203,410.5485,74557400
2021-10-11,409.8921,412.7987,407.5105,407.5762,65233300
2021-10-12,408.4951,408.8982,405.7853,406.5729,71181200
2021-10-13,407.5950,408.8514,404.6227,408.0357,72974000
2021-10-14,411.6924,415.0491,411.2235,414.8990,70236800
2021-10-15,417.0088,418.4246,416.3899,418.0589,66260200
2021-10-18,416.2774,419.6340,415.6210,419.2965,62213200
2021-10-19,420.9186,422.5970,420.3091,422.5313,46996800
2021-10-20,422.9908,424.4910,422.8782,424.1909,49571600
2021-10-21,423.5908,425.5223,423.1595,425.2973,41305400
2021-10-22,424.8660,426.3100,422.9157,424.8566,58845100
2021-10-25,425.9442,427.4632,424.1721,427.1350,45214500
2021-10-26,428.6822,429.8917,427.1445,427.5195,56075100
2021-10-27,427.9789,428.6446,425.5504,425.6255,72438000
2021-10-28,427.0507,429.8073,427.0414,429.7323,51437900
2021-10-29,427.4351,430.8949,427.1444,430.6043,70162400
2021-11-01,431.5888,431.9638,429.6198,431.3450,48433600
2021-11-02,431.5138,433.3985,431.3825,433.0890,48908400
2021-11-03,432.5264,436.1363,432.0857,435.7331,52509800
2021-11-04,436.3332,437.8709,435.9862,437.7865,52847100
2021-11-05,440.0087,441.2933,437.7959,439.3055,66390600
2021-11-08,440.4025,440.8994,438.9960,439.6805,50405200
2021-11-09,440.0462,440.2806,436.8208,438.2272,51149100
2021-11-10,436.5395,438.2272,433.2203,434.7018,69429700
2021-11-11,436.1926,436.2676,434.8236,434.8424,34848500
2021-11-12,436.1082,438.6773,435.1612,438.1241,53466700
2021-11-15,439.4085,439.5679,437.1489,438.2740,46980500
2021-11-16,438.0116,441.1432,437.9366,440.0087,48857500
2021-11-17,439.7461,439.9243,438.3209,438.9398,47858300
2021-11-18,439.9711,440.6931,437.2520,440.4305,50625600
2021-11-19,440.3180,441.5651,439.2773,439.6430,57315600
2021-11-22,441.5182,444.0029,438.1990,438.4053,72762000
2021-11-23,438.0771,439.8399,435.4799,438.9866,73206500
2021-11-24,436.9895,440.2805,436.1737,440.1586,61858800
2021-11-26,433.5016,434.9643,429.2166,430.3418,112669600
2021-11-29,435.1237,437.4583,432.9296,435.6206,86268800
2021-11-30,433.1827,435.0861,426.9006,427.1444,148559600
2021-12-01,432.8452,435.6862,422.2032,422.4001,131939200
2021-12-02,422.6157,430.4355,422.2219,428.8697,127637800
2021-12-03,430.5293,431.5888,420.9187,425.1380,137331600
2021-12-06,427.6789,432.0483,425.2692,430.1730,98977500
2021-12-07,435.4424,439.6336,430.0417,439.0710,95484700
2021-12-08,439.4649,440.6838,437.7115,440.2337,72238800
2021-12-09,438.9491,440.3368,437.0645,437.2614,61272600
2021-12-10,439.9618,441.5276,437.4114,441.3776,77159800
2021-12-13,440.8619,441.2089,437.1864,437.4677,87724700
2021-12-14,434.2048,436.6895,431.5419,434.4579,97264100
2021-12-15,434.5142,441.4901,432.0013,441.2463,116899300
2021-12-16,443.0934,443.3747,435.8081,437.3552,116568600
2021-12-17,434.2811,437.2827,430.9973,432.7004,135511600
2021-12-20,427.6290,428.4946,424.4863,428.0994,107134800
2021-12-21,431.5149,435.8431,429.3508,435.7020,69806300
2021-12-22,435.4480,440.1714,435.2504,440.0585,58890200
2021-12-23,441.0558,444.2926,440.9523,442.7965,56439700
2021-12-27,444.1703,449.1101,444.1233,449.0631,56808600
2021-12-28,449.4959,450.5215,447.9339,448.6961,47274600
2021-12-29,448.7997,450.2863,447.8023,449.2701,54503000
2021-12-30,449.6935,450.7003,447.5670,448.0280,55329000
2021-12-31,447.5388,448.6867,446.6261,446.8989,65237400
2022-01-03,448.1598,449.6182,445.8545,449.4865,72668200
2022-01-04,450.9072,451.6223,447.4823,449.3359,71178700
2022-01-05,448.9689,449.7405,440.6136,440.7077,104538900
2022-01-06,440.2467,443.0036,437.9320,440.2937,86858900
2022-01-07,440.3031,441.4793,437.1981,438.5530,85111600
2022-01-10,435.3632,438.2236,429.6236,438.0072,119362000
2022-01-11,437.7438,442.0908,434.7516,441.9967,74303100
2022-01-12,443.7280,445.2429,441.2346,443.1917,67605400
2022-01-13,444.2926,444.9418,436.0595,437.0851,91173100
2022-01-14,433.9425,437.6121,432.7287,437.2639,95890900
2022-01-18,432.5781,432.7851,428.4098,429.5201,109709100
2022-01-19,431.0633,432.4558,424.7873,425.0602,109357600
2022-01-20,426.9420,431.6372,418.2385,420.3556,122379700
2022-01-21,419.2359,421.5882,412.0755,412.1037,202271200
2022-01-24,406.5053,414.3620,395.9012,413.8539,251783900
2022-01-25,407.4744,413.7410,401.9136,408.8011,167997300
2022-01-26,414.6819,417.8057,403.5226,407.7755,186391100
2022-01-27,412.3672,415.5005,404.0777,405.7619,149878300
2022-01-28,407.1168,415.8862,402.5440,415.8391,164457400
2022-01-31,415.1711,423.6770,413.8256,423.3289,152251400
2022-02-01,424.0534,426.8291,420.5343,426.1893,123155400
2022-02-02,428.5886,431.0538,426.2833,430.3293,117361000
2022-02-03,424.3075,426.2082,419.3771,420.2145,118024400
2022-02-04,419.9793,426.0294,417.6081,422.1904,118454400
2022-02-07,422.9525,424.3451,419.5087,420.8354,84472900
2022-02-08,420.3368,425.2201,418.9160,424.2980,81012000
2022-02-09,428.3252,430.8280,428.1276,430.5081,92589900
2022-02-10,424.6745,430.6681,420.7791,422.7738,140103700
2022-02-11,422.8585,424.9285,413.0070,414.4372,153214600
2022-02-14,413.9291,415.5099,409.6197,413.0823,123006300
2022-02-15,417.5140,419.9133,416.9965,419.7440,88482700
2022-02-16,417.7023,421.5883,415.8299,420.2145,84863600
2022-02-17,417.0341,420.1862,410.6359,411.2381,102259100
2022-02-18,411.4921,412.7436,406.3077,408.5753,132642900
2022-02-22,406.3736,409.7703,400.6998,404.1906,124391800
2022-02-23,407.0979,407.6625,396.4561,397.0207,132578000
2022-02-24,386.7365,403.4284,386.3790,402.9956,213942900
2022-02-25,404.2282,411.9720,402.5816,411.8873,121804500
2022-02-28,406.5053,412.3108,405.2539,410.8336,145615000
2022-03-01,409.3375,411.3417,401.8760,404.5765,137785900
2022-03-02,406.8252,413.7409,406.0724,412.0190,117726500
2022-03-03,414.4466,415.0488,408.1707,409.9679,105501700
2022-03-04,406.2419,407.7661,402.6005,406.6371,113978200
2022-03-07,406.0537,406.7593,394.5838,394.6497,137896600
2022-03-08,394.8285,401.9700,390.5943,391.6576,164772700
2022-03-09,400.0223,404.1341,397.8394,402.1582,116990800
2022-03-10,397.5571,401.2361,395.6000,400.3423,93972700
2022-03-11,402.8262,403.4378,394.7438,395.2519,95636300
2022-03-14,396.0234,399.4672,391.2247,392.3633,95729200
2022-03-15,394.9696,401.6219,393.6994,400.9915,106219100
2022-03-16,404.4917,409.9396,399.7024,409.8831,144954800
2022-03-17,407.9731,415.0112,407.5968,415.0112,102676900
2022-03-18,413.4029,419.8776,412.6667,419.5567,106345500
2022-03-21,419.3868,421.3878,415.9324,419.4341,88349800
2022-03-22,420.8214,425.2764,420.8214,424.3420,74650400
2022-03-23,421.8125,423.3038,418.7922,418.8771,79426100
2022-03-24,420.8970,425.2009,419.7832,425.1914,64736900
2022-03-25,425.8239,427.5417,423.2472,427.2679,77101300
2022-03-28,426.6732,430.3070,424.7856,430.3070,68529800
2022-03-29,434.1862,436.1211,431.5057,435.6303,86581500
2022-03-30,434.4883,435.3001,430.8357,432.9405,79666900
2022-03-31,432.1759,432.9970,425.8238,426.2769,121699900
2022-04-01,427.8531,427.9947,423.9173,427.4850,89048800
2022-04-04,427.6832,431.2510,426.8621,431.1471,59601000
2022-04-05,429.6558,432.1192,424.5590,425.7011,74214500
2022-04-06,421.7936,423.7191,418.5657,421.4444,106898000
2022-04-07,420.5666,425.3802,418.6223,423.5680,78097200
2022-04-08,422.8130,425.3236,420.8970,422.4354,79272700
2022-04-11,419.1698,420.0098,414.7149,415.2151,89770500
2022-04-12,418.1976,420.7176,412.1287,413.6766,84363600
2022-04-13,413.4312,419.1698,413.2519,418.4147,74070400
2022-04-14,418.6412,419.7550,413.1009,413.2047,97869500
2022-04-18,412.2797,415.0546,411.1471,413.3745,66002500
2022-04-19,413.2707,420.7648,413.1008,420.0475,77821000
2022-04-20,421.8220,422.4355,418.5751,419.7361,65224400
2022-04-21,423.3509,424.7384,412.5534,413.4594,85417300
2022-04-22,412.3741,413.4784,401.5482,402.1145,132471800
2022-04-25,399.8776,404.6157,395.3188,404.4458,119647700
2022-04-26,401.9163,402.1145,392.7044,392.7327,103996300
2022-04-27,393.8088,399.1698,391.7040,393.8371,122030000
2022-04-28,398.5751,405.5123,394.1484,403.7851,105449100
2022-04-29,399.8022,401.9541,388.1174,388.8630,145491100
2022-05-02,388.9290,392.5628,382.2749,391.2037,158312500
2022-05-03,391.7040,395.4038,390.1466,392.9970,100028200
2022-05-04,393.6577,405.5312,390.4770,404.9649,144247900
2022-05-05,400.7081,401.1329,386.4467,390.5713,172929100
2022-05-06,388.0135,391.5057,382.9451,388.2401,151770800
2022-05-09,382.3505,383.5869,374.2334,375.8096,155586100
2022-05-10,381.7747,383.2754,372.6478,376.6779,132497200
2022-05-11,375.7153,381.3500,369.9484,370.6941,142361000
2022-05-12,367.5038,373.5727,363.5208,370.3070,125090800
2022-05-13,374.4316,380.5383,373.3934,379.1603,104174400
2022-05-16,377.5180,381.2839,375.2717,377.6218,78622400
2022-05-17,383.7002,385.6256,379.9720,385.3896,83029700
2022-05-18,380.8403,381.1234,368.6175,369.8539,117674500
2022-05-19,366.7959,372.0059,365.3707,367.5887,98510700
2022-05-20,371.1659,374.7337,359.1697,367.7492,131432200
2022-05-23,370.7695,375.3944,368.4571,374.6299,76414900
2022-05-24,370.5147,372.9592,365.2291,371.7700,91448800
2022-05-25,370.2787,377.0177,369.8823,375.0545,91472900
2022-05-26,376.2816,384.1815,376.0739,382.5487,82168300
2022-05-27,385.0027,392.0532,384.8045,391.9399,84768700
2022-05-31,390.3259,393.0725,387.0036,389.7407,95937000
2022-06-01,391.8550,392.8649,384.0777,386.5883,86585800
2022-06-02,386.4279,393.9975,384.1815,393.9503,79609600
2022-06-03,389.2405,390.7884,386.5128,387.4850,71874300
2022-06-06,391.4868,393.2140,387.4944,388.6647,57508900
2022-06-07,385.1821,392.8461,384.7196,392.3930,59272400
2022-06-08,390.6846,392.4685,387.3340,388.1268,64350000
2022-06-09,386.3523,388.6175,378.8960,378.8960,86289800
2022-06-10,372.7044,373.5539,367.8625,367.9097,132893900
2022-06-13,358.5184,360.3684,352.3363,353.9408,170004900
2022-06-14,355.6869,356.7157,349.7784,352.8742,104011800
2022-06-15,356.1683,362.3410,351.2225,357.9050,125666800
2022-06-16,349.7030,350.1088,343.6341,346.0598,134473300
2022-06-17,346.4740,350.1424,343.3079,346.8057,111113900
2022-06-21,352.5216,356.9199,352.4458,355.5360,76811900
2022-06-22,351.3178,358.9960,350.9007,354.8915,90059400
2022-06-23,357.0244,359.1003,353.4697,358.3704,79292100
2022-06-24,361.5364,369.7738,361.5079,369.7643,98050300
2022-06-27,370.6838,370.9777,367.2618,368.3519,66009600
2022-06-28,369.9065,372.6839,360.7117,360.8254,86548900
2022-06-29,361.3752,362.3611,358.7116,360.5316,65676000
2022-06-30,356.6451,360.8349,353.1568,357.6025,112508300
2022-07-01,356.9484,361.8208,354.3322,361.3847,74839700
2022-07-05,356.3039,362.0862,353.4791,362.0672,81438000
2022-07-06,362.2094,365.7736,359.8302,363.2901,70426200
2022-07-07,365.0626,369.5273,363.3090,368.7311,64525900
2022-07-08,367.1007,370.2952,365.5745,368.4278,72397800
2022-07-11,365.7546,366.7215,363.5270,364.2190,58366900
2022-07-12,363.6692,366.0485,359.2519,360.9961,62219200
2022-07-13,355.5646,362.0294,355.1475,359.1003,84224600
2022-07-14,354.1521,359.3088,351.7160,358.2282,89704800
2022-07-15,362.6266,365.1860,360.7213,365.0722,79060400
2022-07-18,368.1529,368.8259,360.8349,362.0578,63203600
2022-07-19,365.9726,372.4090,365.3186,371.8403,78506000
2022-07-20,372.0299,375.6225,370.6649,374.2101,71843800
2022-07-21,373.6319,378.0681,371.2336,378.0207,64903900
2022-07-22,378.1439,379.3383,372.2953,374.5134,72197300
2022-07-25,375.1390,375.8215,372.7313,374.9684,53631500
2022-07-26,373.3286,373.5371,369.6412,370.5322,52946400
2022-07-27,373.8214,381.8977,373.5276,380.1536,82342100
2022-07-28,380.9593,385.6136,377.4141,384.9216,73966600
2022-07-29,386.3529,391.5191,385.5851,390.5333,87003700
2022-08-01,387.8411,391.8793,387.1302,389.3768,69997500
2022-08-02,387.8128,391.4907,385.6326,386.8080,63435400
2022-08-03,388.9313,394.0311,388.6469,392.8652,67820600
2022-08-04,392.7893,393.4718,390.9598,392.5997,45656600
2022-08-05,388.3246,392.5808,388.2678,391.9362,56814900
2022-08-08,393.6235,395.8701,390.3816,391.4812,53886100
2022-08-09,390.7513,391.2537,388.8555,389.9266,44931800
2022-08-10,396.9697,398.2588,395.0170,398.1166,68665700
2022-08-11,400.9604,402.8183,397.3773,398.1166,59489700
2022-08-12,400.0504,404.9606,399.1025,404.8564,61694500
2022-08-15,402.6476,407.0460,402.5908,406.5246,54048300
2022-08-16,405.4536,409.2452,404.6478,407.3210,59289000
2022-08-17,403.7283,407.1314,402.4297,404.4298,63563400
2022-08-18,404.6288,406.2876,403.3396,405.6052,49023200
2022-08-19,402.8467,403.1121,399.2825,400.1546,68016900
2022-08-22,395.3297,395.5003,390.9219,391.8224,77695600
2022-08-23,391.3959,393.7847,390.3247,390.8745,49105200
2022-08-24,390.6470,393.4908,389.9645,392.1258,49177800
2022-08-25,393.6140,397.7090,392.5239,397.6616,50942300
2022-08-26,397.5479,398.0882,384.1443,384.2012,103087000
2022-08-29,381.2531,384.7035,380.3052,381.6607,65370800
2022-08-30,382.8172,383.0542,375.3761,377.4709,85652400
2022-08-31,379.1014,380.3431,374.4661,374.5988,76029700
2022-09-01,372.4280,376.1154,369.7264,375.7741,78740100
2022-09-02,379.4331,380.6464,370.0013,371.8118,99632100
2022-09-06,372.6555,373.5939,368.1908,370.4089,76637400
2022-09-07,370.0961,377.8311,369.8781,377.0633,70964200
2022-09-08,374.7978,379.9829,373.5940,379.5280,80821700
2022-09-09,381.7650,386.2866,381.4996,385.4240,76706900
2022-09-12,387.4904,390.2868,387.1871,389.5664,69256300
2022-09-13,380.9024,382.1062,371.5085,372.6270,122947100
2022-09-14,373.9257,375.5656,370.7502,374.0490,85023700
2022-09-15,372.4944,375.3381,368.5321,369.8023,87633800
2022-09-16,365.6294,367.6377,363.6972,366.9810,103084800
2022-09-19,363.8401,369.8270,363.7639,369.8270,73278500
2022-09-20,366.5051,367.5141,362.8312,365.5819,77274900
2022-09-21,367.5046,370.5504,359.1953,359.2048,106746600
2022-09-22,358.4338,360.0709,355.4451,356.1875,89472600
2022-09-23,352.7229,352.7610,345.7842,350.2196,122346900
2022-09-26,348.7539,352.3708,345.5368,346.7551,92581200
2022-09-27,350.2863,352.5516,343.4808,345.8699,108294100
2022-09-28,346.8217,354.3600,345.1275,352.6753,110802200
2022-09-29,349.1346,349.4201,342.3672,345.3083,112952300
2022-09-30,344.3660,348.2780,339.8354,339.9686,153711200
2022-10-03,343.6807,350.7907,341.9008,348.9442,89756500
2022-10-04,354.4552,359.7854,348.9061,359.7568,103602800
2022-10-05,355.3976,361.1750,353.0751,358.9193,88065700
2022-10-06,357.5201,360.4707,354.7218,355.2167,82333500
2022-10-07,351.1905,355.3023,343.5474,345.3083,107789500
2022-10-10,346.4219,346.6599,340.4350,342.6718,76042800
2022-10-11,340.9775,345.5367,338.5694,340.5016,92482800
2022-10-12,340.9109,342.4814,339.1310,339.3785,76991800
2022-10-13,332.3827,349.8009,331.3357,348.3351,147254500
2022-10-14,350.7908,352.4184,339.7592,340.3970,123737000
2022-10-17,346.4695,350.2482,340.0638,349.1441,93168200
2022-10-18,357.0537,357.3583,349.8104,353.2465,97162900
2022-10-19,351.2095,353.9317,347.9353,350.7432,79746900
2022-10-20,350.2958,354.7122,347.0406,347.8020,88283100
2022-10-21,347.5261,356.7396,346.0222,356.2542,131038400
2022-10-24,357.7770,361.7461,355.1310,360.6134,85436900
2022-10-25,360.5373,366.6860,360.4231,366.3719,78846300
2022-10-26,363.2309,368.9037,362.9740,363.6117,104087300
2022-10-27,364.6111,366.4481,361.0513,361.6700,81971800
2022-10-28,361.5653,370.7503,361.3844,370.2744,100302000
2022-10-31,367.8187,369.6842,366.6956,367.5998,96631300
2022-11-01,371.3404,371.5783,364.8205,365.9912,85407600
2022-11-02,365.4011,369.9032,356.7015,356.8062,126990400
2022-11-03,353.5701,356.1685,351.0192,353.1322,87100100
2022-11-04,358.8336,360.6135,352.1709,358.2150,103505200
2022-11-07,359.5094,362.2316,357.4344,361.6414,68286900
2022-11-08,362.7455,366.5623,359.5189,363.5927,84641100
2022-11-09,361.6224,362.7741,355.6069,356.1019,78495500
2022-11-10,369.3511,376.0043,367.0573,375.6712,141455800
2022-11-11,376.5278,380.1066,374.6432,379.3071,93839900
2022-11-14,377.5462,380.8966,375.8044,376.0804,71903500
2022-11-15,381.8199,382.9240,375.4808,379.2881,93194500
2022-11-16,377.6604,378.6122,375.7663,376.3945,68508500
2022-11-17,371.6450,375.9187,371.3404,375.2429,74496300
2022-11-18,378.5741,378.6408,374.1006,376.9465,92922500
2022-11-21,375.6236,376.7467,373.7390,375.5760,51243200
2022-11-22,377.5176,380.7919,376.1090,380.6301,60429000
2022-11-23,380.2969,383.5140,380.0685,383.0286,68261600
2022-11-25,382.4671,383.4950,382.1911,382.9430,30545400
2022-11-28,379.8592,381.4963,376.0710,376.8324,67881600
2022-11-29,376.9656,378.1554,374.3481,376.1851,52310000
2022-11-30,376.4326,388.0352,374.5195,388.0352,144566700
2022-12-01,389.0727,390.2434,385.2464,387.7497,76398200
2022-12-02,382.8668,388.2065,382.7621,387.3023,85342700
2022-12-05,384.4850,385.4177,378.9835,380.3351,77289800
2022-12-06,380.1732,380.7157,372.7681,374.8526,77972200
2022-12-07,374.0055,376.5754,373.0822,374.2149,65927900
2022-12-08,376.0995,378.2124,374.3195,377.1464,60737900
2022-12-09,375.9091,378.4600,374.2054,374.3291,81447700
2022-12-12,375.1191,379.7259,374.4529,379.7259,75405800
2022-12-13,390.4528,390.7097,379.8401,382.6003,123782500
2022-12-14,382.2577,385.9603,377.2131,380.1542,108111300
2022-12-15,375.2999,376.2042,369.1988,370.8550,117705900
2022-12-16,368.3029,369.6416,364.3443,366.4766,119858000
2022-12-19,366.6679,367.0025,361.7053,363.3690,79878100
2022-12-20,362.6136,365.4822,361.2941,363.8662,74427200
2022-12-21,366.4575,370.4352,365.9220,369.3069,78167400
2022-12-22,366.2663,369.2878,358.3491,364.0384,100120900
2022-12-23,363.0152,366.2758,361.4662,366.1324,59857300
2022-12-27,366.0176,366.3618,363.0152,364.6885,51638200
2022-12-28,364.6216,366.5913,359.9267,360.1562,70911500
2022-12-29,362.9961,367.5093,362.4702,366.6392,66970900
2022-12-30,363.9619,365.8168,361.8487,365.6734,84022200
2023-01-03,367.5284,369.4982,361.2750,364.1340,74850700
2023-01-04,366.3905,368.9722,363.3499,366.9451,85934100
2023-01-05,364.9946,365.1093,362.1643,362.7571,76970500
2023-01-06,365.8455,372.1946,362.7858,371.0759,104189600
2023-01-09,373.2655,376.4496,370.6839,370.8655,73978100
2023-01-10,370.2822,373.5332,369.3451,373.4663,65358100
2023-01-11,375.0440,378.2664,374.2313,378.1898,68881100
2023-01-12,379.2894,381.0297,375.2257,379.5667,90157700
2023-01-13,376.3731,381.6130,376.1054,381.0393,63903900
2023-01-17,381.0202,382.6935,379.6624,380.3413,62677300
2023-01-18,381.5270,382.5883,374.1357,374.3365,99632300
2023-01-19,372.2998,373.9444,370.2918,371.6113,86958900
2023-01-20,373.0074,378.6872,371.3628,378.5342,91806400
2023-01-23,379.3372,385.0074,378.3811,383.0759,84178800
2023-01-24,381.4026,383.5732,380.2170,382.6648,59524900
2023-01-25,378.6010,383.1429,376.3157,382.8082,84800300
2023-01-26,385.4664,387.1780,382.5023,387.0154,72287400
2023-01-27,385.9732,390.2761,385.7629,387.9047,68346200
2023-01-30,385.1509,387.3789,382.7414,383.0378,74202000
2023-01-31,383.5540,388.7174,383.2098,388.6696,86811800
2023-02-01,387.4553,395.5447,384.7206,392.8004,101459200
2023-02-02,396.6824,399.9813,394.7892,398.5183,101654500
2023-02-03,393.5557,398.7000,393.0776,394.2824,94736800
2023-02-06,391.8346,393.2689,390.2186,391.8728,60295300
2023-02-07,390.9549,398.2410,389.7119,396.9980,90990700
2023-02-08,395.0282,396.3669,391.9684,392.6569,76227500
2023-02-09,396.2522,396.4052,388.0290,389.2529,78694900
2023-02-10,388.0768,390.5437,387.2640,390.1613,70769700
2023-02-13,390.8115,394.8752,390.3525,394.7414,64913500
2023-02-14,393.2211,396.8641,390.6107,394.5598,88389300
2023-02-15,392.3701,395.9175,391.5286,395.8410,61555700
2023-02-16,390.8784,394.8179,390.2569,390.3908,76431500
2023-02-17,388.2681,389.6546,386.3462,389.4155,89257800
2023-02-21,385.3995,386.4513,381.3453,381.6035,82655900
2023-02-22,382.0146,383.5541,379.6242,381.0776,83742300
2023-02-23,383.9652,384.5772,378.8879,383.1046,96242400
2023-02-24,378.0943,379.8441,376.3923,379.0122,108194400
2023-02-27,382.3493,383.7071,379.3660,380.3031,80444700
2023-02-28,379.8249,381.7851,378.7922,378.8974,96438600
2023-03-01,378.0847,379.3086,376.1437,377.4441,99706800
2023-03-02,375.4742,381.2209,375.1396,380.3795,85127800
2023-03-03,382.1963,386.7286,381.5461,386.4800,90120000
2023-03-06,387.3023,389.5972,386.3079,386.7477,72795900
2023-03-07,386.6999,386.9389,380.2074,380.8193,108310600
2023-03-08,380.9341,382.1963,379.2130,381.4409,74746600
2023-03-09,382.2249,383.8886,373.4184,374.4033,111945300
2023-03-10,373.8583,375.9333,367.4806,369.0009,189253000
2023-03-13,365.0805,373.2846,363.9713,368.4749,157790000
2023-03-14,373.3899,376.2106,370.0910,374.5660,149752400
2023-03-15,368.9819,372.4241,366.8974,372.2233,172996900
2023-03-16,369.8711,379.0982,369.3643,378.7540,143254200
2023-03-17,377.4256,378.5582,372.9432,374.3253,140553400
2023-03-20,375.1028,378.3375,374.4022,377.9247,93055800
2023-03-21,381.2842,383.3670,379.6908,382.8871,91524200
2023-03-22,382.7143,386.3233,376.3218,376.3602,111746600
2023-03-23,379.2205,383.2518,374.6709,377.3776,119351300
2023-03-24,376.1010,379.9404,373.7590,379.8540,107682400
2023-03-27,382.1288,382.8967,379.6716,380.5642,74010400
2023-03-28,379.8732,380.5643,377.8767,379.7100,62871700
2023-03-29,383.8660,385.4690,382.6662,385.2290,77497900
2023-03-30,387.8590,388.1086,385.6226,387.4847,69840000
2023-03-31,388.4061,393.2437,388.3005,392.9462,112062600
2023-04-03,392.4278,394.8466,392.0343,394.4435,67391100
2023-04-04,395.0865,395.3745,390.8824,392.2550,66601500
2023-04-05,391.5255,392.2838,389.5771,391.2280,65200200
2023-04-06,390.4314,393.0326,389.3852,392.7542,63743300
2023-04-10,390.2778,393.2341,389.6635,393.1573,63681000
2023-04-11,393.7813,394.6643,392.4951,393.2629,59297900
2023-04-12,395.3264,395.6144,391.0744,391.6599,86420400
2023-04-13,392.7446,397.2174,391.6023,396.8622,85814800
2023-04-14,396.2287,398.4172,393.5892,395.8928,78161500
2023-04-17,395.8064,397.3326,394.5779,397.3134,66436400
2023-04-18,398.8875,399.0219,396.2000,397.5725,63560000
2023-04-19,395.6625,398.4076,395.6049,397.5054,55227300
2023-04-20,394.6930,397.0830,393.7907,395.3361,75840400
2023-04-21,395.6336,396.1039,393.6948,395.6432,73457400
2023-04-24,395.4417,396.4783,394.1075,396.0560,64332100
2023-04-25,394.0883,394.6450,389.7115,389.7691,97766700
2023-04-26,390.3834,391.4584,387.5614,388.1181,80447000
2023-04-27,390.6522,396.1136,390.4026,395.8449,92968400
2023-04-28,394.9617,399.2330,394.9041,399.2234,89433100
2023-05-01,398.7819,400.8455,398.5899,398.8203,62122300
2023-05-02,398.1099,398.1579,391.4391,394.3378,103998500
2023-05-03,394.8370,397.2462,391.3912,391.6311,91531800
2023-05-04,390.5849,390.9112,387.5230,388.8572,94901900
2023-05-05,392.4854,397.1022,392.2262,396.0560,87891800
2023-05-08,396.3823,396.6415,394.7602,396.1616,50046800
2023-05-09,394.6162,395.5376,394.1939,394.4242,49220100
2023-05-10,397.2557,397.8892,392.4469,396.2671,96142900
2023-05-11,395.4033,395.8640,393.5029,395.5761,70157100
2023-05-12,396.8143,397.0254,392.6390,395.0578,70481500
2023-05-15,395.6624,396.8238,393.7524,396.4207,54289400
2023-05-16,395.3169,396.2384,393.7620,393.7716,57705500
2023-05-17,395.7872,399.1562,394.1459,398.5515,87287000
2023-05-18,398.2348,402.8132,398.0141,402.3909,97177200
2023-05-19,403.2931,403.8210,400.5864,401.8054,103793300
2023-05-22,401.8246,403.5043,400.5864,401.9686,60745400
2023-05-23,400.3272,401.9014,397.0638,397.4573,86383500
2023-05-24,395.8544,396.2383,393.4164,394.5778,89213700
2023-05-25,398.0812,399.4442,395.8448,397.9948,90961600
2023-05-26,398.6475,403.8690,398.5708,403.1492,93830000
2023-05-30,405.0784,405.6063,401.9205,403.3027,72216000
2023-05-31,401.4791,402.3813,399.5018,401.0663,110811800
2023-06-01,401.2967,405.9327,400.0489,404.8769,88865000
2023-06-02,407.4491,411.5188,406.9212,410.7318,91426200
2023-06-05,411.0774,412.3636,409.2441,409.9448,65460200
2023-06-06,409.5320,411.3653,408.8793,410.8374,64022200
2023-06-07,411.2309,412.3635,408.9945,409.4168,85373300
2023-06-08,409.4841,412.3444,408.7162,411.8932,61952800
2023-06-09,412.6899,414.6383,411.6437,412.6323,85742800
2023-06-12,413.6113,416.4524,412.8914,416.3756,76104300
2023-06-13,417.8346,419.7639,417.1723,419.1208,95899700
2023-06-14,419.4567,421.4244,416.1741,419.6199,100612100
2023-06-15,418.8040,426.0699,418.7080,424.8222,110303100
2023-06-16,426.8048,427.3732,422.9031,423.3751,114165800
2023-06-20,421.4388,422.3251,419.1073,421.1786,76160400
2023-06-21,420.1959,420.9955,418.4329,419.0206,76982300
2023-06-22,418.0668,420.6391,417.7296,420.5331,70637200
2023-06-23,417.0841,419.1361,416.6409,417.3539,92074500
2023-06-26,416.7855,418.7027,415.4079,415.6487,72823600
2023-06-27,416.5254,420.8222,416.0726,420.2056,72813700
2023-06-28,419.1266,421.4291,418.5100,420.4175,75636000
2023-06-29,420.0033,422.2384,419.5987,422.0746,67882300
2023-06-30,425.2827,428.0380,424.9647,427.0553,104964000
2023-07-03,426.7085,427.8260,426.4291,427.5466,32793400
2023-07-05,425.7355,427.6431,425.7259,426.9109,58418400
2023-07-06,423.3366,423.9917,421.0630,423.5678,80658300
2023-07-07,422.5755,426.4388,422.2576,422.4984,86134200
2023-07-10,422.1420,423.7412,421.5736,423.5678,62443500
2023-07-11,424.3289,426.7567,423.3559,426.2653,64463800
2023-07-12,430.0515,431.1016,428.6256,429.6950,91924500
2023-07-13,431.5063,433.8955,431.0727,433.1055,72425200
2023-07-14,433.9918,434.8396,432.0746,432.8357,69815800
2023-07-17,432.6912,435.3887,432.6430,434.3386,52680200
2023-07-18,434.0111,438.2115,433.5776,437.5660,80668200
2023-07-19,438.3560,439.7240,437.4889,438.5390,65891700
2023-07-20,437.5468,438.4427,434.9167,435.6296,70591600
2023-07-21,437.3444,437.5468,435.6200,435.6296,71275600
2023-07-24,436.7761,438.3850,435.7452,437.5757,54023400
2023-07-25,437.3058,440.0226,437.2577,438.7702,55191200
2023-07-26,437.8357,440.2635,436.7856,438.8376,71052900
2023-07-27,442.2193,442.6239,435.0227,435.9283,92194400
2023-07-28,439.1942,441.0246,435.9282,440.1961,80011800
2023-07-31,440.6681,441.3907,439.3579,441.0342,62040400
2023-08-01,439.5698,440.5140,438.8184,439.7722,55291500
2023-08-02,436.6605,436.9206,432.9032,433.6547,93933400
2023-08-03,431.6411,434.2904,430.9956,432.4118,64276100
2023-08-04,434.2230,436.3232,429.9359,430.4561,100128900
2023-08-07,432.2866,434.3675,431.5929,434.2134,58357500
2023-08-08,431.6796,434.2038,428.9725,432.3251,71361300
2023-08-09,432.5949,432.7587,428.6738,429.4349,78789600
2023-08-10,431.7856,435.1671,428.4233,429.5891,93005500
2023-08-11,427.7201,430.3501,427.1228,429.3386,68690900
2023-08-14,428.4234,431.7085,428.1151,431.7085,47867400
2023-08-15,429.9359,430.2924,426.1112,426.6797,75707500
2023-08-16,426.2654,427.9224,423.4426,423.5486,80107200
2023-08-17,425.0129,425.2730,419.8009,420.3211,95711300
2023-08-18,417.5081,421.5544,417.1613,420.5235,98852000
2023-08-21,421.5350,424.0013,419.3866,423.2595,68719000
2023-08-22,425.0322,425.0322,421.5543,422.1131,64994200
2023-08-23,423.1728,427.4310,423.0283,426.8144,68441000
2023-08-24,428.4137,428.9243,420.8703,420.8992,88517300
2023-08-25,422.6237,425.1478,419.0784,423.8665,102325100
2023-08-28,426.0534,427.1709,423.8665,426.5544,61595400
2023-08-29,426.4484,432.9995,426.2653,432.7201,83081900
2023-08-30,433.0573,435.1383,432.3540,434.5024,69053900
2023-08-31,435.1190,436.2558,433.6836,433.8666,66084600
2023-09-01,436.5834,437.0651,433.2211,434.6758,58944100
2023-09-05,434.2327,434.5506,432.7298,432.7972,55166200
2023-09-06,431.9879,432.0939,427.5659,429.8877,70758500
2023-09-07,426.8915,429.2422,426.5447,428.5678,70355400
2023-09-08,428.6160,430.7451,428.2596,429.2133,61659700
2023-09-11,431.8338,432.3444,430.1286,432.0361,60180100
2023-09-12,430.5911,432.1132,429.0882,429.6662,67565400
2023-09-13,429.8878,431.3232,428.7895,430.1672,60199300
2023-09-14,432.6335,434.5699,431.3329,433.8762,83430800
2023-09-15,432.2936,432.6223,428.2137,428.6487,111848900
2023-09-18,428.3394,430.1956,427.8656,428.9001,55752200
2023-09-19,427.9816,428.5713,425.3326,428.0106,66514600
2023-09-20,429.2675,429.6832,423.8728,424.0758,82562600
2023-09-21,421.2334,421.4944,416.9118,417.0665,104095800
2023-09-22,418.0913,419.6865,415.7130,416.1287,100829700
2023-09-25,414.9202,417.9173,414.4851,417.8786,70874500
2023-09-26,414.8429,415.5486,410.9080,411.7394,96168400
2023-09-27,412.9093,413.4700,408.2687,411.9038,104705800
2023-09-28,411.3527,415.9643,410.7630,414.2918,92258300
2023-09-29,417.3372,417.5112,411.7685,413.2863,115111300
2023-10-02,412.4548,414.3691,410.3665,413.1219,83798600
2023-10-03,410.9467,413.1800,406.2287,407.5919,103760600
2023-10-04,408.0559,411.3043,406.5960,410.5599,87453000
2023-10-05,410.2699,411.2464,407.1858,410.4052,70142700
2023-10-06,407.9593,416.8151,406.6348,415.2779,113273300
2023-10-09,413.3830,418.5070,412.8319,417.9366,80374400
2023-10-10,418.5651,422.7029,418.1687,420.1119,78607300
2023-10-11,421.1753,422.0841,418.7970,421.8328,62451700
2023-10-12,422.4419,422.8189,416.9118,419.2611,81154200
2023-10-13,420.7597,421.9585,415.6066,417.1729,95143100
2023-10-16,419.4158,422.6256,419.1741,421.5621,75433200
2023-10-17,418.4393,423.5924,418.0913,421.5428,75324700
2023-10-18,419.7735,420.7306,414.8428,415.9256,93559800
2023-10-19,416.6411,418.4490,411.5944,412.2712,121323000
2023-10-20,411.8362,412.3776,407.0988,407.2052,123919900
2023-10-23,405.6776,410.3569,403.9277,406.4994,92035100
2023-10-24,408.6167,410.7146,406.7701,409.5641,78564200
2023-10-25,407.8819,407.9109,403.1736,403.6860,94223200
2023-10-26,402.6226,403.4733,397.9336,398.8520,115156800
2023-10-27,400.4376,400.8340,395.6230,397.0442,107367700
2023-10-30,399.8285,402.8449,398.5330,401.7911,86562700
2023-10-31,402.3615,404.6335,400.4569,404.3145,79665200
2023-11-01,405.2812,409.4384,404.7494,408.6263,98068100
2023-11-02,412.4162,416.6121,412.3969,416.4574,94938900
2023-11-03,418.7584,421.8038,418.6327,420.2570,100167800
2023-11-06,421.0111,421.6685,419.2805,421.2238,67831700
2023-11-07,421.2237,423.0606,420.0829,422.4225,64256100
2023-11-08,423.0219,423.5440,420.4309,422.7319,61746000
2023-11-09,423.8727,423.9114,419.0097,419.4351,83174400
2023-11-10,421.5041,426.2897,419.4255,425.9803,89462200
2023-11-13,424.6462,426.6764,423.8631,425.5743,52236100
2023-11-14,431.5008,435.1166,431.2784,433.8307,97176900
2023-11-15,435.1649,436.3927,433.8984,434.7491,77327600
2023-11-16,434.3045,435.6000,433.2410,435.2809,66665800
2023-11-17,435.2906,436.4314,434.3721,435.8223,83133200
2023-11-20,435.5710,440.0183,435.5613,439.1772,69936200
2023-11-21,438.1330,439.0515,436.9535,438.2200,49244600
2023-11-22,439.8732,441.2267,438.8194,439.9119,59394900
2023-11-24,439.9602,440.3760,439.6315,440.1826,29737400
2023-11-27,439.5542,440.3663,439.0031,439.3899,50506000
2023-11-28,439.0031,441.1204,438.4423,439.8249,62115000
2023-11-29,441.9712,443.1023,439.1191,439.5155,63146000
2023-11-30,440.3567,441.5942,438.2877,441.2461,79752700
2023-12-01,440.6370,444.3882,440.0473,443.8565,89183400
2023-12-04,440.4727,443.8758,439.2545,441.5265,72430900
2023-12-05,440.1439,442.3965,439.7669,441.4394,69793500
2023-12-06,443.5760,443.6050,439.2255,439.6605,69124700
2023-12-07,441.7392,443.6631,441.1398,443.0154,66995400
2023-12-08,442.2708,445.4516,442.0291,444.9199,83194400
2023-12-11,444.4269,446.8245,444.2142,446.6505,65002200
2023-12-12,446.3024,448.7871,445.3066,448.6904,68327600
2023-12-13,449.0674,455.1293,448.7097,454.8779,93278000
2023-12-14,456.8115,458.0006,453.6694,456.3377,119026000
2023-12-15,455.7417,456.9163,453.7421,455.5864,141553700
2023-12-18,457.1881,459.1296,456.1301,458.1491,70375300
2023-12-19,458.6927,461.0127,458.6151,460.9351,55761800
2023-12-20,460.0809,461.9641,454.1207,454.5478,102921000
2023-12-21,457.5278,459.1295,455.1107,458.8577,86667500
2023-12-22,459.9838,461.4593,457.8871,459.7800,67160400
2023-12-26,460.1877,462.6242,460.1100,461.7214,55387000
2023-12-27,461.5175,462.7018,460.9837,462.5562,68000300
2023-12-28,462.9154,463.5657,462.3135,462.7309,77158100
2023-12-29,462.5367,463.0609,459.4401,461.3913,122283100
2024-01-02,458.3336,459.7994,456.7125,458.8092,123623700
2024-01-03,456.6542,457.3920,454.4604,455.0623,103585900
2024-01-04,454.5866,457.1687,453.3732,453.5965,84232200
2024-01-05,453.8003,456.6639,452.7713,454.2177,86118900
2024-01-08,454.7128,460.8478,454.5866,460.7021,74879100
2024-01-09,458.0521,461.0225,457.5473,460.0032,65931400
2024-01-10,460.2750,463.4687,459.9935,462.6047,67310600
2024-01-11,463.6046,464.1190,458.4307,462.4009,77940700
2024-01-12,463.8473,464.5850,461.3137,462.7212,58026400
2024-01-16,461.3428,462.6532,459.2072,461.0224,85014900
2024-01-17,458.0035,458.9451,456.1106,458.4597,68843900
2024-01-18,460.1294,463.0901,458.5859,462.5367,91856200
2024-01-19,463.6628,468.5843,462.5853,468.3028,110834500
2024-01-22,469.8366,471.0112,468.6426,469.2930,75844900
2024-01-23,469.8366,470.9044,468.7494,470.6617,49945300
2024-01-24,473.5253,474.4572,470.6811,471.1762,81765000
2024-01-25,473.3020,474.0106,471.1761,473.7388,72525000
2024-01-26,473.3117,474.7969,472.2925,473.1370,76641600
2024-01-29,473.4476,477.0295,472.9040,476.8839,61322800
2024-01-30,476.1948,477.2237,475.7579,476.5151,58618400
2024-01-31,474.3116,474.7581,468.7202,468.7397,126011100
2024-02-01,470.4384,474.9037,469.6327,474.8746,91891600
2024-02-02,475.3114,481.5240,474.9717,479.8738,99228200
2024-02-05,479.2429,479.9030,475.8745,478.1265,75757100
2024-02-06,479.0681,479.8447,477.6411,479.5146,55918600
2024-02-07,481.7570,483.9313,480.8542,483.5139,70556500
2024-02-08,483.5139,484.1061,482.6986,483.7275,52343600
2024-02-09,484.2323,486.9600,483.8925,486.5232,63979400
2024-02-12,486.4941,488.7558,485.5913,486.3096,56502300
2024-02-13,480.0485,482.5335,476.3500,479.6116,113099200
2024-02-14,482.2423,484.4555,479.9223,483.9702,68387800
2024-02-15,484.6691,487.4939,484.1934,487.3094,61683000
2024-02-16,487.0085,488.1443,484.1449,484.8827,75532900
2024-02-20,483.1451,483.8149,479.9708,482.2132,71736700
2024-02-21,480.9124,482.8053,479.1069,482.6500,59293400
2024-02-22,489.2509,493.5997,488.2899,492.6387,76402500
2024-02-23,494.3568,495.1917,492.2504,492.9784,61321800
2024-02-26,493.4153,493.8521,491.0467,491.1729,50386700
2024-02-27,491.8621,492.3087,489.9692,492.0854,48854500
2024-02-28,490.5322,492.0174,490.1731,491.4350,56506600
2024-02-29,493.1920,494.8131,490.5517,493.2017,83924800
2024-03-01,494.0753,498.2591,493.6676,497.8320,76844800
2024-03-04,497.0361,499.1425,497.0069,497.2981,49799300
2024-03-05,495.2985,495.7450,490.1245,492.3281,72855600
2024-03-06,495.5994,497.0749,493.5318,494.8228,68382400
2024-03-07,498.1135,500.7829,494.8810,499.7346,58652100
2024-03-08,500.3656,503.0447,496.1624,496.7351,86532500
2024-03-11,495.5315,496.8904,493.6094,496.3080,62557200
2024-03-12,498.4145,502.2294,495.9003,501.6470,73114400
2024-03-13,501.9673,502.1420,499.4240,500.8606,55104100
2024-03-14,501.8314,501.9867,496.8322,499.8705,110171800
2024-03-15,496.8081,498.2590,494.7730,496.4381,107646300
2024-03-18,500.4986,501.9397,498.9795,499.3885,88893300
2024-03-19,498.6971,502.4460,497.6942,502.1636,60755300
2024-03-20,502.2220,506.9446,501.5501,506.8083,69594600
2024-03-21,509.6420,510.3430,508.2008,508.4832,60256100
2024-03-22,508.3955,508.8824,507.2855,507.5192,79070800
2024-03-25,506.1461,507.2659,505.9611,506.1169,48512100
2024-03-26,507.5387,507.8795,504.7830,505.1823,65463700
2024-03-27,508.0060,509.4666,505.8443,509.4276,82999800
2024-03-28,509.4667,510.8299,509.0480,509.3304,96294900
2024-04-01,510.0705,510.6060,507.2856,508.4443,62477500
2024-04-02,504.6272,505.3478,502.9135,505.2115,74230300
2024-04-03,504.1209,507.2661,504.0722,505.7665,59155800
2024-04-04,509.7686,510.1093,499.2912,499.5930,96858100
2024-04-05,500.9466,506.7695,500.5084,504.8123,74546500
2024-04-08,505.5133,506.5162,504.2864,505.0945,48401800
2024-04-09,506.8279,507.0713,500.8394,505.6789,68049200
2024-04-10,499.9922,502.6018,498.6388,500.6154,82652800
2024-04-11,502.1345,505.8346,498.6290,504.3935,70099000
2024-04-12,500.8589,502.2708,495.7078,497.4313,92561100
2024-04-15,501.5990,501.7645,490.3523,491.1995,92101400
2024-04-16,491.6766,493.1956,489.0183,490.3036,73484000
2024-04-17,492.7574,492.9230,486.0095,487.4019,75910300
2024-04-18,488.7943,490.8878,485.4642,486.3989,74548100
2024-04-19,486.3210,487.3142,480.8876,482.1535,102212600
2024-04-22,484.7534,489.1839,482.4164,486.5937,67961000
2024-04-23,488.5996,492.7964,486.4087,492.3679,64633600
2024-04-24,493.2541,494.0428,489.9142,492.1343,55928100
2024-04-25,486.0679,491.0242,484.4223,490.2647,69122400
2024-04-26,493.0495,496.4868,492.4166,494.9094,64306100
2024-04-29,496.6913,497.3340,493.9259,496.6621,46415400
2024-04-30,495.2015,496.1753,488.7944,488.7944,77483600
2024-05-01,488.2101,494.8412,486.7398,487.2072,80242800
2024-05-02,490.9073,492.6016,486.4281,491.7642,62550200
2024-05-03,497.7332,499.0867,495.2015,497.8598,72756700
2024-05-06,500.2552,503.0400,499.8170,503.0011,47264700
2024-05-07,503.9651,504.9486,502.8843,503.5562,52561300
2024-05-08,501.7255,504.1403,501.6087,503.6048,42047200
2024-05-09,503.7898,506.5455,503.1374,506.5065,43643700
2024-05-10,508.1035,508.9117,505.9418,507.1590,52233200
2024-05-13,508.8338,508.9409,506.0879,507.2271,36716400
2024-05-14,507.4219,510.0705,506.8864,509.5544,57535900
2024-05-15,512.0179,516.1563,511.3850,515.8642,59504900
2024-05-16,515.9615,517.5584,514.6567,514.8027,50244800
2024-05-17,514.9195,515.6109,513.4687,515.5427,59187600
2024-05-20,515.6596,517.5973,515.2701,516.1367,37764200
2024-05-21,515.3772,517.5584,515.1727,517.4025,33437000
2024-05-22,516.7112,517.4221,513.7413,515.9128,48390000
2024-05-23,518.9606,519.0677,510.9370,512.1445,57211200
2024-05-24,513.9848,516.3412,513.0403,515.5330,41291100
2024-05-28,516.3412,516.5749,513.2642,515.8932,36269600
2024-05-29,511.8717,513.4589,511.5699,512.2807,45190300
2024-05-30,510.7422,511.4044,507.6360,508.8824,46377600
2024-05-31,509.8367,513.6439,504.7440,513.5173,90785800
2024-06-03,515.1241,515.4064,508.8727,513.9361,46835700
2024-06-04,512.6313,515.2506,511.1707,514.5106,34632700
2024-06-05,516.8281,520.6452,514.8417,520.6257,47610400
2024-06-06,520.9275,521.3560,518.6879,520.6159,30808500
2024-06-07,519.6422,522.7874,518.5516,519.9830,43224500
2024-06-10,519.1748,521.9110,518.5809,521.5897,35686100
2024-06-11,520.0414,522.9042,518.0745,522.8458,36383400
2024-06-12,527.4028,529.8274,526.1077,527.1399,63251300
2024-06-13,528.8829,529.0582,525.4164,528.2013,44760900
2024-06-14,526.6726,528.5519,525.6696,528.5227,40089900
2024-06-17,527.8410,534.1216,527.3833,532.7291,55839500
2024-06-18,532.7874,534.2091,532.3687,534.0825,41376400
2024-06-20,535.0076,535.6698,530.8595,532.6317,70328200
2024-06-21,531.8102,533.0313,530.4621,531.9177,64338600
2024-06-24,531.7418,534.3012,530.0713,530.1885,45528700
2024-06-25,531.4097,532.5917,529.8955,532.2303,37936200
2024-06-26,531.1166,533.6076,530.4719,532.8945,38550600
2024-06-27,532.7578,534.3111,532.0154,533.7347,35041500
2024-06-28,534.5064,537.5543,530.3937,531.6343,76144500
2024-07-01,533.0118,533.2560,529.9737,532.7285,40297800
2024-07-02,531.1264,536.3136,531.0776,536.3136,40434800
2024-07-03,536.0009,539.0683,535.9619,538.7069,32789900
2024-07-05,539.0099,542.2140,538.3749,541.8135,41488400
2024-07-08,542.5949,543.3862,541.3738,542.4387,36110500
2024-07-09,543.3960,544.2947,542.6731,542.9661,27289700
2024-07-10,544.1873,548.6809,543.8942,548.3390,38701200
2024-07-11,548.4562,549.3256,542.9759,543.6108,53054200
2024-07-12,544.7343,550.6346,544.2654,547.0397,53084400
2024-07-15,549.0326,551.7776,546.6880,548.5441,40584300
2024-07-16,549.8531,552.0902,549.1009,551.7971,36475300
2024-07-17,545.8772,547.5476,543.7378,544.0602,57119000
2024-07-18,545.5940,546.5806,537.7008,539.8792,56270400
2024-07-19,539.6447,541.2664,535.2390,536.2941,65509100
2024-07-22,540.2113,542.4288,538.2771,541.8232,43346700
2024-07-23,541.7158,543.8649,540.4850,540.9734,34439600
2024-07-24,536.1671,536.4699,527.7952,528.7135,74515300
2024-07-25,528.8308,534.7995,525.0210,525.9587,61158300
2024-07-26,529.7392,534.5356,528.9675,531.8492,53763800
2024-07-29,533.3927,534.3989,530.1690,532.1619,39515800
2024-07-30,533.6273,534.6823,526.0663,529.4658,46853600
2024-07-31,536.2843,540.6998,534.9167,538.0720,65663400
2024-08-01,539.7913,542.0381,526.9552,530.4524,76428700
2024-08-02,523.3603,524.5716,516.3756,520.5762,82789100
2024-08-05,499.8079,511.4717,498.4695,505.4151,146267400
2024-08-06,507.2125,517.4990,505.8938,510.0748,84826300
2024-08-07,516.2486,519.2965,506.0696,506.6654,70698300
2024-08-08,511.7940,519.0033,509.7719,518.3782,63276600
2024-08-09,517.5577,522.1490,516.3366,520.6641,45619600
2024-08-12,521.8559,523.3407,518.6713,520.9376,42542100
2024-08-13,524.1224,529.7394,523.8781,529.5049,52333100
2024-08-14,530.2961,532.3573,527.6292,531.1753,42446900
2024-08-15,536.7922,540.5629,536.1866,540.2797,60846800
2024-08-16,538.6678,542.1846,538.5115,541.4910,44430700
2024-08-19,541.9013,546.6685,541.0514,546.6685,39121800
2024-08-20,546.2191,547.8700,544.4412,545.7795,33732300
2024-08-21,546.8248,549.1107,541.9013,547.6552,41514600
2024-08-22,549.5503,550.1559,542.1456,543.3569,56121500
2024-08-23,546.5904,550.0681,544.4022,549.1302,50639400
2024-08-26,550.1559,550.8690,546.1214,547.8212,35788600
2024-08-27,546.5513,549.0619,545.4084,548.5734,32693900
2024-08-28,548.2315,548.6614,542.2042,545.3888,41066000
2024-08-29,547.3522,550.6443,544.2946,545.4375,38715200
2024-08-30,547.8017,551.1524,544.2557,550.6444,62700100
2024-09-03,547.5085,547.8407,536.8020,539.3126,60600100
2024-09-04,537.4762,541.6084,536.7533,538.2089,47224900
2024-09-05,538.1503,540.9929,534.4479,536.8998,44264300
2024-09-06,537.2221,538.8437,526.9649,527.8636,68493800
2024-09-09,532.0545,535.0437,530.1300,533.7737,40445800
2024-09-10,535.6786,536.4504,530.8138,536.0987,36394600
2024-09-11,536.0109,542.5168,527.4730,541.5986,75248600
2024-09-12,542.1749,546.4634,539.9573,546.1605,51819600
2024-09-13,546.7663,550.0095,546.5123,549.0131,39310500
2024-09-16,548.7492,550.0875,546.9518,549.8238,36656100
2024-09-17,552.0315,553.4774,547.8212,550.0485,49321000
2024-09-18,550.7030,555.5386,547.8603,548.4172,59044900
2024-09-19,557.8048,559.6316,554.9426,557.7755,75315500
2024-09-20,556.4097,557.8501,553.7934,556.8114,77503100
2024-09-23,557.8794,558.8495,556.6644,558.2028,44116900
2024-09-24,558.9964,559.8587,556.1744,559.7999,46805700
2024-09-25,559.6432,560.3781,557.4580,558.5653,38428600
2024-09-26,562.8180,563.1414,558.4282,560.7798,48336000
2024-09-27,561.8479,562.6612,558.9377,559.9666,42100900
2024-09-30,558.9376,562.8179,556.6447,562.2104,63557400
2024-10-01,561.8577,562.5044,554.6066,557.1739,72668800
2024-10-02,556.2823,558.4282,553.8914,557.4091,38097800
2024-10-03,555.9392,558.3301,554.1068,556.3900,40846500
2024-10-04,560.8288,561.8185,556.6643,561.4461,42939100
2024-10-07,559.7998,560.4466,555.2239,556.3703,49964700
2024-10-08,558.9376,562.2300,558.0655,561.6322,37398700
2024-10-09,561.6225,566.0809,561.0248,565.5224,37912200
2024-10-10,564.1800,565.9536,562.9258,564.5328,44138100
2024-10-11,564.4543,568.6482,564.3171,567.9133,42268000
2024-10-14,569.5203,573.4888,569.0402,572.5579,36217200
2024-10-15,572.8225,573.1262,566.8942,568.1093,54203600
2024-10-16,568.1093,571.0979,567.3058,570.5786,30725400
2024-10-17,574.1158,574.3216,570.4413,570.6275,34393700
2024-10-18,572.3129,573.6063,570.8529,572.8224,37416800
2024-10-21,572.0974,573.0772,568.9128,571.8818,36439000
2024-10-22,569.3537,572.7342,568.6972,571.5780,34183800
2024-10-23,569.5595,570.0004,562.8571,566.3553,49314600
2024-10-24,568.3052,568.3836,564.9639,567.5801,34979900
2024-10-25,569.8044,572.6950,566.4435,567.3841,47268200
2024-10-28,570.8529,570.9803,568.8344,569.1381,30174700
2024-10-29,568.1778,571.1762,566.7864,570.0592,42899700
2024-10-30,569.5888,571.5780,567.6291,568.3346,41435800
2024-10-31,563.9742,564.0428,556.9976,557.1935,60182500
2024-11-01,559.8196,563.9645,559.1337,559.5452,45667500
2024-11-04,559.6823,560.9758,556.4586,558.3399,38217000
2024-11-05,559.2513,565.1305,559.0357,565.0913,39478300
2024-11-06,577.3397,580.0147,573.6063,579.1426,68182000
2024-11-07,581.1414,584.6396,581.0630,583.6205,47233200
2024-11-08,584.1694,587.5696,584.1694,586.1487,46444900
2024-11-11,587.7360,588.0887,584.9826,586.7072,37586800
2024-11-12,586.6287,587.2264,582.4055,584.8846,43006100
2024-11-13,585.3452,587.1677,582.9837,585.1688,47388600
2024-11-14,585.2962,585.7764,580.7203,581.4061,38904100
2024-11-15,577.8492,578.3195,572.1071,573.9591,75988800
2024-11-18,574.4196,577.6238,573.5574,576.3109,37001700
2024-11-19,572.9400,579.1426,572.2737,578.4175,49412000
2024-11-20,578.4959,578.8977,572.8617,578.6135,50032600
2024-11-21,581.4551,583.1404,575.6248,581.7196,46750300
2024-11-22,581.7098,584.1498,581.2102,583.5226,38226400
2024-11-25,587.4519,588.7649,583.2189,585.5020,42441400
2024-11-26,586.7463,589.2254,586.0311,588.5591,45621300
2024-11-27,588.3730,588.7551,585.2570,586.7758,34000200
2024-11-29,587.5891,591.2048,587.3147,590.4209,30177400
2024-12-02,590.8324,592.1552,590.3424,591.4791,31746000
2024-12-03,591.2440,591.9984,590.2151,591.7535,26906600
2024-12-04,593.4389,595.6729,592.7726,595.4280,42787600
2024-12-05,595.4280,596.2315,594.0954,594.4481,28762200
2024-12-06,595.2124,596.8096,594.8009,595.5750,31241500
2024-12-09,595.4575,595.6240,591.9202,592.5081,34742700
2024-12-10,593.1842,593.6055,590.0094,590.6659,37234500
2024-12-11,593.5859,596.1826,593.3115,595.2321,28677700
2024-12-12,594.3697,594.9380,592.1650,592.1650,31543800
2024-12-13,594.1934,594.9087,590.6756,592.0475,35904700
2024-12-16,593.8014,595.5456,593.0273,594.5755,43695200
2024-12-17,592.0279,592.9881,590.7541,592.1259,55773500
2024-12-18,591.8221,594.2032,574.0963,574.4785,108248700
2024-12-19,579.4561,581.0631,574.0570,574.3019,85919500
2024-12-20,571.9778,585.7225,571.1323,581.2000,125716700
2024-12-23,580.9443,585.2801,577.7687,584.6804,57635800
2024-12-24,586.0273,591.2184,585.4472,591.1791,33160100
2024-12-26,589.4094,592.3392,588.0133,591.2184,41219100
2024-12-27,587.4824,587.7184,580.8165,584.9950,64969300
2024-12-30,577.9948,581.7800,574.5733,578.3192,56578800
2024-12-31,579.9808,580.6985,574.5832,576.2153,57052700
2025-01-02,579.4695,581.1803,570.7292,574.7995,50204000
2025-01-03,577.6409,582.6255,576.5594,581.9865,37888500
2025-01-06,586.2338,589.6060,583.6087,585.3391,47679400
2025-01-07,587.3644,587.6888,576.9035,578.7224,60393100
2025-01-08,578.7911,580.6395,575.3500,579.5678,47304700
2025-01-10,576.0187,576.0875,568.8120,570.7194,73105000
2025-01-13,566.0789,571.9582,565.6659,571.6043,47910100
2025-01-14,574.5241,575.1534,568.6153,572.3907,48420600
2025-01-15,580.3938,583.9430,579.2828,582.8026,56900200
2025-01-16,584.1691,584.3461,580.9837,581.6818,43319700
2025-01-17,586.9122,589.2717,585.5849,587.5217,58070600
2025-01-21,590.5597,592.9094,588.5933,592.8996,42532900
2025-01-22,595.7214,597.5894,595.1708,596.2327,48196000
2025-01-23,595.6034,599.4869,595.3281,599.4869,41152100
2025-01-24,599.5458,600.4995,596.5865,597.7368,34604700
2025-01-27,584.7984,589.5962,584.6312,589.2816,70361100
2025-01-28,590.5105,595.1806,587.1973,594.3449,44433300
2025-01-29,593.5583,593.9614,589.1340,591.6805,37177400
2025-01-30,593.7943,596.3898,590.6088,594.8561,39281300
2025-01-31,597.2748,599.6934,590.9333,591.6904,66566900
2025-02-03,582.6944,590.1862,580.5511,587.7086,65857200
2025-02-04,587.7676,592.1623,587.2269,591.6511,33457800
2025-02-05,590.5302,594.1974,588.5048,594.0499,30653100
2025-02-06,595.7902,596.2424,592.4867,596.1146,35771500
2025-02-07,596.6750,597.8941,589.9501,590.6580,50788500
2025-02-10,593.8632,595.3085,592.5949,594.6694,26048700
2025-02-11,592.4080,595.6623,592.2901,595.1216,30056700
2025-02-12,589.1144,594.3743,588.4360,593.2043,45076100
2025-02-13,594.3056,599.6737,593.0472,599.4672,40921300
2025-02-14,599.6737,600.7060,598.8183,599.4377,26910400
2025-02-18,600.5979,601.1976,598.1399,601.1976,26749000
2025-02-19,599.8113,602.9082,599.3000,602.6133,31011100
2025-02-20,601.2467,601.3844,596.8028,600.1063,36554000
2025-02-21,599.8899,600.0276,589.3799,589.8420,76519800
2025-02-24,591.8870,592.8800,586.4500,587.1580,50737200
2025-02-25,587.0989,587.8264,579.6366,584.2379,58266500
2025-02-26,585.8995,589.4881,581.8980,584.5329,43321600
2025-02-27,586.8041,587.9544,574.8095,575.2027,74196700
2025-02-28,575.7040,584.7098,572.6366,584.1790,88744100
2025-03-03,586.1452,587.2858,570.1393,573.9442,74249200
2025-03-04,569.9526,575.5370,562.6181,567.1505,109648200
2025-03-05,566.9834,575.0355,563.4342,573.2462,71230500
2025-03-06,565.7936,570.4046,560.5238,563.0703,80094900
2025-03-07,561.2907,567.6715,556.1094,566.2262,81158800
2025-03-10,558.0365,559.9536,546.2385,551.1445,99326600
2025-03-11,549.9843,554.5266,542.7285,546.5629,88102100
2025-03-12,552.7076,553.6318,544.3704,549.4632,69588200
2025-03-13,549.0897,549.6992,540.4280,542.1387,74079400
2025-03-14,546.7496,554.3397,542.2074,553.3369,62660300
2025-03-17,553.3173,560.1209,552.8847,557.6039,49008700
2025-03-18,555.2934,555.5098,549.6501,551.5771,66041400
2025-03-19,553.3566,561.3399,552.1768,557.5842,66556000
2025-03-20,553.8482,560.9663,553.1304,555.9718,62958200
2025-03-21,551.5205,557.0527,550.2879,556.1553,83763000
2025-03-24,562.8807,567.1703,562.2890,566.1152,58766800
2025-03-25,567.3182,568.4128,565.7306,567.4760,38355700
2025-03-26,567.2097,568.3339,559.3207,560.7013,51848300
2025-03-27,559.3109,562.9793,557.1020,559.2123,42164200
2025-03-28,557.6837,558.4135,547.3688,547.9506,71662700
2025-03-31,542.2015,552.9306,539.2826,551.6289,95328200
2025-04-01,549.7159,555.1297,545.9982,553.1870,54609600
2025-04-02,547.3491,559.5475,547.1124,556.6877,76014500
2025-04-03,537.5471,540.3674,529.2538,529.2538,125986000
2025-04-04,516.4045,518.5740,498.0527,498.2697,217965100
2025-04-07,482.4029,515.9115,475.1155,497.3822,256611400
2025-04-08,514.6196,517.6964,482.3733,489.5918,165816600
2025-04-09,486.5941,541.0085,486.2095,541.0085,241867300
2025-04-10,524.7865,526.0981,502.2536,517.3019,162331200
2025-04-11,515.7537,528.9875,512.8545,526.5320,97866300
2025-04-14,536.5018,536.7286,526.4532,531.6402,68034000
2025-04-15,532.1825,535.6931,529.3622,530.1511,56892900
2025-04-16,524.3034,530.4273,513.0715,518.3669,83484800
2025-04-17,520.3195,523.8005,516.6413,519.1066,79868100
2025-04-21,513.9293,514.4618,501.4055,506.7503,69368100
2025-04-22,512.9235,521.9564,511.9867,519.9349,75948100
2025-04-23,532.9320,537.8626,526.4729,527.9915,90590700
2025-04-24,529.2735,539.8349,528.0211,539.1052,64150400
2025-04-25,539.0657,543.4047,536.1468,543.0004,61119600
2025-04-28,543.7400,545.8700,537.4584,543.2075,47613800
2025-04-29,541.2944,547.7437,540.9394,546.6293,47775100
2025-04-30,539.9729,548.7988,534.0069,546.8462,93101500
2025-05-01,552.5954,556.2441,550.1202,550.7217,63186100
2025-05-02,556.8948,560.4942,554.5774,558.8967,60717300
2025-05-05,554.7649,558.7883,553.9069,555.6918,38659200
2025-05-06,550.1892,555.5340,549.2327,551.0471,48264700
2025-05-07,552.3784,555.9975,548.3254,553.3646,55588000
2025-05-08,557.3978,562.3975,553.9070,557.2203,65130800
2025-05-09,558.6206,559.6264,554.9522,556.5103,37603400
2025-05-12,573.4026,574.9114,569.0341,574.9016,78993600
2025-05-13,575.3157,580.9071,574.7537,578.6982,67947200
2025-05-14,579.6547,580.8084,577.4161,579.4377,66283500
2025-05-15,577.4358,582.7708,576.9822,582.2679,71268100
2025-05-16,583.0469,586.2518,581.1043,585.9560,76052100
2025-05-19,579.9406,587.2774,579.9406,586.5969,68168500
2025-05-20,584.8614,585.8081,581.4198,584.6247,60614500
2025-05-21,580.2759,584.3585,573.7478,574.7733,95197700
2025-05-22,574.5761,578.4812,573.3434,575.0002,70860400
2025-05-23,567.9887,573.7379,567.6140,571.0753,76029000
2025-05-27,577.9388,583.1061,570.4048,582.9484,72588500
2025-05-28,583.3526,584.5459,578.8460,579.5757,68445500
2025-05-29,584.8319,584.9700,577.9389,581.8636,69973300
2025-05-30,580.7591,582.9286,575.1481,581.2128,90601200
2025-06-02,579.6054,584.5655,576.9428,584.4867,61630500
2025-06-03,584.1218,588.7960,583.6385,587.8198,63606200
2025-06-04,588.6777,589.6540,587.2281,587.6620,57314200
2025-06-05,589.3384,590.6894,582.8496,584.8219,92278700
2025-06-06,590.3541,592.4940,588.5791,590.8275,66588700
2025-06-09,591.3994,592.9082,590.1865,591.3600,53016400
2025-06-10,591.8925,595.0974,590.7782,594.7128,66247000
2025-06-11,595.8074,596.6653,590.9557,593.0167,73658200
2025-06-12,591.6854,595.3735,591.2022,595.3735,64129000
2025-06-13,590.1964,593.4999,587.2183,588.7172,89506000
2025-06-16,592.0700,596.0638,591.8925,594.3184,79984100
2025-06-17,591.8827,593.4013,588.4805,589.2399,82209400
2025-06-18,590.1371,592.8785,588.1944,589.1510,76605000
2025-06-20,591.8224,592.8906,586.3629,587.7674,94051400
2025-06-23,588.5190,593.9587,585.4036,593.5731,87426000
2025-06-24,597.7072,601.1886,596.7972,600.1304,67735300
2025-06-25,601.2479,601.9403,598.9039,600.4666,62114800
2025-06-26,602.3162,605.5998,601.7030,605.1646,78548400
2025-06-27,606.1635,609.6350,604.1360,608.1712,86258400
2025-06-30,610.6142,612.4340,608.2998,611.0790,92502500
2025-07-01,609.6054,612.0484,608.7747,610.8813,70030100
2025-07-02,610.4757,613.6901,609.8526,613.6506,66510400
2025-07-03,615.6287,619.4167,615.6089,618.4870,51065800
2025-07-07,616.5287,617.1914,611.0988,613.8781,74814500
2025-07-08,614.5406,615.2923,612.7307,613.5417,59024600
2025-07-09,615.9452,617.8737,614.1055,617.2210,66113300
2025-07-10,617.3596,620.0003,616.1826,618.9618,57529000
2025-07-11,615.9155,618.0122,614.7188,616.7858,63670200
2025-07-14,616.3308,618.3089,614.9857,617.9628,51898500
2025-07-15,620.6431,620.9794,615.2429,615.3221,74317300
2025-07-16,616.9045,617.8836,611.2768,617.3792,88987500
2025-07-17,617.5573,621.5134,617.3397,621.1573,68885700
2025-07-18,622.4036,622.5718,619.5948,620.7025,65621600
2025-07-21,621.8794,624.6190,621.4541,621.8794,63375000
2025-07-22,622.2057,622.8288,619.3277,621.9684,60046300
2025-07-23,624.6288,627.2597,622.8288,627.2597,70511000
2025-07-24,627.6455,629.1786,627.0422,627.4675,71307100
2025-07-25,628.1302,630.5929,627.8829,630.1181,56865400
2025-07-28,630.4939,631.0478,628.5752,629.9598,54917100
2025-07-29,631.3544,631.6709,627.3884,628.2983,60556300
2025-07-30,628.9510,630.6917,624.6190,627.5070,80418900
2025-07-31,632.4523,632.8380,623.8576,625.1532,103385200
2025-08-01,619.4364,619.4760,612.5033,614.9066,140103600
2025-08-04,618.8133,624.3025,618.7243,624.2531,73218000
2025-08-05,624.8662,625.6772,620.1683,621.0881,68051400
2025-08-06,622.1564,626.4983,621.2465,625.8455,64357500
2025-08-07,629.2676,629.9994,622.2157,625.3213,74205800
2025-08-08,627.1114,630.6621,626.7949,630.1972,64051600
2025-08-11,630.4742,631.9478,627.7048,628.9510,58742300
2025-08-12,631.2950,635.8050,629.8114,635.6468,64730800
2025-08-13,637.8426,639.1086,635.6370,637.8228,60092800
2025-08-14,635.7457,638.5447,635.3007,637.8821,59327500
2025-08-15,638.9107,639.0096,635.4787,636.3886,68592500
2025-08-18,635.8150,636.9425,635.1425,636.2502,43804900
2025-08-19,636.0721,637.0513,631.4830,632.7984,69750700
2025-08-20,632.3929,632.6500,626.0136,631.1170,88890300
2025-08-21,629.3071,630.9785,626.8642,628.5851,54805800
2025-08-22,630.7709,639.4151,630.2665,638.2382,84083200
2025-08-25,636.9821,638.2184,635.3106,635.4293,51274300
2025-08-26,635.1623,638.4360,634.5392,638.0898,51581600
2025-08-27,637.5062,640.2755,637.3578,639.5436,48341100
2025-08-28,640.1470,642.3624,638.2678,641.8085,61519500
2025-08-29,640.3745,640.7405,636.0920,637.9810,74522200
2025-09-02,630.5137,633.4709,627.9620,633.2534,81983500
2025-09-03,635.6271,637.1502,633.4413,636.6854,70820900
2025-09-04,637.3579,642.0361,636.4579,642.0064,65219200
2025-09-05,644.3406,645.0626,636.2799,640.1470,85178900
2025-09-08,641.5118,642.7185,640.1370,641.7195,63133100
2025-09-09,641.8580,643.7273,640.1272,643.2031,66133900
2025-09-10,646.4571,647.3769,643.4999,645.0626,78034500
2025-09-11,647.0109,651.1154,646.4274,650.4231,69934400
2025-09-12,650.3935,651.8869,649.7012,650.2056,72780100
2025-09-15,652.4111,653.7957,652.1144,653.6671,63772400
2025-09-16,654.2210,654.5277,651.9858,652.7672,61169000
2025-09-17,652.7770,654.4683,647.1296,651.9561,101952200
2025-09-18,654.6364,657.6036,653.0342,655.0024,90459200
2025-09-19,656.8878,659.0895,654.9439,658.2465,97945600
2025-09-22,656.7588,661.8070,656.7290,661.3607,69452200
2025-09-23,661.2417,661.8566,656.5406,657.7606,81708900
2025-09-24,659.0498,659.1490,654.2495,655.6678,68082200
2025-09-25,652.5339,653.9918,649.0328,652.6429,89622100
2025-09-26,654.0909,656.9274,652.4743,656.3820,69179200
2025-09-29,658.9011,659.8136,656.4216,658.2267,73499000
2025-09-30,657.4828,661.1723,656.1737,660.7061,86288000
2025-10-01,657.7208,663.8699,657.6117,662.9575,72545400
2025-10-02,664.9410,665.0600,661.3012,663.7211,56896000
2025-10-03,664.4848,667.1527,662.6698,663.7112,70494400
2025-10-06,666.1014,666.9841,663.9592,666.0915,54623300
2025-10-07,667.0138,667.4601,662.1839,663.6219,72020100
2025-10-08,664.7427,667.6784,663.9195,667.5792,60702200
2025-10-09,667.9958,668.4024,663.7113,665.6452,66501900
2025-10-10,666.6072,668.4122,647.4757,647.6542,159422600
2025-10-13,655.2216,659.6648,654.3488,657.5919,79560500
2025-10-14,651.7702,660.3590,647.8030,656.7886,88779600
2025-10-15,661.3409,664.7228,653.5157,659.7044,81702600
2025-10-16,661.3409,663.2154,651.7107,655.2117,110563300
2025-10-17,654.0810,660.2896,652.7322,658.9308,96500900
2025-10-20,661.8368,666.6866,661.7872,665.7841,60493400
2025-10-21,665.9229,667.4602,664.4749,665.7741,56249000
2025-10-22,666.4783,666.4783,657.8498,662.3128,80564000
2025-10-23,662.6302,667.1825,662.3128,666.2403,65604500
2025-10-24,670.9017,672.8951,670.0984,671.6852,74356500
2025-10-27,677.1201,679.9070,676.5151,679.6095,63339800
2025-10-28,681.4046,683.2493,679.2028,681.4145,61738100
2025-10-29,683.0609,684.0329,677.2590,681.7419,85657100
2025-10-30,678.2806,680.3038,674.2440,674.2440,76335800
2025-10-31,679.4111,679.4508,673.6588,676.4556,87164100
2025-11-03,680.0360,680.1649,674.3531,677.7252,57315000
2025-11-04,670.5546,674.3730,669.0372,669.6917,78427000
2025-11-05,669.4338,675.2655,668.6304,672.0125,74402400
2025-11-06,670.9115,671.8141,663.2252,664.8022,85035300
2025-11-07,662.4219,665.5659,655.7770,665.4567,100592400
2025-11-10,671.6753,676.5747,669.4835,675.8408,75842900
2025-11-11,674.3630,677.9532,673.1529,677.3879,58953400
2025-11-12,679.1632,679.3318,675.3547,677.7648,62312500
2025-11-13,674.9085,675.2655,665.0105,666.5180,103457800
2025-11-14,659.9127,670.1082,657.8201,666.4089,96846700
2025-11-17,664.1972,668.1742,656.7290,660.2003,90456100
2025-11-18,656.6595,659.6548,650.4708,654.6562,114467500
2025-11-19,655.3505,661.8566,653.3372,657.1853,94703000
2025-11-20,667.3808,670.0091,646.5336,647.1683,165293500
2025-11-21,649.6675,659.0895,645.5020,653.6149,123956200
2025-11-24,657.2448,664.5543,656.1539,663.2352,80437900
2025-11-25,663.1359,670.6537,659.0200,669.4734,81077100
2025-11-26,672.0621,676.0986,671.1595,674.0952,71879600
2025-11-28,675.2655,678.0524,674.9085,677.7747,49212000
2025-12-01,673.2323,677.3779,673.1628,674.6803,61201200
2025-12-02,676.3168,678.2012,673.7481,675.9301,62953800
2025-12-03,674.9779,679.2822,674.1051,678.2706,57238500
2025-12-04,679.6690,679.7385,675.7416,678.7665,61970300
2025-12-05,679.8376,682.7336,678.9549,680.0558,79241000
2025-12-08,680.9485,680.9980,675.9697,678.0128,55231500
2025-12-09,677.5368,679.7583,676.9814,677.4276,58310100
2025-12-10,676.9516,683.3089,675.7118,681.9204,85671300
2025-12-11,679.5104,683.5866,676.5648,683.5073,86173700
2025-12-12,682.5154,683.2196,673.5894,676.1581,113160300
2025-12-15,680.1054,680.1252,673.6687,675.1365,90811000
2025-12-16,673.6489,675.4837,669.4338,673.2919,122030600
2025-12-17,674.3035,674.8489,665.6849,665.8832,110625200
2025-12-18,672.0322,675.1464,669.3545,670.9115,108650100
2025-12-19,673.0135,677.4897,672.8940,676.9923,103599500
2025-12-22,680.3245,681.7370,676.9923,681.2098,69556700
2025-12-23,680.3046,684.5620,680.2549,684.3233,64840000
2025-12-24,684.3134,687.1782,684.1642,686.7305,39445600
2025-12-26,686.9892,688.0037,685.6264,686.6609,41613300
2025-12-29,683.9055,685.5568,682.4433,684.2139,62559500
2025-12-30,683.8160,684.9201,682.9506,683.3783,47160700
2025-12-31,683.5077,683.7265,678.1064,678.3152,74144800
2026-01-02,682.0852,683.2390,676.2263,679.5586,89377200
2026-01-05,682.9108,685.7856,682.7517,684.0846,71927200
2026-01-06,684.2935,688.6603,684.1443,688.1530,69273800
2026-01-07,688.5309,690.2916,685.6761,685.9348,75588300
2026-01-08,685.1788,686.9692,683.8558,685.8651,64019200
2026-01-09,686.9792,691.6344,685.5368,690.4010,80125500
2026-01-12,687.0289,692.4104,686.9792,691.4852,63976000
2026-01-13,691.8135,692.4103,687.6953,690.1026,78309700
2026-01-14,687.3472,688.0634,682.4134,686.7106,94676700
2026-01-15,690.8984,691.7737,687.5959,688.5807,77862000
2026-01-16,689.9932,690.5801,686.4520,688.0037,79289200
2026-01-20,677.8875,681.1502,672.9935,673.9982,111623300
2026-01-21,676.0573,685.0992,674.5453,681.7769,127844500
2026-01-22,686.2033,687.4766,683.2888,685.3380,77112200
2026-01-23,684.5123,687.3074,683.5275,685.5865,63059600
2026-01-26,686.8400,690.4607,686.2730,689.0681,60473800
2026-01-27,690.5104,692.8480,689.9036,691.8135,55506100
2026-01-28,693.3652,694.1511,690.2717,691.7438,61172200
2026-01-29,692.7088,693.3752,681.2099,690.3712,97486200
2026-01-30,688.1331,690.5403,683.4878,688.3121,101835100
2026-02-02,685.9347,693.2459,685.7756,691.7339,79286500
2026-02-03,692.5297,693.2757,680.4141,685.8850,107904600
2026-02-04,686.7007,687.7949,678.1561,682.5627,105204600
2026-02-05,677.3404,680.0759,672.2176,674.0380,113610800
2026-02-06,677.8577,688.6503,677.2509,686.9692,89127600
2026-02-09,685.7755,692.1914,684.7013,690.2816,73885200
2026-02-10,691.2764,692.8579,688.0037,688.4613,65185700
2026-02-11,692.7088,693.4548,685.5369,688.3022,76353900
2026-02-12,690.5701,691.6742,676.7734,677.6687,118829000
2026-02-13,678.0864,682.6522,673.9385,678.1461,96267500
2026-02-17,676.5447,681.3193,672.2077,679.2403,81354700
2026-02-18,680.4042,685.5070,679.2204,682.6621,73570300
2026-02-19,680.2251,682.5527,677.9472,680.8617,58649400
2026-02-20,678.7132,686.4123,678.1263,685.7856,100034000
2026-02-23,684.1940,686.3525,676.7734,678.7828,90558100
2026-02-24,678.2954,684.7112,676.4054,683.7165,73798700
2026-02-25,686.5316,690.0131,686.4520,689.4859,56369500
2026-02-26,689.6152,689.6350,680.7323,685.6562,71671000
2026-02-27,679.4791,683.2291,678.0367,682.3637,83308900
2026-03-02,675.1123,684.9798,674.4359,682.7516,87477200
2026-03-03,671.4915,679.0016,666.1201,676.7337,105003100
2026-03-04,678.0268,683.4580,676.0274,681.5083,79182200
2026-03-05,678.4744,681.9062,672.0386,677.7084,106606500
2026-03-06,669.8501,672.5359,666.2195,668.8256,100687000
2026-03-09,662.8673,676.3258,658.8885,674.6845,102667700
2026-03-10,674.1374,679.7476,671.1931,673.6003,81505300
2026-03-11,673.9982,676.4850,669.7806,672.7548,68441700
2026-03-12,667.6121,668.0995,662.3501,662.5391,108882200
2026-03-13,665.7321,668.7859,657.8639,658.7890,97200200
2026-03-16,664.8468,668.5173,663.5935,665.4934,82023100
2026-03-17,668.8356,670.8747,666.1598,667.2440,87128000
2026-03-18,664.8269,666.1797,657.6948,657.9335,82062600
2026-03-19,653.4971,659.4753,651.7066,656.3121,111272500
2026-03-20,654.8230,655.0026,643.0633,646.9034,163617500
2026-03-23,656.3790,660.9173,652.2596,653.6959,134802700
2026-03-24,649.6464,655.3417,648.2101,651.5016,96457500
2026-03-25,656.9774,659.1918,652.5588,655.1322,90653800
2026-03-26,650.3844,653.1672,643.1630,643.4324,96494400
2026-03-27,640.8490,641.0086,631.4831,632.4606,103649400
2026-03-30,638.4652,638.7245,627.6630,630.3461,99275900
2026-03-31,637.2982,649.8658,636.3406,648.6689,152534100
2026-04-01,652.2198,656.8279,651.3220,653.5563,97841500
2026-04-02,644.7589,656.5087,643.4523,654.1448,68358700
2026-04-06,654.1747,658.0248,653.8356,657.2368,39105800
2026-04-07,654.9627,657.9150,649.3870,657.5260,69980400
2026-04-08,674.6520,675.3402,669.7347,674.2729,93606100
2026-04-09,673.1059,679.4096,672.0387,678.1628,57134400
2026-04-10,679.5693,680.2775,676.7066,677.7141,42253500
2026-04-13,675.6693,684.5365,674.8415,684.3370,54185800
2026-04-14,685.9229,692.7952,685.8930,692.6755,63480500
2026-04-15,693.4735,698.4806,692.4162,698.1414,58240400
2026-04-16,699.2586,700.9742,696.7351,699.8570,49972400
2026-04-17,704.3255,710.5595,703.9465,708.3152,70661900
2026-04-20,706.9587,708.0857,704.3255,706.8988,43546800
2026-04-21,708.4549,709.4523,700.8345,702.2708,58941400
2026-04-22,707.3278,709.6219,706.4001,709.3825,42518500
2026-04-23,707.6769,710.5295,700.4754,706.6296,56174000
2026-04-24,708.9237,712.6341,707.1881,712.1055,45182000
2026-04-27,711.3374,713.7911,710.4697,713.3323,33135900
2026-04-28,709.9909,711.0482,707.4275,709.8612,43117400
2026-04-29,709.1730,710.3699,706.5498,709.7515,41859200
2026-04-30,712.7937,717.9404,708.6244,716.8133,67240900
2026-05-01,719.3967,723.0073,718.6186,718.7982,43049800
2026-05-04,718.2197,720.2644,713.1527,716.1650,51950600
2026-05-05,719.9154,723.1769,719.6360,721.9102,36933200
2026-05-06,726.2889,732.7024,725.9498,731.9443,53288900
2026-05-07,733.1612,734.2384,727.8748,729.7001,51724600
2026-05-08,733.0415,736.1834,732.6825,735.7246,47227100
2026-05-11,734.5576,738.8864,734.5576,737.4003,44024000
2026-05-12,734.9965,736.9415,729.9495,736.2831,54185300
2026-05-13,736.5724,741.9984,733.5801,740.4025,44200200
2026-05-14,741.7392,747.6040,741.6494,746.2475,45307600
2026-05-15,739.8839,741.5496,736.0638,737.2706,60410800
2026-05-18,737.9289,739.5148,731.5055,736.7520,47843900
2026-05-19,732.8920,735.7546,729.6503,731.8446,54255900
2026-05-20,733.8195,739.9637,732.0042,739.3453,45768000
2026-05-21,736.7420,742.9560,735.1361,740.8115,43332200
2026-05-22,744.3224,747.0155,742.5669,743.7240,41762000
2026-05-26,748.0828,750.1973,746.4470,748.6613,41123600
2026-05-27,748.9505,749.4492,746.2973,748.5316,42106300
2026-05-28,748.3222,753.2096,747.3048,752.6609,41562600
2026-05-29,753.9577,756.1321,752.7508,754.5361,55075700
2026-06-01,753.4190,758.3264,752.7507,756.5908,43634900
2026-06-02,755.0848,758.4461,754.8055,757.6182,31581900
2026-06-03,756.2019,756.8502,751.6336,752.3019,51402500
2026-06-04,750.1674,756.3614,749.5390,755.1446,49923000
2026-06-05,750.3769,750.8856,733.6400,735.6548,93989400
2026-06-08,741.4498,743.4248,736.2931,737.3204,49319100
2026-06-09,741.7192,744.9808,720.7333,735.1561,87683500
2026-06-10,731.5055,736.4827,723.4662,723.5659,60341300
2026-06-11,726.8874,738.0985,722.5485,735.8643,86330500
2026-06-12,738.8067,742.5271,733.1413,739.8440,57079500
2026-06-15,749.9180,754.7356,749.8283,752.8904,60176400
2026-06-16,752.6111,753.4988,747.9531,748.4020,67093100
2026-06-17,749.3594,750.2173,737.3205,739.0560,85945200
2026-06-18,747.7600,748.2300,743.8600,746.7400,80875700
2026-06-22,747.7000,750.1800,743.1300,744.3900,46628100
2026-06-23,733.8100,739.6300,732.3000,733.5800,66846800
2026-06-24,735.1700,739.9500,730.8400,733.2400,57439500
2026-06-25,738.9100,739.3700,729.6000,734.3000,53934400
2026-06-26,728.9500,736.5300,716.5800,728.9900,71034000
2026-06-29,736.5300,741.5600,732.0900,741.0000,58035200
2026-06-30,741.2900,748.0200,740.8900,746.7700,55626000
2026-07-01,745.0000,749.4400,742.3800,745.7600,47100900
2026-07-02,747.4000,751.3100,740.0300,744.7800,57447800
2026-07-06,748.7400,752.4100,747.4100,751.2800,50673300
2026-07-07,750.2200,750.9600,745.2100,747.7100,43721500
2026-07-08,743.1600,746.1500,739.5100,745.4000,43767400
2026-07-09,747.3500,751.9700,745.5900,751.7100,41441700
2026-07-10,752.0500,755.4200,748.1000,754.9500,42191300
2026-07-13,752.4700,753.9100,748.0000,749.1700,44013600
2026-07-14,750.9100,753.3400,748.6600,751.8300,35143100
2026-07-15,754.2400,755.5800,750.2000,754.8100,43844800
2026-07-16,752.7600,754.5700,747.8800,750.7200,46409800
2026-07-17,742.0800,747.2900,740.8000,743.2900,62569200
2026-07-20,747.0600,748.7300,741.5103,742.0900,41004709
