Date,Open,High,Low,Close,Volume
2016-07-21,103.4963,104.6896,103.4586,104.6443,10398400
2016-07-22,104.1684,105.1578,104.1231,104.8255,5811400
2016-07-25,104.9312,105.1729,104.6669,104.7500,4243800
2016-07-26,105.3693,105.3693,104.5687,104.9161,5243400
2016-07-27,105.3919,106.2227,105.2786,106.2227,8508100
2016-07-28,105.5807,106.3662,105.5128,106.0263,7336100
2016-07-29,106.0716,107.0005,105.8979,106.9099,8766700
2016-08-01,105.7584,106.3032,105.6298,105.7508,9809300
2016-08-02,104.2830,105.3650,104.0333,104.6613,10051200
2016-08-03,104.8656,105.0018,104.3435,104.7218,4930600
2016-08-04,105.5163,106.0459,105.3725,105.5087,5646000
2016-08-05,105.2061,105.3044,104.2755,104.4117,7778600
2016-08-08,104.1090,104.8202,103.8971,104.6083,5185200
2016-08-09,104.9488,105.7130,104.8807,105.6373,5503200
2016-08-10,105.8491,106.3107,105.5238,106.0459,5843500
2016-08-11,105.9702,105.9854,104.8202,105.1001,7624600
2016-08-12,106.2350,106.5755,105.8264,105.9853,7989600
2016-08-15,105.4255,105.6449,104.9791,104.9866,5108600
2016-08-16,105.1531,105.2818,104.5857,104.7067,6182700
2016-08-17,104.8883,105.5011,104.7899,105.3347,5002000
2016-08-18,105.3196,105.7433,105.0093,105.5011,3805200
2016-08-19,104.8959,105.2061,104.4873,104.9488,5516300
2016-08-22,105.6600,106.0307,105.4481,105.8340,5549700
2016-08-23,106.1291,106.3712,105.6752,105.9475,6841400
2016-08-24,106.0005,106.0686,105.4633,105.6978,6027800
2016-08-25,105.3649,105.7584,105.1380,105.2968,5855500
2016-08-26,105.7206,106.4469,104.5781,104.6840,12962500
2016-08-29,105.4557,106.1896,105.3271,106.0837,7310400
2016-08-30,106.0535,106.1216,105.6752,105.6752,5161800
2016-08-31,105.6676,106.0534,105.4255,105.8265,7349700
2016-09-01,105.0715,106.1934,105.0336,105.9432,9149100
2016-09-02,105.3292,105.3974,104.7304,105.0790,8397000
2016-09-06,105.1397,106.1781,104.9881,105.8446,8542600
2016-09-07,106.3980,106.4359,105.7689,105.7689,5421800
2016-09-08,105.2534,105.5642,104.0406,104.4424,14301500
2016-09-09,103.1387,103.1765,102.6384,102.7218,13347700
2016-09-12,102.5702,102.9567,102.4489,102.7748,9096600
2016-09-13,102.9870,103.0856,101.0845,101.6075,15645400
2016-09-14,101.6075,102.2594,101.6075,101.7591,7037700
2016-09-15,101.2741,101.6076,100.8344,101.3195,9874500
2016-09-16,102.0093,102.1836,101.7364,102.1381,7507900
2016-09-19,101.9638,102.2291,101.7591,101.8046,7105900
2016-09-20,102.4413,102.7672,102.0775,102.1609,6054800
2016-09-21,102.0245,103.0022,101.7061,102.9871,10698100
2016-09-22,103.5935,104.0634,103.4646,103.8057,12426200
2016-09-23,103.8664,104.1013,103.6238,103.7072,5928800
2016-09-26,103.8967,104.4728,103.8588,104.3666,8661300
2016-09-27,105.0488,105.2079,104.5637,105.1321,9450400
2016-09-28,104.9805,105.4732,104.7683,104.9047,7958700
2016-09-29,104.2681,105.4126,104.1847,105.1701,8319800
2016-09-30,105.0184,105.0867,103.7450,104.2301,11747100
2016-10-03,104.5468,104.6152,103.8482,103.8862,7588800
2016-10-04,103.7419,103.9090,102.6333,102.6713,12048700
2016-10-05,102.5270,102.5725,101.8436,102.1929,8917700
2016-10-06,101.7296,102.2763,101.5094,101.6233,7839900
2016-10-07,101.6993,101.9726,101.0614,101.6917,9953200
2016-10-10,100.8792,101.1145,100.6210,101.0918,6089100
2016-10-11,100.8867,101.4107,100.6665,100.8639,9670400
2016-10-12,100.7425,101.0083,100.4160,100.9627,7582400
2016-10-13,101.4790,101.6993,101.2740,101.3424,7080600
2016-10-14,100.4388,100.9551,99.8768,99.9224,11415100
2016-10-17,100.3096,100.7956,100.3020,100.5602,10595900
2016-10-18,100.1274,100.9095,100.1046,100.8868,7151000
2016-10-19,100.5147,101.1981,100.4768,100.9703,6941300
2016-10-20,101.4790,101.5625,100.9171,101.0765,6082300
2016-10-21,101.3880,101.5398,100.8944,101.2285,9222700
2016-10-24,101.3044,101.3348,100.4539,100.7880,6507500
2016-10-25,100.6362,101.4183,100.6058,101.0538,5134700
2016-10-26,100.5830,100.8412,100.2261,100.3704,5842500
2016-10-27,99.5275,99.5275,98.7606,99.2770,10044700
2016-10-28,99.0112,99.4212,98.9656,99.0567,7541000
2016-10-31,99.3908,99.6946,99.2541,99.6642,7047500
2016-11-01,99.0252,100.1207,98.8122,99.6719,12622400
2016-11-02,99.8924,100.5087,99.6870,100.1055,8666200
2016-11-03,99.4740,99.7022,99.2381,99.3370,6085400
2016-11-04,99.8696,100.2652,99.7631,100.2272,7622600
2016-11-07,99.4740,99.6642,99.2382,99.3751,5386700
2016-11-08,99.6794,99.8240,98.6828,98.9719,7576500
2016-11-09,96.7884,96.9025,94.5060,94.7723,31233500
2016-11-10,94.3158,95.0690,93.3648,93.3724,22961200
2016-11-11,93.5474,93.6159,92.5508,92.8475,10040200
2016-11-14,92.2693,93.3192,91.8509,92.2921,21174400
2016-11-15,92.9844,93.4333,92.6497,92.7486,11963700
2016-11-16,93.0453,93.6843,92.9464,93.5854,9149500
2016-11-17,92.7790,92.9008,92.0487,92.2085,11221600
2016-11-18,92.5356,92.7942,91.5541,91.9421,13577700
2016-11-21,92.2160,92.4215,91.9726,92.1704,6488100
2016-11-22,92.5584,92.6344,91.9649,92.1399,9989900
2016-11-23,91.2879,91.9878,90.7249,91.7824,13563500
2016-11-25,92.2008,92.2769,91.5998,91.9193,3126300
2016-11-28,92.3682,92.6117,92.1247,92.5964,8555000
2016-11-29,92.3910,93.1214,92.2160,92.9844,8363000
2016-11-30,91.2726,92.0639,90.8998,91.4781,21163500
2016-12-01,90.3444,90.7104,89.6812,90.5122,21715700
2016-12-02,90.8476,91.6404,90.8247,91.1754,12487500
2016-12-05,90.6647,91.7853,90.2988,91.0763,12100100
2016-12-06,90.9772,91.4346,90.8095,91.0077,11526600
2016-12-07,91.3431,91.9530,91.3431,91.7853,10392200
2016-12-08,90.8324,90.9543,90.5503,90.7028,12041100
2016-12-09,90.4436,90.6113,89.4068,89.5745,14646400
2016-12-12,89.3992,89.8032,89.1019,89.7422,9496300
2016-12-13,90.2606,90.3292,89.5288,90.0624,12189200
2016-12-14,90.7790,90.8781,89.0409,89.0561,16618400
2016-12-15,89.6202,90.1768,89.2162,89.5059,12400500
2016-12-16,89.6584,89.8947,89.0409,89.3001,14924600
2016-12-19,89.9404,90.3978,89.7574,90.2606,10868300
2016-12-20,89.6736,89.8794,89.4830,89.8108,7030600
2016-12-21,89.8947,90.2606,89.7499,90.2073,4624700
2016-12-22,89.8319,90.1911,89.8090,90.0459,5177800
2016-12-23,90.3747,90.4893,90.1530,90.2294,4461600
2016-12-27,89.7479,89.9619,89.6027,89.9390,5276600
2016-12-28,90.0842,90.8638,89.9619,90.5963,7578600
2016-12-29,90.8026,91.1619,90.6956,90.9173,8581400
2016-12-30,90.7874,91.4524,90.7416,91.0549,10613900
2017-01-03,90.5046,91.7122,90.3288,91.4447,13217300
2017-01-04,91.5364,91.9033,91.2995,91.7963,6699600
2017-01-05,92.0638,93.2715,91.8498,93.2333,13265800
2017-01-06,92.5835,92.8969,92.2931,92.3772,8369300
2017-01-09,93.1568,93.2485,92.8358,93.1186,8839100
2017-01-10,92.9045,93.1797,92.6982,93.0574,8417900
2017-01-11,93.2026,93.7759,92.7975,93.3708,9402500
2017-01-12,93.8600,94.1199,93.1186,93.1645,9977600
2017-01-13,92.7364,93.0574,92.1938,92.7211,9820000
2017-01-17,93.8676,93.9670,93.2409,93.6918,7853300
2017-01-18,93.0727,93.2179,92.4154,92.4918,9064700
2017-01-19,92.0944,92.1632,91.3759,91.8575,11795600
2017-01-20,91.5975,91.9567,91.1771,91.6739,16953200
2017-01-23,91.9797,93.1492,91.7351,92.5912,13118400
2017-01-24,92.3084,92.5835,91.5670,91.9568,8395000
2017-01-25,91.1695,91.4141,90.6192,90.8026,11115100
2017-01-26,90.8867,91.1542,90.4434,91.1084,7827900
2017-01-27,91.2613,91.5900,91.1466,91.4371,7197800
2017-01-30,91.2918,91.6281,91.1083,91.1618,6569500
2017-01-31,91.2077,92.0256,91.1466,91.7963,13298500
2017-02-01,91.2287,91.5581,90.8304,91.2287,10975500
2017-02-02,91.8645,92.0253,91.1521,91.1904,6978600
2017-02-03,91.4891,91.8185,90.7461,91.1520,10275600
2017-02-06,91.7342,92.0177,91.2440,91.7036,8433800
2017-02-07,91.7496,92.6917,91.5121,92.3777,8418400
2017-02-08,93.0058,93.6569,92.9982,93.6339,15734200
2017-02-09,92.9981,93.1360,92.4236,92.5538,16890600
2017-02-10,92.0023,92.6458,92.0023,92.5002,7978500
2017-02-13,92.1096,92.2322,91.8262,92.2092,11536800
2017-02-14,92.1019,92.1478,91.0218,91.5427,13210500
2017-02-15,90.9682,91.3206,90.8840,91.1214,8481000
2017-02-16,91.3206,92.0789,91.2440,91.6193,10005800
2017-02-17,92.3853,92.4543,92.0177,92.1632,7886400
2017-02-21,91.6730,92.3853,91.6117,92.0023,8703800
2017-02-22,92.5309,92.5462,91.6040,92.1555,8101500
2017-02-23,92.3547,92.4849,92.1709,92.4313,5330800
2017-02-24,92.9522,93.5573,92.8832,93.4577,11336000
2017-02-27,93.3045,93.3734,92.8602,92.9062,11039800
2017-02-28,93.0670,93.5113,92.9292,93.2509,8410500
2017-03-01,91.6653,91.7497,91.2893,91.6883,10717100
2017-03-02,91.3353,91.4888,91.0360,91.3583,8201200
2017-03-03,91.5042,91.5963,90.9823,91.5963,9515200
2017-03-06,91.4197,91.4197,90.9592,91.1588,4489200
2017-03-07,90.9286,91.0821,90.7521,90.8825,7080100
2017-03-08,90.0307,90.5218,89.9693,90.3914,11336300
2017-03-09,90.0537,90.1611,89.6162,89.6699,10575400
2017-03-10,89.9001,90.0383,89.5471,89.9846,9218500
2017-03-13,89.6623,89.8618,89.4013,89.4167,6993100
2017-03-14,89.6162,90.0613,89.5702,89.8465,9869200
2017-03-15,90.2225,91.1971,90.1227,90.9439,14600500
2017-03-16,90.5525,90.6753,90.2762,90.4834,8018200
2017-03-17,90.6446,91.1358,90.5832,91.0513,7266800
2017-03-20,90.9823,91.5042,90.9439,91.4428,5497800
2017-03-21,91.3660,92.3253,91.3430,92.2025,12540700
2017-03-22,92.6477,92.9931,92.4251,92.5710,11661400
2017-03-23,92.7321,92.8779,92.1411,92.4404,6746500
2017-03-24,92.5019,92.9393,92.4021,92.7705,5819600
2017-03-27,93.4995,93.6070,93.0084,93.1926,6878500
2017-03-28,93.4689,93.4919,92.4712,92.5710,6811200
2017-03-29,92.8165,93.1542,92.7705,93.1235,6291000
2017-03-30,92.9162,92.9316,92.3407,92.3714,7042400
2017-03-31,92.3100,92.7167,92.2563,92.6400,5144800
2017-04-03,92.6361,93.7282,92.5977,93.5744,12996500
2017-04-04,93.3437,93.5129,93.0207,93.0668,6976700
2017-04-05,92.7207,93.4591,92.5669,93.3514,8555200
2017-04-06,93.2437,93.3745,92.6900,93.2130,6497000
2017-04-07,93.7052,94.0205,92.8207,92.8361,10270000
2017-04-10,93.1668,93.5360,93.0591,93.2668,5314500
2017-04-11,93.6744,94.3282,93.6129,94.1513,11297400
2017-04-12,94.2205,94.7434,94.0513,94.6665,11532500
2017-04-13,94.9434,95.1665,94.5281,94.9588,8396700
2017-04-17,94.9511,95.0203,94.4896,94.6665,8015000
2017-04-18,95.2587,96.1201,95.0203,95.9047,11529700
2017-04-19,95.4433,95.4971,95.1357,95.3818,7344000
2017-04-20,94.9972,95.3049,94.7050,95.0126,7932900
2017-04-21,95.2280,95.5510,94.9742,95.0126,9798500
2017-04-24,94.2512,94.7204,94.1820,94.5435,8066400
2017-04-25,93.9897,94.1820,93.3514,93.4052,8122300
2017-04-26,93.4591,93.9359,93.3898,93.9205,5766200
2017-04-27,93.6360,94.0974,93.5052,93.8898,4978300
2017-04-28,93.5206,94.1666,93.4821,94.0974,8166300
2017-05-01,93.7853,94.1321,93.0300,93.3151,8795900
2017-05-02,93.2304,93.8546,93.2073,93.7930,6727800
2017-05-03,94.1938,94.3248,93.6774,93.8547,8932900
2017-05-04,93.2612,93.4230,92.9992,93.3922,9707200
2017-05-05,93.5464,93.6157,93.1687,93.4770,5605400
2017-05-08,93.3383,93.3614,92.8913,92.9683,8057800
2017-05-09,92.7757,92.9683,92.5907,92.9606,5536700
2017-05-10,93.1841,93.2997,92.6061,92.8528,6517000
2017-05-11,92.4828,92.9221,92.4135,92.8528,7479800
2017-05-12,93.2612,93.6311,93.2381,93.5541,7463900
2017-05-15,93.2998,93.4154,93.0609,93.2998,5173200
2017-05-16,93.3383,93.9395,93.3383,93.6466,6722700
2017-05-17,94.5097,95.2110,94.3247,95.0107,11236400
2017-05-18,95.3729,95.5194,94.9413,95.1186,8350500
2017-05-19,95.0723,95.3960,94.8026,95.3421,11277400
2017-05-22,95.1109,95.2265,94.9953,95.0800,4062900
2017-05-23,95.1879,95.2727,94.3941,94.4404,7901300
2017-05-24,94.6408,94.9953,94.4404,94.9722,7355200
2017-05-25,94.8103,95.0107,94.6099,95.0030,6464800
2017-05-26,95.2188,95.3652,94.9876,95.1648,2963800
2017-05-30,95.5887,95.6734,95.3652,95.6349,4819400
2017-05-31,95.6041,96.0665,95.5887,95.8738,8000200
2017-06-01,95.5364,95.9148,95.5055,95.8839,9037300
2017-06-02,96.7103,97.1351,96.5790,97.0192,13245000
2017-06-05,96.4631,96.6639,96.3705,96.4168,6775500
2017-06-06,97.0733,97.2123,96.8493,96.9420,12841500
2017-06-07,96.7257,96.9420,96.3782,96.4786,12852400
2017-06-08,96.4477,96.4477,95.9997,96.2237,8758600
2017-06-09,95.8299,96.2624,95.7526,96.0770,5130500
2017-06-12,95.9302,96.5326,95.8761,96.0461,4335800
2017-06-13,95.7758,96.1697,95.7603,96.0616,4742600
2017-06-14,97.2509,97.8611,97.1042,97.5444,20212300
2017-06-15,97.3822,97.5676,97.1814,97.3899,5863700
2017-06-16,97.3745,97.6525,97.3204,97.5830,6672500
2017-06-19,97.5598,97.6834,97.3358,97.4440,5641300
2017-06-20,97.9228,98.3939,97.9228,98.3167,8405700
2017-06-21,98.1700,98.5793,98.0155,98.5175,5914800
2017-06-22,98.6333,98.7569,98.3244,98.7337,6608100
2017-06-23,98.4480,98.7801,98.3940,98.6874,4329900
2017-06-26,99.0659,99.2976,98.9809,99.0581,5541600
2017-06-27,98.4171,98.4634,97.7915,98.0000,8354200
2017-06-28,97.8301,97.8610,97.2972,97.6757,7357900
2017-06-29,96.5481,97.0965,96.4631,96.8570,9115800
2017-06-30,96.6871,96.8416,96.4245,96.6331,10189800
2017-07-03,96.7399,96.7708,95.9814,96.3219,11021100
2017-07-05,96.1207,96.4690,96.0588,96.3451,11394500
2017-07-06,95.5944,95.6873,95.1378,95.5480,10853100
2017-07-07,95.0682,95.2152,94.8747,94.9753,9401800
2017-07-10,95.0914,95.2694,94.9444,95.1146,3859200
2017-07-11,95.0836,95.4474,94.9675,95.2771,4425600
2017-07-12,95.8808,95.9969,95.5712,95.9350,7839900
2017-07-13,95.6564,95.6951,95.0450,95.3313,7449300
2017-07-14,96.0433,96.0898,95.2849,95.4474,6566800
2017-07-17,95.4474,95.9582,95.4010,95.7105,4737300
2017-07-18,96.2987,96.5618,96.1439,96.5463,9163000
2017-07-19,96.5696,96.7476,96.4225,96.5851,5140900
2017-07-20,97.1191,97.3048,96.7167,96.8637,12239100
2017-07-21,97.3048,97.5370,97.1810,97.2738,6201500
2017-07-24,97.0881,97.2506,96.8637,96.8946,5378500
2017-07-25,96.0743,96.1130,95.5558,95.6331,9743300
2017-07-26,95.4010,96.0356,95.2539,95.7879,8459500
2017-07-27,95.2771,95.4861,95.0527,95.3158,6390800
2017-07-28,95.4009,95.9581,95.3932,95.8808,5491800
2017-07-31,95.5480,96.0047,95.5016,95.9969,5464600
2017-08-01,95.5385,96.7252,95.5230,96.6709,9676800
2017-08-02,96.7717,97.0819,96.7019,96.7251,5745600
2017-08-03,97.1750,97.7412,97.1518,97.7257,10324500
2017-08-04,97.0664,97.0897,96.5157,96.8958,8485500
2017-08-07,96.8260,97.0277,96.6476,97.0044,4684600
2017-08-08,96.8492,96.9346,96.2908,96.6553,6197400
2017-08-09,97.6714,97.6869,97.1052,97.1828,9221800
2017-08-10,97.4310,98.0669,97.3534,98.0127,10378200
2017-08-11,97.5473,98.0824,97.3766,98.0592,5717800
2017-08-14,97.7180,97.9429,97.5163,97.5551,5111000
2017-08-15,96.7407,97.3690,96.7252,97.1440,7473200
2017-08-16,96.8183,97.7412,96.8028,97.5008,5283800
2017-08-17,97.4930,98.2531,97.3457,98.2298,9364700
2017-08-18,98.4858,98.6176,97.9274,98.2066,8382500
2017-08-21,98.3229,98.5168,98.1135,98.4470,7669800
2017-08-22,98.3384,98.3539,97.9351,98.0670,6140700
2017-08-23,98.5323,98.7417,98.3151,98.7340,7446400
2017-08-24,98.4082,98.7417,98.2841,98.3695,5569400
2017-08-25,98.5168,98.8503,98.4005,98.7495,7303300
2017-08-28,98.4393,98.8038,98.2919,98.6874,4448500
2017-08-29,99.6337,99.6802,98.7418,99.0055,7659400
2017-08-30,98.8581,99.0753,98.7650,98.9745,4735200
2017-08-31,98.9977,99.3002,98.9434,99.2691,7978400
2017-09-01,98.9450,98.9684,98.2611,98.5098,14128600
2017-09-05,99.2404,100.1031,99.2404,100.0720,15215700
2017-09-06,100.0409,100.2586,99.2793,99.4580,9066400
2017-09-07,99.7378,100.7015,99.7378,100.4761,13618900
2017-09-08,100.3440,100.3829,99.9243,100.2585,9808500
2017-09-11,99.3803,99.5202,98.9062,99.0616,17856700
2017-09-12,98.7430,98.7741,98.3388,98.5409,7557400
2017-09-13,98.6342,98.6419,98.1445,98.1523,6740000
2017-09-14,98.2145,98.5720,98.1834,98.5565,6674500
2017-09-15,98.7041,98.7119,98.3466,98.5953,9769200
2017-09-18,98.3155,98.3699,97.8025,98.0279,6863000
2017-09-19,98.1445,98.1678,97.7171,97.7870,5554900
2017-09-20,97.9036,97.9658,97.4062,97.8570,8037000
2017-09-21,98.0513,98.3621,97.7870,97.8026,6147800
2017-09-22,98.3155,98.4943,97.9736,98.0824,5660700
2017-09-25,98.1756,98.9139,98.0823,98.6963,9679000
2017-09-26,98.5253,98.6186,98.2611,98.5176,7251900
2017-09-27,97.0487,97.3829,96.8466,97.0331,12145700
2017-09-28,96.5358,96.8777,96.3492,96.7456,8883700
2017-09-29,96.9632,97.1730,96.5823,96.9632,11285500
2017-10-02,97.1984,97.3463,96.7545,96.7856,7860700
2017-10-03,96.5053,96.9648,96.5053,96.8791,6219800
2017-10-04,96.9803,97.0271,96.4741,96.8869,7447000
2017-10-05,96.7778,96.8012,96.3261,96.5208,8180300
2017-10-06,96.0146,96.6454,95.8121,96.2482,10375000
2017-10-09,96.3963,96.6143,96.2872,96.5520,3590900
2017-10-10,96.6766,97.2451,96.5832,96.7078,6666800
2017-10-11,97.0115,97.0816,96.7701,96.8947,4385900
2017-10-12,96.9959,97.3308,96.7545,97.3074,7141600
2017-10-13,97.7981,98.0784,97.4788,98.0083,7746900
2017-10-16,97.7591,98.0473,97.6423,97.9382,5737300
2017-10-17,97.6501,98.1953,97.6501,98.0629,4969600
2017-10-18,97.3853,97.4865,97.0971,97.4164,5943800
2017-10-19,97.9227,98.1329,97.5566,97.5878,8966500
2017-10-20,96.5676,96.7857,96.2872,96.5520,12326900
2017-10-23,96.6922,96.9492,96.5832,96.7233,6871100
2017-10-24,96.0770,96.3262,95.9056,96.1237,6842800
2017-10-25,95.4228,95.7733,95.3371,95.6642,9961400
2017-10-26,95.8355,95.8355,95.3449,95.3449,8179400
2017-10-27,95.7421,96.0458,95.5941,95.9757,10480900
2017-10-30,96.4586,96.9258,96.2249,96.8947,9051600
2017-10-31,96.9804,97.0816,96.8791,96.9258,4424300
2017-11-01,97.0452,97.6617,97.0062,97.3574,8940400
2017-11-02,97.5525,97.9583,97.4901,97.7866,7222700
2017-11-03,97.9193,98.0988,97.6618,98.0520,10984100
2017-11-06,98.2783,98.5046,98.1144,98.4188,6246700
2017-11-07,98.5124,98.9416,98.4343,98.8324,6422700
2017-11-08,98.7933,98.9572,98.4968,98.6138,3356200
2017-11-09,98.2315,98.5202,97.9817,98.3329,6280400
2017-11-10,97.3262,97.4276,96.7409,96.8501,11981000
2017-11-13,97.3964,97.4042,97.0140,97.0530,5880800
2017-11-14,97.3730,97.7398,97.3730,97.7086,6195900
2017-11-15,98.3797,98.8558,98.0520,98.7700,9568200
2017-11-16,98.3407,98.5904,97.9036,97.9115,5894900
2017-11-17,98.3875,98.6763,98.3017,98.6373,6938800
2017-11-20,98.2627,98.6295,98.2627,98.5983,4232300
2017-11-21,99.1836,99.3397,98.5749,98.9104,5818400
2017-11-22,98.8168,99.2694,98.7309,99.2304,4140700
2017-11-24,99.0587,99.1368,98.8714,98.9573,3141400
2017-11-27,99.0041,99.1523,98.6607,98.8168,6079900
2017-11-28,98.9339,99.2538,98.6997,98.9495,5983000
2017-11-29,97.9896,98.0832,97.6306,97.9739,14547100
2017-11-30,97.7944,97.9583,97.1154,97.6461,9630000
2017-12-01,98.4321,99.8554,97.8299,98.9639,24583100
2017-12-04,98.4712,99.0577,98.3852,99.0108,9609200
2017-12-05,98.9013,99.7068,98.8856,99.5034,10958900
2017-12-06,99.9961,100.2776,99.8319,99.8475,11834200
2017-12-07,100.0431,100.1760,98.7684,99.0655,13056800
2017-12-08,98.9951,99.1124,98.7214,99.0733,4786100
2017-12-11,99.2062,99.3861,98.8543,98.8700,3863800
2017-12-12,98.6667,98.8544,98.2757,98.8309,7502400
2017-12-13,99.1671,99.6207,98.9951,99.5738,8532900
2017-12-14,99.3549,100.0821,99.1515,99.9961,6885000
2017-12-15,99.9491,100.5591,99.7536,100.3714,7239400
2017-12-18,100.0743,100.0978,99.2454,99.4565,7239700
2017-12-19,98.7840,98.8309,97.8065,98.1662,11045800
2017-12-20,97.2122,97.5250,96.9306,97.0792,10005800
2017-12-21,97.1983,97.8488,97.1748,97.6450,7026900
2017-12-22,97.7233,97.8331,97.5901,97.7782,3974300
2017-12-26,97.9428,98.3738,97.9350,98.0682,3168400
2017-12-27,98.5148,99.5101,98.5070,99.3455,9059700
2017-12-28,99.1575,99.3926,99.0321,99.2593,5297100
2017-12-29,99.1339,99.6198,99.1182,99.4160,7580500
2018-01-02,99.1261,99.1418,98.0133,98.3425,16238200
2018-01-03,98.7422,98.8989,98.3425,98.8127,8605100
2018-01-04,98.4679,98.8675,98.2484,98.7970,9217900
2018-01-05,98.6403,98.8832,98.2406,98.5149,10915400
2018-01-08,98.7343,98.7656,98.0917,98.4522,8850600
2018-01-09,97.8096,97.8252,97.0259,97.1356,16226400
2018-01-10,96.2422,97.1199,96.1247,97.0181,14302600
2018-01-11,96.7908,97.6372,96.6341,97.4177,12511000
2018-01-12,97.2531,97.7939,97.1043,97.5823,9987100
2018-01-16,98.0917,98.1779,97.6136,97.9898,9125900
2018-01-17,98.0212,98.4600,97.6450,97.8566,8327000
2018-01-18,97.1199,97.3864,96.8143,96.9475,10843900
2018-01-19,96.7046,96.8300,96.3755,96.4382,11374300
2018-01-22,96.7438,96.9476,96.3833,96.5322,8984700
2018-01-23,97.0259,97.3315,96.5792,96.9475,12325700
2018-01-24,96.2736,96.4930,96.0306,96.4225,9038900
2018-01-25,96.5165,97.2924,96.2344,97.2140,12173300
2018-01-26,97.0807,97.1042,96.4694,96.8534,6462900
2018-01-29,96.3676,96.3676,95.8426,96.1796,12223000
2018-01-30,95.8269,95.8974,95.3723,95.6153,12064400
2018-01-31,96.2893,96.3363,95.5605,96.1796,18045100
2018-02-01,96.1835,96.2227,94.7307,94.7856,18632800
2018-02-02,94.3537,94.4401,93.6391,93.9061,23944400
2018-02-05,93.5841,95.6652,93.1679,94.7935,28606200
2018-02-06,94.5657,94.9191,94.0160,94.2045,10935400
2018-02-07,94.3381,94.4951,93.1051,93.3093,16271100
2018-02-08,92.6732,93.5920,92.5475,93.2072,15155100
2018-02-09,92.7517,93.5213,92.5004,92.6182,15661600
2018-02-12,93.1051,93.6862,92.8146,93.0266,10944600
2018-02-13,93.1444,93.4585,92.9716,93.4428,8157600
2018-02-14,93.0266,93.0894,92.2491,92.4062,12043300
2018-02-15,92.8146,93.2936,92.6575,92.7203,8222400
2018-02-16,93.4820,93.6155,92.9323,93.2229,8454100
2018-02-20,92.8852,93.0658,92.4926,92.8145,8268800
2018-02-21,92.8538,92.8930,91.4952,91.6758,12054300
2018-02-22,92.0685,92.3984,91.8801,91.9507,9317900
2018-02-23,92.5711,92.9088,92.4454,92.7674,9072900
2018-02-26,93.1994,93.3800,92.6968,92.7989,8771600
2018-02-27,93.0737,93.1837,92.0842,92.6654,12525700
2018-02-28,93.0344,93.3172,92.8617,93.2543,9311600
2018-03-01,93.1906,94.1270,92.9703,93.8909,12287700
2018-03-02,93.5210,93.5840,92.9466,93.1276,10064300
2018-03-05,93.4424,93.4817,92.5610,92.8758,5658200
2018-03-06,93.1355,93.3873,92.9466,92.9624,5452000
2018-03-07,93.3007,93.3873,92.8207,92.8601,4461800
2018-03-08,93.0961,93.6312,93.0568,93.3951,7086700
2018-03-09,92.8443,93.0647,92.5296,92.7814,6570400
2018-03-12,93.0961,93.3715,93.0017,93.3164,5801300
2018-03-13,93.0961,93.9302,93.0017,93.7886,7455300
2018-03-14,93.9538,94.7407,93.9302,94.6148,10175000
2018-03-15,94.5597,94.8115,94.3709,94.6148,6757900
2018-03-16,94.2686,94.4338,94.0719,94.2765,6084300
2018-03-19,93.8044,94.4024,93.7965,93.9775,8491200
2018-03-20,93.5682,93.8122,93.5053,93.5997,5446000
2018-03-21,93.3715,93.9696,92.9388,93.7020,9742400
2018-03-22,94.6699,95.0712,94.1663,94.6306,12136600
2018-03-23,94.1742,94.6699,94.1269,94.5597,7250400
2018-03-26,94.4260,94.7801,94.1663,94.1978,8237900
2018-03-27,94.2922,95.3073,94.2764,95.2050,9168500
2018-03-28,95.5670,95.7165,95.1735,95.4568,7412500
2018-03-29,95.6378,96.2279,95.6142,95.9211,9694300
2018-04-02,95.6924,96.4888,95.5425,96.1103,12036500
2018-04-03,95.7002,95.7949,95.2823,95.3690,9855000
2018-04-04,95.6924,95.7791,95.1009,95.1719,6654300
2018-04-05,94.7066,94.8407,94.4464,94.4622,7603700
2018-04-06,95.1483,95.5347,94.8013,95.4952,8831200
2018-04-09,95.1325,95.6529,94.9038,95.6529,6307500
2018-04-10,95.5741,95.7160,95.2429,95.4795,6046000
2018-04-11,96.0866,96.1182,95.6293,95.8185,5901300
2018-04-12,95.4479,95.4715,94.9511,95.1167,6622800
2018-04-13,95.0378,95.5189,95.0221,95.3375,4964000
2018-04-16,94.8092,95.3927,94.7697,95.3690,4491300
2018-04-17,95.3533,95.8737,95.2744,95.6293,5590400
2018-04-18,95.6451,95.6845,94.8486,94.8644,8138400
2018-04-19,94.1704,94.2572,93.6894,94.0916,9875800
2018-04-20,93.7525,93.9418,93.3898,93.4134,7579400
2018-04-23,93.3109,93.5396,93.1137,93.4370,7073200
2018-04-24,93.2163,93.4055,92.8614,93.0112,8190800
2018-04-25,92.5854,92.7746,92.2148,92.3883,6603800
2018-04-26,92.8378,93.1532,92.7274,93.0349,6528600
2018-04-27,93.4213,93.7998,93.3976,93.7525,5401800
2018-04-30,93.9023,94.2808,93.7919,93.9181,8321100
2018-05-01,93.8644,93.9197,93.4376,93.5798,7979200
2018-05-02,93.7616,93.9434,93.4613,93.4771,4644000
2018-05-03,93.9197,94.2911,93.7933,93.8960,6345300
2018-05-04,94.2279,94.2279,93.6430,94.0382,4283500
2018-05-07,94.0224,94.0619,93.8406,93.8881,3647800
2018-05-08,93.6905,94.0461,93.4929,93.8011,6091200
2018-05-09,93.3506,93.5877,93.2400,93.2400,7832500
2018-05-10,93.6904,94.0303,93.5324,93.9908,7101500
2018-05-11,94.2990,94.3306,93.9039,94.2279,4273400
2018-05-14,93.8881,94.0382,93.7221,93.7300,4996200
2018-05-15,92.9081,92.9239,92.2284,92.6631,12901000
2018-05-16,92.7975,92.8844,92.2996,92.3075,6518000
2018-05-17,92.1731,92.3232,91.7463,91.8411,7330300
2018-05-18,92.0782,92.6947,92.0782,92.6314,9606500
2018-05-21,92.5683,92.7659,92.4260,92.6789,4448500
2018-05-22,92.6947,92.7421,92.3470,92.5366,4700700
2018-05-23,93.0582,93.3427,92.9871,93.2084,9634000
2018-05-24,93.8012,94.0936,93.7616,93.9513,8204100
2018-05-25,94.4887,94.7100,94.4176,94.5361,8482800
2018-05-29,95.4608,96.8280,95.1763,96.6067,21668100
2018-05-30,95.6267,96.0061,95.4212,95.9586,11616300
2018-05-31,96.0693,96.4013,95.5872,95.8006,10769900
2018-06-01,95.1914,95.6192,94.9379,95.2944,8718800
2018-06-04,95.1439,95.1677,94.5577,94.6053,7156500
2018-06-05,95.0251,95.1836,94.7558,94.8271,5635900
2018-06-06,94.3280,94.3439,93.8052,94.0587,7813300
2018-06-07,94.0191,95.4449,94.0112,94.9696,13238300
2018-06-08,94.7082,94.9379,94.6132,94.6845,6790600
2018-06-11,94.3201,94.5736,94.2171,94.5102,6844200
2018-06-12,94.2092,94.6290,94.1775,94.5340,6048200
2018-06-13,94.6211,94.7716,93.9716,94.4865,8834700
2018-06-14,94.8825,95.2944,94.6449,95.2707,10078800
2018-06-15,95.7143,95.9202,95.2944,95.3578,7992800
2018-06-18,95.4370,95.5004,95.0885,95.2707,4893700
2018-06-19,95.8252,96.0311,95.6113,95.8252,6133300
2018-06-20,95.6667,95.6826,94.9776,94.9855,6879100
2018-06-21,95.3419,95.6508,95.2310,95.4845,7235800
2018-06-22,95.1281,95.5479,95.1043,95.4766,4082500
2018-06-25,95.5796,95.9361,95.5637,95.6905,8363700
2018-06-26,95.6667,95.8727,95.5796,95.8252,5450000
2018-06-27,96.4430,96.7836,96.2846,96.7282,8173400
2018-06-28,96.7440,96.8391,96.5064,96.7519,7109500
2018-06-29,96.7757,97.0371,96.3638,96.4192,11164700
2018-07-02,96.6535,96.6614,96.2962,96.3438,9662000
2018-07-03,96.4867,96.8837,96.4867,96.8599,3808800
2018-07-05,96.9075,97.2806,96.8678,97.1377,3860400
2018-07-06,97.4553,97.5903,97.2410,97.4553,4679900
2018-07-09,96.9155,97.0266,96.7805,96.8281,5952700
2018-07-10,96.7567,96.9631,96.7090,96.8202,5759700
2018-07-11,97.2171,97.2965,96.9313,97.1933,6869100
2018-07-12,96.9949,97.2330,96.9710,97.1854,4824700
2018-07-13,97.3442,97.5506,97.2330,97.4315,4079000
2018-07-16,97.0266,97.0902,96.5741,97.0266,5517100
2018-07-17,97.0901,97.1695,96.7805,96.8440,3764300
2018-07-18,96.8757,96.8916,96.3755,96.4549,6330000
2018-07-19,96.7011,97.2171,96.6773,97.0663,6166700
2018-07-20,96.5264,96.5344,95.8278,95.8754,10469500
2018-07-23,95.5737,95.5737,94.6210,94.6924,11571800
2018-07-24,94.7004,95.1291,94.5892,95.0180,9053500
2018-07-25,95.2879,95.4785,94.6845,94.8671,7357900
2018-07-26,95.0418,95.1767,94.6051,94.6845,6821100
2018-07-27,95.1529,95.1688,94.7956,94.8433,4542000
2018-07-30,94.4701,94.8036,94.4543,94.5178,7111200
2018-07-31,95.1053,95.1609,94.9227,95.0339,6797400
2018-08-01,94.1243,94.5620,93.9493,94.2596,13312600
2018-08-02,94.3869,94.4824,94.1323,94.3949,4451100
2018-08-03,94.5540,94.9201,94.5381,94.8644,6162400
2018-08-06,95.1190,95.3577,94.9041,94.9201,4200200
2018-08-07,94.7132,94.7689,94.3471,94.4267,5346900
2018-08-08,94.4187,94.7131,94.3789,94.5222,5640900
2018-08-09,94.8723,95.3497,94.7848,95.3179,7144100
2018-08-10,95.7794,96.3205,95.7078,96.0102,8457900
2018-08-13,95.6839,96.0420,95.6521,95.8112,7923200
2018-08-14,95.9147,95.9306,95.5089,95.5964,4251200
2018-08-15,96.0101,96.3841,95.9385,96.1534,7649800
2018-08-16,96.1296,96.2251,95.7079,96.1455,5400400
2018-08-17,96.3523,96.5911,96.0818,96.2648,3537600
2018-08-20,96.7900,97.0048,96.7104,96.9093,5603700
2018-08-21,96.5751,96.7025,96.3364,96.5831,4695000
2018-08-22,97.0765,97.1162,96.7423,96.9651,5309600
2018-08-23,97.0764,97.1799,96.9014,97.1162,5328700
2018-08-24,96.7741,97.3390,96.6706,97.3072,6092200
2018-08-27,96.9013,96.9730,96.6945,96.7502,6407400
2018-08-28,96.2807,96.3523,96.0261,96.1693,4929300
2018-08-29,96.2330,96.4001,95.9783,96.2966,5613300
2018-08-30,96.5274,96.6468,96.3444,96.5035,5302900
2018-08-31,96.9889,97.0128,96.1932,96.2807,9677500
2018-09-04,95.6682,95.7799,95.5008,95.7241,18343600
2018-09-05,95.5087,95.6204,95.3413,95.4689,9422600
2018-09-06,95.5087,96.0191,95.4529,95.8198,9566000
2018-09-07,95.1658,95.2216,94.8947,95.0063,11212600
2018-09-10,95.0382,95.3811,95.0382,95.3572,6386400
2018-09-11,94.9664,95.0382,94.5836,94.6315,5440000
2018-09-12,94.9425,95.0382,94.8229,94.8548,3347200
2018-09-13,95.1738,95.3572,94.8867,94.9983,4833000
2018-09-14,94.4321,94.8308,94.3444,94.5437,5579500
2018-09-17,94.2487,94.7591,94.2008,94.5437,5433000
2018-09-18,94.1530,94.1610,93.4353,93.5549,10182300
2018-09-19,93.3953,93.3953,92.6616,92.9966,13379600
2018-09-20,92.9727,93.5469,92.8849,93.4272,8657300
2018-09-21,93.2040,93.5309,93.1800,93.3874,6173800
2018-09-24,93.1003,93.5230,93.0843,93.1481,5505500
2018-09-25,92.8929,93.1003,92.8291,93.0524,6650900
2018-09-26,93.2518,93.7702,93.0365,93.7064,9512700
2018-09-27,93.4990,93.8260,93.3874,93.7702,5758500
2018-09-28,93.9855,94.0334,93.4831,93.5230,12807700
2018-10-01,93.2440,93.3799,92.8124,92.8364,22442400
2018-10-02,93.2520,93.6196,93.1960,93.4038,8266900
2018-10-03,92.9323,93.0042,91.3098,91.7813,20829200
2018-10-04,91.2218,91.4296,90.8861,91.1339,16207400
2018-10-05,90.6303,90.8941,90.0149,90.3506,18096500
2018-10-08,90.3107,90.4066,90.0309,90.0469,5855900
2018-10-09,90.4305,90.9980,90.3746,90.9581,11530800
2018-10-10,90.4305,90.7822,90.1508,90.7103,15290100
2018-10-11,91.1179,92.0371,90.9501,91.8133,16086800
2018-10-12,91.4296,91.9252,91.3417,91.4936,6794100
2018-10-15,91.6454,91.7733,91.3497,91.4536,7146300
2018-10-16,91.4296,91.6934,91.2458,91.6614,4762300
2018-10-17,91.6454,91.7493,91.1019,91.1179,5880700
2018-10-18,90.8142,91.4296,90.7583,91.0860,5728800
2018-10-19,90.9980,91.0779,90.6463,90.8861,10892400
2018-10-22,91.0779,91.1819,90.7423,90.7662,3244200
2018-10-23,91.7254,91.9332,90.9900,91.0540,10330700
2018-10-24,91.4057,91.7733,91.3097,91.7413,16008000
2018-10-25,91.5495,91.7094,91.3017,91.3577,12613200
2018-10-26,91.8612,92.1730,91.7493,91.9092,18582500
2018-10-29,91.7893,91.9332,91.3258,91.7014,7679900
2018-10-30,91.3258,91.5496,91.1339,91.2458,9939500
2018-10-31,90.9101,91.0859,90.4864,90.7822,8706400
2018-11-01,90.4177,90.9865,90.4097,90.8664,6100200
2018-11-02,90.6741,90.7462,89.6565,89.7366,11314800
2018-11-05,90.1212,90.3055,90.0171,90.0892,4760200
2018-11-06,90.2174,90.3215,90.0010,90.0331,3159900
2018-11-07,90.6901,90.8583,90.0651,90.1533,9313100
2018-11-08,90.5058,90.5138,90.0651,90.1453,6905100
2018-11-09,90.3376,90.9385,90.3135,90.8183,6465300
2018-11-12,91.2990,91.5874,91.2669,91.4112,6840000
2018-11-13,91.1067,91.3551,90.9224,91.3551,6525800
2018-11-14,90.9224,91.7557,90.7782,91.4112,8690800
2018-11-15,91.6916,91.7717,91.0826,91.3711,7879600
2018-11-16,91.4993,91.9881,91.2750,91.8999,9236700
2018-11-19,91.6675,92.1563,91.6675,92.1563,7027200
2018-11-20,92.3326,92.5088,92.0842,92.1884,6332600
2018-11-21,92.0521,92.2124,91.7717,92.1563,4951100
2018-11-23,92.6771,92.7492,92.2124,92.2525,3027900
2018-11-26,92.0281,92.1884,91.9640,92.0441,6599000
2018-11-27,91.9881,92.3406,91.9480,92.1483,5967200
2018-11-28,92.0201,92.1563,91.6275,91.6996,7814000
2018-11-29,92.0762,92.3406,91.8118,92.0602,7295600
2018-11-30,92.3887,92.4768,92.1243,92.4047,9127800
2018-12-03,92.0971,93.0608,92.0811,93.0608,9763800
2018-12-04,93.8076,95.3014,93.6631,94.6188,18100500
2018-12-06,95.1969,95.7270,94.8677,94.9159,15319400
2018-12-07,94.6107,95.1889,94.3778,95.0926,8608400
2018-12-10,95.4620,95.7913,95.1167,95.4861,8777700
2018-12-11,95.5423,95.8716,95.2532,95.4700,8071900
2018-12-12,95.2291,95.3416,94.9561,95.0444,6182200
2018-12-13,95.1328,95.2292,94.7473,94.8196,5564200
2018-12-14,95.2050,95.3817,94.9400,95.1488,8169200
2018-12-17,95.2372,95.8074,95.2291,95.7030,9726800
2018-12-18,95.8495,96.4290,95.7448,96.2761,10018800
2018-12-19,96.6866,97.9344,96.5337,97.5480,23046300
2018-12-20,98.2161,98.2322,97.1374,97.1938,18543700
2018-12-21,97.5158,97.5721,96.9121,97.1777,9945100
2018-12-24,97.5077,97.7412,97.3306,97.6607,8377500
2018-12-26,97.3950,97.7170,96.5739,96.6142,11700400
2018-12-27,97.6124,97.7090,96.5820,96.6303,12146500
2018-12-28,96.9201,97.4433,96.8315,97.4433,9879100
2018-12-31,97.1213,97.8539,96.9684,97.8136,17409000
2019-01-02,97.9344,98.3369,97.6768,98.3288,19841500
2019-01-03,98.4415,99.7053,98.3932,99.4477,21187000
2019-01-04,98.4818,98.6588,97.9263,98.2966,12970200
2019-01-07,98.7072,98.7313,97.9022,98.0068,8498100
2019-01-08,97.9585,98.1597,97.7170,97.7492,7737100
2019-01-09,97.6124,97.7492,97.2421,97.5963,9349200
2019-01-10,97.6285,97.7331,96.8718,96.9684,8222900
2019-01-11,97.2662,97.6204,97.1455,97.3467,5786900
2019-01-14,97.3226,97.4111,96.7913,96.9845,6730500
2019-01-15,97.0489,97.0569,96.5578,96.6303,8997400
2019-01-16,96.2680,96.9120,96.2036,96.7269,6048400
2019-01-17,96.7752,97.0248,96.5096,96.7511,8153400
2019-01-18,96.4693,96.6947,96.1071,96.2439,14106400
2019-01-22,96.8476,97.1777,96.6544,96.8959,8881100
2019-01-23,96.5015,97.0971,96.4612,96.8557,5776800
2019-01-24,97.3306,97.6123,97.1696,97.4916,7121900
2019-01-25,97.0730,97.2018,96.8557,97.0247,6460800
2019-01-28,97.0328,97.3548,96.9281,96.9281,6435800
2019-01-29,97.0247,97.4353,96.9120,97.4192,5750100
2019-01-30,97.2743,97.3870,96.8637,97.3467,10571300
2019-01-31,97.8458,98.3529,97.8055,98.1839,11843400
2019-02-01,98.0105,98.0831,97.4941,97.5909,12024600
2019-02-04,97.1714,97.2601,96.8325,97.1552,8966200
2019-02-05,97.4053,97.8087,97.3488,97.5989,6983300
2019-02-06,97.9136,97.9540,97.4053,97.6474,5184000
2019-02-07,97.9943,98.3574,97.8088,98.2929,8781000
2019-02-08,98.6398,98.8092,98.4865,98.7124,5885400
2019-02-11,98.3170,98.5752,98.2283,98.3251,4352800
2019-02-12,98.1557,98.2283,97.7846,98.0750,7939600
2019-02-13,97.7442,97.9378,97.5506,97.7038,4757700
2019-02-14,98.5429,98.5913,98.0911,98.2606,5868900
2019-02-15,98.0750,98.4461,98.0588,98.4138,5527200
2019-02-19,98.7688,98.8657,98.3896,98.6640,5872800
2019-02-20,98.3896,98.4945,98.0992,98.3816,4455800
2019-02-21,97.6796,97.7523,97.3811,97.5022,7382500
2019-02-22,98.0024,98.3896,97.9620,98.0831,6374600
2019-02-25,97.7603,97.8652,97.5586,97.7926,6293500
2019-02-26,98.2122,98.2848,97.9136,98.2767,6028900
2019-02-27,97.7200,97.7281,97.0423,97.1633,7737300
2019-02-28,97.2682,97.3166,96.5824,96.8325,9533400
2019-03-01,96.4791,96.6408,95.9213,95.9374,13541100
2019-03-04,96.4468,96.8349,96.2609,96.6894,9808500
2019-03-05,96.4388,96.9158,96.4307,96.8915,5595200
2019-03-06,96.9562,97.4413,96.9319,97.2473,7766700
2019-03-07,97.5383,98.0396,97.5141,97.8779,8187200
2019-03-08,97.9264,98.3873,97.7081,98.2903,7517600
2019-03-11,98.1528,98.1690,97.8132,97.9992,5157800
2019-03-12,98.0719,98.8238,98.0396,98.6864,6422300
2019-03-13,98.3630,98.6056,98.3307,98.5005,4386300
2019-03-14,98.3873,98.4439,97.7647,97.7890,8188400
2019-03-15,98.4277,98.5975,98.1528,98.4358,4302000
2019-03-18,98.2902,98.5328,98.2498,98.3792,3893300
2019-03-19,97.9022,98.3307,97.7405,98.1609,5220200
2019-03-20,98.4277,99.3251,98.4196,99.1877,10123700
2019-03-21,99.4141,99.5192,99.2362,99.4060,7182600
2019-03-22,100.4247,101.2898,100.3034,100.9502,13077000
2019-03-25,100.9098,101.8234,100.6673,101.1119,9736300
2019-03-26,100.8209,101.2979,100.7562,101.0392,7502000
2019-03-27,101.4030,102.1468,101.3141,101.9690,14207200
2019-03-28,102.0741,102.4298,101.8800,102.3247,9143200
2019-03-29,101.6132,102.2519,101.5809,102.2277,10841400
2019-04-01,101.5211,101.5778,100.6298,100.7756,16501500
2019-04-02,100.8648,101.0754,100.6784,100.9620,9725000
2019-04-03,100.1598,100.3705,99.9654,100.0869,10407000
2019-04-04,100.1517,100.3867,100.0221,100.3705,7503400
2019-04-05,100.1679,100.6136,100.1355,100.5001,6321800
2019-04-08,100.3381,100.4353,100.0869,100.1436,4446400
2019-04-09,100.6541,100.7513,100.2894,100.4596,7020300
2019-04-10,100.6946,100.8972,100.5569,100.7027,7519900
2019-04-11,100.4191,100.4921,99.9978,100.1112,8679300
2019-04-12,99.5764,99.7142,99.3657,99.3982,7005500
2019-04-15,99.4873,99.6574,99.4387,99.6493,3070000
2019-04-16,99.2685,99.3657,98.9687,99.0254,8927300
2019-04-17,98.9606,99.3171,98.9444,99.0659,6118500
2019-04-18,99.5116,99.7466,99.4873,99.5845,27589400
2019-04-22,99.2361,99.3172,99.0498,99.1065,6241200
2019-04-23,99.3496,99.4225,99.1713,99.3171,6239700
2019-04-24,99.7546,100.1436,99.7384,100.1274,7302000
2019-04-25,100.0626,100.1679,99.7466,99.9816,5380900
2019-04-26,100.4597,100.4921,100.1842,100.3219,5950700
2019-04-29,99.8519,99.9491,99.5440,99.6817,10246000
2019-04-30,99.6250,100.2652,99.6088,100.1922,7957400
2019-05-01,100.4350,101.0521,100.3619,100.6055,14371900
2019-05-02,100.4269,100.5324,99.9072,100.1264,6612800
2019-05-03,100.4107,100.5893,100.1752,100.4107,6191700
2019-05-06,100.9384,100.9953,100.6299,100.6867,4482500
2019-05-07,101.1171,101.6124,101.0034,101.4581,8984900
2019-05-08,101.6205,101.7423,100.9303,101.0196,6907600
2019-05-09,101.5881,101.7423,100.9385,101.4338,9411900
2019-05-10,101.4094,101.8641,101.1658,101.2957,6037800
2019-05-13,101.8235,102.2539,101.7017,102.0915,10501600
2019-05-14,101.9129,102.0265,101.6611,101.7911,5690400
2019-05-15,102.4812,102.5299,102.1239,102.4162,9566300
2019-05-16,102.1564,102.1727,101.9291,102.0752,7666400
2019-05-17,102.5381,102.5543,102.0590,102.3026,4747100
2019-05-20,102.4082,102.6193,102.0265,102.0915,6043100
2019-05-21,101.9859,102.0834,101.7423,101.9291,4021800
2019-05-22,102.1240,102.5787,102.0834,102.5137,5675300
2019-05-23,103.0334,104.0078,103.0252,103.6667,9743700
2019-05-24,103.5774,103.7561,103.4394,103.7561,4981900
2019-05-28,104.1539,104.6655,104.0078,104.5031,8098600
2019-05-29,105.2907,105.4775,104.7467,104.8198,13260600
2019-05-30,105.0146,105.7454,104.6574,105.7211,13024800
2019-05-31,106.2895,107.1015,106.2164,107.0446,18933600
2019-06-03,107.3293,107.8745,107.0364,107.7606,17822400
2019-06-04,106.9063,107.2073,106.2228,106.5320,14250000
2019-06-05,106.1984,106.5483,105.8729,105.9299,8815200
2019-06-06,106.5646,107.0690,106.0357,106.2716,9621100
2019-06-07,107.2317,107.4596,106.9469,107.1910,11378500
2019-06-10,106.3286,106.3449,106.0357,106.1822,8288700
2019-06-11,106.1170,106.3937,106.0357,106.2472,5115100
2019-06-12,106.0927,106.3856,106.0194,106.3286,5278700
2019-06-13,106.4262,106.7924,106.4181,106.6947,5560400
2019-06-14,106.6703,107.1666,106.6622,106.9632,5838800
2019-06-17,106.9063,107.2074,106.6948,107.1504,6046400
2019-06-18,108.0047,108.1024,107.3619,107.6874,10320700
2019-06-19,107.2887,107.9885,107.0609,107.8420,11962500
2019-06-20,108.1430,108.6312,107.8827,108.1268,10721500
2019-06-21,107.8176,107.8338,106.8981,106.9388,14495000
2019-06-24,107.5328,107.8339,107.4677,107.7362,6378800
2019-06-25,108.0454,108.2895,107.9885,108.0698,9604600
2019-06-26,107.9559,107.9722,107.3050,107.3782,12766800
2019-06-27,107.6549,108.2895,107.3945,108.1349,9724200
2019-06-28,107.8746,108.2814,107.7688,108.0617,8149200
2019-07-01,108.0780,108.2247,107.2790,107.8090,14131200
2019-07-02,108.0780,108.7465,107.9883,108.6405,10494300
2019-07-03,108.8525,109.4802,108.8443,109.4150,5380300
2019-07-05,108.0535,108.0617,107.3443,107.9638,12180100
2019-07-08,108.4693,108.6079,108.1105,108.1105,6490000
2019-07-09,108.1676,108.1921,107.7437,108.0698,6215700
2019-07-10,107.8986,107.9720,107.2138,107.4747,9470000
2019-07-11,107.0507,107.1323,105.7871,106.0398,14126800
2019-07-12,105.9175,106.3496,105.7219,106.1621,6992000
2019-07-15,106.3496,106.8388,106.3496,106.7736,6055500
2019-07-16,106.1214,106.4719,105.9502,106.4556,6172700
2019-07-17,106.8469,107.6296,106.8388,107.6051,9662200
2019-07-18,107.1812,107.8742,106.9937,107.6133,5724900
2019-07-19,107.2790,107.5562,107.2138,107.3606,5804800
2019-07-22,107.9965,108.0128,107.4013,107.5644,5204100
2019-07-23,107.2872,107.4013,106.7736,106.9774,8108900
2019-07-24,107.2872,107.5318,107.1812,107.4421,6389700
2019-07-25,107.0018,107.1323,106.3985,106.9284,8893100
2019-07-26,107.3687,107.4339,107.0019,107.1812,6188400
2019-07-29,107.4665,107.5725,107.1241,107.2138,6231800
2019-07-30,107.6133,107.6948,107.1486,107.4747,5678500
2019-07-31,107.3687,108.6976,107.3361,108.3388,15798700
2019-08-01,108.9630,110.5967,108.8568,110.4905,26664800
2019-08-02,110.8172,111.5116,110.6048,111.5116,15143100
2019-08-05,112.8431,113.4558,112.4510,113.4394,18543000
2019-08-06,112.8922,114.3462,112.8023,114.3462,12747400
2019-08-07,116.3230,116.8622,114.1828,114.3870,32582000
2019-08-08,113.6600,114.7138,112.7124,114.6321,14746000
2019-08-09,114.9098,115.6286,114.2563,114.4033,10626000
2019-08-12,115.7676,117.1644,115.5960,116.7887,14094300
2019-08-13,117.4748,117.5565,115.9554,116.3883,15974900
2019-08-14,118.5776,119.0432,118.2100,119.0106,15068900
2019-08-15,119.2229,121.3876,118.9207,120.3339,23588700
2019-08-16,119.3128,119.6804,118.3162,119.3699,17150500
2019-08-19,117.2788,118.1692,117.2297,117.6627,13614700
2019-08-20,118.6756,118.9534,118.3162,118.8798,7451500
2019-08-21,118.2181,119.0922,117.8669,118.0874,9372000
2019-08-22,117.6300,118.2018,117.2052,117.3032,13878800
2019-08-23,117.2379,119.4843,117.1644,119.2311,16191800
2019-08-26,119.1576,119.5006,118.6838,118.7491,12174500
2019-08-27,119.7784,120.6688,119.6558,120.5789,11332300
2019-08-28,121.5347,121.6327,120.6198,120.7341,10095900
2019-08-29,120.2848,120.3583,119.3699,120.2766,8884900
2019-08-30,119.7620,120.4727,119.5578,120.3093,13550800
2019-09-03,120.3667,121.6596,119.9412,120.4649,15660800
2019-09-04,119.9083,120.8003,119.8674,120.6448,7962200
2019-09-05,119.1965,119.3110,117.7480,118.4600,19382900
2019-09-06,118.8691,119.4992,118.7218,119.3028,9466400
2019-09-09,117.6989,117.8380,117.1752,117.1834,15862700
2019-09-10,116.8888,117.2570,115.1048,115.1294,13851400
2019-09-11,114.8921,115.5058,114.8839,114.9248,10941700
2019-09-12,115.7922,116.0377,113.7955,114.1719,19163300
2019-09-13,113.1573,113.5091,111.7334,111.7334,18922200
2019-09-16,112.8300,113.3946,112.3144,113.1573,10971600
2019-09-17,113.2227,114.2374,112.9444,113.7709,9081200
2019-09-18,114.5074,115.1048,114.1801,114.2538,10984600
2019-09-19,115.1866,115.3749,114.5402,114.5975,13176200
2019-09-20,115.1949,116.1850,114.9248,116.1114,11519800
2019-09-23,116.3977,117.1506,115.9558,116.0868,15246700
2019-09-24,116.5451,117.7153,116.5369,117.4861,12421600
2019-09-25,117.2325,117.4698,115.4977,115.7677,14147100
2019-09-26,116.4223,117.0115,116.1196,116.5124,9636500
2019-09-27,116.4633,117.0034,116.3160,116.7988,10386900
2019-09-30,116.1031,117.0933,116.0704,117.0851,8006900
2019-10-01,115.7982,117.9705,115.6998,117.4377,16613700
2019-10-02,117.6016,118.2656,117.4213,117.7246,12891500
2019-10-03,118.0279,119.4133,117.9788,118.7985,13470500
2019-10-04,119.1509,119.7084,119.0280,119.6756,11516200
2019-10-07,118.9952,119.2985,118.6263,118.6837,11013900
2019-10-08,119.5362,119.6263,118.5525,119.0033,14529700
2019-10-09,118.5361,118.5443,117.8803,118.3312,8608800
2019-10-10,117.3229,117.3721,116.1834,116.5687,15054200
2019-10-11,115.5687,115.6670,114.5276,115.1260,26294000
2019-10-14,115.9786,116.0032,115.6507,115.9622,5936900
2019-10-15,115.3145,115.5440,114.3964,114.5603,11832300
2019-10-16,114.4702,114.8145,114.2324,114.6997,7729500
2019-10-17,114.3718,115.0767,114.1914,114.4209,6219300
2019-10-18,114.6095,114.9538,114.3144,114.4209,6456100
2019-10-21,113.5930,113.9373,113.3143,113.5602,8038000
2019-10-22,114.2570,114.3800,113.6504,114.2242,6683300
2019-10-23,114.7898,115.0194,114.2406,114.3390,5995400
2019-10-24,114.5029,114.9620,113.9701,114.1094,6161700
2019-10-25,114.3800,114.3964,113.3799,113.5521,5669800
2019-10-28,112.7815,112.7815,112.2978,112.5192,11402100
2019-10-29,112.8143,112.9127,112.4454,112.5929,5296600
2019-10-30,112.9373,114.3144,112.9373,114.2407,10914100
2019-10-31,115.1587,116.1424,115.1178,115.7818,15834100
2019-11-01,115.5650,116.0084,114.7931,115.4254,11425500
2019-11-04,114.1197,114.2593,113.7584,113.9062,11124300
2019-11-05,112.6826,112.8632,112.2802,112.6251,13493000
2019-11-06,113.3396,113.6599,112.7812,113.3067,9351900
2019-11-07,111.9682,111.9764,110.4079,111.2537,19209800
2019-11-08,110.9828,111.6397,110.6790,110.7857,10222900
2019-11-11,111.1717,111.1799,110.5640,110.8596,4577000
2019-11-12,111.0895,111.6397,110.6871,111.3687,5772900
2019-11-13,112.3459,112.4691,111.8204,112.0914,6672400
2019-11-14,113.1589,113.6845,113.0522,113.2493,10213300
2019-11-15,112.8961,113.4545,112.8551,113.1260,4657600
2019-11-18,113.4956,113.8241,113.2657,113.3314,5943900
2019-11-19,113.6270,114.3414,113.6270,114.2757,7893100
2019-11-20,114.8917,115.4583,114.7767,115.4583,7905500
2019-11-21,114.6699,115.0312,114.2429,114.7356,5980900
2019-11-22,115.0476,115.1955,114.7027,114.8834,4664800
2019-11-25,115.2118,115.4007,115.1133,115.2201,4157300
2019-11-26,115.7867,116.0412,115.7374,115.8934,4281100
2019-11-27,115.4582,115.7128,115.3104,115.5568,4095700
2019-11-29,115.4746,115.5239,114.7848,115.3104,6251100
2019-12-02,113.6331,114.0691,113.4768,113.7730,17702200
2019-12-03,115.1960,116.6191,115.1056,116.1585,13062400
2019-12-04,115.4429,115.5745,114.5133,114.9987,8586300
2019-12-05,114.0609,114.7025,114.0116,114.4393,7273800
2019-12-06,113.5426,114.4393,113.4028,113.8059,7931100
2019-12-09,114.3323,114.4311,113.9869,114.0527,4016900
2019-12-10,114.4886,114.6285,113.8552,114.0609,4947600
2019-12-11,114.5873,115.2783,114.5298,114.9575,6256700
2019-12-12,114.4969,114.5709,112.3746,113.0656,14857000
2019-12-13,113.6167,114.8423,112.8846,114.3735,11335100
2019-12-16,113.8470,113.8964,113.0491,113.3452,9156600
2019-12-17,113.6907,113.7976,112.8681,113.1889,6179700
2019-12-18,112.9422,113.0656,112.1031,112.2594,6244700
2019-12-19,112.0518,112.7603,111.8540,112.4390,6591100
2019-12-20,112.1589,112.6203,111.9941,112.5873,5455700
2019-12-23,112.7192,112.8510,112.0518,112.4226,5175000
2019-12-24,111.9859,112.9251,111.9612,112.7439,4667400
2019-12-26,112.8016,113.0570,112.4720,113.0158,5290200
2019-12-27,113.2382,113.3947,113.1146,113.1393,7300500
2019-12-30,111.9612,112.7933,111.7717,112.7274,7979700
2019-12-31,112.2248,112.4308,111.5410,111.6233,10707400
2020-01-02,112.7027,113.3124,112.6038,112.8839,11034100
2020-01-03,113.9221,114.6553,113.6007,114.6224,12366000
2020-01-06,115.0920,115.1085,113.8232,113.9715,11369800
2020-01-07,113.8809,114.0868,113.4030,113.4112,8381200
2020-01-08,113.6419,113.9550,112.3155,112.6615,10621700
2020-01-09,112.0518,113.2382,111.9777,113.0570,7411500
2020-01-10,113.4277,114.0868,113.3948,114.0621,8776000
2020-01-13,113.6008,113.7738,113.1971,113.7161,5966900
2020-01-14,113.8479,114.3752,113.8149,114.3010,13920300
2020-01-15,114.9520,115.1497,114.5400,115.0591,6290500
2020-01-16,114.7377,114.9602,114.3093,114.6966,6798600
2020-01-17,113.3536,113.8150,113.1723,113.7161,9693100
2020-01-21,114.3670,115.0590,114.3340,114.9107,6794900
2020-01-22,115.1167,115.4628,115.0096,115.3145,6317000
2020-01-23,116.0477,116.4844,115.9901,116.1219,9747400
2020-01-24,116.5174,117.4484,116.4185,117.0611,8585000
2020-01-27,118.6018,118.8819,118.2311,118.8819,10935200
2020-01-28,118.5854,118.7172,117.6708,117.9510,10612900
2020-01-29,118.1817,119.2198,118.1734,119.1045,9566800
2020-01-30,119.3846,120.0190,118.8820,119.1209,14711800
2020-01-31,119.6070,120.2826,119.5411,120.2085,14538100
2020-02-03,119.6242,120.2927,118.9392,120.1111,15309000
2020-02-04,118.8319,118.9557,118.0644,118.4935,11388300
2020-02-05,117.4372,117.7673,117.1071,117.1979,10782600
2020-02-06,117.3382,117.9159,117.1896,117.7261,6683100
2020-02-07,119.0218,119.4509,118.7329,119.1951,11374800
2020-02-10,119.7480,119.8717,119.4013,119.5251,6699300
2020-02-11,119.3271,119.4344,118.7906,118.9227,7784100
2020-02-12,118.3203,118.4688,118.0067,118.3203,5595500
2020-02-13,118.3780,119.0052,118.2377,118.7741,7883400
2020-02-14,119.4674,119.7315,119.2115,119.2941,7137400
2020-02-18,119.9461,120.5320,119.5995,120.1111,6909200
2020-02-19,119.7645,120.1771,119.6490,120.1029,5707700
2020-02-20,120.5568,121.2665,120.4908,121.0437,9332900
2020-02-21,121.9762,122.8675,121.8524,122.1743,13860300
2020-02-24,124.4768,124.5841,123.7918,123.9981,15929300
2020-02-25,123.9651,125.2443,123.9074,124.6584,20802900
2020-02-26,123.7506,125.2113,123.4452,123.9981,22589500
2020-02-27,126.0201,126.3337,124.4768,125.3434,30687900
2020-02-28,127.4643,128.7270,127.2250,128.1741,44935200
2020-03-02,128.3551,129.3469,127.0823,127.2310,28152400
2020-03-03,127.1236,131.9917,125.9252,129.2064,38608000
2020-03-04,129.2724,130.0493,127.4376,127.8343,23463700
2020-03-05,129.8676,131.2644,129.6031,131.0164,17786200
2020-03-06,138.2731,139.9509,135.6366,137.8351,76288300
2020-03-09,148.0257,148.5216,140.7856,141.5708,41552800
2020-03-10,140.2071,142.9263,133.9174,134.3142,37728300
2020-03-11,136.7275,138.0499,128.6278,129.3717,29519300
2020-03-12,135.1406,137.4962,128.6526,130.1734,24361800
2020-03-13,128.1071,130.7519,125.7847,127.2310,19812900
2020-03-16,132.5537,137.3226,130.4296,135.4712,30496700
2020-03-17,135.1324,136.8929,126.2145,126.4377,18570900
2020-03-18,126.3219,127.3963,114.8914,119.3049,47061000
2020-03-19,121.4539,126.8261,120.0489,122.5531,21175300
2020-03-20,126.7021,131.7685,125.7186,131.7685,20863100
2020-03-23,130.1734,137.7689,129.4048,137.1986,19971800
2020-03-24,133.2728,136.7441,132.5786,134.6448,11948600
2020-03-25,135.2068,137.7607,133.5786,134.3390,10750600
2020-03-26,135.5457,136.9342,134.1159,135.0002,10576200
2020-03-27,136.8019,139.0582,136.0332,138.6036,12550000
2020-03-30,139.0996,140.5955,137.1490,137.4631,13473200
2020-03-31,136.9507,137.9590,136.0085,136.3473,11464800
2020-04-01,139.4496,139.8469,137.7280,138.2577,11334700
2020-04-02,139.7393,140.0621,138.4398,139.1351,5771200
2020-04-03,139.5074,140.9807,139.1681,139.4660,6570800
2020-04-06,138.2245,139.2757,137.8355,139.1019,9434800
2020-04-07,136.5360,137.7444,135.5013,137.6451,13811400
2020-04-08,136.6602,137.5541,135.8490,136.6436,10147100
2020-04-09,135.9732,137.2230,135.5594,136.8920,14259100
2020-04-13,136.3622,137.1568,135.6421,135.6421,8750300
2020-04-14,135.6090,136.3539,135.3110,135.6090,9019100
2020-04-15,138.0590,139.5488,138.0093,139.2012,10027800
2020-04-16,140.0951,140.9725,139.8965,140.7821,8265400
2020-04-17,140.5586,141.4029,138.4480,138.8950,8612100
2020-04-20,139.4164,140.1199,139.0191,140.0123,6462600
2020-04-21,142.3050,142.4871,141.3532,141.7753,7850700
2020-04-22,140.6828,141.0304,139.6399,140.3268,6230200
2020-04-23,140.6000,141.4774,140.3848,141.0718,5968600
2020-04-24,140.3848,141.4029,140.3517,141.4029,6211800
2020-04-27,140.4262,140.5007,138.5887,138.7708,9039500
2020-04-28,139.5075,140.5835,139.4247,140.3683,9905400
2020-04-29,140.3185,140.9228,139.0191,139.6398,8619600
2020-04-30,139.6647,140.0703,137.9845,138.0093,11606100
2020-05-01,138.8182,139.3237,137.9397,139.1911,10209400
2020-05-04,138.8680,138.9674,137.9729,138.5365,8300900
2020-05-05,137.2187,137.7988,136.9701,137.6496,7831800
2020-05-06,135.2794,135.6192,134.3014,135.4286,14721500
2020-05-07,135.5528,137.8816,135.3705,137.6910,9164800
2020-05-08,136.3236,137.0777,135.6522,135.9009,8129800
2020-05-11,135.6358,136.0999,134.3429,134.8401,8713500
2020-05-12,135.2213,136.6882,135.1965,136.2241,10057300
2020-05-13,136.8209,137.8154,136.6054,137.1772,13305600
2020-05-14,138.6690,139.3569,138.4453,138.5198,10080000
2020-05-15,139.4812,139.6387,137.8485,138.1635,7225600
2020-05-18,136.6883,136.7960,134.6081,135.1302,10073100
2020-05-19,134.6909,135.6688,134.6577,135.6357,8639100
2020-05-20,135.2296,136.4976,134.9893,136.0418,10927300
2020-05-21,136.6303,137.0447,136.1579,136.3816,8920000
2020-05-22,136.5142,137.3098,136.4230,137.2021,4956700
2020-05-26,135.6772,135.7435,135.0722,135.3623,8098900
2020-05-27,134.9147,135.8429,134.7489,135.1136,8047400
2020-05-28,134.2269,134.7324,133.9782,134.6164,10272600
2020-05-29,134.8484,135.9921,134.5500,135.5777,14632700
2020-06-01,134.5156,134.7977,134.1587,134.6649,13341400
2020-06-02,134.1587,134.5072,133.8102,134.1753,11517100
2020-06-03,132.9223,133.0468,131.8933,132.3912,12255700
2020-06-04,131.8767,131.9514,130.4411,130.4743,14038600
2020-06-05,128.3001,129.5864,127.0969,129.5449,17778500
2020-06-08,128.6819,130.1590,128.6653,130.0428,10346700
2020-06-09,131.9845,132.4741,131.3621,131.5198,9095300
2020-06-10,132.1422,133.5198,131.9846,133.4700,13135500
2020-06-11,135.4698,136.2831,134.9554,135.9926,17086400
2020-06-12,134.7728,135.8101,134.4741,134.6815,9716100
2020-06-15,136.0010,136.2748,134.5488,134.7562,7759800
2020-06-16,132.2833,133.7936,131.6941,132.6899,13698900
2020-06-17,132.9969,133.4118,132.2252,133.2376,7113900
2020-06-18,134.4657,134.8308,134.1089,134.6483,7691400
2020-06-19,133.6027,134.8475,133.5281,134.7562,8565500
2020-06-22,135.4201,135.6110,134.4907,134.7728,9319700
2020-06-23,134.0011,134.4824,133.7024,133.8517,9088600
2020-06-24,134.0425,135.3371,134.0342,135.2873,11436500
2020-06-25,136.2665,136.3827,135.5943,135.6773,10968000
2020-06-26,136.2997,137.1876,136.2416,137.1295,12119300
2020-06-29,136.7976,137.1461,136.4076,136.6980,7274400
2020-06-30,137.1129,137.1627,135.6607,136.0342,14841700
2020-07-01,135.2631,135.8862,134.7148,135.7699,13181000
2020-07-02,135.1718,136.0358,134.7896,135.9112,7599800
2020-07-06,134.8643,135.4376,134.3825,135.3545,7972700
2020-07-07,135.7699,137.3651,135.5872,137.2571,12791900
2020-07-08,136.5177,137.0161,136.1106,136.7088,7253900
2020-07-09,136.8001,139.1180,136.7503,138.8854,13373100
2020-07-10,139.5334,139.7495,138.0463,138.1875,8478000
2020-07-13,137.4980,138.7110,137.2737,138.6445,8054000
2020-07-14,139.5168,139.6913,138.7276,138.8439,11344600
2020-07-15,137.8469,138.7027,137.7722,138.1959,7840300
2020-07-16,139.0765,139.3839,138.7774,138.8522,9107400
2020-07-17,138.9685,139.0765,138.3039,138.5614,8549900
2020-07-20,139.1679,139.2593,138.5781,138.9021,6907200
2020-07-21,138.9934,139.3424,138.8107,138.9851,8454400
2020-07-22,139.7910,139.9572,139.3175,139.4006,6592100
2020-07-23,140.3393,141.1369,139.9738,141.0289,10471800
2020-07-24,140.4141,141.1702,140.2978,141.0206,7520700
2020-07-27,141.4444,141.4859,140.3976,140.4973,6146400
2020-07-28,140.8544,141.5191,140.7631,141.4692,8520700
2020-07-29,141.2782,141.5606,140.3892,141.2283,6733700
2020-07-30,142.1090,142.2834,141.8597,142.1588,9376100
2020-07-31,141.3612,142.4496,141.1868,142.0674,8886000
2020-08-03,140.7616,141.3854,140.5370,141.3521,9066200
2020-08-04,142.0841,142.7079,141.9926,142.6996,9878900
2020-08-05,141.4437,141.8596,141.1360,141.4520,6954100
2020-08-06,142.5415,143.2651,141.9094,142.2421,9481800
2020-08-07,142.4583,142.6413,141.0444,141.2939,8176900
2020-08-10,141.5768,141.6017,140.6203,140.6619,6408500
2020-08-11,139.0399,139.3061,137.9670,138.9900,19234200
2020-08-12,137.8173,138.1251,137.2268,137.7258,11744800
2020-08-13,137.4929,137.7174,135.7130,136.2536,12744700
2020-08-14,136.2454,136.5281,135.7047,135.7214,6398100
2020-08-17,136.3784,136.7860,135.9293,136.0624,6901500
2020-08-18,136.7027,137.1269,136.4782,137.0354,8140600
2020-08-19,137.5429,137.7425,135.8212,136.1789,12497700
2020-08-20,137.5595,137.7757,137.1769,137.4098,10319900
2020-08-21,137.8756,138.3413,137.2434,138.2332,6836000
2020-08-24,138.3330,138.8736,137.9504,138.0086,6490600
2020-08-25,136.6945,137.3099,136.2620,136.9523,10518300
2020-08-26,136.4450,136.6779,135.8046,136.4284,8276600
2020-08-27,137.0355,137.0854,134.0413,134.1078,19860100
2020-08-28,134.5486,134.7815,133.6088,134.0080,8415400
2020-08-31,134.4072,135.7795,134.3739,134.8979,11388100
2020-09-01,134.6923,136.6157,134.2093,136.4409,10587000
2020-09-02,136.1494,137.8564,136.1328,137.7398,15167700
2020-09-03,138.0146,139.2553,137.7565,138.1312,16416600
2020-09-04,136.8989,137.1404,135.2669,135.5083,13780300
2020-09-08,136.8655,137.6066,136.3409,136.3409,13790400
2020-09-09,136.5075,136.7656,135.5249,135.9746,9558900
2020-09-10,135.2752,136.8490,134.8506,136.6658,8847700
2020-09-11,136.8155,137.0320,136.6240,136.9570,5458200
2020-09-14,137.2153,137.4567,136.7490,136.9488,4274900
2020-09-15,136.6990,136.9488,136.3826,136.6157,6928500
2020-09-16,137.2069,137.2985,135.7081,136.2077,8815200
2020-09-17,137.3068,137.3568,136.3909,136.6241,7813900
2020-09-18,136.6990,136.7573,136.0079,136.1994,7246300
2020-09-21,137.2985,137.7232,136.6740,136.8905,11086900
2020-09-22,136.9238,137.2902,136.4492,136.7823,10524100
2020-09-23,136.8072,136.9987,136.1244,136.9654,6224800
2020-09-24,137.3568,137.4900,137.0737,137.4900,8278100
2020-09-25,137.4817,137.7398,137.1486,137.4900,5140300
2020-09-28,137.2819,137.3068,136.8655,137.0987,4470100
2020-09-29,137.2236,137.5900,137.0237,137.2569,10297600
2020-09-30,136.5575,136.5575,135.3501,135.9413,12971000
2020-10-01,135.4570,136.4822,135.1152,136.1655,11523900
2020-10-02,136.3739,136.4239,135.1819,135.6570,8828800
2020-10-05,134.1567,134.1567,132.9647,133.0064,14726000
2020-10-06,132.8064,134.5401,132.2646,133.7233,22419400
2020-10-07,132.9981,133.7149,132.4146,132.7480,9429200
2020-10-08,133.3398,133.5732,133.0814,133.4648,8431500
2020-10-09,132.9647,133.5898,132.3729,133.4398,8441500
2020-10-12,133.7232,133.9316,133.4565,133.8650,3962000
2020-10-13,134.3734,134.8902,134.3484,134.8235,7914300
2020-10-14,135.3070,135.6570,135.0069,135.1319,6954800
2020-10-15,135.8987,136.0238,134.7318,134.8985,9458800
2020-10-16,134.7485,135.2986,134.2817,134.5234,8416300
2020-10-19,133.7815,134.1816,133.4064,134.0149,9286600
2020-10-20,133.2481,133.3731,132.4896,132.7397,11189000
2020-10-21,132.3563,132.8397,132.0062,132.2813,10453700
2020-10-22,131.9395,132.2229,130.8393,130.9059,12664900
2020-10-23,130.7059,131.8729,130.6559,131.7062,8783800
2020-10-26,132.7064,133.3815,132.5396,132.9314,7227300
2020-10-27,133.5565,133.9483,133.2814,133.8232,6062300
2020-10-28,134.5151,134.5818,133.5316,133.9483,11765800
2020-10-29,133.9733,134.0566,132.0895,132.6480,11932400
2020-10-30,132.5563,132.8230,131.3393,131.3393,13095400
2020-11-02,132.4232,132.8321,132.1145,132.3231,10810500
2020-11-03,131.7140,131.8225,131.0381,131.5555,16228700
2020-11-04,134.8765,135.3187,133.9586,134.4092,21570800
2020-11-05,134.8765,134.9600,133.9920,134.6429,18537500
2020-11-06,133.1909,133.4412,132.6235,133.0157,12408400
2020-11-09,130.1453,130.2954,129.0271,130.2204,23245000
2020-11-10,129.3025,130.0117,129.1523,129.4693,12561000
2020-11-11,129.3526,130.1202,129.3108,129.9366,5888200
2020-11-12,130.9547,132.1729,130.7628,132.1479,15999700
2020-11-13,132.1395,132.2563,131.7640,131.9726,7344600
2020-11-16,131.6139,132.0728,131.5137,131.6556,6310400
2020-11-17,132.4817,132.8072,132.3315,132.5151,7444600
2020-11-18,133.0407,133.1492,132.1312,132.8989,10333300
2020-11-19,133.4829,134.1087,133.3744,133.5830,10637200
2020-11-20,133.9503,134.7931,133.8335,134.7680,7246800
2020-11-23,134.1922,134.3341,133.7416,134.1505,11300000
2020-11-24,133.4997,133.5247,132.6819,132.8155,10891700
2020-11-25,132.8822,133.4329,132.3565,132.4065,9145800
2020-11-27,133.1826,133.7333,133.1576,133.6916,4708200
2020-11-30,133.5331,133.9503,133.3078,133.5247,13071600
2020-12-01,132.4330,132.5917,130.8710,131.5559,13662800
2020-12-02,131.0381,131.0799,129.8687,130.5119,12114300
2020-12-03,131.0882,131.8233,130.7875,131.5643,9626500
2020-12-04,130.0441,130.1276,129.2756,129.6348,12734500
2020-12-07,130.5954,131.0381,130.4534,130.8042,9316100
2020-12-08,131.6144,132.0320,131.3053,131.4223,7397200
2020-12-09,130.7625,131.4056,130.3114,130.9880,7750100
2020-12-10,131.3388,132.2158,130.9963,132.1490,10025100
2020-12-11,132.5165,133.1346,132.2409,132.6167,8135900
2020-12-14,131.5476,132.5499,131.2302,132.2492,7535900
2020-12-15,131.7899,132.2994,131.3973,131.8066,6847500
2020-12-16,130.7875,131.8817,130.6288,131.4557,9954200
2020-12-17,132.2199,132.4959,130.7985,131.1078,9422700
2020-12-18,131.3755,131.5930,130.5896,130.7150,6505000
2020-12-21,131.4424,131.5594,130.8153,131.2334,8988200
2020-12-22,131.7433,131.9691,131.3420,131.9106,7370800
2020-12-23,130.9574,131.0159,129.9875,130.9992,9266600
2020-12-24,131.1915,131.6347,131.1497,131.5176,3117100
2020-12-28,130.7568,131.6514,130.5226,131.5762,7791100
2020-12-29,130.7650,131.5176,130.7400,131.4089,9030900
2020-12-30,131.1247,131.7183,131.0076,131.6932,9097300
2020-12-31,131.6597,132.1781,131.6514,131.8855,7742100
2021-01-04,130.9992,132.2618,130.8905,131.7266,13152900
2021-01-05,131.2333,131.2333,130.1547,130.7483,10458100
2021-01-06,128.6162,128.6413,127.3369,128.0643,22827300
2021-01-07,126.9188,127.2365,126.4756,126.9355,14651900
2021-01-08,126.6596,127.0610,125.9740,126.5258,13622500
2021-01-11,126.2583,126.4339,125.8318,126.3168,8370700
2021-01-12,126.0826,126.3920,125.3635,126.2164,12186300
2021-01-13,126.8102,127.9891,126.7349,127.6379,12533300
2021-01-14,127.5794,127.6295,126.0826,126.4422,14835500
2021-01-15,127.2532,127.3954,126.6512,126.9439,11624700
2021-01-19,126.7767,127.3954,126.6847,127.3536,9575600
2021-01-20,127.0861,127.4958,126.9188,127.4791,5368900
2021-01-21,126.6262,126.8854,126.3419,126.5844,8162700
2021-01-22,126.9690,127.1027,126.6094,126.9941,9507200
2021-01-25,127.7299,128.5075,127.6296,128.4908,8712600
2021-01-26,128.0142,128.4323,127.8637,128.2483,7690300
2021-01-27,128.8252,129.1848,128.3737,128.5744,7895200
2021-01-28,128.2650,128.3152,127.2282,127.8637,10667800
2021-01-29,126.6094,127.5041,126.5091,127.0944,14965900
2021-02-01,126.9571,127.5431,126.8148,127.2417,8165500
2021-02-02,126.1870,126.4800,126.0028,126.4214,9177500
2021-02-03,125.9275,126.0614,125.2159,125.2996,9633100
2021-02-04,124.8643,125.1406,124.5629,124.9648,8262600
2021-02-05,124.8141,125.2076,123.9100,123.9184,10258900
2021-02-08,124.1444,124.9480,123.9267,124.4625,11574800
2021-02-09,124.9145,125.2912,124.4458,124.5546,5218300
2021-02-10,124.9647,125.3833,124.8475,125.3833,8079800
2021-02-11,125.2996,125.3917,124.5211,124.6969,11962700
2021-02-12,123.6421,123.9602,123.0812,123.1482,14088400
2021-02-16,121.5660,121.9344,121.0972,121.2730,17789100
2021-02-17,122.1772,122.5372,121.3652,122.0433,11199100
2021-02-18,121.0555,121.8842,120.8127,121.5494,10755300
2021-02-19,120.5950,120.8127,119.5821,119.9337,12741700
2021-02-22,119.7328,120.3272,118.6362,119.0213,13203900
2021-02-23,118.4688,119.2891,118.1506,118.6780,12658500
2021-02-24,116.6522,118.1841,116.4932,117.8995,17363100
2021-02-25,116.7945,117.1294,114.3585,115.9742,52621700
2021-02-26,117.8409,119.9588,116.9285,119.8081,45423300
2021-03-01,117.8905,118.5191,117.4128,118.2258,22048000
2021-03-02,117.6726,118.2844,117.5804,118.2341,12482200
2021-03-03,116.8177,117.4630,116.2980,116.9518,19763700
2021-03-04,117.0272,117.2871,115.6276,116.1975,22366600
2021-03-05,115.8036,116.7842,115.6527,116.4238,20598000
2021-03-08,116.3567,116.4154,115.5186,115.5186,15236600
2021-03-09,116.7255,117.1865,116.4741,117.1195,14463400
2021-03-10,117.1697,117.4630,116.7339,117.3541,12387600
2021-03-11,116.6417,116.8177,116.0466,116.5076,14150700
2021-03-12,114.3201,114.3704,113.6915,114.0351,20402700
2021-03-15,114.3955,114.8984,114.3284,114.7056,11366500
2021-03-16,114.8397,114.9235,113.7753,114.2446,15567900
2021-03-17,113.2724,113.5909,112.4343,113.3897,27107500
2021-03-18,111.7303,112.7025,111.6297,112.2415,21615100
2021-03-19,112.3757,113.0043,112.1410,112.9372,18685000
2021-03-22,113.7250,114.3284,113.4568,114.2027,17047500
2021-03-23,114.4793,115.2756,114.1106,115.2337,16768400
2021-03-24,114.8732,115.8957,114.7810,115.8538,13863000
2021-03-25,115.9880,116.2143,114.8984,114.9403,20782000
2021-03-26,114.3369,115.0241,114.1692,114.5380,8433300
2021-03-29,114.6805,114.6972,113.1216,113.5658,13968100
2021-03-30,113.3982,114.4123,113.1551,114.1609,15020800
2021-03-31,114.2698,114.4793,113.1300,113.5239,19271300
2021-04-01,114.6023,115.5003,114.3925,115.4080,14885900
2021-04-05,114.6023,114.9548,114.0904,114.9045,8243000
2021-04-06,115.1143,115.8025,114.9884,115.6850,9282400
2021-04-07,115.3576,115.9032,114.8792,114.8792,11052700
2021-04-08,115.3073,115.8780,115.2822,115.8277,7847900
2021-04-09,115.3996,115.9787,115.0555,115.4080,8717800
2021-04-12,115.3661,115.4248,115.0640,115.3577,7659000
2021-04-13,115.2318,116.2473,115.1479,116.2222,13232800
2021-04-14,115.8445,116.0207,115.4584,115.8529,7293200
2021-04-15,117.0698,118.3203,117.0446,117.7916,23896700
2021-04-16,116.7425,117.2712,116.5998,116.8768,15238400
2021-04-19,116.4403,116.9187,116.2809,116.5411,13886800
2021-04-20,116.1969,117.2964,116.1802,117.0782,11476500
2021-04-21,117.1118,117.4223,116.7173,117.3132,11902200
2021-04-22,117.4978,117.8251,116.8264,117.8251,14156400
2021-04-23,117.8167,117.8923,117.0698,117.5482,12302200
2021-04-26,117.6237,117.9258,117.3719,117.3803,9103500
2021-04-27,117.1537,117.3468,116.2641,116.3564,14137300
2021-04-28,116.3648,116.5662,115.7857,116.4319,15263700
2021-04-29,115.3577,116.1214,115.0891,116.0879,17178200
2021-04-30,116.2473,116.4319,115.8025,116.3564,15692000
2021-05-03,116.5775,117.3760,116.2245,116.4262,16447700
2021-05-04,117.2415,117.8046,116.9641,117.2162,18639700
2021-05-05,116.8549,117.5441,116.7624,117.4096,11127900
2021-05-06,117.0397,117.8298,116.9977,117.6029,21907600
2021-05-07,117.7542,118.1744,116.7540,117.0229,18346900
2021-05-10,116.7876,117.0397,115.7286,115.8378,15146200
2021-05-11,115.3419,115.5521,114.9553,115.1822,15158600
2021-05-12,114.8712,114.9805,113.7702,113.9719,20859400
2021-05-13,114.2493,114.6191,113.9971,114.1484,13073900
2021-05-14,114.7536,115.2158,114.4930,115.2158,17566700
2021-05-17,115.0057,115.2915,114.7872,114.9721,6113800
2021-05-18,114.6443,114.7872,114.3670,114.6779,11423100
2021-05-19,114.7620,115.4008,113.9887,114.4006,14296000
2021-05-20,114.9469,115.5605,114.8712,115.3419,13310500
2021-05-21,115.7034,115.7370,115.1991,115.7118,10171600
2021-05-24,115.9807,116.4766,115.8967,116.1404,6868700
2021-05-25,116.5186,117.2499,116.5102,117.2162,12346900
2021-05-26,117.3255,117.5945,116.7288,117.0145,9793700
2021-05-27,116.4093,116.5690,115.9807,116.5438,10695200
2021-05-28,116.4766,117.0818,116.2749,116.3589,10258000
2021-06-01,116.0046,116.3750,115.5248,116.3329,11778500
2021-06-02,116.6190,116.8210,116.4254,116.6022,7347900
2021-06-03,116.5853,116.5853,116.0298,116.1645,10994000
2021-06-04,116.5938,117.7554,116.5938,117.7554,15773700
2021-06-07,117.4944,117.5954,117.2671,117.3934,7799800
2021-06-08,118.3951,118.3951,118.0163,118.2183,11230900
2021-06-09,119.3209,119.6492,118.8916,119.2620,12768300
2021-06-10,118.5381,119.9943,118.4119,119.9774,19698300
2021-06-11,119.7838,119.8596,119.3882,119.7838,8646700
2021-06-14,119.6071,119.6071,118.6896,118.8664,9401300
2021-06-15,118.5129,118.7569,118.2435,118.7233,18207300
2021-06-16,119.0179,119.2452,118.0163,118.6223,19676300
2021-06-17,119.4051,121.9891,119.2199,120.3983,35225800
2021-06-18,121.4421,122.9235,121.3074,122.6625,26616900
2021-06-21,121.5346,121.6188,120.3815,120.6087,16485000
2021-06-22,119.6661,120.9370,119.6240,120.9034,14530200
2021-06-23,120.4572,120.7855,120.1205,120.5919,12040900
2021-06-24,120.7182,121.1222,120.6424,120.7855,8788400
2021-06-25,120.5835,120.7013,118.9927,119.5314,15562200
2021-06-28,120.1289,121.0380,120.1121,120.7602,11460700
2021-06-29,120.4488,120.9707,120.3983,120.9623,11217900
2021-06-30,121.4168,121.9891,121.2653,121.5009,15708900
2021-07-01,121.3476,121.6257,120.9683,121.5077,10810000
2021-07-02,121.5583,122.2410,121.4572,122.2410,9650200
2021-07-06,122.8140,123.8844,122.8140,123.6737,20037200
2021-07-07,124.3732,125.2076,124.0782,124.7693,20964400
2021-07-08,125.4773,125.9493,124.8789,125.2582,17487800
2021-07-09,123.7833,123.8844,123.4630,123.4967,14483600
2021-07-12,123.9687,124.0867,123.1933,123.3366,10610400
2021-07-13,123.7412,124.2806,121.9039,122.3927,23340200
2021-07-14,123.0584,123.8254,122.8899,123.7832,16038600
2021-07-15,124.6935,125.2413,123.9181,125.1486,18462400
2021-07-16,124.1794,125.0222,124.1625,124.9126,12787900
2021-07-19,127.2219,128.0647,126.9438,127.6517,40203900
2021-07-20,128.5536,128.7053,126.2190,126.4213,25674800
2021-07-21,124.8873,125.1570,123.6147,124.8199,19988900
2021-07-22,124.8283,126.2611,124.7862,125.9998,18136900
2021-07-23,124.6850,125.2918,124.6429,125.1570,12639300
2021-07-26,125.5784,125.6290,124.6345,124.7862,10737700
2021-07-27,125.8566,126.1600,125.5700,126.1178,13036500
2021-07-28,125.3003,126.1431,124.9632,126.1263,14346700
2021-07-29,125.3931,125.7639,125.1824,125.4268,11532000
2021-07-30,125.6880,126.1853,125.6290,126.0167,14342100
2021-08-02,126.1112,127.6132,125.8833,127.1406,21232700
2021-08-03,127.2082,127.6133,126.9045,127.2082,13361900
2021-08-04,127.8410,128.1110,126.3390,127.4697,18267900
2021-08-05,127.2167,127.3517,126.5754,126.8201,15345400
2021-08-06,125.1577,125.5290,124.6261,124.7020,21144300
2021-08-09,125.0142,125.3602,124.2379,124.2548,12942400
2021-08-10,124.4573,124.5248,123.6725,123.6810,13716900
2021-08-11,123.5460,124.2379,122.9553,123.6050,17227600
2021-08-12,123.2760,123.5713,122.7191,123.4026,14709400
2021-08-13,123.9004,125.3602,123.8835,125.3518,18653800
2021-08-16,125.8918,126.5922,125.5711,125.6555,19170900
2021-08-17,125.6302,126.1281,125.4530,125.6049,14126900
2021-08-18,125.4868,126.1281,125.2674,126.0268,13144000
2021-08-19,126.8369,126.9635,126.4150,126.9550,15474300
2021-08-20,127.0732,127.2589,126.6682,127.0395,12388400
2021-08-23,126.7441,126.9972,126.5078,126.9550,10615000
2021-08-24,126.3728,126.6344,125.9678,125.9678,13835900
2021-08-25,125.9087,126.0437,124.5332,124.9214,16743800
2021-08-26,124.8624,125.3687,124.4742,125.2674,16657400
2021-08-27,125.3686,126.1449,125.1661,126.1196,15384700
2021-08-30,125.7231,126.4909,125.6724,126.4488,10596300
2021-08-31,126.2969,126.6513,125.3096,125.5881,15262400
2021-09-01,126.1195,126.2209,125.4605,125.7984,10807100
2021-09-02,126.0941,126.3561,125.6801,126.3476,9765900
2021-09-03,125.2746,125.4773,124.9957,125.1985,12928000
2021-09-07,124.4212,124.6409,123.9143,124.1424,15547800
2021-09-08,124.7592,125.2070,124.5311,124.9873,14533700
2021-09-09,125.1900,126.6433,124.9197,126.4996,20324600
2021-09-10,125.8069,126.0350,125.1817,125.3845,14894600
2021-09-13,125.9252,126.3054,125.8491,126.1448,15036100
2021-09-14,126.5082,128.0628,126.3814,127.6741,19918400
2021-09-15,127.7586,127.7924,126.6771,127.2263,11940300
2021-09-16,126.4574,127.1165,126.3138,126.6433,13328900
2021-09-17,126.0435,126.1955,125.6379,126.0350,13782900
2021-09-20,127.2179,127.8938,126.9306,127.5981,14660400
2021-09-21,127.3361,127.5474,126.9052,127.4882,10035800
2021-09-22,127.4038,128.2487,127.1081,128.2487,22277800
2021-09-23,127.0911,127.1164,125.3337,125.3506,23853300
2021-09-24,124.9113,124.9197,123.9819,124.1255,20203900
2021-09-27,123.4073,124.0917,123.2553,123.6693,13464300
2021-09-28,121.9456,122.5709,121.3627,121.7429,26613500
2021-09-29,122.3427,122.8750,121.4049,121.9541,23569400
2021-09-30,121.7513,122.0977,121.3711,121.9372,22567600
2021-10-01,122.5404,123.0057,121.9905,122.9634,26151800
2021-10-04,122.3881,123.0564,121.9059,122.6504,28027600
2021-10-05,122.3289,122.4135,121.3645,121.4660,22659200
2021-10-06,122.0159,122.4304,121.8467,122.1512,18696500
2021-10-07,121.1361,121.2629,120.6285,120.8738,14856000
2021-10-08,120.3493,120.4254,119.7317,120.0278,17257800
2021-10-11,119.7909,120.0447,119.6640,119.7232,7213400
2021-10-12,120.6623,121.8298,120.5354,121.7706,17968700
2021-10-13,122.3374,123.1157,122.3120,122.9549,23584600
2021-10-14,122.9803,123.4794,122.6249,123.4117,12946400
2021-10-15,122.6673,122.7857,122.2189,122.6927,11811500
2021-10-18,122.6673,123.5133,122.2612,123.2679,12115900
2021-10-19,122.3797,122.4389,121.5252,121.5675,12156300
2021-10-20,121.1868,121.5506,120.5608,120.7469,12782500
2021-10-21,120.9753,121.1022,120.3239,120.6031,13660000
2021-10-22,121.3560,122.1597,121.1530,121.9313,13740000
2021-10-25,121.5421,122.0751,121.5083,121.7451,8137900
2021-10-26,122.3458,122.7519,121.6014,122.7519,13671000
2021-10-27,123.8516,125.3575,123.4540,124.9852,22092300
2021-10-28,125.0276,125.4844,124.2239,124.5623,17497600
2021-10-29,123.9109,125.2053,123.7840,124.9430,19087300
2021-11-01,123.5013,124.3144,123.4165,124.0434,18035500
2021-11-02,124.0942,125.0006,124.0942,124.5940,9836700
2021-11-03,125.2123,125.3479,123.2726,123.3064,20639400
2021-11-04,123.5605,124.8227,123.5436,124.6024,15922400
2021-11-05,125.8053,126.7032,125.4749,126.4660,21513000
2021-11-08,126.1780,126.4491,125.7968,126.2288,12083800
2021-11-09,127.7365,128.5582,127.6010,127.8721,23430200
2021-11-10,127.7620,127.8467,124.5431,125.5342,28170600
2021-11-11,125.7968,125.9239,125.2716,125.3478,5552500
2021-11-12,125.3648,125.7968,124.3144,124.7972,12712000
2021-11-15,124.4246,124.4839,123.0100,123.2302,15232700
2021-11-16,123.4081,123.9926,122.6966,122.9168,12998700
2021-11-17,122.4594,123.9163,122.3662,123.8909,14239900
2021-11-18,123.6622,124.4331,123.6283,124.3568,11054600
2021-11-19,125.0090,125.8730,125.0090,125.6697,14022100
2021-11-22,124.8566,125.0599,123.7809,124.1959,15266000
2021-11-23,123.6114,123.7639,122.4001,122.4001,15318500
2021-11-24,122.7728,124.3653,122.6457,124.3653,13769700
2021-11-26,126.0679,127.6349,125.9323,127.5079,20064800
2021-11-29,125.6274,126.7540,125.5088,126.4829,23234200
2021-11-30,127.7620,128.8123,127.2707,128.4057,31481100
2021-12-01,127.6289,129.2572,127.0352,129.1978,30826500
2021-12-02,129.6982,129.7491,127.8579,129.3590,17754200
2021-12-03,128.6381,131.5555,128.3582,130.9025,34427100
2021-12-06,130.6481,130.9026,128.8502,129.1046,30924200
2021-12-07,128.6721,129.3590,127.9427,128.0614,22115900
2021-12-08,127.6120,127.6205,125.8226,125.8480,33633900
2021-12-09,126.6536,127.0776,125.9242,126.5518,17544900
2021-12-10,127.1455,127.4169,126.2041,126.2465,14298700
2021-12-13,127.5441,128.3244,127.4763,128.1124,17860500
2021-12-14,127.5271,128.0020,126.6281,127.8070,14015500
2021-12-15,126.8826,127.8834,126.4756,126.5773,25383900
2021-12-16,126.2954,127.2549,126.2784,126.6266,18677900
2021-12-17,127.6454,128.1888,127.4925,128.0614,18093500
2021-12-20,127.9935,128.2227,127.0171,127.1020,17147300
2021-12-21,125.7774,126.6774,125.3359,126.6180,16598200
2021-12-22,127.1274,127.2378,126.5246,127.2039,12253900
2021-12-23,127.0086,127.0171,125.6841,126.1001,11642500
2021-12-27,126.0491,126.5161,125.9303,126.4057,7821800
2021-12-28,127.0170,127.1699,125.6670,125.9048,9174600
2021-12-29,124.7331,125.0727,124.3086,124.5294,11771200
2021-12-30,125.0218,125.6331,124.3426,125.5737,10355000
2021-12-31,125.4973,126.5331,125.1746,125.8199,13402300
2022-01-03,124.3086,124.7586,122.5002,122.5171,33860400
2022-01-04,121.9313,122.3728,121.1926,122.0077,21996400
2022-01-05,122.3813,122.3983,121.1672,121.3455,20911700
2022-01-06,121.0652,121.7869,120.8105,121.6596,18996400
2022-01-07,121.5238,121.6172,120.1908,120.7851,18756800
2022-01-10,120.2671,121.2520,120.0209,121.0822,13775800
2022-01-11,121.3115,121.9483,121.1587,121.8888,24388700
2022-01-12,122.1775,122.2709,121.4134,121.4219,14440600
2022-01-13,121.7445,122.6190,121.4388,122.5001,15166000
2022-01-14,121.7699,121.8039,120.3860,120.6492,22997500
2022-01-18,119.6813,119.9785,118.8832,118.9511,21171700
2022-01-19,119.3162,120.3181,119.1294,119.7747,17930500
2022-01-20,120.0294,120.5558,119.7917,120.5134,13959000
2022-01-21,121.7530,122.3473,121.1332,121.9483,28916600
2022-01-24,122.5170,122.5765,120.9293,120.9463,25001600
2022-01-25,121.5067,122.0162,120.3945,120.7511,15599000
2022-01-26,120.7851,121.0483,119.2823,119.2908,23655500
2022-01-27,120.9124,121.7275,120.8445,121.4813,21501800
2022-01-28,120.6407,121.8039,120.4370,121.5237,12826500
2022-01-31,120.7171,121.3709,120.5304,120.8954,13998400
2022-02-01,120.9703,121.0383,119.9330,120.4941,20806100
2022-02-02,120.6897,122.0671,120.6727,120.9023,18404600
2022-02-03,119.4059,120.2901,119.1848,119.9585,17234100
2022-02-04,118.9043,119.1508,117.9945,118.1901,23609800
2022-02-07,118.1050,118.4451,117.7989,118.2665,12962400
2022-02-08,117.5098,117.8244,117.1783,117.4758,16269200
2022-02-09,117.9435,118.4961,117.4929,117.6969,14349100
2022-02-10,117.0422,117.1868,115.4948,115.8264,30896200
2022-02-11,116.3705,117.7649,115.0867,117.5439,43210300
2022-02-14,116.5916,117.1102,115.6053,116.0815,23157400
2022-02-15,115.2908,115.4948,114.7296,114.7636,18198500
2022-02-16,115.5883,115.6904,114.3640,115.4438,16473700
2022-02-17,116.0135,116.9657,115.5458,116.3025,24508200
2022-02-18,116.9232,117.6459,116.6171,117.5268,17522600
2022-02-22,117.0678,117.9010,116.8807,117.8330,19534000
2022-02-23,117.0592,117.2038,116.1155,116.2090,17757800
2022-02-24,118.2665,118.4961,115.8434,116.2855,28150400
2022-02-25,116.3621,116.7447,115.7839,116.3706,15025400
2022-02-28,117.6969,119.0658,117.6034,118.9213,25817700
2022-03-01,119.4959,121.1731,119.1894,120.2962,35664400
2022-03-02,119.0532,119.5470,116.1330,116.1841,30397400
2022-03-03,117.0525,118.0826,116.6523,117.3675,20649100
2022-03-04,119.4959,119.8875,118.6020,119.3937,25853100
2022-03-07,118.4402,119.7343,118.1422,118.4828,23710900
2022-03-08,117.0695,117.6995,116.8482,117.2909,28331300
2022-03-09,116.6950,116.9248,115.8947,116.1416,18819200
2022-03-10,114.7879,115.0774,113.8429,114.4729,26868900
2022-03-11,114.3622,115.3157,114.2601,114.8560,15583800
2022-03-14,112.9745,113.1363,112.1402,112.1743,24385000
2022-03-15,113.1107,113.3576,111.6890,111.9784,17518800
2022-03-16,112.2339,113.3406,110.9483,113.0767,25857700
2022-03-17,113.0767,113.5194,111.5868,112.2338,19330600
2022-03-18,112.8639,113.6897,112.8639,113.6046,55891700
2022-03-21,111.7656,112.0976,110.4630,110.9739,26122000
2022-03-22,109.7905,110.1140,109.2627,109.5521,21830900
2022-03-23,110.1395,112.0381,109.7054,111.9529,21266100
2022-03-24,110.3779,111.6804,110.3353,111.0760,17141600
2022-03-25,110.2502,110.2672,108.6752,109.5351,25684500
2022-03-28,110.1566,111.1527,109.8586,110.4716,17657800
2022-03-29,111.1526,111.9955,110.4545,111.3059,19319700
2022-03-30,110.7355,112.3871,110.6674,112.1743,16310200
2022-03-31,112.3615,112.9490,112.0891,112.4467,19901000
2022-04-01,110.8539,113.3693,110.5981,112.8747,23489700
2022-04-04,112.4911,112.5337,111.4508,112.0903,13609900
2022-04-05,111.4934,111.5105,109.3874,109.5579,25196900
2022-04-06,107.8014,109.3959,107.7758,108.6711,22952000
2022-04-07,107.5286,108.0060,106.9317,107.8526,23458800
2022-04-08,106.9658,107.2898,105.9512,106.6845,26859200
2022-04-11,105.6613,105.8915,104.5017,104.9962,30020700
2022-04-12,105.7721,105.8659,104.5954,104.8512,23124200
2022-04-13,104.9194,105.9853,104.7830,105.0644,17189500
2022-04-14,104.7574,104.8171,102.6428,102.9583,34274500
2022-04-18,103.0606,103.2397,102.0545,102.4467,18784300
2022-04-19,101.5941,102.0801,101.1848,101.6794,26012300
2022-04-20,102.5064,103.9986,102.2506,103.7257,31423200
2022-04-21,103.0265,103.0947,101.6111,102.9583,23323200
2022-04-22,102.3785,103.5466,102.1568,102.3103,19773400
2022-04-25,103.4955,104.1862,103.2824,103.3335,25418900
2022-04-26,104.3993,104.9024,103.8195,104.3737,26931300
2022-04-27,104.1862,104.2970,102.9754,103.0351,14560500
2022-04-28,102.6514,103.2312,102.3274,103.1886,16892500
2022-04-29,101.7305,103.1459,101.5600,101.8499,26153400
2022-05-02,100.6652,101.0154,99.8709,100.0844,29233900
2022-05-03,101.6731,101.9037,100.6908,100.7592,21256700
2022-05-04,100.7592,101.6133,100.2296,101.3143,25575700
2022-05-05,99.3755,99.4780,97.3854,98.5385,48384500
2022-05-06,97.4879,98.2566,96.7790,97.0865,32790500
2022-05-09,96.3947,97.9748,96.1897,97.9406,26773000
2022-05-10,98.9826,99.8965,98.6325,98.8289,33640800
2022-05-11,98.0004,100.7335,97.7442,100.7335,34173600
2022-05-12,100.8019,101.5449,100.4944,100.5456,26405700
2022-05-13,99.9136,100.0588,98.9912,99.0595,20782700
2022-05-16,99.2560,99.8795,98.9485,98.9570,11050600
2022-05-17,97.9748,98.5214,97.6758,97.7612,15040800
2022-05-18,97.9833,99.9307,97.8894,99.8453,21337300
2022-05-19,101.3314,101.3997,99.8026,100.0844,21937500
2022-05-20,100.0076,101.6560,99.9819,101.2204,22780900
2022-05-23,100.5371,100.9983,99.5378,99.5549,15925200
2022-05-24,100.6994,102.1855,100.6652,101.5193,23388200
2022-05-25,102.1599,102.1685,101.2887,101.9208,14410800
2022-05-26,101.6560,101.7158,100.6140,101.4595,14912900
2022-05-27,101.9463,102.2709,101.4168,101.7072,11190400
2022-05-31,100.0844,100.1271,99.0168,99.5549,28393700
2022-06-01,100.1341,100.3994,98.9876,99.4411,15544800
2022-06-02,99.7919,99.8603,98.7908,99.4924,9832000
2022-06-03,98.4742,99.3042,98.2860,99.2785,15330400
2022-06-06,98.5255,98.8336,97.3790,97.4475,20815400
2022-06-07,98.0635,99.0646,98.0379,98.4999,14278700
2022-06-08,98.1234,98.5084,97.6100,97.6271,11476100
2022-06-09,97.4047,98.1491,97.2678,97.9523,15527300
2022-06-10,97.8496,98.0635,96.6603,97.3448,21917100
2022-06-13,95.3940,95.5480,93.4688,94.2902,36968300
2022-06-14,94.5726,94.9576,92.9127,93.1009,21865900
2022-06-15,94.1961,94.9662,93.2891,94.8378,25202800
2022-06-16,92.7928,95.5907,92.5105,95.5907,26067300
2022-06-17,95.8389,96.5405,94.9405,95.8988,21614300
2022-06-21,94.1961,94.9918,93.9565,94.2731,17663800
2022-06-22,96.4207,96.9512,96.1555,96.8657,23703800
2022-06-23,97.4560,98.5427,97.1052,97.6614,20669200
2022-06-24,97.0795,97.6870,96.2581,96.3095,18161300
2022-06-27,95.1629,96.0186,95.1116,95.4881,12053000
2022-06-28,95.2228,95.9843,94.8634,95.9330,13706600
2022-06-29,96.1554,97.4560,95.9758,97.4303,12925400
2022-06-30,98.2774,99.0560,98.1833,98.2860,25802100
2022-07-01,99.3636,100.8125,98.7806,99.2950,21858800
2022-07-05,100.2124,100.9497,99.5951,100.0752,16689700
2022-07-06,100.6410,100.7696,98.3949,98.3949,20205400
2022-07-07,98.6778,98.7378,97.3146,97.5290,13088000
2022-07-08,97.3061,97.3061,96.0630,96.4487,15320000
2022-07-11,97.5547,98.4120,97.4775,98.1119,13639900
2022-07-12,99.0293,99.6466,98.5663,98.6949,18547300
2022-07-13,97.5375,100.0066,97.2632,99.8266,20594800
2022-07-14,98.6606,99.5865,98.1376,99.0121,15665000
2022-07-15,99.3122,100.1524,99.1064,99.5694,16022600
2022-07-18,98.8064,98.8664,97.8891,98.5321,15838300
2022-07-19,98.5149,98.7206,97.4432,98.0005,9276800
2022-07-20,99.0035,99.0636,97.7776,98.2577,9117300
2022-07-21,98.7549,100.0666,98.6006,99.9552,14754900
2022-07-22,101.4126,102.2528,101.1383,101.6356,17715300
2022-07-25,100.0581,100.7697,99.8523,100.6411,24868100
2022-07-26,101.9013,102.2271,100.6496,100.7182,13536000
2022-07-27,101.1726,101.5841,100.0581,100.1524,15725600
2022-07-28,101.2069,101.9527,100.5810,100.9497,16637900
2022-07-29,100.9068,102.2871,100.5896,100.6753,16655900
2022-08-01,101.5626,103.1515,101.4166,103.1000,17974600
2022-08-02,103.1944,103.6582,100.7380,100.9184,17896300
2022-08-03,100.6350,102.6276,99.9135,102.5073,16731200
2022-08-04,102.1896,102.6791,101.8117,102.4730,11003000
2022-08-05,100.5491,100.5834,99.5356,100.0337,19492300
2022-08-08,101.0386,101.8030,100.9699,101.6484,17476300
2022-08-09,101.1160,101.6571,100.8841,101.2534,8223200
2022-08-10,101.1159,102.1294,100.2570,100.5920,14665300
2022-08-11,100.3773,100.5405,97.9896,98.2473,20663800
2022-08-12,98.8571,99.2608,98.2816,99.2436,12178400
2022-08-15,99.9135,100.2742,99.1577,99.1577,9031800
2022-08-16,98.9859,99.6472,98.1184,99.5700,11066000
2022-08-17,98.8227,98.8571,98.1786,98.5307,14131300
2022-08-18,98.7454,99.3209,98.4190,98.6767,10738200
2022-08-19,97.2510,97.3454,96.8301,97.0878,16330900
2022-08-22,96.9332,97.0191,96.3062,96.7614,10457200
2022-08-23,96.3577,97.4657,95.9712,96.2289,17813200
2022-08-24,95.7565,96.0829,95.2154,95.5246,13971600
2022-08-25,95.6105,97.1307,95.3271,96.8559,21429700
2022-08-26,96.4522,97.9037,96.2031,97.5859,18764400
2022-08-29,97.0019,97.0620,96.3062,96.7786,14278300
2022-08-30,96.7271,97.4915,96.3749,97.0191,14346600
2022-08-31,96.7872,97.3455,95.8338,96.0915,13623500
2022-09-01,94.5646,94.8917,93.7642,94.3322,22490400
2022-09-02,94.4011,95.1585,94.2204,94.8659,13024400
2022-09-06,93.7298,93.7900,92.4559,92.5162,24648500
2022-09-07,93.2305,94.2289,93.1359,93.9793,17050100
2022-09-08,93.6781,94.2634,92.9981,93.0154,14671400
2022-09-09,93.2391,93.6437,92.6367,93.2219,12529800
2022-09-12,93.4973,93.7211,92.0256,92.4559,14806900
2022-09-13,91.7157,92.7313,91.4403,92.6711,22158900
2022-09-14,92.3870,93.1359,92.1977,92.9895,13077800
2022-09-15,92.8260,93.1187,92.5937,92.9293,10260200
2022-09-16,92.1202,92.9982,91.8965,92.1547,18903800
2022-09-19,92.0600,92.8002,91.9223,92.3698,11084400
2022-09-20,90.9669,91.9567,90.7173,91.4489,20133800
2022-09-21,91.8362,92.9896,91.2079,92.9809,23132900
2022-09-22,91.0530,91.1993,90.1406,90.6054,29030600
2022-09-23,90.6657,91.6038,89.9943,90.9755,23042200
2022-09-26,90.6829,90.7259,88.8410,89.2369,25104600
2022-09-27,88.4020,88.6344,86.8442,86.8872,34609500
2022-09-28,88.7635,89.8996,88.2041,89.7964,39283100
2022-09-29,88.5656,89.7103,88.4795,89.3316,19127100
2022-09-30,89.7447,90.2525,87.9889,88.1783,26485700
2022-10-03,89.5966,90.3127,88.9927,89.5794,27192200
2022-10-04,89.8555,90.2868,89.1221,89.3292,13788700
2022-10-05,88.6304,88.7253,87.6382,88.4751,20522100
2022-10-06,88.5096,88.7253,87.5950,87.9833,13965700
2022-10-07,86.9738,87.6727,86.6805,87.1291,14814800
2022-10-10,86.7064,86.7150,85.2397,85.7746,15652600
2022-10-11,86.0507,87.0515,85.4037,86.1543,33246700
2022-10-12,85.6538,86.7409,85.5762,86.5770,21447600
2022-10-13,84.8601,86.6029,84.8428,85.7487,30292500
2022-10-14,86.4389,86.4389,84.7652,85.0413,18728200
2022-10-17,85.6625,85.9817,84.4978,84.6272,18969900
2022-10-18,84.5064,84.9464,83.5746,84.8256,16931500
2022-10-19,83.8507,84.0492,83.1001,83.2813,25431600
2022-10-20,82.7636,83.1087,81.7370,81.8578,25434900
2022-10-21,80.2530,81.0382,79.5974,80.3825,46280300
2022-10-24,80.0805,80.7103,79.2436,79.7181,31332600
2022-10-25,81.5989,82.1597,81.4781,82.0389,31213100
2022-10-26,82.6256,83.4194,82.6256,83.2209,24843900
2022-10-27,83.6695,84.4632,83.0138,84.0923,20270000
2022-10-28,83.5660,84.2303,83.1777,83.5142,22244100
2022-10-31,83.1346,83.3589,81.9872,82.9189,23956700
2022-11-01,84.2214,84.2560,83.2095,83.6939,17585100
2022-11-02,83.8150,84.4377,82.9933,83.3306,25010500
2022-11-03,82.3101,83.3566,82.2409,82.8809,29097500
2022-11-04,82.2495,82.7339,81.4884,81.4884,23561400
2022-11-07,81.9900,82.0419,80.6408,80.6754,14522800
2022-11-08,81.1252,82.1284,81.0992,81.5576,20360600
2022-11-09,81.1425,82.1803,81.0301,81.8257,15637500
2022-11-10,83.6593,85.1296,83.5814,84.9739,45380900
2022-11-11,84.3858,85.0777,84.3598,84.6625,15943100
2022-11-14,84.6798,84.7490,83.9706,84.4549,13741100
2022-11-15,84.9739,85.8820,84.8528,85.8214,26608200
2022-11-16,86.5047,87.7415,86.2625,87.6982,28507700
2022-11-17,86.6604,86.9804,86.2971,86.7728,24528900
2022-11-18,87.0063,87.2571,86.0982,86.1760,14941300
2022-11-21,87.0842,87.1966,86.3144,86.5393,15534000
2022-11-22,87.0496,87.8885,86.9458,87.7674,18103100
2022-11-23,88.3382,89.2982,88.2863,89.2982,23234600
2022-11-25,88.7448,89.0215,88.5891,88.9956,9486100
2022-11-28,89.6096,89.7826,88.8139,89.2463,14563200
2022-11-29,88.3469,89.0474,88.1393,88.1999,16576400
2022-11-30,87.8885,88.8485,87.6723,88.8485,21581700
2022-12-01,89.4241,91.7302,89.3808,91.6868,53156800
2022-12-02,91.2881,92.8485,90.6899,92.8399,24479500
2022-12-05,91.7562,91.8862,90.9413,91.5395,20159700
2022-12-06,92.3284,93.1000,92.0596,92.7185,21754500
2022-12-07,93.9495,95.0852,93.8022,94.9032,30546700
2022-12-08,94.2356,94.8858,94.0362,94.6431,13377300
2022-12-09,93.5768,93.7762,92.1290,92.1810,25872200
2022-12-12,93.5074,93.7241,92.1203,92.4757,16897100
2022-12-13,94.5304,94.5650,93.1606,93.3687,23854700
2022-12-14,93.3340,93.9062,92.6665,93.7675,19517500
2022-12-15,94.1942,94.8286,93.9943,94.1334,20246200
2022-12-16,92.6386,93.7075,92.3866,93.0818,20838300
2022-12-19,91.9695,91.9782,91.2308,91.5176,26126800
2022-12-20,89.8403,90.2140,89.5970,89.8925,28869000
2022-12-21,90.6312,90.7268,89.4754,90.1184,15894100
2022-12-22,90.0924,90.4834,89.8404,90.1011,11322500
2022-12-23,89.1451,89.3450,88.6585,88.7801,15408900
2022-12-27,87.3289,87.8329,86.9117,87.0247,26475700
2022-12-28,87.4679,87.5809,86.3381,86.5119,17302900
2022-12-29,86.7814,87.7634,86.7205,87.4940,16593000
2022-12-30,86.7901,87.3810,86.3555,86.5207,20810200
2023-01-03,88.8149,88.9365,87.6330,88.1718,25313200
2023-01-04,89.7013,89.9272,88.8236,89.3798,21678200
2023-01-05,88.5281,89.7621,88.4499,89.7534,14771100
2023-01-06,89.2494,91.5089,89.1973,91.4046,27473700
2023-01-09,90.7354,92.0564,90.6138,91.8912,21472200
2023-01-10,90.8397,91.0917,89.9446,90.3704,20545200
2023-01-11,91.2221,91.8739,90.9875,91.8391,18794000
2023-01-12,91.9608,93.6902,90.8658,93.6467,32029600
2023-01-13,93.0731,93.6815,92.4474,92.7690,17750800
2023-01-17,91.8304,92.6908,91.8131,92.1693,13911700
2023-01-18,94.2550,94.5244,93.0905,94.4028,35497200
2023-01-19,93.9422,94.1768,93.3686,93.8118,17194700
2023-01-20,92.9515,93.1948,92.2128,92.2910,22754100
2023-01-23,91.7435,92.2910,91.6740,91.8565,12961500
2023-01-24,92.2215,93.3773,91.5871,93.1774,16417200
2023-01-25,93.3078,93.7771,92.6734,93.4034,11906500
2023-01-26,93.1079,93.5511,92.5430,92.9689,15549400
2023-01-27,92.2823,92.9515,92.2128,92.7342,11845500
2023-01-30,92.5170,93.1253,92.2823,92.3953,11459700
2023-01-31,92.9689,93.2296,92.0042,93.1340,13705300
2023-02-01,93.7047,94.6108,92.7201,94.2535,25305800
2023-02-02,94.8983,95.2729,94.1751,94.3755,19548400
2023-02-03,93.0251,93.3213,92.4239,92.9641,20619500
2023-02-06,92.1364,92.6243,92.0754,92.2758,15182400
2023-02-07,91.7705,92.5546,91.4829,91.5352,18290300
2023-02-08,91.5178,91.9883,90.9515,91.9708,13530700
2023-02-09,92.7637,92.8944,90.9515,91.0996,20469900
2023-02-10,90.9602,90.9950,89.8450,90.0802,16598300
2023-02-13,90.3590,90.9776,90.2457,90.8382,13134300
2023-02-14,90.7859,91.3348,89.8624,90.6291,15440300
2023-02-15,90.2196,90.5681,89.3048,89.7840,15246900
2023-02-16,88.9301,89.0608,88.2854,88.5119,19267300
2023-02-17,88.0850,89.2002,87.9717,89.2002,19560900
2023-02-21,88.0066,88.1721,87.3705,87.4664,22728000
2023-02-22,87.9891,88.5990,87.9543,88.2679,15165400
2023-02-23,88.4683,89.3832,88.4074,89.1305,15829100
2023-02-24,88.3812,88.6948,87.6145,87.9717,21403600
2023-02-27,88.2505,88.6077,87.9194,88.2157,14209200
2023-02-28,87.6232,88.6252,87.3705,88.6165,14955700
2023-03-01,88.0575,88.2409,87.3063,87.6644,19000000
2023-03-02,86.5203,87.0356,86.3630,86.8871,23763600
2023-03-03,88.1535,89.0007,87.8391,88.9920,30877300
2023-03-06,89.2802,89.3851,88.2059,88.3020,16631900
2023-03-07,88.6165,89.4113,88.1099,88.8436,23096500
2023-03-08,89.4375,89.9353,88.5815,88.9309,20252400
2023-03-09,88.6951,89.5423,88.5029,89.1492,21550400
2023-03-10,90.8611,92.3110,90.8349,92.2236,43921500
2023-03-13,94.5032,95.2893,91.7433,92.4333,51502500
2023-03-14,91.8306,92.2411,90.6166,90.9135,38417800
2023-03-15,93.2630,94.0753,92.0140,92.6691,45164100
2023-03-16,93.7871,94.3548,91.7433,91.9442,43089300
2023-03-17,93.1495,94.0928,92.9835,93.3242,38129000
2023-03-20,93.3504,93.4202,92.3372,92.5032,24242800
2023-03-21,91.7782,92.0752,91.3066,91.7083,18934900
2023-03-22,91.4114,92.9748,91.2192,92.9311,26388500
2023-03-23,92.0228,93.0621,91.5511,92.9311,25475100
2023-03-24,93.5338,93.8307,92.8088,93.3242,23652700
2023-03-27,91.7520,92.3721,91.1231,91.1319,22224500
2023-03-28,91.0446,91.4289,90.8524,91.2978,17794300
2023-03-29,90.5729,91.2280,90.4856,91.1144,16804400
2023-03-30,91.2367,91.7520,91.0707,91.5336,14315800
2023-03-31,92.0140,93.0709,91.7782,92.9049,25396700
2023-04-03,92.7114,93.7797,92.5538,93.3419,18234800
2023-04-04,92.6238,94.3926,92.5975,93.8059,18052400
2023-04-05,94.3663,94.8917,94.0511,94.7866,23047700
2023-04-06,94.9355,95.3295,94.9092,95.0318,16447300
2023-04-10,94.2525,94.3576,93.3068,93.4995,19134400
2023-04-11,93.7359,93.7709,93.2630,93.6921,13971200
2023-04-12,93.7359,93.8409,92.7114,93.5958,20563000
2023-04-13,93.7359,94.0336,92.7114,92.8603,22079400
2023-04-14,92.2824,92.4225,91.7395,92.0109,19801900
2023-04-17,91.4330,91.5818,90.8113,90.9164,19528800
2023-04-18,90.8989,91.5819,90.8901,91.2404,15922600
2023-04-19,90.9864,91.2754,90.6099,91.1528,16093900
2023-04-20,91.7920,92.1860,91.7219,91.9321,16450100
2023-04-21,92.2035,92.3436,91.3016,91.4155,15244700
2023-04-24,91.9058,92.3699,91.8007,92.2998,17034300
2023-04-25,93.1054,93.8059,93.0616,93.6571,21899900
2023-04-26,93.5082,93.9022,92.5275,92.6589,19610400
2023-04-27,92.1160,92.1773,91.5994,91.7394,20247600
2023-04-28,93.0004,93.4820,92.6939,93.2193,26954100
2023-05-01,92.4099,92.5416,90.2768,90.5314,32487300
2023-05-02,91.2950,92.7874,91.1985,92.7874,30057800
2023-05-03,93.0507,93.5774,92.4187,93.3053,23656200
2023-05-04,92.3660,93.4457,92.3046,92.3836,25110500
2023-05-05,91.6023,92.0851,91.3916,92.0763,15096500
2023-05-08,90.8737,91.1809,90.6981,90.7859,20587000
2023-05-09,90.8561,90.9790,90.4172,90.4611,19182500
2023-05-10,91.0054,91.5057,90.9790,91.3389,22886800
2023-05-11,92.4362,92.6293,91.9271,92.3045,19147200
2023-05-12,92.2168,92.3923,91.5145,91.5321,14198500
2023-05-15,90.7596,90.8298,90.5225,90.5840,20085300
2023-05-16,89.8905,90.3294,89.6359,90.3119,29251700
2023-05-17,90.4874,90.5577,89.8466,90.0485,21340900
2023-05-18,89.7149,89.7676,89.3199,89.3813,25536600
2023-05-19,88.8898,89.4165,88.6001,88.7493,29038000
2023-05-22,88.8810,89.2848,88.3718,88.4333,20131100
2023-05-23,88.1612,88.8810,88.0295,88.6879,21749500
2023-05-24,88.9074,88.9776,88.2490,88.2490,18473400
2023-05-25,88.3982,88.4860,87.8100,88.0295,22492800
2023-05-26,87.8890,88.8108,87.7837,88.7405,17030300
2023-05-30,89.0127,89.7501,88.8810,89.6272,23125200
2023-05-31,89.5306,90.5752,89.4252,90.4084,23787000
2023-06-01,90.9040,91.2120,90.3318,90.7631,21040400
2023-06-02,90.6575,90.7191,89.7245,89.7685,19136500
2023-06-05,89.2052,90.1646,89.0820,89.6013,14433200
2023-06-06,89.6365,90.1911,89.2405,90.1294,14332100
2023-06-07,89.9269,90.1558,88.7035,88.7915,25251100
2023-06-08,88.7827,89.9006,88.7211,89.8301,23845100
2023-06-09,89.4253,90.0150,89.1964,89.7069,22147400
2023-06-12,89.9886,90.0414,89.0028,89.9710,19010300
2023-06-13,89.8742,90.0678,88.8708,89.0820,25910800
2023-06-14,89.4517,90.0326,89.3021,89.7949,29094200
2023-06-15,90.6839,91.2120,90.3054,90.6575,25732000
2023-06-16,90.1646,90.5079,89.8038,90.3055,16759100
2023-06-20,90.7544,91.2385,90.7544,90.9304,17162900
2023-06-21,90.4903,91.2296,90.0766,91.1504,19720100
2023-06-22,90.4815,90.8776,89.9534,90.0502,23630700
2023-06-23,91.3881,91.4937,90.6399,90.9480,22901900
2023-06-26,91.2032,91.3616,90.7983,91.0448,12894900
2023-06-27,91.1768,91.4937,90.4463,90.8071,18105700
2023-06-28,91.0184,91.3969,90.5079,91.1944,23826800
2023-06-29,89.9270,90.0766,89.2932,89.5485,41091600
2023-06-30,89.8302,90.7103,89.6629,90.6047,32024900
2023-07-03,90.7618,91.1325,90.0734,90.0911,16011800
2023-07-05,89.9234,90.0205,88.9085,89.2350,28170300
2023-07-06,88.4319,88.5907,87.7876,87.9729,41375700
2023-07-07,87.5317,87.9023,87.3640,87.4434,28996500
2023-07-10,87.2492,87.8405,87.2404,87.5581,24665200
2023-07-11,87.8758,88.2289,87.6287,88.0082,20485500
2023-07-12,88.3436,89.2438,88.0524,88.9879,31928000
2023-07-13,89.4115,89.9940,89.1644,89.9234,32441500
2023-07-14,89.7734,89.9675,89.3497,89.3939,18569000
2023-07-17,89.3409,89.5703,89.0673,89.4380,18822000
2023-07-18,89.8439,90.0822,89.6409,89.8439,15407400
2023-07-19,90.0205,90.8854,89.7822,90.8589,27192500
2023-07-20,90.2146,90.2940,89.3850,89.7557,56951200
2023-07-21,90.1617,90.3294,89.6939,89.7822,20657500
2023-07-24,90.0116,90.1528,89.4027,89.4556,17546700
2023-07-25,88.9879,89.5792,88.9614,89.2879,17160600
2023-07-26,89.7381,89.7469,89.0762,89.3762,19310700
2023-07-27,88.8819,89.0761,87.2934,87.6376,44794400
2023-07-28,87.7258,88.1318,87.5052,88.0877,27434000
2023-07-31,87.9465,88.5466,87.9200,88.2995,28663800
2023-08-01,87.4720,87.5428,86.6401,86.8525,34943400
2023-08-02,85.8790,86.0560,85.3215,85.9233,38121300
2023-08-03,84.2418,84.3569,83.6666,83.9409,59394800
2023-08-04,84.2064,85.5605,84.1887,85.4277,42071800
2023-08-07,85.0560,85.1357,84.5162,84.5870,35862900
2023-08-08,85.7197,86.1711,85.3480,85.5693,24010500
2023-08-09,85.7374,86.1003,85.7020,86.0118,20151100
2023-08-10,85.8790,86.1622,84.5958,84.5958,37253200
2023-08-11,84.3392,84.8436,84.2507,84.4011,26753500
2023-08-14,84.2595,84.8967,83.9852,84.2153,19072000
2023-08-15,83.8967,84.2507,83.6843,83.7020,24125000
2023-08-16,83.4365,83.8878,82.9409,83.0471,23076700
2023-08-17,82.7462,82.8435,82.3214,82.6931,32244900
2023-08-18,82.6843,83.3569,82.5692,82.9852,24181700
2023-08-21,82.0028,82.0913,81.6223,81.8789,29254100
2023-08-22,81.9851,82.5515,81.8258,82.5073,21308700
2023-08-23,83.4542,84.5604,83.3922,84.5516,38294700
2023-08-24,84.1887,84.5604,83.9763,83.9940,22300800
2023-08-25,83.7728,84.5250,83.6400,84.2684,23865200
2023-08-28,84.6489,84.6578,83.9763,84.3569,16037300
2023-08-29,84.0471,85.4100,84.0206,85.2330,28478100
2023-08-30,85.1003,85.3127,84.8525,85.1445,17550100
2023-08-31,85.4366,85.8879,85.3392,85.5251,26959700
2023-09-01,85.0360,85.0537,83.9885,84.1927,32469700
2023-09-05,83.6868,83.6956,82.9855,83.0121,29435900
2023-09-06,83.5181,83.5358,82.9589,83.2163,23636300
2023-09-07,83.4382,83.5003,83.1542,83.4471,18091500
2023-09-08,83.7755,84.2371,83.5891,83.7666,17052100
2023-09-11,83.1719,83.4205,83.0388,83.1631,17061500
2023-09-12,83.3406,83.6512,83.0654,83.6424,20034300
2023-09-13,83.3672,83.9087,83.2784,83.6246,23332300
2023-09-14,83.3849,83.6246,82.9056,83.0210,27800600
2023-09-15,82.9589,82.9766,82.5151,82.5151,25642900
2023-09-18,82.4174,83.0210,82.3908,82.9855,17963400
2023-09-19,82.6216,82.9323,82.3730,82.3730,24941800
2023-09-20,82.8080,83.0832,82.5861,82.6305,29451200
2023-09-21,81.0327,81.1037,80.5001,80.5090,59958700
2023-09-22,80.6066,81.3167,80.4824,81.1570,29524500
2023-09-25,79.5859,79.9232,79.1332,79.1598,45587900
2023-09-26,79.3817,79.5504,78.7426,78.8846,38104100
2023-09-27,79.4793,79.5503,78.1922,78.4763,47111200
2023-09-28,77.7751,78.7603,77.3135,78.7160,60238000
2023-09-29,79.2397,79.4350,78.2278,78.7248,49010100
2023-10-02,78.1995,78.2974,77.2111,77.4070,44704300
2023-10-03,76.8549,77.1577,75.5905,75.7418,71362600
2023-10-04,76.3740,76.8549,76.0179,76.8104,56281600
2023-10-05,76.6768,76.7480,76.2583,76.4275,35758800
2023-10-06,74.9761,76.3028,74.8514,75.5014,62787900
2023-10-09,76.1336,77.2912,75.6439,77.2734,29424900
2023-10-10,76.4453,77.6207,76.1514,77.1665,54743900
2023-10-11,78.2262,78.7783,78.0036,78.7783,58517700
2023-10-12,78.4043,78.5289,76.5165,76.6412,66986700
2023-10-13,78.0036,78.2084,77.6207,78.0125,44183800
2023-10-16,76.7481,76.9083,76.4898,76.7570,38309800
2023-10-17,75.5904,76.2494,75.2432,75.9110,52949100
2023-10-18,75.1363,75.4391,74.6644,75.2432,63724600
2023-10-19,74.6911,75.3055,73.6760,73.7027,87696900
2023-10-20,73.8986,74.3883,73.7027,74.1212,52188800
2023-10-23,73.7383,75.5637,73.3910,75.0116,70890400
2023-10-24,75.1897,76.0001,74.8781,76.0001,46267700
2023-10-25,74.8157,74.9137,74.0232,74.3082,60737200
2023-10-26,74.3349,75.5281,74.2637,75.4480,49704100
2023-10-27,74.9671,75.6617,74.5664,75.1274,32362300
2023-10-30,74.6287,75.2431,74.1212,74.7890,45026900
2023-10-31,75.1274,75.4836,74.3972,74.4240,37269200
2023-11-01,75.0905,76.0555,75.0726,76.0376,72308500
2023-11-02,77.4494,78.0123,77.0384,77.7710,69739400
2023-11-03,79.3526,79.5670,78.2535,78.2982,77692300
2023-11-06,77.7978,77.9140,77.3779,77.5387,41341900
2023-11-07,78.2803,79.0756,78.2625,78.6824,37834200
2023-11-08,79.0577,80.0763,79.0309,80.0227,53893400
2023-11-09,79.4687,79.5491,77.5030,78.1821,88975100
2023-11-10,78.8343,79.0130,78.4233,78.6199,36516400
2023-11-13,77.9319,78.5752,77.6459,78.4412,25661500
2023-11-14,80.4158,80.5498,79.7814,80.2192,65666800
2023-11-15,79.5312,79.6474,78.9058,79.0934,56205300
2023-11-16,79.7904,80.3801,79.7457,80.0763,49473900
2023-11-17,80.5588,80.8000,80.0941,80.4516,44091400
2023-11-20,80.0763,81.0055,80.0673,80.9430,40477800
2023-11-21,80.8626,81.1306,80.3175,80.9072,27721000
2023-11-22,81.4165,81.5952,80.7553,81.1932,31197500
2023-11-24,80.5052,80.6481,80.2282,80.2371,20199600
2023-11-27,80.6839,81.6131,80.6035,81.5774,39804400
2023-11-28,81.2289,81.7829,81.1217,81.7382,44989300
2023-11-29,82.3011,82.8283,82.0063,82.7658,61647800
2023-11-30,82.1760,82.4620,81.4523,81.8097,60520900
2023-12-01,81.8447,83.4133,81.6833,83.3505,64172200
2023-12-04,82.9023,83.2071,82.5438,83.0189,33766300
2023-12-05,83.9242,84.8115,83.8704,84.8026,73588600
2023-12-06,85.2239,86.0933,85.0356,85.9320,61606100
2023-12-07,85.3135,86.1202,85.2059,85.4390,47970200
2023-12-08,84.6323,84.9012,84.1751,84.7398,44809200
2023-12-11,84.2648,84.6502,83.8345,84.5605,33909700
2023-12-12,84.3903,84.8833,84.1662,84.8116,36996900
2023-12-13,85.3045,86.9269,85.1701,86.8014,70828500
2023-12-14,87.8184,89.0594,87.6026,89.0594,87798600
2023-12-15,88.7446,89.3381,88.6457,89.1583,59941300
2023-12-18,88.5738,88.5738,88.1422,88.4479,34746000
2023-12-19,88.8975,89.2572,88.7177,88.9245,30018400
2023-12-20,89.1223,89.6439,88.6457,89.5270,51229400
2023-12-21,89.6888,89.7788,88.7986,88.9605,65231200
2023-12-22,89.3651,89.3651,88.3400,88.5558,29244200
2023-12-26,88.6098,88.9065,88.5558,88.8076,24019700
2023-12-27,89.7248,90.3992,89.4730,90.3812,45082800
2023-12-28,90.0035,90.4352,89.5269,89.7248,36213000
2023-12-29,89.1403,89.7608,88.8436,88.9155,41616200
2024-01-02,88.3310,88.7087,88.1242,88.4029,47797400
2024-01-03,87.5667,88.8885,87.3599,88.7716,58159500
2024-01-04,87.6026,87.8004,87.2879,87.4228,52604500
2024-01-05,86.7753,87.8364,86.5146,86.5865,45894800
2024-01-08,86.5325,87.5666,86.4066,87.4408,39485800
2024-01-09,86.9012,87.3778,86.8563,86.8833,34374000
2024-01-10,87.1530,87.2699,86.4336,86.4786,48227800
2024-01-11,86.4786,87.0721,86.0649,86.9642,78858900
2024-01-12,87.0271,87.4677,86.5685,86.7933,38883900
2024-01-16,85.9840,86.1369,84.9859,85.2646,61716700
2024-01-17,85.0668,85.4265,84.6712,85.1298,55506800
2024-01-18,84.9409,85.0488,84.0867,84.3384,77339100
2024-01-19,84.2665,84.6802,83.8619,84.6082,47030900
2024-01-22,85.2646,85.4984,84.8780,85.1118,35756400
2024-01-23,84.4284,84.5183,84.0147,84.4373,35786700
2024-01-24,84.9859,85.0128,83.7180,83.9428,54574900
2024-01-25,84.5273,84.7251,84.1406,84.4913,57019400
2024-01-26,84.4643,84.5902,84.0687,84.3295,29276900
2024-01-29,84.8060,85.5794,84.6352,85.3006,38243600
2024-01-30,85.8581,86.1818,85.1927,86.0739,40151400
2024-01-31,86.5236,87.1440,86.3257,86.9192,80646700
2024-02-01,87.8845,89.0121,87.6770,88.6242,84291200
2024-02-02,86.8471,87.1628,86.3238,86.6666,63823300
2024-02-05,85.3676,85.5660,84.8173,84.9165,53827400
2024-02-06,85.0157,85.8367,84.9887,85.7465,33411500
2024-02-07,85.3134,85.9088,85.2683,85.3315,40120200
2024-02-08,84.8173,85.0699,84.4925,84.8353,50087700
2024-02-09,84.5827,84.8083,84.4925,84.6639,27951300
2024-02-12,84.7090,84.9255,84.3482,84.7631,27890300
2024-02-13,83.7708,83.9512,83.2927,83.3107,49768500
2024-02-14,83.2656,83.9422,83.2025,83.7347,44191600
2024-02-15,84.4023,84.5466,83.8971,84.1677,49598500
2024-02-16,83.4280,83.7618,83.3017,83.6806,33116800
2024-02-20,83.7077,84.0685,83.6445,83.7528,24469300
2024-02-21,83.7438,83.8069,83.0040,83.1574,36343100
2024-02-22,83.2927,83.6806,83.2386,83.5633,45190700
2024-02-23,83.6716,84.7992,83.6716,84.6820,38406700
2024-02-26,84.7992,84.8263,84.0685,84.4294,27855000
2024-02-27,84.1136,84.3211,83.7618,83.8340,30242000
2024-02-28,83.9693,84.4384,83.8069,84.3662,34574200
2024-02-29,84.6369,85.0699,84.6008,84.9616,51038600
2024-03-01,84.5589,85.5272,84.1698,85.4910,45832800
2024-03-04,84.7942,85.2105,84.7761,85.1471,23864200
2024-03-05,86.1788,86.5860,85.9435,86.3598,37721900
2024-03-06,86.4141,87.0294,86.3417,86.8665,40571600
2024-03-07,87.2014,87.2376,86.4050,86.7851,39075000
2024-03-08,86.6946,86.9208,86.4050,86.6312,25023200
2024-03-11,86.8394,86.8847,86.3055,86.5860,17787900
2024-03-12,86.0068,86.1607,85.6901,85.8621,29566000
2024-03-13,85.5182,85.7354,85.2557,85.4458,38270100
2024-03-14,84.8213,84.8394,84.0340,84.1336,58365600
2024-03-15,84.2150,84.3327,83.9707,84.1064,34997700
2024-03-18,83.9164,84.1517,83.7082,83.8530,29519500
2024-03-19,84.0250,84.4051,83.8802,84.0883,26953100
2024-03-20,84.2512,84.8756,83.5182,84.0612,43460100
2024-03-21,84.4051,84.5499,83.9164,84.2422,34276600
2024-03-22,85.2376,85.2557,84.8666,85.0476,30262300
2024-03-25,84.8032,84.8394,84.4322,84.6222,24011800
2024-03-26,84.6222,84.9480,84.4141,84.8575,34423000
2024-03-27,85.0566,85.6991,85.0114,85.6991,50157800
2024-03-28,85.5091,85.9887,85.3553,85.6268,34540400
2024-04-01,84.7025,84.7116,83.9489,84.0306,48945400
2024-04-02,83.1408,83.7128,82.9320,83.5675,43086300
2024-04-03,82.8593,83.5766,82.6687,83.5494,45494400
2024-04-04,84.1032,84.2212,83.5675,84.1486,47957400
2024-04-05,83.2497,83.6946,82.9683,82.9774,42495900
2024-04-08,82.8321,83.1590,82.7413,82.9683,37879800
2024-04-09,83.4132,83.8581,83.3859,83.7400,32522000
2024-04-10,82.8049,82.8957,81.7607,81.9151,74368900
2024-04-11,82.0603,82.1148,81.2704,81.5428,65751200
2024-04-12,82.2964,82.5779,81.9695,81.9786,47900100
2024-04-15,81.0071,81.0434,80.3715,80.7075,55993100
2024-04-16,79.9448,80.4260,79.7088,80.1718,45103200
2024-04-17,80.6893,81.1524,80.3171,81.0616,57947000
2024-04-18,81.0253,81.0525,80.4351,80.6530,43839500
2024-04-19,81.1614,81.1614,80.7256,80.9435,44826800
2024-04-22,80.5168,80.9163,80.4896,80.8074,24969000
2024-04-23,80.5622,81.2977,80.3988,80.8346,27222700
2024-04-24,80.4079,80.4714,79.4455,80.2626,48986800
2024-04-25,79.4091,79.8086,79.3002,79.6997,49282600
2024-04-26,80.1264,80.4533,79.9448,80.1173,31589800
2024-04-29,80.4987,80.8255,80.3352,80.7892,39228600
2024-04-30,80.2808,80.5622,79.9902,80.0992,41054700
2024-05-01,80.7260,81.2818,80.3980,80.6896,59679500
2024-05-02,80.3707,81.0996,80.2067,81.0358,58925400
2024-05-03,81.9378,82.1109,81.3365,81.8558,50066100
2024-05-06,81.8831,82.2294,81.7009,82.1747,23868200
2024-05-07,82.8216,83.1314,82.5574,82.6758,30525800
2024-05-08,82.2840,82.4207,82.1474,82.1747,31171700
2024-05-09,81.8831,82.7032,81.8376,82.5756,39606700
2024-05-10,82.2567,82.3478,81.9652,82.1109,21913800
2024-05-13,82.5027,82.5574,82.2840,82.3205,23157500
2024-05-14,82.5938,82.8398,82.3843,82.7852,25746400
2024-05-15,83.7054,84.0608,83.4868,83.9150,65142900
2024-05-16,84.1792,84.2065,83.7692,83.8330,37902400
2024-05-17,83.4959,83.6416,83.2225,83.2681,24755000
2024-05-20,82.9856,83.2043,82.9218,83.0221,17922800
2024-05-21,83.5779,83.6143,83.3045,83.4503,15334400
2024-05-22,83.1587,83.6234,83.1496,83.5505,38073700
2024-05-23,83.6416,83.6416,82.7487,83.0130,51294700
2024-05-24,82.8854,83.3410,82.8216,83.2590,19164400
2024-05-28,83.2134,83.2407,82.0289,82.0654,45973700
2024-05-29,81.4003,81.4549,80.7989,81.0723,45508400
2024-05-30,81.6372,81.9743,81.4914,81.8558,29548600
2024-05-31,82.4390,82.6030,82.2294,82.4116,41308800
2024-06-03,82.8669,83.8086,82.8395,83.7446,42272100
2024-06-04,84.2931,84.8417,84.1011,84.7228,42581500
2024-06-05,85.0245,85.3445,84.4668,85.3445,43153900
2024-06-06,84.9514,85.4176,84.8965,85.2165,22891900
2024-06-07,83.9549,83.9549,83.5617,83.6532,35240500
2024-06-10,83.1960,83.2509,82.8760,83.0955,20586500
2024-06-11,83.2235,83.9914,83.1229,83.9549,30329200
2024-06-12,85.0428,85.5457,84.5583,84.5857,42554600
2024-06-13,85.2257,85.9296,84.9788,85.8290,33093800
2024-06-14,86.3227,86.7067,86.1582,86.5513,28776700
2024-06-17,85.4999,85.7650,85.2805,85.6919,31040200
2024-06-18,85.8382,86.4873,85.6919,86.4781,26881000
2024-06-20,85.3994,85.9388,85.3354,85.9022,30246300
2024-06-21,86.1582,86.3776,85.5639,85.9022,22596400
2024-06-24,85.9845,86.2496,85.7011,86.2496,56939100
2024-06-25,86.0028,86.4416,85.9753,86.3959,22890200
2024-06-26,85.2805,85.4542,85.1251,85.1617,38489100
2024-06-27,85.4999,85.6736,85.4085,85.4999,23140800
2024-06-28,85.6919,85.7285,83.9091,83.9091,55119600
2024-07-01,82.9287,83.5340,82.3784,82.4610,49735400
2024-07-02,83.1672,83.2864,82.6169,83.1030,34204700
2024-07-03,83.6166,84.2769,83.5432,84.1944,35563300
2024-07-05,84.6254,85.0473,84.2861,84.8914,34895500
2024-07-08,84.8731,85.1574,84.5796,85.0748,16095700
2024-07-09,84.8089,85.0015,84.2586,84.6988,30289800
2024-07-10,84.7905,85.0015,84.6163,84.9648,23572500
2024-07-11,85.9186,86.3405,85.7260,85.7902,49761800
2024-07-12,85.7810,86.1571,85.6068,86.1571,27796500
2024-07-15,85.2950,85.5701,85.0932,85.1666,37918900
2024-07-16,85.7810,86.4047,85.6526,86.3680,36383700
2024-07-17,86.1387,86.5790,85.9278,86.3864,29036800
2024-07-18,85.9186,86.3405,85.6435,85.7260,34553100
2024-07-19,85.3316,85.4417,85.1299,85.2216,32164700
2024-07-22,85.6618,85.7719,84.6530,84.9740,36160400
2024-07-23,85.1207,85.3225,84.8272,84.8547,23498000
2024-07-24,84.9189,85.1574,83.8917,83.9376,50757100
2024-07-25,84.4053,85.1666,84.3411,84.6254,44999100
2024-07-26,85.2491,85.4325,85.0290,85.2858,34423800
2024-07-29,85.9094,85.9278,85.4967,85.7443,25801300
2024-07-30,85.9828,86.2580,85.5701,86.0745,28169800
2024-07-31,86.6982,86.9825,86.4322,86.9550,47445300
2024-08-01,87.5485,88.2571,87.5301,87.7050,77254200
2024-08-02,89.2601,90.5208,89.1589,90.4380,91912900
2024-08-05,91.7355,91.9655,90.0883,90.9165,90686300
2024-08-06,90.3183,90.5576,88.8828,88.8828,61316900
2024-08-07,88.2939,88.7540,87.8798,88.2571,51337100
2024-08-08,87.5301,87.7878,87.2725,87.7142,37815800
2024-08-09,88.8092,88.8368,88.4227,88.5792,32141800
2024-08-12,88.3675,89.0945,88.2295,88.9012,24261400
2024-08-13,89.5362,89.5914,89.2417,89.5178,30366900
2024-08-14,89.7662,90.3276,89.7294,90.0791,31334100
2024-08-15,88.7172,89.3521,88.5332,89.3521,38723700
2024-08-16,89.6650,89.7570,89.2693,89.6650,28541000
2024-08-19,89.6466,90.3276,89.6374,90.0791,25322100
2024-08-20,90.4748,90.9717,90.2907,90.7969,25239300
2024-08-21,90.7969,91.2846,90.3736,90.8521,29230000
2024-08-22,90.3920,90.4564,89.6558,89.9503,33453800
2024-08-23,90.3552,90.7969,90.1435,90.5392,32005100
2024-08-26,90.8153,90.8245,90.2539,90.3091,23198700
2024-08-27,89.7110,90.2539,89.6374,90.1527,21507700
2024-08-28,90.1895,90.3644,89.9319,90.0423,18501400
2024-08-29,89.6006,89.8490,89.3797,89.7478,24988200
2024-08-30,89.8859,90.1711,88.7724,88.7908,42896200
2024-09-03,90.0676,90.5292,89.9383,90.2430,48947900
2024-09-04,90.3630,91.4247,90.2984,91.4062,40885200
2024-09-05,91.7109,92.0248,91.1939,91.9232,47450900
2024-09-06,91.9048,93.0403,91.5724,91.9140,57406400
2024-09-09,91.7663,92.4125,91.5447,92.3110,26961400
2024-09-10,92.2002,93.1603,92.1540,92.9572,31703400
2024-09-11,92.7726,93.4650,92.6433,92.8833,39497100
2024-09-12,92.6526,92.8280,92.0340,92.4495,41618700
2024-09-13,92.7449,92.8834,92.3387,92.6987,25722100
2024-09-16,92.9018,93.5850,92.6987,93.5481,30866300
2024-09-17,93.6773,93.8343,93.0034,93.0957,31699400
2024-09-18,92.5418,92.9942,91.8956,91.9417,48897000
2024-09-19,91.3232,91.6832,91.1847,91.6371,39979800
2024-09-20,91.3878,91.6278,91.1385,91.2862,37067600
2024-09-23,90.9354,91.4801,90.4923,91.0924,35703900
2024-09-24,90.4738,91.2955,90.3353,91.0739,31005400
2024-09-25,90.7138,90.7692,90.2799,90.3168,36738200
2024-09-26,90.5384,90.7046,89.9384,90.5292,33332300
2024-09-27,90.9723,91.1754,90.6677,91.0000,28317600
2024-09-30,91.0646,91.1293,90.3630,90.5661,34175500
2024-10-01,91.5071,91.9980,91.1274,91.2200,45254200
2024-10-02,90.1734,90.5161,89.8956,90.4513,35810800
2024-10-03,90.1549,90.3123,89.5992,89.5992,39677800
2024-10-04,88.3952,88.8768,88.3581,88.4970,56954100
2024-10-07,87.9691,88.2377,87.7654,87.8302,42606600
2024-10-08,87.4227,88.0154,87.3763,87.9784,33709600
2024-10-09,87.6820,87.9043,87.2745,87.4782,35807700
2024-10-10,86.9503,87.1448,86.5150,87.1355,53667400
2024-10-11,86.5798,87.1263,86.5243,86.7836,27406400
2024-10-14,86.1723,86.8577,86.1167,86.8484,28795300
2024-10-15,87.4875,87.9876,87.4041,87.9043,46429100
2024-10-16,88.3488,88.5619,88.1173,88.2747,32281500
2024-10-17,87.3300,87.4689,86.7558,86.8762,43427200
2024-10-18,87.1078,87.3208,86.9318,86.9410,25258600
2024-10-21,86.1538,86.2186,85.4221,85.4221,49504700
2024-10-22,85.8111,85.9130,85.2924,85.5054,32096900
2024-10-23,85.0609,85.5518,84.8942,85.2739,33354200
2024-10-24,85.4221,86.1353,85.1720,85.8204,32507400
2024-10-25,86.1260,86.1723,85.2276,85.3387,28667100
2024-10-28,85.4591,85.4777,84.6719,85.1072,33156500
2024-10-29,84.4403,85.2647,84.2644,85.2369,46545200
2024-10-30,85.9871,86.4039,85.3573,85.4869,41951100
2024-10-31,85.3943,86.0797,85.0887,85.6258,52173800
2024-11-01,85.7383,85.9799,84.3815,84.4187,80402000
2024-11-04,85.7569,86.0264,85.1528,85.7290,49747600
2024-11-05,85.5245,86.3330,85.1249,86.1844,46986000
2024-11-06,83.3035,84.3072,83.2199,83.8239,98895700
2024-11-07,84.3350,85.1435,84.2421,84.8740,56221400
2024-11-08,85.4967,86.0543,85.3480,85.9520,56756200
2024-11-11,85.7290,85.7755,85.1436,85.5339,22369200
2024-11-12,84.9112,85.3573,84.1120,84.2514,57908400
2024-11-13,85.0506,85.0692,83.3779,83.4522,49009100
2024-11-14,84.1585,84.5952,83.8890,83.9354,53328300
2024-11-15,83.5637,84.2421,83.1827,83.7124,73722400
2024-11-18,83.3221,84.1863,83.0991,83.8611,36010600
2024-11-19,84.4001,84.6324,84.2142,84.2886,29585100
2024-11-20,83.7775,84.4094,83.7403,84.0191,27755400
2024-11-21,84.0562,84.4280,83.6380,83.9540,28365700
2024-11-22,84.1120,84.2886,83.7774,84.0005,21547500
2024-11-25,85.6825,86.2215,85.4874,86.1751,56858000
2024-11-26,85.6454,85.9056,85.3201,85.8405,31122200
2024-11-27,86.4632,86.7791,86.1193,86.4353,39442200
2024-11-29,87.1509,87.3460,86.8349,87.3274,31905700
2024-12-02,86.9777,87.7984,86.7259,87.5372,39406000
2024-12-03,87.5932,87.6865,86.7166,86.7819,32768900
2024-12-04,86.3622,87.8357,86.2970,87.7144,35851100
2024-12-05,87.3974,88.0222,87.3414,87.8916,23695800
2024-12-06,88.3299,88.4511,87.6771,88.0222,31761500
2024-12-09,87.6492,87.6958,87.1642,87.2109,30509600
2024-12-10,86.7446,87.0057,86.6420,86.8005,28706500
2024-12-11,86.7912,86.9964,85.8960,85.9799,38748400
2024-12-12,85.4577,85.5603,84.8609,84.9355,45368400
2024-12-13,84.6744,84.7210,84.0030,84.0682,39486000
2024-12-16,84.4412,84.5065,83.9750,84.3200,23482300
2024-12-17,84.4132,84.8515,84.3573,84.5252,23839900
2024-12-18,84.2265,84.6010,83.4495,83.4682,61328400
2024-12-19,82.4478,82.7474,81.9235,82.2044,99083300
2024-12-20,82.8784,83.2342,82.6537,82.6725,45542400
2024-12-23,82.5321,82.5976,81.8580,81.9142,32764600
2024-12-24,81.4836,82.2793,81.4274,82.2606,22377600
2024-12-26,81.6427,82.3448,81.6333,82.2138,19981800
2024-12-27,81.8955,82.1763,81.5023,81.5397,27262300
2024-12-30,82.2231,82.4197,82.0733,82.1951,48519600
2024-12-31,82.5040,82.6444,81.6895,81.7550,31917300
2025-01-02,82.1950,82.4946,81.6427,81.9797,27841300
2025-01-03,82.1201,82.2699,81.6146,81.7176,21962200
2025-01-06,81.4929,81.6615,81.1372,81.3525,30231500
2025-01-07,81.0716,81.2308,80.3133,80.4350,41757200
2025-01-08,80.0138,80.6972,79.8921,80.5380,44590800
2025-01-10,79.8359,80.3695,79.7236,80.0044,47115800
2025-01-13,80.0700,80.1917,79.6112,79.9763,33258900
2025-01-14,79.7891,79.9108,79.4708,79.8453,33412900
2025-01-15,81.1653,81.4274,80.8844,81.2215,54120700
2025-01-16,81.1091,81.8206,80.7721,81.4836,34651100
2025-01-17,81.8487,81.8955,81.4836,81.6240,29875600
2025-01-21,82.2793,82.5414,82.0359,82.3542,30548600
2025-01-22,82.2606,82.3635,81.7457,81.9235,25278400
2025-01-23,81.1091,81.4368,81.0061,81.2870,31949000
2025-01-24,81.1840,81.7082,81.0716,81.6521,21110400
2025-01-27,82.5321,82.7848,82.2419,82.6163,42864200
2025-01-28,82.2325,82.5695,82.0640,82.5602,25519100
2025-01-29,82.7848,82.9627,82.0359,82.3916,25342800
2025-01-30,82.7661,83.0469,82.5414,82.7006,25094900
2025-01-31,82.7380,83.0001,81.8486,82.1576,48790100
2025-02-03,83.2211,83.7097,82.4883,82.8265,70657200
2025-02-04,82.2534,83.0990,82.1877,83.0802,33414000
2025-02-05,84.0385,84.7243,83.9821,84.4519,48331200
2025-02-06,84.4237,84.6961,84.1324,84.4143,22509900
2025-02-07,83.8412,84.0385,83.5593,83.8694,31171200
2025-02-10,83.8600,84.1136,83.4748,83.6157,22736100
2025-02-11,83.1741,83.3151,83.0332,83.0802,21513000
2025-02-12,82.0092,82.3004,81.6052,81.9528,48536200
2025-02-13,82.7608,83.5124,82.7420,83.3151,42718100
2025-02-14,83.9727,84.2546,83.7284,83.7566,27460700
2025-02-18,83.1835,83.4654,82.7138,82.7701,29429200
2025-02-19,82.6292,83.0990,82.5728,82.8735,20584300
2025-02-20,83.0990,83.3902,83.0990,83.1835,27913400
2025-02-21,83.4936,84.4894,83.4466,84.1888,46912300
2025-02-24,83.9257,84.6116,83.8600,84.4331,26218000
2025-02-25,85.4665,85.9645,85.3068,85.8893,50125100
2025-02-26,85.8893,86.4906,85.6826,86.3966,32220200
2025-02-27,85.7859,86.2369,85.6262,85.7859,53373600
2025-02-28,86.2933,86.8852,85.9363,86.8382,49388600
2025-03-03,86.1502,87.3754,86.1125,87.2434,42904200
2025-03-04,87.1209,87.4508,86.0183,86.1691,56722000
2025-03-05,86.2916,86.5178,85.3962,85.4810,50215900
2025-03-06,85.2737,85.5753,84.5669,85.1983,42827500
2025-03-07,85.8957,85.9146,84.8119,84.9250,36903600
2025-03-10,85.8392,86.3575,85.6790,85.8109,41440800
2025-03-11,85.7355,86.2256,84.9533,85.1983,40555700
2025-03-12,84.8213,85.1795,84.6140,84.6894,32734600
2025-03-13,84.4255,85.4905,84.2370,85.4339,38675400
2025-03-14,84.8308,85.2078,84.6894,84.9816,24658000
2025-03-17,85.5753,85.9334,85.1795,85.4057,26700300
2025-03-18,84.9533,85.7827,84.9344,85.4905,23654700
2025-03-19,85.4622,85.9711,85.1795,85.9334,31378700
2025-03-20,86.8947,86.9324,85.9146,85.9900,35645800
2025-03-21,86.0748,86.1785,85.4056,85.4810,29192100
2025-03-24,85.0098,85.0664,84.5386,84.6046,27985600
2025-03-25,84.4161,84.8967,84.3595,84.5951,22333800
2025-03-26,84.2464,84.4443,83.9637,84.0391,25095600
2025-03-27,83.7375,83.9071,83.5302,83.7941,23674500
2025-03-28,84.7082,85.1418,84.6423,84.9533,39869400
2025-03-31,85.9806,86.0842,85.1606,85.7921,38824300
2025-04-01,86.3085,86.9328,86.2707,86.5355,39800100
2025-04-02,87.3679,87.3679,85.7505,86.4788,43488400
2025-04-03,87.5097,87.7083,86.8665,86.8760,57467400
2025-04-04,88.5785,88.9947,87.7935,87.8219,92794200
2025-04-07,86.9044,87.1976,84.9370,85.1735,124987600
2025-04-08,84.4452,85.3154,83.4426,83.5655,73861900
2025-04-09,82.5440,84.0952,81.2388,84.0574,131353500
2025-04-10,82.9886,83.4048,81.6738,81.7401,78592000
2025-04-11,81.2198,82.5724,80.3970,82.1846,94814100
2025-04-14,82.6670,82.9602,82.1184,82.7710,37596400
2025-04-15,82.4305,83.4142,82.3265,83.0642,22553900
2025-04-16,83.0453,83.7074,82.7332,83.5277,35607300
2025-04-17,83.2723,83.4237,82.5062,82.7899,31758400
2025-04-21,81.9103,82.3549,81.3239,81.3428,39343200
2025-04-22,82.1184,82.3076,81.7211,81.7968,32552100
2025-04-23,84.0668,84.2371,82.4494,82.5913,44082200
2025-04-24,83.2629,83.5655,83.0075,83.4615,24190800
2025-04-25,84.0858,84.2844,83.8020,84.0763,22513900
2025-04-28,83.8588,84.6816,83.8115,84.6060,20130500
2025-04-29,84.4830,85.3248,84.4641,85.3154,22129500
2025-04-30,84.9181,85.1735,84.4925,84.6249,42630600
2025-05-01,84.7369,84.7559,83.8256,84.1958,29932800
2025-05-02,83.2654,83.6072,83.1041,83.2844,32090400
2025-05-05,82.9237,82.9807,82.4300,82.8193,22862800
2025-05-06,82.4016,83.0946,82.2497,83.0946,21095200
2025-05-07,83.4648,83.7401,83.3699,83.4458,23161600
2025-05-08,83.5598,83.5977,82.4870,82.5155,25483700
2025-05-09,82.5914,82.8857,82.5155,82.6389,17007900
2025-05-12,82.0029,82.3826,81.8225,81.8700,32115000
2025-05-13,81.7655,81.9174,81.1674,81.5377,53912200
2025-05-14,81.4048,81.5187,80.8827,80.9966,42119800
2025-05-15,81.2909,81.9459,81.1485,81.7086,59448000
2025-05-16,82.4680,82.4870,81.8320,81.9269,31778200
2025-05-19,80.6073,81.7560,80.5314,81.6896,49361900
2025-05-20,81.1010,81.2624,80.7497,81.1010,35493100
2025-05-21,80.3890,80.7497,79.5156,79.7150,77053100
2025-05-22,79.2878,80.1517,79.0789,80.1327,61747900
2025-05-23,80.4744,80.5219,80.0377,80.2656,47139200
2025-05-27,81.0251,81.6706,80.8352,81.3858,56773400
2025-05-28,81.0820,81.2054,80.6643,81.0345,34806800
2025-05-29,81.4237,81.8889,81.3003,81.7845,38933200
2025-05-30,81.7276,82.0883,81.5282,81.9079,49042100
2025-06-02,81.2695,81.4410,80.7931,81.1456,46213100
2025-06-03,81.4124,81.6983,80.8884,81.0027,33731300
2025-06-04,81.7459,82.5654,81.6125,82.3176,57441500
2025-06-05,82.5940,82.8322,82.1557,82.3748,37664700
2025-06-06,81.7459,81.8793,81.2600,81.3267,38130100
2025-06-09,81.0313,81.6030,81.0313,81.4124,26560800
2025-06-10,82.0413,82.1175,81.4887,81.8317,24857000
2025-06-11,81.7650,82.3272,81.6697,82.0794,36334800
2025-06-12,82.7941,83.0895,82.5178,83.0609,43017800
2025-06-13,82.6416,82.7846,81.7364,82.2605,49374000
2025-06-16,82.0223,82.3558,81.4315,81.4315,36496600
2025-06-17,81.9460,82.5749,81.7078,82.4225,34521600
2025-06-18,82.7845,82.9846,82.2795,82.5654,38589000
2025-06-20,82.0794,82.6988,81.8984,82.4129,26001900
2025-06-23,82.8322,83.3182,82.6797,82.6797,36851800
2025-06-24,82.3939,83.4611,82.3558,83.2800,32959100
2025-06-25,83.0037,83.3848,82.7083,83.3848,26345300
2025-06-26,83.4611,83.8041,83.0894,83.8041,30467500
2025-06-27,83.4420,84.0042,83.1276,83.2705,74993500
2025-06-30,83.7183,84.2710,83.4801,84.0900,53695200
2025-07-01,84.2889,84.4611,83.8394,84.2985,38960600
2025-07-02,83.3899,83.7724,83.3038,83.7629,39382200
2025-07-03,83.3707,83.4855,83.0647,83.1795,26729100
2025-07-07,82.7682,82.7873,82.1752,82.3856,38314700
2025-07-08,81.8405,82.2900,81.7161,82.2804,31407000
2025-07-09,82.4335,83.1412,82.4239,83.1412,29821900
2025-07-10,83.0456,83.2655,82.7204,83.1986,24525500
2025-07-11,82.4717,82.5100,81.9074,82.0509,40764800
2025-07-14,81.8118,82.1370,81.6014,81.8787,24609500
2025-07-15,82.1465,82.1657,81.1997,81.3049,40455000
2025-07-16,81.5631,81.9266,80.5206,81.4197,65987700
2025-07-17,81.5057,81.7640,81.2858,81.4005,31875500
2025-07-18,81.7066,81.7353,81.3910,81.5249,27534900
2025-07-21,82.4622,82.7395,82.2135,82.2517,40019500
2025-07-22,82.4143,82.9882,82.3570,82.7491,35190300
2025-07-23,82.2996,82.4430,82.0509,82.2900,31008500
2025-07-24,81.8214,82.4813,81.7831,82.1465,25164800
2025-07-25,82.0604,82.6726,81.9839,82.6630,27196200
2025-07-28,82.2422,82.4430,82.0891,82.1274,26812500
2025-07-29,82.4717,83.5333,82.4430,83.5142,47828300
2025-07-30,82.9882,83.1699,82.7873,83.0838,40670900
2025-07-31,83.3325,83.6003,83.0551,83.1317,49814100
2025-08-01,84.0639,84.4191,84.0255,84.3135,63434500
2025-08-04,84.4479,84.6303,84.1503,84.5439,36425200
2025-08-05,84.3423,84.9183,84.2751,84.8031,28586100
2025-08-06,84.3327,84.5343,83.4494,84.3135,42589300
2025-08-07,84.4095,84.7263,84.0927,84.1695,29213100
2025-08-08,83.8719,83.9007,83.6702,83.8046,21596300
2025-08-11,84.0447,84.1695,83.7950,83.9006,20100900
2025-08-12,83.4302,83.4974,83.0942,83.4782,41052300
2025-08-13,83.9487,84.3039,83.9391,84.1695,30817500
2025-08-14,84.0159,84.0159,83.4206,83.5454,33397400
2025-08-15,83.1998,83.3150,82.8062,82.9502,36343600
2025-08-18,83.0462,83.0846,82.5565,82.7102,26777500
2025-08-19,82.9982,83.2862,82.9982,83.1902,28780600
2025-08-20,83.1326,83.4974,83.1038,83.3726,25912500
2025-08-21,83.1038,83.2190,82.6718,82.9598,28643900
2025-08-22,83.3630,83.8143,83.2574,83.5742,49871900
2025-08-25,83.2670,83.5742,83.1902,83.3342,27011900
2025-08-26,83.0558,83.3246,82.7774,83.2862,30259300
2025-08-27,82.6718,83.1998,82.5662,83.1902,38142800
2025-08-28,83.3150,83.7758,83.1998,83.7374,32205900
2025-08-29,83.2958,83.3918,82.9886,83.1422,41686400
2025-09-02,82.5235,82.7259,82.3789,82.5235,48760600
2025-09-03,82.8126,83.6607,82.7741,83.4294,52499500
2025-09-04,83.8631,84.0751,83.4390,84.0655,40501600
2025-09-05,85.0196,85.3954,84.9425,85.3472,69668000
2025-09-08,85.9351,86.5037,85.8869,86.4844,54538700
2025-09-09,86.1567,86.3013,85.7616,85.9929,37126400
2025-09-10,86.1567,86.8024,85.9543,86.4844,40713600
2025-09-11,86.6482,87.1975,86.6386,87.0626,46694400
2025-09-12,86.5711,86.7157,86.2434,86.6868,32968600
2025-09-15,86.8795,87.1783,86.8024,86.8892,24820100
2025-09-16,86.8217,87.2168,86.7735,87.0723,26794200
2025-09-17,87.4192,87.7372,86.6097,86.8506,49121800
2025-09-18,86.0218,86.2242,85.6749,85.9543,55717900
2025-09-19,85.8387,85.9929,85.5688,85.7905,32509200
2025-09-22,85.5978,85.6845,85.3279,85.4821,24758200
2025-09-23,85.7423,86.1182,85.5303,86.0796,26689000
2025-09-24,85.8483,85.9254,85.4821,85.7520,28098000
2025-09-25,85.6267,85.8002,85.2508,85.7520,29882500
2025-09-26,85.7616,86.2242,85.4725,85.6749,30955100
2025-09-29,86.0507,86.4844,86.0218,86.3784,32286200
2025-09-30,86.4073,86.7735,85.9736,86.1278,38584000
2025-10-01,86.5050,86.6887,86.1568,86.3502,39408900
2025-10-02,86.3696,86.7371,86.2535,86.6017,23208300
2025-10-03,86.6790,86.7661,86.3309,86.4373,25884500
2025-10-06,85.7893,86.2245,85.7313,85.7506,28371000
2025-10-07,86.0408,86.4373,85.8860,86.2439,29103300
2025-10-08,86.6500,86.6694,86.1955,86.3115,22506200
2025-10-09,86.2342,86.3502,86.0795,86.2439,21578700
2025-10-10,87.0175,87.7332,86.9401,87.6364,59389400
2025-10-13,87.3077,87.5978,86.9015,87.5881,28035500
2025-10-14,87.6655,87.9266,87.4527,87.8686,29800000
2025-10-15,87.9652,88.2941,87.4914,87.6751,31333900
2025-10-16,87.5397,88.4875,87.4721,88.3327,39631200
2025-10-17,88.2457,88.2844,87.9072,88.1974,40240400
2025-10-20,88.4488,88.5455,88.2747,88.5358,28429300
2025-10-21,88.9613,89.1548,88.8840,88.9710,24514300
2025-10-22,88.9614,89.1451,88.7970,89.0291,30496200
2025-10-23,88.5939,88.7679,88.2844,88.4198,28275100
2025-10-24,88.5745,88.5842,88.1587,88.4585,28266000
2025-10-27,88.3134,88.7679,88.0910,88.7583,30033600
2025-10-28,88.8260,89.1451,88.7873,88.9904,23564500
2025-10-29,88.8550,88.8646,88.0233,88.0910,39551600
2025-10-30,87.4140,87.9749,87.3753,87.5784,42649200
2025-10-31,87.5784,87.6751,87.2303,87.3173,38247300
2025-11-03,86.9825,87.1766,86.7884,87.0989,40752300
2025-11-04,87.1378,87.4095,87.0989,87.2931,26383800
2025-11-05,86.8757,86.9145,86.2642,86.3419,44643400
2025-11-06,86.9242,87.2057,86.8951,87.1183,33027400
2025-11-07,86.7301,87.2251,86.7301,86.9340,28530100
2025-11-10,86.8563,87.0310,86.7592,86.9145,24093500
2025-11-11,87.3028,87.4192,87.1378,87.3125,18942300
2025-11-12,87.3027,87.6619,87.2348,87.4678,23594900
2025-11-13,87.1572,87.2931,86.7495,86.7495,33825900
2025-11-14,87.1475,87.1960,86.2545,86.2545,38550500
2025-11-17,86.4584,86.6719,86.3613,86.4681,25605800
2025-11-18,86.7204,86.8175,86.1866,86.4390,31967400
2025-11-19,86.6040,86.6816,86.2351,86.2643,25782400
2025-11-20,86.3710,86.7884,86.3710,86.6040,32945000
2025-11-21,87.0116,87.0310,86.5748,86.8660,41938600
2025-11-24,87.3028,87.4192,87.1378,87.3610,30865700
2025-11-25,87.6522,87.9239,87.4775,87.5842,36503300
2025-11-26,87.4969,87.9725,87.1863,87.9725,34099000
2025-11-28,87.7977,87.8657,87.3027,87.5551,40704300
2025-12-01,86.5431,86.6794,86.4067,86.4652,47086600
2025-12-02,86.2801,86.6502,86.1632,86.5041,27605700
2025-12-03,86.6113,86.8450,86.4359,86.7476,23278600
2025-12-04,86.6015,86.6210,86.1827,86.2801,25541500
2025-12-05,86.2509,86.2509,85.7639,85.8807,32808100
2025-12-08,85.9002,85.9100,85.2866,85.5983,32255200
2025-12-09,86.0463,86.0561,85.5593,85.6859,25771800
2025-12-10,85.7151,86.2216,85.5788,86.0171,46833500
2025-12-11,86.3872,86.5236,85.8710,85.9002,26778700
2025-12-12,85.1112,85.2281,84.9262,85.0723,47030100
2025-12-15,85.4424,85.5983,85.1210,85.1307,28611800
2025-12-16,84.9262,85.6372,84.9067,85.5983,41018700
2025-12-17,85.3548,85.7054,85.3061,85.5203,24668300
2025-12-18,85.8418,86.0853,85.7833,85.9294,39048900
2025-12-19,85.6674,85.8141,85.4718,85.6087,37858100
2025-12-22,85.4816,85.5207,85.3154,85.4229,25547100
2025-12-23,85.1394,85.6380,85.1002,85.5598,33624100
2025-12-24,85.8141,86.1270,85.7065,86.0781,25942000
2025-12-26,86.1465,86.2150,85.6576,85.7945,26522700
2025-12-29,85.9998,86.1172,85.8434,86.1172,29399800
2025-12-30,85.7945,86.0878,85.7260,85.9118,25106800
2025-12-31,85.7358,85.9607,85.1980,85.2274,36500000
2026-01-02,85.4620,85.4718,85.0905,85.1002,40731300
2026-01-05,85.2469,85.5794,85.1785,85.5207,30178000
2026-01-06,85.2176,85.4034,84.9731,85.3447,39015200
2026-01-07,85.8923,86.0585,85.5403,85.8434,39930900
2026-01-08,85.3936,85.6087,85.3154,85.4131,28204900
2026-01-09,85.3643,86.0487,85.1882,85.9803,57348800
2026-01-12,85.5598,85.9607,85.4718,85.7260,36103100
2026-01-13,85.9314,85.9607,85.5989,85.8727,30451400
2026-01-14,85.9607,86.4692,85.9412,86.3714,39233500
2026-01-15,86.6745,86.6941,86.3519,86.3519,37988900
2026-01-16,86.1758,86.3616,85.7652,85.8532,46382400
2026-01-20,84.7091,85.1002,84.6211,84.7287,66009500
2026-01-21,84.8753,85.5403,84.6993,85.3740,51220100
2026-01-22,85.3349,85.8141,85.2078,85.7456,42419300
2026-01-23,85.8825,86.0781,85.5598,85.9803,35968800
2026-01-26,86.4399,86.5279,86.2443,86.3910,38882400
2026-01-27,86.1563,86.2932,85.7358,85.8532,35180100
2026-01-28,85.5696,85.7554,85.3545,85.6576,38750300
2026-01-29,85.2176,85.7945,85.1491,85.6772,43855000
2026-01-30,85.4425,85.6185,85.1980,85.1980,45832200
2026-02-02,85.4159,85.4552,84.9546,84.9546,38171400
2026-02-03,84.8957,85.1804,84.8368,85.1607,27438200
2026-02-04,85.0331,85.1804,84.8663,84.9448,37872900
2026-02-05,85.3276,85.8675,85.1509,85.8675,50268900
2026-02-06,85.8380,85.9263,85.5926,85.9263,33461800
2026-02-09,85.5926,85.9656,85.4257,85.9067,24708900
2026-02-10,86.6134,86.8981,86.5938,86.8981,37253700
2026-02-11,86.4171,86.8490,86.3190,86.4368,37014000
2026-02-12,86.7312,87.6343,86.7214,87.5852,48454900
2026-02-13,87.9778,88.1545,87.8698,88.0662,56785200
2026-02-17,88.2723,88.4588,88.1054,88.2134,32356700
2026-02-18,88.0367,88.2036,87.8208,87.8797,35415400
2026-02-19,87.7521,88.0662,87.7226,87.9680,28658600
2026-02-20,88.0465,88.0858,87.2907,87.7619,49610800
2026-02-23,87.8993,88.3410,87.8797,88.0858,33614600
2026-02-24,88.2919,88.3901,88.1054,88.2429,24933900
2026-02-25,88.0563,88.4195,88.0563,88.2527,23625800
2026-02-26,88.3999,88.6551,88.3901,88.6060,29447100
2026-02-27,89.0183,89.1852,88.8809,89.1459,51272000
2026-03-02,88.6151,88.6249,88.0045,88.2507,55465500
2026-03-03,87.6302,88.3098,87.5908,88.0734,51850400
2026-03-04,87.9158,88.0833,87.7484,87.7977,47069500
2026-03-05,87.2855,87.5908,87.1674,87.4431,45768900
2026-03-06,86.9802,87.5908,86.6848,87.1181,58136900
2026-03-09,86.9606,87.9651,86.8719,87.8764,52478700
2026-03-10,87.4530,87.6007,86.9310,86.9408,48651500
2026-03-11,86.4189,86.4780,85.7591,85.8182,54679900
2026-03-12,85.5916,85.9265,85.4636,85.6507,48977000
2026-03-13,85.6113,85.8280,85.1583,85.2272,43460000
2026-03-16,85.8575,86.0151,85.6409,85.8871,37341500
2026-03-17,86.0348,86.2416,85.9954,86.1234,19578100
2026-03-18,86.0348,86.1530,85.6113,85.6409,37596600
2026-03-19,85.7394,86.3992,85.6507,86.1628,60307400
2026-03-20,85.4931,85.5424,84.4591,84.5280,78948500
2026-03-23,84.8727,85.4045,84.6363,85.0795,69686700
2026-03-24,84.4197,84.9810,84.2621,84.7053,51799400
2026-03-25,85.4341,85.5621,85.1682,85.5227,37861000
2026-03-26,85.0303,85.2962,84.6265,84.8038,39537000
2026-03-27,84.2030,84.7939,84.1538,84.3409,39928900
2026-03-30,85.3159,85.6310,85.1780,85.4636,36473200
2026-03-31,85.6113,85.8378,85.2568,85.3750,47112200
2026-04-01,85.3107,85.7359,85.2613,85.2909,31157600
2026-04-02,85.2415,85.8743,85.1822,85.8150,33310600
2026-04-06,85.5282,85.8743,85.4195,85.6765,14660300
2026-04-07,85.5480,85.7062,84.9449,85.6667,22747200
2026-04-08,86.3786,86.3885,85.7557,85.9435,22244900
2026-04-09,85.7161,86.1511,85.4195,85.7260,18909100
2026-04-10,85.6271,85.7062,85.3601,85.5183,13247700
2026-04-13,85.4689,85.8249,85.2810,85.7754,12719700
2026-04-14,85.7260,86.2599,85.6568,86.2302,16606900
2026-04-15,86.0424,86.0918,85.7556,85.8545,15119600
2026-04-16,85.9435,85.9930,85.2316,85.3107,20001000
2026-04-17,86.0721,86.2303,85.9138,86.0918,29604100
2026-04-20,86.1314,86.1511,85.7359,86.0721,14623500
2026-04-21,85.9930,86.1116,85.5579,85.5974,19798700
2026-04-22,86.0720,86.1808,85.7359,85.7655,13676800
2026-04-23,85.8545,86.0622,85.2711,85.5777,21106700
2026-04-24,85.4887,85.8446,85.2810,85.7359,22285700
2026-04-27,85.5183,85.6469,85.2217,85.3107,19250100
2026-04-28,85.1525,85.3997,84.9745,85.3997,14553600
2026-04-29,85.0240,85.0240,84.5889,84.7372,29020800
2026-04-30,84.9251,84.9350,84.4307,84.6581,28516200
2026-05-01,84.8516,85.3478,84.6929,84.9608,21281000
2026-05-04,84.7028,84.7127,84.1172,84.3157,27226000
2026-05-05,84.5043,84.8417,84.4447,84.7822,18226500
2026-05-06,85.3975,85.5166,85.2684,85.4272,22530700
2026-05-07,85.6257,85.6356,84.9509,85.0005,21178300
2026-05-08,85.4074,85.6257,85.3379,85.4272,30797600
2026-05-11,85.2288,85.2684,84.8417,84.9112,17713700
2026-05-12,84.5440,84.5539,84.2760,84.3455,27680600
2026-05-13,84.2959,84.4051,83.9485,84.1570,26295100
2026-05-14,84.6135,84.7325,84.2661,84.2760,25247200
2026-05-15,83.2340,83.3332,82.9561,83.0256,50796000
2026-05-18,83.0653,83.2836,82.6882,82.9263,26166200
2026-05-19,82.3309,82.5989,82.1423,82.3904,35346600
2026-05-20,82.4301,83.3630,82.4103,83.2737,44498000
2026-05-21,82.9859,83.6210,82.6981,83.5813,24887000
2026-05-22,83.9684,84.0378,83.5019,84.0378,27987700
2026-05-26,84.6928,84.7325,84.2562,84.4547,22531200
2026-05-27,84.6035,84.8318,84.5043,84.6532,23589600
2026-05-28,84.7127,85.1990,84.6234,85.0898,25417300
2026-05-29,85.1593,85.3082,84.9013,85.1097,33118600
2026-06-01,84.6175,85.2252,84.4880,85.1555,26322400
2026-06-02,85.4843,85.5042,85.1854,85.3348,20319000
2026-06-03,84.9762,85.1156,84.7869,84.9961,15372000
2026-06-04,85.2950,85.3946,85.1057,85.1854,15866500
2026-06-05,84.6773,85.0359,84.6075,84.7470,26461200
2026-06-08,84.9164,85.0160,84.3086,84.3086,22922700
2026-06-09,84.6573,84.8666,84.4680,84.8068,22617700
2026-06-10,84.8068,84.9861,84.3883,84.5677,21258300
2026-06-11,84.8566,85.7234,84.7271,85.6636,35190500
2026-06-12,85.3249,85.5142,85.0957,85.4544,23092600
2026-06-15,85.6437,85.7931,85.3548,85.4046,17632700
2026-06-16,85.6437,86.0621,85.6138,85.8728,26472500
2026-06-17,86.0123,86.2714,85.6138,86.0123,34507500
2026-06-18,86.7496,86.8592,86.3312,86.4308,32350900
2026-06-22,85.9824,86.0123,85.6537,85.7732,28595100
2026-06-23,85.8031,86.1120,85.7832,85.8828,19145500
2026-06-24,86.8293,87.1481,86.7994,87.0585,41837000
2026-06-25,87.2577,87.4670,86.9688,87.0286,28380000
2026-06-26,86.6898,87.0485,86.6799,87.0385,21650800
2026-06-29,87.0385,87.2179,86.9788,87.1282,19457200
2026-06-30,86.8293,86.8592,86.0621,86.1020,31079500
2026-07-01,85.4800,85.7900,85.4300,85.5200,28109800
2026-07-02,85.3800,85.7800,85.3700,85.5100,20816300
2026-07-06,85.4300,85.4800,85.1800,85.4500,17940900
2026-07-07,85.1200,85.1700,84.5400,84.5500,24816400
2026-07-08,84.3100,84.4500,84.0600,84.3600,25806600
2026-07-09,84.2800,84.6800,84.2600,84.4900,18625300
2026-07-10,84.5100,84.6300,84.2800,84.4700,14454100
2026-07-13,84.1900,84.2800,83.9300,83.9700,18742500
2026-07-14,84.1800,84.5000,84.0400,84.0800,23793500
2026-07-15,84.0800,84.4100,84.0800,84.2400,17837800
2026-07-16,83.8400,84.2200,83.7900,84.2100,20817800
2026-07-17,84.6200,84.8200,84.4900,84.5200,22061100
2026-07-20,84.3100,84.3400,83.8150,83.8900,23285469
