Date,Open,High,Low,Close,Volume
2016-07-21,15.0667,15.1900,14.6067,14.7000,66430500
2016-07-22,14.7993,14.9667,14.5920,14.8180,38695500
2016-07-25,14.8180,15.4260,14.7580,15.3340,67360500
2016-07-26,15.1793,15.3333,15.0200,15.3007,51450000
2016-07-27,15.2893,15.5573,15.1280,15.2327,43335000
2016-07-28,15.1967,15.3840,15.1067,15.3740,36286500
2016-07-29,15.3800,15.6853,15.3493,15.6527,46062000
2016-08-01,15.7000,15.7753,15.2920,15.3340,60244500
2016-08-02,15.2913,15.3247,14.7600,15.1467,59016000
2016-08-03,15.1580,15.3133,14.9473,15.0527,58317000
2016-08-04,15.0460,15.3907,14.8033,15.3740,62205000
2016-08-05,15.3333,15.4667,15.1600,15.3353,48078000
2016-08-08,15.2000,15.3067,15.0727,15.0773,33954000
2016-08-09,15.1213,15.4360,15.1100,15.2720,33117000
2016-08-10,15.2160,15.3247,14.9747,15.0433,35074500
2016-08-11,15.0780,15.1713,14.8940,14.9940,28213500
2016-08-12,15.0273,15.1100,14.9360,15.0407,27202500
2016-08-15,15.0680,15.3000,14.9953,15.0393,30514500
2016-08-16,15.0327,15.1460,14.8940,14.9073,34006500
2016-08-17,14.9553,14.9887,14.8533,14.8827,26806500
2016-08-18,14.9213,15.0440,14.8193,14.9007,25717500
2016-08-19,14.9027,15.0113,14.8353,15.0000,24892500
2016-08-22,14.9447,15.0073,14.8453,14.8620,30982500
2016-08-23,14.9547,15.2327,14.8533,14.9893,71766000
2016-08-24,15.1367,15.1433,14.8147,14.8413,38560500
2016-08-25,14.8740,14.9200,14.7180,14.7307,26437500
2016-08-26,14.8093,14.8573,14.5880,14.6660,33585000
2016-08-29,14.6767,14.6933,14.3333,14.3467,48994500
2016-08-30,14.4073,14.4073,14.0347,14.0893,47533500
2016-08-31,14.0287,14.1733,13.9100,14.1340,49147500
2016-09-01,13.9340,14.0733,13.3667,13.3847,119146500
2016-09-02,13.4887,13.5467,13.0800,13.1853,89661000
2016-09-06,13.2680,13.5500,13.2667,13.5220,65859000
2016-09-07,13.7000,13.7667,13.3807,13.4473,54613500
2016-09-08,13.3033,13.3260,13.0907,13.1573,50668500
2016-09-09,13.2727,13.3280,12.9133,12.9647,56355000
2016-09-12,13.0000,13.4247,12.9400,13.2200,55728000
2016-09-13,13.1373,13.2327,12.8967,13.0700,53841000
2016-09-14,13.0500,13.1947,12.9907,13.0940,33817500
2016-09-15,13.0993,13.5013,13.0933,13.3613,46158000
2016-09-16,13.3613,13.7133,13.2667,13.6933,46617000
2016-09-19,13.8000,13.9620,13.6667,13.7560,34492500
2016-09-20,13.7900,13.8500,13.5940,13.6427,36157500
2016-09-21,13.7580,13.8000,13.4373,13.6813,39502500
2016-09-22,13.7600,13.8187,13.5333,13.7620,35743500
2016-09-23,13.7327,14.0120,13.7113,13.8300,43578000
2016-09-26,13.7667,14.0667,13.7667,13.9327,35916000
2016-09-27,13.9767,13.9987,13.6407,13.7207,50598000
2016-09-28,13.8340,13.8833,13.6840,13.7513,31326000
2016-09-29,13.7067,13.8220,13.3720,13.3800,40905000
2016-09-30,13.4807,13.6653,13.3033,13.6020,38794500
2016-10-03,14.1533,14.3780,13.8833,14.2467,89998500
2016-10-04,14.2067,14.2213,13.9213,14.0940,53122500
2016-10-05,14.1493,14.2100,13.8747,13.8973,28162500
2016-10-06,13.4973,13.6140,13.3473,13.4000,70551000
2016-10-07,13.4000,13.4213,13.0533,13.1073,52395000
2016-10-10,13.4233,13.6093,13.3107,13.3967,49744500
2016-10-11,13.4567,13.4800,13.2207,13.3400,34926000
2016-10-12,13.3967,13.5920,13.3613,13.4340,29560500
2016-10-13,13.3667,13.3933,13.1367,13.3493,37419000
2016-10-14,13.3773,13.4287,13.0867,13.1007,64048500
2016-10-17,13.1367,13.2260,12.8000,12.9307,68311500
2016-10-18,13.0660,13.2980,12.8840,13.2733,85207500
2016-10-19,13.3160,13.7773,13.2040,13.5707,104868000
2016-10-20,13.4747,13.5333,13.1367,13.2733,76093500
2016-10-21,13.2400,13.4380,13.1607,13.3393,44151000
2016-10-24,13.4000,13.5967,13.3500,13.5173,41274000
2016-10-25,13.5267,13.6460,13.4133,13.4893,36675000
2016-10-26,13.4000,13.5460,13.3400,13.4827,84492000
2016-10-27,14.0893,14.2467,13.4433,13.6007,196405500
2016-10-28,13.6000,13.6880,13.3220,13.3313,64201500
2016-10-31,13.4993,13.4993,13.0540,13.1820,70384500
2016-11-01,13.2027,13.2333,12.5407,12.7193,105900000
2016-11-02,12.6700,12.8467,12.5007,12.5347,63801000
2016-11-03,12.6000,12.7647,12.4693,12.4947,39795000
2016-11-04,12.6000,12.8973,12.3973,12.7040,77190000
2016-11-07,12.9060,12.9527,12.6700,12.8807,58051500
2016-11-08,12.9193,13.1660,12.7507,12.9960,49014000
2016-11-09,12.4587,12.8000,12.2633,12.6707,122596500
2016-11-10,12.7367,12.7740,12.0280,12.3567,101254500
2016-11-11,12.2827,12.5920,12.2000,12.5707,59827500
2016-11-14,12.5333,12.5500,11.8793,12.0967,98283000
2016-11-15,12.1853,12.4287,12.1367,12.2513,58530000
2016-11-16,12.1767,12.3153,12.0807,12.2620,51516000
2016-11-17,12.2327,12.6327,12.1407,12.5773,73306500
2016-11-18,12.7100,12.8667,12.3333,12.3347,78154500
2016-11-21,12.3360,12.5927,12.2940,12.3013,65415000
2016-11-22,12.3893,12.7647,12.2473,12.7447,84051000
2016-11-23,12.7073,13.0427,12.6000,12.8760,73378500
2016-11-25,12.9093,13.1493,12.9093,13.1100,35491500
2016-11-28,13.0320,13.2900,12.9700,13.0747,67938000
2016-11-29,13.0373,13.1153,12.6333,12.6380,66589500
2016-11-30,12.7333,12.7927,12.5000,12.6267,53206500
2016-12-01,12.5500,12.5687,12.0667,12.1253,76896000
2016-12-02,12.1920,12.3253,12.0000,12.0980,60634500
2016-12-05,12.1673,12.5927,12.1673,12.4533,61083000
2016-12-06,12.3680,12.4387,12.1787,12.3900,50874000
2016-12-07,12.4100,12.8933,12.3333,12.8767,81928500
2016-12-08,12.8033,12.8333,12.6360,12.8193,47911500
2016-12-09,12.7247,12.9227,12.7207,12.8120,40837500
2016-12-12,12.8533,12.9613,12.7453,12.8287,36583500
2016-12-13,12.8787,13.4187,12.8667,13.2100,102358500
2016-12-14,13.2493,13.5333,13.1173,13.2460,62263500
2016-12-15,13.2273,13.3827,13.1593,13.1720,48294000
2016-12-16,13.2053,13.5060,13.1733,13.4993,56953500
2016-12-19,13.4993,13.6300,13.3227,13.5153,52321500
2016-12-20,13.5367,13.9333,13.5000,13.9193,70336500
2016-12-21,13.8967,14.1487,13.8273,13.8467,78114000
2016-12-22,13.8813,13.9993,13.7667,13.8967,46666500
2016-12-23,13.8667,14.2300,13.8473,14.2227,70057500
2016-12-27,14.3253,14.8167,14.2947,14.6353,88735500
2016-12-28,14.7687,14.9200,14.4800,14.6493,56737500
2016-12-29,14.5707,14.6133,14.2747,14.3120,60675000
2016-12-30,14.4200,14.5000,14.1120,14.2460,69639000
2017-01-03,14.3240,14.6887,14.0640,14.4660,88849500
2017-01-04,14.3167,15.2000,14.2873,15.1327,168202500
2017-01-05,15.0947,15.1653,14.7967,15.1167,88675500
2017-01-06,15.1287,15.3540,15.0300,15.2673,82918500
2017-01-09,15.2647,15.4613,15.2000,15.4187,59692500
2017-01-10,15.4667,15.4667,15.1260,15.3247,54900000
2017-01-11,15.2713,15.3320,15.1120,15.3153,54762000
2017-01-12,15.2707,15.3800,15.0387,15.3060,56853000
2017-01-13,15.3333,15.8567,15.3060,15.8500,91395000
2017-01-17,15.7800,15.9973,15.6247,15.7053,69262500
2017-01-18,15.7767,15.9807,15.7053,15.8907,56535000
2017-01-19,16.4833,16.5787,16.0500,16.2507,115984500
2017-01-20,16.3640,16.4000,16.2007,16.3153,63064500
2017-01-23,16.3900,16.7260,16.3667,16.5947,93943500
2017-01-24,16.6667,16.9867,16.6433,16.9740,74482500
2017-01-25,17.1540,17.2307,16.7867,16.9647,77139000
2017-01-26,16.9527,17.0493,16.7167,16.8340,47281500
2017-01-27,16.7587,16.8667,16.5680,16.8633,47494500
2017-01-30,16.8353,17.0193,16.4733,16.7087,57016500
2017-01-31,16.6160,17.0593,16.5133,16.7953,61741500
2017-02-01,16.8700,16.8800,16.6033,16.6160,59382000
2017-02-02,16.5560,16.8280,16.5140,16.7700,37497000
2017-02-03,16.7940,16.8120,16.6453,16.7553,32800500
2017-02-06,16.7333,17.1880,16.7087,17.1847,53437500
2017-02-07,17.2127,17.3333,17.0947,17.1653,63672000
2017-02-08,17.1567,17.5573,17.0800,17.4720,58995000
2017-02-09,17.7500,18.0787,17.7433,17.9467,117303000
2017-02-10,17.9860,18.0633,17.7407,17.9487,54295500
2017-02-13,18.0493,18.7193,18.0340,18.7067,105444000
2017-02-14,18.6020,19.1593,18.5740,18.7320,110178000
2017-02-15,18.6667,18.8160,18.4293,18.6507,74218500
2017-02-16,18.5067,18.6667,17.9000,17.9300,106159500
2017-02-17,17.7200,18.1927,17.6100,18.1487,93856500
2017-02-21,18.3633,18.7600,18.2673,18.4927,85150500
2017-02-22,18.6873,18.8967,18.1733,18.2340,131325000
2017-02-23,17.6000,17.6440,17.0373,17.0660,223728000
2017-02-24,16.8440,17.2167,16.6800,17.1333,122574000
2017-02-27,16.5447,16.5573,16.1340,16.4153,171912000
2017-02-28,16.2793,16.7333,16.2600,16.6660,91171500
2017-03-01,16.9453,16.9900,16.6073,16.6680,72142500
2017-03-02,16.6473,16.8853,16.5513,16.6987,50277000
2017-03-03,16.7160,16.7933,16.6000,16.7713,43791000
2017-03-06,16.5273,16.7800,16.5007,16.7473,50332500
2017-03-07,16.7947,16.9260,16.5547,16.5727,51892500
2017-03-08,16.4667,16.6713,16.3547,16.4580,55878000
2017-03-09,16.5087,16.5773,16.2000,16.3267,58189500
2017-03-10,16.4140,16.4333,16.2000,16.2460,45994500
2017-03-13,16.3213,16.4567,16.1853,16.4113,45339000
2017-03-14,16.4073,17.2080,16.4013,17.2000,113976000
2017-03-15,17.1333,17.4000,16.9513,17.0487,79962000
2017-03-16,17.4933,17.7167,17.2707,17.4700,106983000
2017-03-17,17.6000,17.6887,17.4133,17.4333,97462500
2017-03-20,17.3733,17.6367,17.2547,17.4613,54214500
2017-03-21,17.5220,17.6533,16.6827,16.7120,103629000
2017-03-22,16.7707,17.0047,16.7007,17.0007,60889500
2017-03-23,17.0260,17.1780,16.8867,16.9853,49803000
2017-03-24,17.0467,17.5927,17.0007,17.5440,84709500
2017-03-27,17.3733,18.0380,17.3167,18.0147,93462000
2017-03-28,18.4680,18.7120,18.3333,18.4967,119814000
2017-03-29,18.5560,18.6400,18.3693,18.4920,55143000
2017-03-30,18.5360,18.8000,18.4807,18.5280,62226000
2017-03-31,18.5820,18.6453,18.4213,18.5533,49419000
2017-04-03,19.1267,19.9333,18.9720,19.9013,208329000
2017-04-04,19.7927,20.3207,19.6353,20.2467,152019000
2017-04-05,20.1360,20.3253,19.6133,19.6667,118213500
2017-04-06,19.7920,20.1293,19.6067,19.9133,82809000
2017-04-07,19.8333,20.1793,19.8100,20.1693,68694000
2017-04-10,20.6100,20.9153,20.5807,20.8260,114967500
2017-04-11,20.8920,20.8980,20.3667,20.5807,85869000
2017-04-12,20.4227,20.5633,19.7547,19.7893,90760500
2017-04-13,19.7800,20.4927,19.6867,20.2667,139269000
2017-04-17,20.1800,20.2667,19.9120,20.0960,62080500
2017-04-18,19.9800,20.0560,19.8600,20.0167,45535500
2017-04-19,20.1640,20.4413,20.1407,20.3680,58470000
2017-04-20,20.4340,20.6100,20.0153,20.1673,92241000
2017-04-21,20.1333,20.4267,20.0280,20.3733,67647000
2017-04-24,20.6147,20.7033,20.4013,20.5353,76252500
2017-04-25,20.5333,20.9320,20.3907,20.9193,101065500
2017-04-26,20.8247,20.9667,20.6000,20.6780,70425000
2017-04-27,20.7793,20.8727,20.5000,20.5753,52029000
2017-04-28,20.6553,20.9867,20.5333,20.9380,67582500
2017-05-01,20.9920,21.8167,20.9873,21.5220,132444000
2017-05-02,21.6000,21.8440,21.1040,21.2593,80742000
2017-05-03,21.1780,21.4353,20.6967,20.7347,107001000
2017-05-04,20.4960,20.5180,19.3840,19.6973,212280000
2017-05-05,19.8667,20.5700,19.7867,20.5567,122659500
2017-05-08,20.7267,20.9193,20.3880,20.4793,105097500
2017-05-09,20.6253,21.4660,20.6067,21.4173,145147500
2017-05-10,21.4373,21.7000,21.2080,21.6813,86124000
2017-05-11,21.5600,21.7333,21.3067,21.5400,71307000
2017-05-12,21.6987,21.8000,21.4353,21.6540,61824000
2017-05-15,21.2253,21.3467,20.8353,21.0587,114330000
2017-05-16,21.1727,21.3373,21.0093,21.1340,62287500
2017-05-17,20.9593,20.9753,20.3667,20.4073,100678500
2017-05-18,20.4667,20.9293,20.3540,20.8707,84807000
2017-05-19,21.0333,21.1000,20.6800,20.7220,70314000
2017-05-22,20.8533,20.9580,20.4533,20.6900,64938000
2017-05-23,20.6973,20.7153,20.2320,20.2573,64776000
2017-05-24,20.4340,20.7333,20.3600,20.6813,75499500
2017-05-25,20.7347,21.1313,20.5207,21.1220,75210000
2017-05-26,21.1520,21.6993,21.0873,21.6760,117033000
2017-05-30,21.7333,22.4187,21.7173,22.3400,116743500
2017-05-31,22.5127,22.8593,22.3440,22.7340,149451000
2017-06-01,22.9333,22.9920,22.4860,22.6913,114120000
2017-06-02,22.6513,22.8587,22.3953,22.6567,83853000
2017-06-05,22.5667,23.2293,22.2807,23.1547,101766000
2017-06-06,22.9800,23.9660,22.6647,23.5233,166302000
2017-06-07,23.7560,24.0333,23.6760,23.9767,140970000
2017-06-08,24.2500,24.7933,24.0147,24.6667,135922500
2017-06-09,24.9613,25.1247,23.6533,23.8213,258921000
2017-06-12,23.8660,24.3000,23.3747,23.9340,157765500
2017-06-13,24.5080,25.0667,24.4407,25.0633,177118500
2017-06-14,25.4060,25.6167,25.0873,25.3773,192276000
2017-06-15,24.8333,25.0307,24.4327,25.0227,156397500
2017-06-16,25.1987,25.2007,24.6733,24.7600,100965000
2017-06-19,25.0000,25.1133,24.5200,24.6533,98239500
2017-06-20,25.1113,25.2587,24.6487,24.8160,111580500
2017-06-21,24.9567,25.1327,24.5347,25.0933,73848000
2017-06-22,25.1993,25.6667,24.9047,25.5073,112947000
2017-06-23,25.4967,25.7993,25.2900,25.5633,96687000
2017-06-26,25.7793,25.7967,24.8733,25.1660,99061500
2017-06-27,25.0933,25.0933,24.1347,24.1580,104946000
2017-06-28,24.4453,24.7827,24.1680,24.7493,94537500
2017-06-29,24.7073,24.7333,23.6067,24.0500,123315000
2017-06-30,24.2473,24.4513,23.9747,24.1073,87727500
2017-07-03,24.6827,24.7567,23.4333,23.5080,94581000
2017-07-05,23.1467,23.1493,21.7553,21.8060,255700500
2017-07-06,21.1507,21.3860,20.4200,20.5887,289867500
2017-07-07,20.9000,21.1333,20.4920,20.8813,212653500
2017-07-10,20.8600,21.1960,20.2087,21.0700,207313500
2017-07-11,21.0667,21.8187,20.9533,21.8147,173391000
2017-07-12,22.0267,22.2067,21.6333,21.9680,155191500
2017-07-13,22.0073,22.1067,21.3313,21.5607,128917500
2017-07-14,21.5460,21.8947,21.4147,21.8520,84378000
2017-07-17,21.7027,21.8067,20.8967,21.3047,148153500
2017-07-18,21.1667,21.9420,21.0440,21.8827,95605500
2017-07-19,21.8820,22.1100,21.5480,21.6840,95355000
2017-07-20,21.7933,22.0147,21.6133,21.9947,77493000
2017-07-21,21.9640,22.0840,21.7200,21.8933,73524000
2017-07-24,22.0160,22.8933,22.0007,22.8347,129556500
2017-07-25,23.0000,23.0400,22.2767,22.6400,104838000
2017-07-26,22.6907,23.0333,22.5413,22.9233,72312000
2017-07-27,23.0667,23.1667,21.7527,22.2973,124536000
2017-07-28,22.4593,22.6400,22.1673,22.3380,73206000
2017-07-31,22.3667,22.7660,21.4027,21.5647,128026500
2017-08-01,21.5333,21.6300,21.0753,21.3047,124546500
2017-08-02,21.2627,21.8080,20.7480,21.7260,196372500
2017-08-03,23.0220,23.3333,22.8767,23.1393,203025000
2017-08-04,23.1333,23.8180,22.8867,23.7940,139033500
2017-08-07,23.8233,23.9653,23.5167,23.6780,94867500
2017-08-08,23.8353,24.5720,23.8267,24.3480,111747000
2017-08-09,24.0667,24.6667,23.9300,24.2353,103381500
2017-08-10,24.1067,24.4433,23.6440,23.6933,106393500
2017-08-11,23.7980,24.0840,23.5747,23.8580,65487000
2017-08-14,24.3087,24.5107,24.1733,24.2533,67788000
2017-08-15,24.3467,24.3660,23.9580,24.1553,46276500
2017-08-16,24.2000,24.4333,24.1680,24.1940,51207000
2017-08-17,24.0807,24.2200,23.4393,23.4613,75415500
2017-08-18,23.5273,23.6000,23.0533,23.1640,81123000
2017-08-21,23.0547,23.0547,22.1233,22.5240,97431000
2017-08-22,22.7420,22.8160,22.4913,22.7567,64830000
2017-08-23,22.5993,23.5660,22.5533,23.5180,74317500
2017-08-24,23.5013,23.7773,23.3160,23.5287,68770500
2017-08-25,23.6160,23.7127,23.1533,23.2033,52260000
2017-08-28,23.1520,23.1567,22.6480,23.0440,56460000
2017-08-29,22.6320,23.2700,22.5833,23.1573,61105500
2017-08-30,23.3113,23.5647,23.1333,23.5453,51193500
2017-08-31,23.5700,23.8960,23.5213,23.7267,61092000
2017-09-01,23.7413,23.8393,23.5793,23.6933,45742500
2017-09-05,23.5867,23.6993,23.0593,23.3060,57526500
2017-09-06,23.3000,23.3987,22.7707,22.9687,61371000
2017-09-07,23.0653,23.4987,22.8967,23.3740,63588000
2017-09-08,23.2660,23.3187,22.8200,22.8933,48952500
2017-09-11,23.4233,24.2473,23.3333,24.2460,115006500
2017-09-12,24.2993,24.5840,24.0267,24.1833,89593500
2017-09-13,24.2547,24.5380,23.9727,24.4153,62778000
2017-09-14,24.2887,25.1973,24.1753,25.1760,108037500
2017-09-15,24.9673,25.3333,24.8467,25.3207,81307500
2017-09-18,25.3500,25.9740,25.1787,25.6667,107820000
2017-09-19,25.3333,25.4927,24.9047,25.0067,96778500
2017-09-20,24.8667,25.2167,24.7380,24.9273,73786500
2017-09-21,24.9933,25.1220,24.3007,24.4320,69273000
2017-09-22,24.4327,24.6600,23.3920,23.4060,122391000
2017-09-25,23.5433,23.8313,22.8587,22.9993,114088500
2017-09-26,23.3953,23.4160,22.7267,23.0167,107344500
2017-09-27,23.3267,23.4327,22.7000,22.7313,90904500
2017-09-28,22.6587,22.8500,22.3600,22.6400,79794000
2017-09-29,22.7907,22.9787,22.5733,22.7400,76606500
2017-10-02,22.8347,22.9133,22.3673,22.7687,79302000
2017-10-03,22.3933,23.2367,22.0853,23.2093,152304000
2017-10-04,23.4167,23.9080,23.3067,23.6673,122452500
2017-10-05,23.7333,23.8293,23.4233,23.6887,62575500
2017-10-06,23.5400,24.0067,23.4833,23.7920,64462500
2017-10-09,23.3100,23.4500,22.8447,22.8627,112405500
2017-10-10,23.1200,23.7087,23.0353,23.7060,104677500
2017-10-11,23.5927,23.8400,23.4100,23.6400,67512000
2017-10-12,23.5300,23.9853,23.5093,23.7120,61305000
2017-10-13,23.7987,23.8993,23.5787,23.7047,53107500
2017-10-16,23.5840,23.6320,23.1440,23.3733,80632500
2017-10-17,23.3940,23.7480,23.3380,23.7167,49399500
2017-10-18,23.7313,24.2000,23.6087,23.9767,74086500
2017-10-19,23.7040,23.8100,23.2133,23.4540,75927000
2017-10-20,23.5127,23.6367,22.9560,23.0067,73956000
2017-10-23,23.3253,23.3300,22.4167,22.4680,86209500
2017-10-24,22.5867,22.8533,22.4107,22.4893,67375500
2017-10-25,22.4467,22.5000,21.5707,21.7227,128911500
2017-10-26,21.8520,22.0153,21.5467,21.7447,75352500
2017-10-27,21.3167,21.6393,21.1107,21.3913,104695500
2017-10-30,21.2787,21.5853,21.1500,21.3387,63816000
2017-10-31,21.3487,22.1300,21.3453,22.1020,85084500
2017-11-01,22.1500,22.1740,21.3507,21.4053,126859500
2017-11-02,20.0087,20.5793,19.5087,19.9507,296871000
2017-11-03,19.9667,20.4167,19.6753,20.4060,133410000
2017-11-06,20.4667,20.5000,19.9340,20.1853,97290000
2017-11-07,20.0680,20.4333,20.0020,20.4033,79414500
2017-11-08,20.3667,20.4593,20.0867,20.2927,70879500
2017-11-09,20.1667,20.2973,19.7533,20.1993,81706500
2017-11-10,20.1667,20.5573,20.1233,20.1993,69381000
2017-11-13,20.0087,21.1200,19.9407,21.0267,113773500
2017-11-14,21.0000,21.0900,20.4600,20.5800,85141500
2017-11-15,20.4007,20.8327,20.1000,20.7533,89680500
2017-11-16,20.9327,21.2093,20.7533,20.8333,87331500
2017-11-17,21.7113,21.7780,20.8767,21.0033,206026500
2017-11-20,20.9193,21.0333,20.3167,20.5827,123715500
2017-11-21,20.7240,21.2153,20.5807,21.1873,108919500
2017-11-22,21.1180,21.1613,20.7893,20.8400,73764000
2017-11-24,20.9193,21.0940,20.7333,21.0367,48661500
2017-11-27,20.8833,21.1560,20.6340,21.1207,68338500
2017-11-28,21.0907,21.3333,20.9280,21.1700,74242500
2017-11-29,21.1533,21.2000,20.0820,20.5027,131511000
2017-11-30,20.5707,20.7133,20.3027,20.5900,65274000
2017-12-01,20.3627,20.6880,20.3367,20.4353,64393500
2017-12-04,20.4333,20.5513,20.0407,20.3467,87526500
2017-12-05,20.1333,20.5333,20.0667,20.2467,69697500
2017-12-06,20.0067,20.8927,20.0000,20.8840,107929500
2017-12-07,20.8000,21.2420,20.7367,20.7493,71709000
2017-12-08,20.9733,21.1320,20.7507,21.0087,52027500
2017-12-11,20.9753,21.9340,20.9167,21.9273,119070000
2017-12-12,22.0300,22.7627,22.0020,22.7353,130998000
2017-12-13,22.7287,22.9480,22.4333,22.6020,93322500
2017-12-14,22.7340,23.1627,22.4600,22.5260,86998500
2017-12-15,22.8027,22.9267,22.3840,22.8967,103998000
2017-12-18,22.9933,23.1153,22.5053,22.5913,82143000
2017-12-19,22.6840,22.7660,22.0200,22.0733,102375000
2017-12-20,22.1793,22.2067,21.6693,21.9320,89307000
2017-12-21,21.9727,22.2493,21.8140,22.1107,65778000
2017-12-22,21.9673,22.0613,21.6547,21.6800,63237000
2017-12-26,21.5887,21.5960,21.1053,21.1527,65676000
2017-12-27,21.0667,21.1787,20.7167,20.7760,70681500
2017-12-28,20.7833,21.0547,20.6360,21.0240,64744500
2017-12-29,21.0787,21.0940,20.6667,20.7567,56658000
2018-01-02,20.8000,21.4740,20.7333,21.3687,65283000
2018-01-03,21.4000,21.6833,21.0367,21.1500,67822500
2018-01-04,20.8580,21.2367,20.3787,20.9747,149194500
2018-01-05,21.1080,21.1493,20.8000,21.1053,68868000
2018-01-08,21.0667,22.4680,21.0333,22.4273,147891000
2018-01-09,22.3440,22.5867,21.8267,22.2460,107199000
2018-01-10,22.1467,22.4667,22.0000,22.3200,64648500
2018-01-11,22.3493,22.9873,22.2173,22.5300,99682500
2018-01-12,22.5753,22.6940,22.2447,22.4147,72376500
2018-01-16,22.5027,23.0000,22.3200,22.6707,97114500
2018-01-17,22.6980,23.2667,22.6500,23.1440,106552500
2018-01-18,23.0447,23.4867,22.9160,22.9713,85287000
2018-01-19,23.0000,23.3727,22.8400,23.3347,73324500
2018-01-22,23.2933,23.8553,23.2800,23.4373,93156000
2018-01-23,24.0000,24.0333,23.4000,23.5193,81981000
2018-01-24,23.6387,23.6500,22.9013,23.0593,79312500
2018-01-25,23.2180,23.2800,22.4267,22.5093,101104500
2018-01-26,22.7667,22.9333,22.3807,22.8567,68091000
2018-01-29,22.6567,23.3900,22.5520,23.3020,71206500
2018-01-30,23.0093,23.2180,22.8113,23.0547,70765500
2018-01-31,23.1673,23.7460,23.0127,23.6207,93211500
2018-02-01,23.4000,23.9773,23.2420,23.2833,62965500
2018-02-02,23.2293,23.4633,22.7007,22.9167,55572000
2018-02-05,22.5313,22.9647,22.2000,22.2087,66961500
2018-02-06,21.6807,22.4147,21.5667,22.2647,76326000
2018-02-07,22.5993,23.0667,22.3773,23.0000,104538000
2018-02-08,22.8873,23.2413,20.9733,21.0153,154719000
2018-02-09,21.3287,21.3987,19.6507,20.6947,194005500
2018-02-12,21.0753,21.2053,20.4167,21.0487,93417000
2018-02-13,21.0013,21.6127,20.8340,21.5773,68403000
2018-02-14,21.3893,21.7447,21.2347,21.4873,59260500
2018-02-15,21.6333,22.2747,21.4933,22.2713,88693500
2018-02-16,22.1667,22.8747,22.1093,22.3660,84639000
2018-02-20,22.2980,22.7227,22.1000,22.3180,60141000
2018-02-21,22.4020,22.6460,22.2113,22.2200,48294000
2018-02-22,22.3687,23.1627,22.3167,23.0780,104547000
2018-02-23,23.1887,23.6660,23.1400,23.4700,87261000
2018-02-26,23.5667,23.9333,23.4907,23.8280,65100000
2018-02-27,23.7500,23.9993,23.3340,23.3993,71961000
2018-02-28,23.5047,23.6827,22.8147,22.8707,91045500
2018-03-01,23.0007,23.2447,22.0047,22.0620,103284000
2018-03-02,21.7987,22.3480,21.5313,22.3413,76392000
2018-03-05,22.1593,22.5167,21.9527,22.2233,57357000
2018-03-06,22.2500,22.4247,21.8020,21.8800,64285500
2018-03-07,21.6960,22.1667,21.4493,22.1533,75109500
2018-03-08,22.1907,22.2200,21.7513,21.9400,53493000
2018-03-09,21.6067,21.8993,21.4913,21.8113,82602000
2018-03-12,21.9073,23.1473,21.7667,23.0340,123960000
2018-03-13,21.9073,23.1473,21.7667,22.7893,89487000
2018-03-14,22.4507,22.6540,21.5953,21.7753,119511000
2018-03-15,21.9587,22.1900,21.4067,21.7067,98472000
2018-03-16,21.5287,21.8267,21.2713,21.4233,91759500
2018-03-19,21.1000,21.3833,20.6447,20.9040,112264500
2018-03-20,20.9913,21.0833,20.5840,20.7033,71464500
2018-03-21,20.6833,21.4960,20.6793,21.1020,89376000
2018-03-22,20.9260,21.2547,20.5453,20.6067,74097000
2018-03-23,20.7500,20.7500,20.0300,20.1027,99823500
2018-03-26,20.4893,20.5060,19.4240,20.2787,125628000
2018-03-27,20.2667,20.2847,18.4787,18.6120,208080000
2018-03-28,17.6387,17.9120,16.8067,17.1853,315021000
2018-03-29,17.0993,18.0640,16.5473,17.7420,227560500
2018-04-02,17.0840,17.3553,16.3060,16.8320,241710000
2018-04-03,17.9880,18.2233,16.9660,17.8353,282666000
2018-04-04,16.8520,19.2247,16.8000,19.1293,298450500
2018-04-05,19.2893,20.4173,19.2133,20.3813,286816500
2018-04-06,20.0667,20.6187,19.7000,19.9533,202804500
2018-04-09,20.0247,20.6333,19.2807,19.3107,153747000
2018-04-10,19.9313,20.4733,19.5787,20.3133,164847000
2018-04-11,20.0493,20.5987,19.9773,20.0620,112243500
2018-04-12,20.1547,20.2633,19.5787,19.6053,114132000
2018-04-13,20.2400,20.2633,19.7320,20.0227,109908000
2018-04-16,19.9333,19.9773,19.2673,19.4140,95077500
2018-04-17,19.2580,19.4780,18.8340,19.1793,105000000
2018-04-18,19.4053,20.0160,19.2107,19.5567,98365500
2018-04-19,19.4053,20.0673,19.2367,20.0053,91359000
2018-04-20,19.6780,19.9987,19.3167,19.3493,84418500
2018-04-23,19.4193,19.4413,18.8220,18.8913,73401000
2018-04-24,19.0000,19.1393,18.5640,18.8973,85279500
2018-04-25,18.9000,19.0107,18.4833,18.7127,60204000
2018-04-26,18.5833,19.0527,18.4333,19.0320,65340000
2018-04-27,19.0247,19.6313,18.9220,19.6053,65469000
2018-04-30,19.5740,19.9153,19.5000,19.5933,63423000
2018-05-01,19.5673,20.0547,19.5480,19.9947,69384000
2018-05-02,19.9047,20.4567,19.8520,20.0767,134556000
2018-05-03,18.5860,19.2027,18.3487,18.9633,260281500
2018-05-04,18.8667,19.7907,18.6347,19.6060,128541000
2018-05-07,19.8333,20.3973,19.6780,20.1847,130173000
2018-05-08,20.0533,20.5167,19.9333,20.1313,88950000
2018-05-09,20.0273,20.4673,20.0033,20.4567,85911000
2018-05-10,20.5000,20.8660,20.2740,20.3347,84774000
2018-05-11,20.5133,20.5920,19.9387,20.0707,70194000
2018-05-14,20.2213,20.3293,19.4413,19.4647,109302000
2018-05-15,19.0007,19.1307,18.7000,18.9453,142788000
2018-05-16,18.9220,19.2540,18.7707,19.0987,85110000
2018-05-17,19.0600,19.2793,18.9313,18.9693,66309000
2018-05-18,18.9767,18.9767,18.2667,18.4547,108778500
2018-05-21,18.7553,19.4327,18.7533,18.9660,137739000
2018-05-22,19.1840,19.2000,18.2280,18.3340,134187000
2018-05-23,18.5173,18.6607,18.2667,18.6047,89776500
2018-05-24,18.5600,18.7407,18.3260,18.5233,62650500
2018-05-25,18.5087,18.6427,18.3740,18.5900,58126500
2018-05-29,18.5673,19.1000,18.4100,18.9173,84999000
2018-05-30,18.8860,19.6673,18.7733,19.4480,112345500
2018-05-31,19.1473,19.3580,18.8620,18.9820,88795500
2018-06-01,19.0573,19.4633,18.9227,19.4547,81366000
2018-06-04,19.6227,19.9333,19.5700,19.7827,71967000
2018-06-05,19.8467,19.8533,19.1160,19.4087,89928000
2018-06-06,20.0333,21.4780,19.8320,21.3000,281509500
2018-06-07,21.0767,22.0000,20.9053,21.0727,215179500
2018-06-08,21.2667,21.6320,21.1433,21.1773,123078000
2018-06-11,21.5007,22.3107,21.5000,22.1400,197752500
2018-06-12,22.9800,23.6647,22.5333,22.8513,335211000
2018-06-13,23.1140,23.1467,22.6533,22.9853,142047000
2018-06-14,23.1753,23.9167,23.1067,23.8480,164715000
2018-06-15,23.5893,24.3113,23.4167,23.8780,162724500
2018-06-18,23.6933,24.9153,23.6333,24.7220,181098000
2018-06-19,24.3440,24.6667,23.0833,23.5033,191428500
2018-06-20,23.8693,24.2920,23.4667,24.1480,125755500
2018-06-21,24.1333,24.4140,23.0847,23.1673,119506500
2018-06-22,23.4360,23.4833,22.1333,22.2420,153991500
2018-06-25,22.0080,22.5647,21.8333,22.2007,103969500
2018-06-26,22.4033,22.9033,21.7200,22.8000,111787500
2018-06-27,23.0000,23.3860,22.6333,22.9667,125005500
2018-06-28,23.2440,23.8013,23.0740,23.3287,125970000
2018-06-29,23.5553,23.5907,22.8273,22.8633,97386000
2018-07-02,24.0047,24.3187,21.9900,22.3380,281397000
2018-07-03,22.1167,22.1660,20.6460,20.7240,184239000
2018-07-05,20.9173,20.9593,19.7480,20.6107,262146000
2018-07-06,20.3300,20.8047,20.1333,20.5933,132982500
2018-07-09,20.7993,21.2347,20.5333,21.2340,113952000
2018-07-10,21.6373,21.8453,21.2800,21.4980,142072500
2018-07-11,21.0533,21.4627,21.0047,21.2640,73261500
2018-07-12,21.4287,21.5487,20.8513,21.1140,85818000
2018-07-13,21.0387,21.3053,20.6167,21.2580,88047000
2018-07-16,20.7807,21.0107,20.4167,20.6733,117280500
2018-07-17,20.5873,21.6493,20.5667,21.5127,104943000
2018-07-18,21.6667,21.7000,21.0833,21.5900,84363000
2018-07-19,21.0887,21.5693,20.9340,21.3487,88729500
2018-07-20,21.4153,21.5493,20.7807,20.9053,77433000
2018-07-23,20.1227,20.3667,19.5240,20.2133,164893500
2018-07-24,20.2947,20.5147,19.5033,19.8287,143862000
2018-07-25,19.7827,20.6413,19.6333,20.5827,106131000
2018-07-26,20.3233,20.7133,20.2427,20.4433,69457500
2018-07-27,20.4833,20.5127,19.6893,19.8120,85549500
2018-07-30,19.7267,19.7400,19.0753,19.3447,102211500
2018-07-31,19.4833,19.8880,19.2713,19.8760,76153500
2018-08-01,19.8660,20.2000,19.5333,20.0560,151941000
2018-08-02,21.8960,23.3327,21.5440,23.3027,348225000
2018-08-03,23.1873,23.6667,22.8353,23.2113,204847500
2018-08-06,23.0307,23.6653,22.7880,22.7993,128464500
2018-08-07,22.9227,25.8307,22.6100,25.3047,463137000
2018-08-08,24.6060,25.5093,24.4747,24.6893,368568000
2018-08-09,24.3700,24.4673,23.0487,23.4967,257757000
2018-08-10,23.6000,24.0000,23.0667,23.6993,173280000
2018-08-13,24.0753,24.2127,23.2680,23.7607,156958500
2018-08-14,23.8967,23.9467,23.1400,23.1760,104796000
2018-08-15,22.7940,22.9660,22.1427,22.5793,136519500
2018-08-16,22.6607,22.8187,22.2547,22.3633,90960000
2018-08-17,21.5667,21.7847,20.2353,20.3667,284379000
2018-08-20,19.4467,20.5667,19.2133,20.5627,261034500
2018-08-21,20.7073,21.6527,20.6000,21.4600,197583000
2018-08-22,21.3913,21.5920,20.9780,21.4427,89190000
2018-08-23,21.2760,21.8213,21.2067,21.3400,77209500
2018-08-24,21.3800,21.5900,21.2933,21.5213,54039000
2018-08-27,21.2000,21.4960,20.5873,21.2847,196189500
2018-08-28,21.2273,21.2587,20.7460,20.7907,114736500
2018-08-29,20.6847,20.7900,20.2460,20.3340,111711000
2018-08-30,20.1507,20.3067,19.8480,20.2100,108250500
2018-08-31,20.1333,20.3540,19.9067,20.1107,80626500
2018-09-04,19.7960,19.8793,19.2000,19.2633,125257500
2018-09-05,19.0033,19.1187,18.4787,18.7160,115812000
2018-09-06,18.9867,19.4113,18.5920,18.7300,112212000
2018-09-07,17.3400,17.8900,16.8167,17.5493,337378500
2018-09-10,18.2173,19.0687,18.0667,19.0333,214252500
2018-09-11,18.6313,18.8000,18.2367,18.6293,137550000
2018-09-12,18.7627,19.5000,18.5767,19.3693,150231000
2018-09-13,19.2013,19.6667,19.0120,19.2973,95104500
2018-09-14,19.2507,19.8220,19.1013,19.6800,101484000
2018-09-17,19.3360,20.0580,19.2087,19.6560,103314000
2018-09-18,19.7793,20.1760,18.3667,18.9973,248212500
2018-09-19,18.7007,20.0000,18.7000,19.9347,124423500
2018-09-20,20.2373,20.3987,19.5553,19.8887,110241000
2018-09-21,19.8467,20.0387,19.6913,19.9400,75757500
2018-09-24,19.8987,20.2000,19.5720,19.9787,72645000
2018-09-25,20.0000,20.3067,19.7667,20.0660,67225500
2018-09-26,20.1273,20.9260,20.0740,20.6387,117648000
2018-09-27,20.8600,20.9973,20.4607,20.5013,127636500
2018-09-28,18.0173,18.5333,17.3707,17.6513,504745500
2018-10-01,20.3847,20.7627,20.0700,20.7133,326664000
2018-10-02,20.9300,21.1227,19.9433,20.0680,176152500
2018-10-03,20.2220,20.3067,19.4380,19.6533,119925000
2018-10-04,19.5967,19.6000,18.5113,18.7887,147213000
2018-10-05,18.3100,18.3253,17.3333,17.4633,269167500
2018-10-08,17.6347,17.8507,16.6000,16.7040,202090500
2018-10-09,17.0167,17.7847,16.8867,17.5200,180909000
2018-10-10,17.6407,17.7007,16.5180,17.1253,192229500
2018-10-11,17.1687,17.4833,16.6020,16.8153,122515500
2018-10-12,17.4000,17.4660,16.8007,17.2520,108021000
2018-10-15,17.2707,17.5520,16.9693,17.3060,93000000
2018-10-16,17.7133,18.4920,17.4827,18.4393,142896000
2018-10-17,18.8267,18.8467,17.7200,18.1187,129832500
2018-10-18,17.9527,18.0667,17.5333,17.5940,81318000
2018-10-19,17.8260,17.9773,16.9000,17.3333,140632500
2018-10-22,17.3787,17.4573,16.8393,17.3967,84004500
2018-10-23,17.5913,19.8620,17.4733,19.6093,285417000
2018-10-24,20.0700,20.2960,19.0487,19.2333,300874500
2018-10-25,21.1480,21.4000,20.0673,20.9907,312610500
2018-10-26,20.5500,22.6600,20.4433,22.0600,411382500
2018-10-29,22.4980,23.1440,21.7667,22.3233,217290000
2018-10-30,21.8927,22.5267,21.4840,21.9933,136900500
2018-10-31,22.1693,22.8000,21.9400,22.4880,114364500
2018-11-01,22.5507,23.1893,22.3153,22.9520,120001500
2018-11-02,22.9160,23.2800,22.7273,23.0940,117120000
2018-11-05,22.7000,22.9307,22.0093,22.7600,117465000
2018-11-06,22.6047,23.2533,22.4060,22.7373,101443500
2018-11-07,22.8893,23.4120,22.7200,23.2107,110617500
2018-11-08,23.2333,23.8387,23.2293,23.4267,106360500
2018-11-09,23.2667,23.6000,23.0153,23.3673,76482000
2018-11-12,23.2247,23.3187,22.0227,22.0853,104122500
2018-11-13,22.2107,22.9800,22.1467,22.5820,81729000
2018-11-14,22.8467,23.1407,22.4767,22.9333,75604500
2018-11-15,22.8220,23.2387,22.6027,23.2293,69385500
2018-11-16,23.0127,23.7133,23.0080,23.6207,108093000
2018-11-19,23.7560,24.4500,23.5253,23.5647,145633500
2018-11-20,22.7833,23.3200,22.2367,23.1660,120070500
2018-11-21,23.4667,23.5400,22.4933,22.5460,70302000
2018-11-23,22.2900,22.5000,21.7033,21.7220,63039000
2018-11-26,21.6667,23.0813,21.6667,23.0667,119881500
2018-11-27,22.6700,23.1307,22.3667,22.9280,95374500
2018-11-28,23.0660,23.2187,22.8140,23.1913,61914000
2018-11-29,23.1333,23.1667,22.6367,22.7447,46210500
2018-11-30,22.7887,23.4400,22.5507,23.3653,84436500
2018-12-03,24.0000,24.4000,23.4667,23.8993,124597500
2018-12-04,23.7367,24.5787,23.4667,23.9800,126928500
2018-12-06,23.7340,24.4920,23.3840,24.2040,117637500
2018-12-07,24.6000,25.2993,23.8433,23.8647,172668000
2018-12-10,24.0000,24.3987,23.5413,24.3433,99202500
2018-12-11,24.6607,24.8113,24.0153,24.4507,94632000
2018-12-12,24.6280,24.7940,24.3440,24.4400,75405000
2018-12-13,24.6767,25.1627,24.4500,25.1193,110488500
2018-12-14,25.0000,25.1913,24.2887,24.3807,95064000
2018-12-17,24.1333,24.3800,22.9253,23.2280,115110000
2018-12-18,23.3693,23.4367,22.2460,22.4687,106500000
2018-12-19,22.5067,23.1340,21.9827,22.1980,124113000
2018-12-20,21.8033,22.0193,20.7913,21.0253,136078500
2018-12-21,21.1600,21.5647,20.8293,21.3180,120252000
2018-12-24,20.9000,20.9667,19.6800,19.6927,83398500
2018-12-26,20.0000,21.7980,19.6060,21.7393,122446500
2018-12-27,21.3227,21.4780,20.1000,21.0753,128626500
2018-12-28,21.5400,22.4160,21.2273,22.2580,149085000
2018-12-31,22.5193,22.6140,21.6840,22.1867,94534500
2019-01-02,20.4067,21.0087,19.9200,20.6747,174879000
2019-01-03,20.4667,20.6267,19.8253,20.0240,104478000
2019-01-04,20.4000,21.2000,20.1820,21.1793,110911500
2019-01-07,21.4480,22.4493,21.1833,22.3307,113268000
2019-01-08,22.7973,22.9340,21.8013,22.3567,105127500
2019-01-09,22.3667,22.9000,22.0980,22.5687,81493500
2019-01-10,22.2933,23.0260,22.1193,22.9980,90846000
2019-01-11,22.8060,23.2273,22.5847,23.1507,75586500
2019-01-14,22.8253,22.8333,22.2667,22.2933,78709500
2019-01-15,22.3333,23.2533,22.3000,22.9620,90849000
2019-01-16,22.9853,23.4667,22.9000,23.0700,70375500
2019-01-17,23.0807,23.4333,22.9433,23.1540,55150500
2019-01-18,21.5333,21.8087,19.9820,20.1507,362262000
2019-01-22,20.3213,20.5333,19.7000,19.9280,181000500
2019-01-23,19.5000,19.6333,18.7793,19.1727,187950000
2019-01-24,18.8687,19.5787,18.6187,19.4340,120183000
2019-01-25,19.6260,19.9013,19.3033,19.8027,108744000
2019-01-28,19.5273,19.8307,19.1833,19.7587,96349500
2019-01-29,19.6847,19.9040,19.4533,19.8307,69325500
2019-01-30,20.0300,20.6000,19.8993,20.5847,168754500
2019-01-31,20.0667,20.7707,19.6000,20.4680,188538000
2019-02-01,20.3613,21.0733,20.2333,20.8140,109251000
2019-02-04,20.8653,21.0200,20.1253,20.8593,110281500
2019-02-05,20.8327,21.4960,20.8167,21.4233,101142000
2019-02-06,21.3060,21.6160,21.0413,21.1480,75577500
2019-02-07,20.8867,20.9800,20.2000,20.5007,97809000
2019-02-08,20.4553,20.4967,19.9000,20.3867,87663000
2019-02-11,20.7733,21.2400,20.7000,20.8560,106945500
2019-02-12,21.0800,21.2127,20.6413,20.7873,82764000
2019-02-13,20.8233,20.8500,20.3713,20.5447,77124000
2019-02-14,20.2253,20.4513,20.0667,20.2513,78012000
2019-02-15,20.3000,20.5333,20.2600,20.5253,58573500
2019-02-19,20.4373,20.7693,20.3647,20.3760,62526000
2019-02-20,20.2940,20.4200,19.9333,20.1707,107131500
2019-02-21,20.1207,20.2160,19.3667,19.4153,133638000
2019-02-22,19.6327,19.7667,19.4733,19.6473,86109000
2019-02-25,19.8607,20.1933,19.8000,19.9180,99397500
2019-02-26,19.4813,20.1340,19.2513,19.8573,128737500
2019-02-27,20.1187,21.0867,20.0367,20.9827,167758500
2019-02-28,21.2613,21.3333,20.7207,21.3253,157810500
2019-03-01,20.4627,20.4753,19.4600,19.6527,343671000
2019-03-04,19.8747,19.9333,18.8520,19.0240,256452000
2019-03-05,18.8000,18.9333,18.0067,18.4360,281470500
2019-03-06,18.4320,18.7673,18.2927,18.4160,155032500
2019-03-07,18.5893,18.9800,18.2833,18.4393,141637500
2019-03-08,18.4607,19.0393,18.3927,18.9427,132294000
2019-03-11,18.9013,19.4187,18.7000,19.3947,110884500
2019-03-12,19.0993,19.2047,18.7373,18.8907,112561500
2019-03-13,18.9267,19.4660,18.8467,19.2640,102670500
2019-03-14,19.4967,19.6927,19.2193,19.3307,106551000
2019-03-15,18.9007,18.9147,18.2933,18.3620,221782500
2019-03-18,18.4000,18.5367,17.8200,17.9660,154215000
2019-03-19,17.8333,18.2200,17.5640,17.8313,177009000
2019-03-20,17.9793,18.3313,17.7533,18.2400,103623000
2019-03-21,18.1733,18.4300,17.8967,18.2680,89206500
2019-03-22,18.1720,18.1867,17.6000,17.6353,131184000
2019-03-25,17.3140,17.5453,16.9640,17.3613,153225000
2019-03-26,17.6293,18.0173,17.6287,17.8513,110263500
2019-03-27,17.9167,18.3580,17.8787,18.3220,131688000
2019-03-28,18.4773,18.6887,18.3400,18.5747,101611500
2019-03-29,18.5800,18.6773,18.3000,18.6573,89869500
2019-04-01,18.8413,19.2800,18.7520,19.2787,121656000
2019-04-02,19.2200,19.2960,18.9253,19.0587,82183500
2019-04-03,19.1547,19.7447,19.1447,19.4540,118791000
2019-04-04,17.4593,18.0800,17.3727,17.8520,355810500
2019-04-05,17.9907,18.4067,17.7407,18.3307,195574500
2019-04-08,18.5127,18.7440,18.0293,18.2133,156156000
2019-04-09,18.1100,18.3333,17.9740,18.1540,88560000
2019-04-10,18.4493,18.5587,18.1927,18.4040,105919500
2019-04-11,17.8867,18.0333,17.7067,17.8947,147538500
2019-04-12,18.0147,18.1300,17.7887,17.8467,101190000
2019-04-15,17.9087,17.9253,17.2420,17.7587,150579000
2019-04-16,17.7167,18.3333,17.6480,18.2240,109093500
2019-04-17,18.3167,18.3193,17.9027,18.0820,76897500
2019-04-18,18.0820,18.3227,17.9833,18.2173,88144500
2019-04-22,17.9333,17.9787,17.4987,17.5167,182206500
2019-04-23,17.3433,17.7067,17.0500,17.5933,164158500
2019-04-24,17.5900,17.6880,17.2000,17.2440,160912500
2019-04-25,17.0000,17.2667,16.4047,16.5087,327741000
2019-04-26,16.4333,16.4453,15.4087,15.6760,335410500
2019-04-29,15.7240,16.2653,15.4780,16.0980,250717500
2019-04-30,16.1373,16.2807,15.8000,15.9127,141969000
2019-05-01,15.9233,16.0000,15.4333,15.6007,160566000
2019-05-02,16.3680,16.4753,15.8480,16.2733,272389500
2019-05-03,16.2573,17.1073,16.2327,17.0020,355602000
2019-05-06,16.6680,17.2233,16.5667,17.0227,162508500
2019-05-07,17.1200,17.1473,16.3400,16.4707,151971000
2019-05-08,16.4627,16.7067,16.2800,16.3227,92646000
2019-05-09,16.1333,16.2453,15.7960,16.1320,100671000
2019-05-10,15.9833,16.1327,15.7347,15.9680,105124500
2019-05-13,15.4673,15.4980,14.9667,15.1340,162522000
2019-05-14,15.2867,15.6333,15.2000,15.4873,108786000
2019-05-15,15.2880,15.4960,15.0167,15.4633,109440000
2019-05-16,15.2993,15.4000,15.1000,15.2220,112249500
2019-05-17,14.7973,14.8160,13.9280,14.0687,266800500
2019-05-20,13.5200,13.7333,13.0167,13.6907,307893000
2019-05-21,13.1840,13.8267,13.0693,13.6720,270058500
2019-05-22,13.2733,13.5960,12.7853,12.8487,280278000
2019-05-23,12.9560,13.2980,12.4147,13.0327,398206500
2019-05-24,13.3220,13.3320,12.5833,12.7087,212049000
2019-05-28,12.7467,13.0000,12.5233,12.5800,154693500
2019-05-29,12.4733,12.8260,12.3360,12.6573,179529000
2019-05-30,12.5833,12.8173,12.4680,12.5480,118897500
2019-05-31,12.3400,12.6613,12.2733,12.3440,156100500
2019-06-03,12.3673,12.4453,11.7993,11.9313,195966000
2019-06-04,12.0733,12.9320,11.9740,12.9067,207112500
2019-06-05,13.2453,13.4187,12.7900,13.1060,202662000
2019-06-06,13.6293,14.0667,13.4533,13.7300,303633000
2019-06-07,13.6667,14.0560,13.5667,13.6333,240052500
2019-06-10,14.0167,14.4627,13.9340,14.1920,158775000
2019-06-11,14.6093,14.7267,14.2333,14.4733,174802500
2019-06-12,14.8633,14.8920,13.9333,13.9507,227962500
2019-06-13,14.0253,14.3267,13.8340,14.2607,122524500
2019-06-14,14.0833,14.4433,14.0267,14.3280,111501000
2019-06-17,14.3653,15.1333,14.2847,15.0020,184752000
2019-06-18,15.2480,15.6493,14.8373,14.9827,190737000
2019-06-19,15.0073,15.1847,14.7373,15.0953,98626500
2019-06-20,14.8667,15.1267,14.4233,14.6413,177952500
2019-06-21,14.4147,14.8120,14.3667,14.7907,123031500
2019-06-24,14.8827,15.0573,14.7347,14.9093,86262000
2019-06-25,14.9593,15.0227,14.6327,14.6507,92731500
2019-06-26,14.6873,15.1487,14.5400,14.6180,127608000
2019-06-27,14.6300,14.8600,14.4900,14.8560,95095500
2019-06-28,14.7327,15.0113,14.7200,14.8973,102771000
2019-07-01,15.3473,15.5400,15.0853,15.1447,123201000
2019-07-02,15.2593,15.2767,14.8147,14.9700,138885000
2019-07-03,15.9593,16.1047,15.6340,15.6600,213016500
2019-07-05,15.6380,15.6967,15.3867,15.5400,105985500
2019-07-08,15.4160,15.4833,15.2440,15.3560,88207500
2019-07-09,15.2647,15.4000,15.1520,15.3373,92862000
2019-07-10,15.6100,15.9293,15.5427,15.9280,137185500
2019-07-11,15.8760,16.1000,15.7200,15.9067,112716000
2019-07-12,15.9833,16.3587,15.9807,16.3387,138007500
2019-07-15,16.5333,16.9613,16.3240,16.9000,165001500
2019-07-16,16.6200,16.9020,16.5287,16.8253,122235000
2019-07-17,17.0447,17.2207,16.8900,16.9907,146470500
2019-07-18,17.0033,17.0500,16.7927,16.9027,71379000
2019-07-19,17.0460,17.3307,16.9747,17.2120,105726000
2019-07-22,17.2500,17.4767,16.9460,17.0453,102636000
2019-07-23,17.1140,17.3653,16.9667,17.3447,75346500
2019-07-24,17.2780,17.7380,17.2107,17.6587,166092000
2019-07-25,15.5667,15.6333,15.0367,15.2547,336274500
2019-07-26,15.1280,15.3507,14.8167,15.2027,150415500
2019-07-29,15.1393,15.7293,15.0687,15.7180,139099500
2019-07-30,15.5267,16.2240,15.4787,16.1507,121635000
2019-07-31,16.2000,16.4453,15.7767,16.1073,137673000
2019-08-01,16.1767,16.3007,15.4513,15.5900,123892500
2019-08-02,15.4233,15.7513,15.2820,15.6227,92047500
2019-08-05,15.3067,15.4247,15.0520,15.2213,105424500
2019-08-06,15.4587,15.5000,15.0500,15.3833,83463000
2019-08-07,15.1000,15.5713,15.0533,15.5613,71647500
2019-08-08,15.6300,15.9867,15.5100,15.8867,79114500
2019-08-09,15.7367,15.9307,15.5873,15.6673,58473000
2019-08-12,15.5327,15.7180,15.2500,15.2673,69958500
2019-08-13,15.2540,15.7333,15.1700,15.6667,72721500
2019-08-14,15.4140,15.4333,14.4460,14.6413,143439000
2019-08-15,14.7240,14.7707,14.1033,14.3760,122394000
2019-08-16,14.4440,14.8160,14.4013,14.6627,76477500
2019-08-19,14.9473,15.1887,14.7800,15.1220,79644000
2019-08-20,15.1747,15.2727,14.9693,15.0573,61878000
2019-08-21,14.8007,14.8813,14.5067,14.7220,116914500
2019-08-22,14.8533,15.0267,14.5480,14.8100,98385000
2019-08-23,14.6647,14.7447,14.0667,14.0933,128079000
2019-08-26,14.2400,14.3347,14.1027,14.3333,75778500
2019-08-27,14.3827,14.5867,14.1353,14.2720,81243000
2019-08-28,14.2460,14.4833,14.1540,14.3727,48382500
2019-08-29,14.6000,14.8933,14.5333,14.7807,77692500
2019-08-30,15.2767,15.4960,14.9473,15.0407,139809000
2019-09-03,14.9387,15.2633,14.8773,15.0007,80311500
2019-09-04,15.1260,15.2307,14.6140,14.7120,86415000
2019-09-05,14.8333,15.3200,14.7233,15.3053,110929500
2019-09-06,15.1467,15.3093,15.0113,15.1633,62841000
2019-09-09,15.3333,15.5840,15.2820,15.4527,72040500
2019-09-10,15.3867,15.7027,15.2627,15.7027,73255500
2019-09-11,15.8253,16.5447,15.7333,16.4733,150642000
2019-09-12,16.5133,16.9000,16.2933,16.3913,128718000
2019-09-13,16.4640,16.5633,16.3247,16.3467,79696500
2019-09-16,16.4000,16.4953,16.0780,16.1873,70921500
2019-09-17,16.1647,16.3733,16.0247,16.3193,57981000
2019-09-18,16.3333,16.5447,16.1580,16.2327,62553000
2019-09-19,16.4000,16.5293,16.3227,16.4400,71937000
2019-09-20,16.4327,16.4633,15.8773,16.0413,95295000
2019-09-23,16.0000,16.3453,15.9480,16.0820,65103000
2019-09-24,16.1013,16.1327,14.8407,14.8807,193372500
2019-09-25,14.9707,15.2653,14.5573,15.2467,141406500
2019-09-26,15.3773,16.2207,15.1600,16.1707,178267500
2019-09-27,16.1467,16.5807,15.9153,16.1420,166746000
2019-09-30,16.2000,16.2653,15.7407,16.0580,88197000
2019-10-01,16.1000,16.3967,15.9420,16.3127,92439000
2019-10-02,16.2193,16.3100,15.9620,16.2087,84471000
2019-10-03,15.4573,15.6320,14.9520,15.5353,226267500
2019-10-04,15.4407,15.6520,15.2047,15.4287,119925000
2019-10-07,15.3200,15.9040,15.2367,15.8480,120963000
2019-10-08,15.7247,16.2627,15.6333,16.0033,130173000
2019-10-09,16.0880,16.4867,16.0433,16.3020,103416000
2019-10-10,16.3520,16.6187,16.1053,16.3160,94249500
2019-10-11,16.4767,16.7387,16.4540,16.5260,127131000
2019-10-14,16.5267,17.2367,16.4753,17.1307,153075000
2019-10-15,17.1800,17.3333,16.9413,17.1927,96492000
2019-10-16,17.1593,17.4733,17.1280,17.3167,100261500
2019-10-17,17.5000,17.6520,17.3447,17.4647,71539500
2019-10-18,17.3800,17.5200,17.0067,17.1300,86247000
2019-10-21,17.2220,17.3000,16.6787,16.9000,75304500
2019-10-22,16.9547,17.2220,16.7233,17.0387,69012000
2019-10-23,16.9667,17.0760,16.7567,16.9787,78916500
2019-10-24,19.8913,20.3287,19.2800,19.9787,445813500
2019-10-25,19.8480,22.0000,19.7407,21.8753,450091500
2019-10-28,21.8360,22.7227,21.5067,21.8473,283054500
2019-10-29,21.3327,21.6200,20.9833,21.0813,190264500
2019-10-30,20.8667,21.2527,20.6647,21.0007,144627000
2019-10-31,20.8733,21.2667,20.8667,20.9947,76005000
2019-11-01,21.0880,21.0987,20.6533,20.8873,95758500
2019-11-04,20.9867,21.4627,20.6173,21.1647,131805000
2019-11-05,21.3080,21.5673,21.0747,21.1480,104151000
2019-11-06,21.2000,21.7813,20.9667,21.7720,119113500
2019-11-07,21.9427,22.7667,21.8680,22.3693,217009500
2019-11-08,22.3000,22.4973,22.1667,22.4760,91038000
2019-11-11,22.9300,23.2793,22.8000,23.0060,149800500
2019-11-12,23.1267,23.3580,22.9360,23.3287,110391000
2019-11-13,23.6667,23.7553,23.0120,23.0740,126301500
2019-11-14,23.0740,23.5893,22.8607,23.2900,96973500
2019-11-15,23.3760,23.5200,23.2240,23.4780,72135000
2019-11-18,23.5280,23.5433,23.0733,23.3327,66006000
2019-11-19,23.4500,23.9993,23.1867,23.9680,115872000
2019-11-20,24.0000,24.0800,23.3047,23.4813,100876500
2019-11-21,23.6340,24.0560,23.6000,23.6553,91650000
2019-11-22,22.6773,22.7333,22.0000,22.2027,253059000
2019-11-25,22.9547,22.9713,22.2973,22.4227,185092500
2019-11-26,22.3513,22.3667,21.8067,21.9280,119211000
2019-11-27,22.0747,22.2620,21.9047,22.0860,83334000
2019-11-29,22.0740,22.0840,21.8333,21.9960,36984000
2019-12-02,21.9600,22.4253,21.9127,22.3247,91117500
2019-12-03,22.1747,22.5273,22.1460,22.4133,98605500
2019-12-04,22.5167,22.5240,22.1900,22.2020,82995000
2019-12-05,22.1887,22.2947,21.8167,22.0247,55869000
2019-12-06,22.3333,22.5907,22.3180,22.3927,114186000
2019-12-09,22.4393,22.9633,22.3387,22.6353,135346500
2019-12-10,22.6640,23.3820,22.6207,23.2560,132424500
2019-12-11,23.4587,23.8127,23.4060,23.5133,103467000
2019-12-12,23.6613,24.1827,23.5487,23.9787,116458500
2019-12-13,24.0700,24.3473,23.6427,23.8927,98563500
2019-12-16,24.1700,25.5740,24.1667,25.4333,272613000
2019-12-17,25.2660,25.7000,25.0600,25.2660,127452000
2019-12-18,25.3753,26.3480,25.3720,26.2100,211815000
2019-12-19,26.4880,27.1233,26.4333,26.9360,271606500
2019-12-20,27.3527,27.5333,26.6793,27.0393,221290500
2019-12-23,27.4520,28.1340,27.3333,27.9480,199794000
2019-12-24,27.8907,28.3647,27.5127,28.3500,120820500
2019-12-26,28.5273,28.8987,28.4233,28.7293,159508500
2019-12-27,29.0000,29.0207,28.4073,28.6920,149185500
2019-12-30,28.5860,28.6000,27.2840,27.6467,188796000
2019-12-31,27.0000,28.0860,26.8053,27.8887,154285500
2020-01-02,28.3000,28.7133,28.1140,28.6840,142981500
2020-01-03,29.3667,30.2667,29.1280,29.5340,266677500
2020-01-06,29.3647,30.1040,29.3333,30.1027,151995000
2020-01-07,30.7600,31.4420,30.2240,31.2707,268231500
2020-01-08,31.5800,33.2327,31.2153,32.8093,467164500
2020-01-09,33.1400,33.2533,31.5247,32.0893,426606000
2020-01-10,32.1193,32.3293,31.5800,31.8767,194392500
2020-01-13,32.9000,35.0420,32.8000,34.9907,397764000
2020-01-14,36.2840,36.4940,34.9933,35.8613,434943000
2020-01-15,35.3173,35.8560,34.4527,34.5667,260532000
2020-01-16,32.9167,34.2973,32.8113,34.2327,326050500
2020-01-17,33.8407,34.3780,33.5440,34.0333,204436500
2020-01-21,35.3500,36.5720,35.2273,36.4800,267052500
2020-01-22,38.1260,39.6333,37.2733,37.9707,470535000
2020-01-23,37.6167,38.8000,37.0400,38.1467,294765000
2020-01-24,38.0420,38.2573,36.9507,37.6547,215304000
2020-01-27,36.1327,37.6293,35.9520,37.2013,204121500
2020-01-28,37.8993,38.4540,37.2053,37.7933,176827500
2020-01-29,38.3793,39.3200,37.8287,38.7327,267022500
2020-01-30,42.1613,43.3920,41.2000,42.7207,435085500
2020-01-31,42.6667,43.5333,42.1680,43.3713,235789500
2020-02-03,44.9127,52.4093,44.9013,52.0000,705975000
2020-02-04,58.8640,64.5993,55.5920,59.1373,914082000
2020-02-05,54.8840,56.3987,46.9407,48.9800,726357000
2020-02-06,46.6613,53.0553,45.8000,49.9307,598212000
2020-02-07,48.7033,51.3167,48.6667,49.8713,255952500
2020-02-10,53.3333,54.6660,50.1600,51.4187,370338000
2020-02-11,51.2527,52.2340,50.5333,51.6253,175462500
2020-02-12,51.8580,52.6500,50.8913,51.1527,180337500
2020-02-13,49.4560,54.5333,49.0000,53.6000,394339500
2020-02-14,52.4813,54.1980,52.3667,53.3353,235405500
2020-02-18,56.1067,57.3333,55.4907,57.2267,245725500
2020-02-19,61.5667,62.9853,60.0680,61.1613,381345000
2020-02-20,60.7967,60.8000,57.3293,59.9607,264523500
2020-02-21,60.4653,60.8707,58.6967,60.0667,214722000
2020-02-24,55.9333,57.5667,54.8133,55.5860,227883000
2020-02-25,56.6000,57.1067,52.4667,53.3273,259357500
2020-02-26,52.1667,54.2207,51.7407,51.9200,211282500
2020-02-27,48.6667,49.3180,44.6000,45.2667,364158000
2020-02-28,41.9800,46.0347,40.7680,44.5327,363343500
2020-03-02,47.4173,49.5793,45.7780,49.5747,302925000
2020-03-03,53.6667,53.7987,47.7407,49.7007,386760000
2020-03-04,50.9307,51.1013,48.3153,49.9667,225735000
2020-03-05,48.2513,49.7167,47.8713,48.3027,162790500
2020-03-06,46.0000,47.1333,45.6180,46.8987,189943500
2020-03-09,40.3593,44.2000,40.3333,40.5333,256105500
2020-03-10,43.9620,44.5333,40.5333,43.0220,233916000
2020-03-11,42.6800,43.5720,40.8667,42.2820,199837500
2020-03-12,38.7260,39.6333,36.4167,37.3700,283636500
2020-03-13,39.6667,40.5047,33.4667,36.4413,339604500
2020-03-16,31.3000,32.9913,29.4780,29.6713,307342500
2020-03-17,29.3340,31.4567,26.4000,28.6800,359919000
2020-03-18,25.9333,26.9907,23.3673,24.0813,356793000
2020-03-19,24.9800,30.1333,23.8973,28.5093,452932500
2020-03-20,29.2133,31.8000,28.3860,28.5020,424282500
2020-03-23,28.9067,29.4667,27.3667,28.9527,246817500
2020-03-24,31.8200,34.2460,31.6000,33.6667,343428000
2020-03-25,36.3500,37.1333,34.0740,35.9500,318340500
2020-03-26,36.4927,37.3333,34.1500,35.2107,260710500
2020-03-27,33.6667,35.0533,32.9353,34.2907,215661000
2020-03-30,34.0173,34.4433,32.7487,33.4753,179971500
2020-03-31,33.4167,36.1973,33.1333,34.9333,266572500
2020-04-01,33.6000,34.2633,31.6733,32.1040,200298000
2020-04-02,32.0687,32.9507,29.7600,30.2980,297876000
2020-04-03,33.9667,34.3660,31.2260,32.0007,338431500
2020-04-06,34.0800,34.7333,33.1973,34.4160,223527000
2020-04-07,36.3333,37.6667,35.4893,36.3633,268797000
2020-04-08,36.9467,37.1473,35.5553,36.5893,189840000
2020-04-09,37.4727,38.3453,37.1407,38.2000,204750000
2020-04-13,39.3440,43.4667,38.7020,43.3967,337131000
2020-04-14,46.5980,49.4587,46.1620,47.3260,458647500
2020-04-15,49.4667,50.2087,47.3333,48.6553,353655000
2020-04-16,47.7960,50.6300,47.1147,49.6807,309868500
2020-04-17,51.4853,51.6633,49.8440,50.2593,196923000
2020-04-20,48.8467,51.0380,47.4807,49.7573,221199000
2020-04-21,48.6747,50.2220,44.9193,45.7813,303136500
2020-04-22,46.9320,48.9333,45.9140,48.8073,212482500
2020-04-23,48.5067,48.9333,46.8753,47.0420,198550500
2020-04-24,47.3873,48.7153,46.5453,48.3433,198180000
2020-04-27,49.1740,53.2993,49.0000,53.2500,310221000
2020-04-28,53.0427,53.6667,50.4460,51.2747,228330000
2020-04-29,52.6780,53.5467,52.2107,53.3673,243240000
2020-04-30,57.0127,57.9880,50.9000,52.1253,427078500
2020-05-01,50.3333,51.5180,45.5360,46.7547,487977000
2020-05-04,46.7333,50.8000,46.5333,50.7460,288556500
2020-05-05,52.6527,53.2613,50.8120,51.2140,254875500
2020-05-06,51.7667,52.6533,50.7407,52.1720,166848000
2020-05-07,51.8140,53.0933,51.4900,52.0027,172915500
2020-05-08,52.9180,54.9333,52.4673,54.6280,241297500
2020-05-11,52.7007,54.9333,52.3333,54.0860,247794000
2020-05-12,55.1333,56.2193,53.8667,53.9607,238603500
2020-05-13,54.7220,55.0667,50.8867,52.7307,285982500
2020-05-14,52.0000,53.5573,50.9333,53.5553,205233000
2020-05-15,52.6900,53.6700,52.4367,53.2780,157776000
2020-05-18,55.1853,55.6480,53.5920,54.2420,174987000
2020-05-19,54.3447,54.8047,53.7387,53.8673,144547500
2020-05-20,54.7000,55.0667,54.1200,54.3707,109639500
2020-05-21,54.4000,55.5000,53.0667,55.1733,183819000
2020-05-22,54.8113,55.4520,54.1333,54.4587,149812500
2020-05-26,55.6333,55.6400,54.3807,54.5913,121345500
2020-05-27,54.7240,55.1807,52.3333,54.6820,173242500
2020-05-28,54.2340,54.9833,53.4460,53.7207,108834000
2020-05-29,53.9167,55.6667,53.6140,55.6667,176467500
2020-06-01,57.2000,59.9333,56.9400,59.8733,224092500
2020-06-02,59.6467,60.5773,58.0667,58.7707,203484000
2020-06-03,59.2080,59.8627,58.6733,58.8640,119242500
2020-06-04,59.3253,59.7167,57.2293,57.6253,133315500
2020-06-05,58.5227,59.1013,57.7467,59.0440,117178500
2020-06-08,61.2667,63.3333,60.6107,63.3280,212620500
2020-06-09,62.6673,63.6293,61.5953,62.7113,170823000
2020-06-10,66.1253,68.4987,65.5000,68.3367,278451000
2020-06-11,66.0133,67.9307,64.8000,64.8560,238747500
2020-06-12,65.3333,65.8653,60.8400,62.3520,251451000
2020-06-15,61.1860,66.5893,60.5667,66.0600,235458000
2020-06-16,67.4567,67.5253,64.1593,65.4753,210766500
2020-06-17,65.8473,67.0000,65.5047,66.1193,148362000
2020-06-18,66.8667,67.9467,66.2980,66.9307,146278500
2020-06-19,67.5187,67.7313,66.0893,66.7267,130195500
2020-06-22,66.6633,67.2587,66.0013,66.2880,95436000
2020-06-23,66.5920,67.4667,66.2673,66.7853,95479500
2020-06-24,66.2740,66.7253,63.5427,64.0567,164394000
2020-06-25,63.6180,65.7320,62.4767,65.7320,138817500
2020-06-26,66.3187,66.3333,63.6580,63.9827,132823500
2020-06-29,64.6007,67.3333,63.2347,67.2900,135396000
2020-06-30,67.1000,72.5127,66.9153,71.9873,253777500
2020-07-01,72.2000,75.6887,72.0333,74.6420,199903500
2020-07-02,81.4320,81.8667,79.0400,80.5773,258751500
2020-07-06,85.1127,91.8527,84.4027,91.4387,308548500
2020-07-07,93.6673,95.3000,89.1140,92.6573,322345500
2020-07-08,93.6667,94.4840,87.4227,91.0587,244669500
2020-07-09,93.1327,93.9040,90.0853,92.9520,175764000
2020-07-10,93.0667,103.2613,91.7340,102.9767,350064000
2020-07-13,110.6000,119.6660,98.0740,99.8040,584781000
2020-07-14,103.7333,106.0000,95.4000,101.1200,351271500
2020-07-15,102.8667,103.3333,97.1333,103.0673,245517000
2020-07-16,98.4773,102.1140,97.7333,100.0427,214512000
2020-07-17,100.8967,102.5007,99.3333,100.0560,139950000
2020-07-20,101.2673,110.0000,99.2000,109.5333,256821000
2020-07-21,109.3287,111.6667,103.8667,104.5573,241608000
2020-07-22,106.6000,108.4280,104.1333,106.1553,212416500
2020-07-23,111.9300,112.6000,98.7180,100.8713,364927500
2020-07-24,94.4007,97.6667,91.1027,94.4667,290949000
2020-07-27,95.6667,103.1960,94.2000,102.6400,240730500
2020-07-28,100.2667,104.3133,98.2947,98.4327,237130500
2020-07-29,100.0667,102.3207,99.1333,99.9407,141403500
2020-07-30,99.2000,100.8827,98.0667,99.1660,114315000
2020-07-31,101.0000,101.1367,94.7320,95.3840,183123000
2020-08-03,96.6133,100.6540,96.2920,99.0000,132139500
2020-08-04,99.6673,101.8273,97.4667,99.1333,126225000
2020-08-05,99.5327,99.9893,97.8873,99.0013,74217000
2020-08-06,99.3887,101.1540,98.4840,99.3053,89884500
2020-08-07,99.9693,99.9833,94.3340,96.8473,133446000
2020-08-10,96.5333,97.1667,92.3893,94.5713,112834500
2020-08-11,93.0667,94.6667,91.0000,91.6260,129387000
2020-08-12,98.0000,105.6667,95.6667,103.6507,327441000
2020-08-13,107.4000,110.0787,104.4840,108.0667,306379500
2020-08-14,110.9993,111.2533,108.4427,110.0473,188664000
2020-08-17,111.8000,123.0573,111.5220,122.3760,303634500
2020-08-18,126.5993,128.2600,123.0073,125.8060,247117500
2020-08-19,124.3333,127.4000,122.7473,125.2353,183079500
2020-08-20,124.0453,134.7993,123.8040,133.4553,309177000
2020-08-21,136.3173,139.6993,135.0033,136.6653,322344000
2020-08-24,141.7520,141.9333,128.5013,134.2800,300954000
2020-08-25,131.6593,135.1967,131.2000,134.8893,159883500
2020-08-26,137.3333,144.4000,136.9087,143.5447,213591000
2020-08-27,145.3640,153.0400,142.8333,149.2500,355395000
2020-08-28,153.0080,154.5660,145.7680,147.5600,301218000
2020-08-31,148.2033,166.7133,146.7033,166.1067,355123200
2020-09-01,167.3800,167.4967,156.8367,158.3500,269523300
2020-09-02,159.6633,159.6800,135.0400,149.1233,288528300
2020-09-03,135.7433,143.9333,134.0000,135.6667,262788300
2020-09-04,134.2700,142.6667,124.0067,139.4400,330965700
2020-09-08,118.6667,122.9133,109.9600,110.0700,346397100
2020-09-09,118.8667,123.0000,113.8367,122.0933,238397400
2020-09-10,128.7367,132.9967,120.1867,123.7800,254791800
2020-09-11,127.3133,127.5000,120.1667,124.2400,182152500
2020-09-14,126.9833,140.0000,124.4333,139.8733,249061800
2020-09-15,145.5200,153.9800,143.5667,149.9200,291894600
2020-09-16,146.6233,152.5967,145.1033,147.2533,216837900
2020-09-17,138.5333,145.9300,136.0000,141.1433,230337600
2020-09-18,149.3133,150.3333,142.9333,147.3833,259220400
2020-09-21,151.0433,151.8933,135.6900,149.7967,328430400
2020-09-22,143.2000,145.9200,139.2000,141.4100,238742400
2020-09-23,135.0533,137.3833,125.2933,126.7867,285222600
2020-09-24,121.2667,133.1667,117.1000,129.2633,289683300
2020-09-25,131.1567,136.2433,130.4333,135.7800,201625500
2020-09-28,141.5400,142.6933,138.5167,140.4000,149158800
2020-09-29,138.6667,142.8333,137.2000,139.6900,150657900
2020-09-30,140.4400,144.6433,140.1567,143.0033,144436800
2020-10-01,146.9200,149.6267,144.8067,149.3867,152224500
2020-10-02,140.4633,146.3767,138.3333,138.3633,214290000
2020-10-05,141.1167,144.5467,139.7767,141.8933,134168400
2020-10-06,141.2633,142.9267,135.3500,137.9933,147438900
2020-10-07,139.9567,143.3000,137.9500,141.7667,129383100
2020-10-08,146.1467,146.3333,141.7667,141.9733,121263300
2020-10-09,143.3767,144.8633,142.1533,144.6667,86777100
2020-10-12,147.3333,149.5800,146.1933,147.4333,116373300
2020-10-13,147.7833,149.6300,145.5333,148.8833,103391100
2020-10-14,149.9267,155.3000,149.1167,153.7667,143639100
2020-10-15,150.1033,152.1900,147.5000,149.6267,107017200
2020-10-16,151.4800,151.9833,146.2833,146.5567,98327700
2020-10-19,148.7467,149.0000,142.9567,143.6100,108863400
2020-10-20,143.9167,143.9167,139.6833,140.6467,94968900
2020-10-21,140.9000,144.3167,140.4167,140.8800,97111500
2020-10-22,147.3067,148.4100,141.5033,141.9300,119979600
2020-10-23,140.6133,140.9633,135.7933,140.2100,101151000
2020-10-26,137.2100,141.9200,136.6667,140.0933,84717600
2020-10-27,141.2533,143.5000,140.0333,141.5600,68059500
2020-10-28,138.8267,139.5333,135.3333,135.3400,76354200
2020-10-29,136.6533,139.3533,135.4867,136.9433,67965900
2020-10-30,135.6333,135.8633,126.3700,129.3467,127533900
2020-11-02,131.3333,135.6600,130.7667,133.5033,87063300
2020-11-03,136.5767,142.5900,135.5633,141.3000,103055100
2020-11-04,143.5400,145.1333,139.0333,140.3267,96429300
2020-11-05,142.7667,146.6667,141.3333,146.0300,85243500
2020-11-06,145.3667,145.5233,141.4267,143.3167,65118000
2020-11-09,146.5000,150.8333,140.3333,140.4200,104499000
2020-11-10,140.0300,140.0300,132.0100,136.7867,90852600
2020-11-11,138.8167,139.5667,136.8600,139.0433,52073100
2020-11-12,138.3500,141.0000,136.5067,137.2533,59565300
2020-11-13,136.9500,137.5100,133.8867,136.1667,59313300
2020-11-16,136.3100,137.4833,134.6967,136.0300,80515800
2020-11-17,153.3900,154.0000,144.3367,147.2033,183564900
2020-11-18,149.4500,165.3333,147.8333,162.2133,234132000
2020-11-19,164.0000,169.5367,162.5233,166.4233,187425900
2020-11-20,165.9967,167.5000,163.0200,163.2033,98735700
2020-11-23,167.8333,175.3333,167.2633,173.9500,150780900
2020-11-24,180.1333,186.6633,175.4000,185.1267,160945500
2020-11-25,183.3533,191.3333,181.7900,191.3333,146790600
2020-11-27,193.7200,199.5933,192.8167,195.2533,112683300
2020-11-30,200.7367,202.6000,184.8367,189.2000,189009300
2020-12-01,199.1967,199.2833,190.6833,194.9200,120310500
2020-12-02,185.4800,190.5133,180.4033,189.6067,143327100
2020-12-03,196.6733,199.6567,194.1433,197.7933,127656000
2020-12-04,197.0033,199.6800,195.1667,199.6800,88203900
2020-12-07,201.6400,216.2633,201.0167,213.9200,168929100
2020-12-08,208.5033,217.0933,206.1667,216.6267,192795000
2020-12-09,217.8967,218.1067,196.0000,201.4933,213873600
2020-12-10,191.4567,209.2500,188.7800,209.0233,201249600
2020-12-11,205.0033,208.0000,198.9333,203.3300,139425000
2020-12-14,206.3333,214.2500,203.4000,213.2767,156121800
2020-12-15,214.4267,215.6333,207.9333,211.0833,135214500
2020-12-16,209.4100,210.8333,201.6667,207.5900,126287400
2020-12-17,209.3967,219.6067,206.5000,218.6333,168810300
2020-12-18,222.9667,231.6667,209.5133,231.6667,666378600
2020-12-21,222.0800,222.8333,215.3567,216.6200,174135900
2020-12-22,216.0000,216.6267,204.7433,213.4467,155148000
2020-12-23,210.7333,217.1667,207.5233,215.3267,99519000
2020-12-24,214.3300,222.0300,213.6667,220.5900,68596800
2020-12-28,224.8367,227.1333,220.2667,221.2300,96835800
2020-12-29,220.3333,223.3000,218.3333,221.9967,68732400
2020-12-30,224.0000,232.2000,222.7867,231.5933,128538000
2020-12-31,233.3300,239.5733,230.3733,235.2233,148949700
2021-01-04,239.8200,248.1633,239.0633,243.2567,145914600
2021-01-05,241.2200,246.9467,239.7333,245.0367,96735600
2021-01-06,252.8300,258.0000,249.7000,251.9933,134100000
2021-01-07,259.2100,272.3300,258.4000,272.0133,154496700
2021-01-08,285.3333,294.8300,279.4633,293.3400,225166500
2021-01-11,283.1333,284.8100,267.8733,270.3967,177904800
2021-01-12,277.0000,289.3333,275.7800,283.1467,138812100
2021-01-13,284.2533,286.8233,277.3333,284.8033,99937500
2021-01-14,281.1300,287.6667,279.5833,281.6667,93798900
2021-01-15,284.0000,286.6333,273.0333,275.3867,116332800
2021-01-19,279.2667,283.3333,277.6667,281.5167,76101000
2021-01-20,286.2467,286.5000,279.0933,283.4833,76997700
2021-01-21,285.0000,285.2400,280.4733,281.6633,61563300
2021-01-22,278.1033,282.6667,276.2067,282.2133,60199500
2021-01-25,285.0000,300.1333,279.6067,293.6000,123520200
2021-01-26,297.1267,298.6333,290.5333,294.3633,69394800
2021-01-27,290.1167,297.1667,286.2200,288.0533,82002000
2021-01-28,273.3333,282.6667,267.0000,278.4767,79134000
2021-01-29,276.6667,280.8033,260.0333,264.5100,104972400
2021-02-01,271.4300,280.6667,265.1867,279.9367,76174200
2021-02-02,281.5600,293.5000,280.7333,290.9300,73038600
2021-02-03,292.3400,292.6933,284.3533,284.8967,55030500
2021-02-04,285.0000,285.5000,277.8067,283.3300,47438100
2021-02-05,281.6667,288.2567,279.6567,284.0767,55699800
2021-02-08,289.8900,292.5900,284.9167,287.8067,60485100
2021-02-09,285.0400,286.6000,280.5833,283.1533,45473100
2021-02-10,281.2133,281.6067,266.6733,268.2733,108648300
2021-02-11,270.8133,276.6267,267.2433,270.5533,64868400
2021-02-12,267.0867,272.4433,261.7767,272.0400,71304900
2021-02-16,272.6667,273.6667,264.1467,265.4067,59406900
2021-02-17,259.6967,266.6133,254.0033,266.0500,77989500
2021-02-18,260.3000,264.8967,258.7567,262.4600,53871300
2021-02-19,265.0000,265.5967,259.1233,260.4333,56874900
2021-02-22,254.2133,256.1667,236.7333,238.1667,111809100
2021-02-23,220.7100,237.8700,206.3333,232.9467,199820700
2021-02-24,237.2833,248.3333,231.3900,247.3400,110301000
2021-02-25,242.0500,245.7367,223.5267,227.4067,117071700
2021-02-26,233.3333,235.5667,219.8367,225.1667,123267600
2021-03-01,230.0367,239.6667,228.3500,239.4767,81408600
2021-03-02,239.4267,240.3700,228.3333,228.8133,71196600
2021-03-03,229.3300,233.5667,217.2367,217.7333,90624000
2021-03-04,218.6000,222.8167,200.0000,207.1467,197758500
2021-03-05,208.6867,209.2800,179.8300,199.3167,268189500
2021-03-08,200.1833,206.7100,186.2633,187.6667,155361000
2021-03-09,202.7267,226.0300,198.4033,224.5267,202569900
2021-03-10,233.4333,239.2833,218.3533,222.6867,181817100
2021-03-11,233.1333,234.1667,225.7267,233.2000,108761700
2021-03-12,223.3333,231.6267,222.0467,231.2433,100751400
2021-03-15,231.3633,237.7267,228.0133,235.9800,88006800
2021-03-16,234.4500,235.9733,223.6667,225.6267,96587100
2021-03-17,218.9567,234.5767,217.0033,233.9367,121117500
2021-03-18,228.0967,229.7433,217.3333,217.7200,99674400
2021-03-19,215.5333,219.0767,208.2067,218.2900,128682000
2021-03-22,228.1967,233.2067,222.9167,223.3333,118536600
2021-03-23,225.2567,225.9333,219.1700,220.7200,91475700
2021-03-24,222.6367,222.6733,210.0367,210.0900,101385600
2021-03-25,204.3333,215.1667,203.1667,213.4633,117674700
2021-03-26,213.9567,214.6067,199.9633,206.2367,101558400
2021-03-29,205.2133,205.4933,198.6733,203.7633,85911000
2021-03-30,200.5833,212.5533,197.0033,211.8733,118297200
2021-03-31,215.5400,224.0000,213.7033,222.6433,100011900
2021-04-01,229.4567,230.8067,219.8067,220.5833,105895200
2021-04-05,235.9033,236.0533,228.2333,230.3500,125528400
2021-04-06,230.1000,232.1833,227.1233,230.5400,84815400
2021-04-07,229.0000,230.4600,222.6133,223.6567,78928200
2021-04-08,225.7933,229.8500,223.8833,227.9333,71772900
2021-04-09,225.9233,226.9900,223.1433,225.6733,64311300
2021-04-12,228.5667,234.9333,227.3633,233.9933,87407100
2021-04-13,237.5667,254.3333,236.8867,254.1067,133958400
2021-04-14,256.9000,260.2633,242.6767,244.0767,147052200
2021-04-15,247.7000,247.8967,240.4367,246.2833,83546700
2021-04-16,242.8833,249.8033,241.5333,246.5933,83938500
2021-04-19,239.8667,241.8000,230.6000,238.2100,119058600
2021-04-20,239.1400,245.7500,236.8967,239.6633,106827000
2021-04-21,234.9233,248.2800,232.6667,248.0400,93646500
2021-04-22,247.1667,251.2567,239.3467,239.8967,106770900
2021-04-23,239.9333,245.7867,238.4867,243.1333,85110000
2021-04-26,247.0000,249.7667,244.2033,246.0667,93115500
2021-04-27,239.3200,241.3333,234.4500,234.9133,88311000
2021-04-28,232.1367,236.1667,231.2000,231.4667,66813000
2021-04-29,233.1700,234.0833,222.8333,225.6667,86536200
2021-04-30,222.5300,238.4900,222.0467,236.4800,122276100
2021-05-03,234.6000,235.3333,226.8333,228.3000,81129300
2021-05-04,226.3133,227.8167,219.2333,224.5333,89217900
2021-05-05,227.0200,228.4333,222.4467,223.6467,65705700
2021-05-06,226.9200,227.0067,216.6667,221.1800,83353800
2021-05-07,221.9333,230.0000,220.0733,224.1233,70407600
2021-05-10,221.6333,221.6833,209.2033,209.6800,94177200
2021-05-11,199.7467,209.0333,198.5333,205.7333,139511700
2021-05-12,200.8300,206.8033,195.5900,196.6300,101470800
2021-05-13,200.5133,202.1533,186.5500,190.5633,132554700
2021-05-14,194.4700,197.6233,190.1533,196.5800,100112700
2021-05-17,191.8500,196.5767,187.0667,192.2767,97171200
2021-05-18,189.3333,198.7500,187.7933,192.6233,110491800
2021-05-19,184.1833,188.7367,182.3267,187.8200,118735200
2021-05-20,191.6667,196.2833,190.3567,195.5933,92463300
2021-05-21,198.7033,198.8933,193.3333,193.6267,78091800
2021-05-24,193.8667,204.8267,191.2167,202.1467,103674300
2021-05-25,202.4367,204.6633,198.5700,201.5633,84017700
2021-05-26,202.5200,208.7233,200.5000,206.3767,85917900
2021-05-27,206.7467,210.3767,205.4033,210.2833,79111800
2021-05-28,209.5000,211.8633,207.4600,208.4067,68211000
2021-06-01,209.2667,211.2667,206.8500,207.9667,54254700
2021-06-02,206.7100,207.7867,199.7133,201.7067,69908400
2021-06-03,200.6000,201.5167,190.4067,190.9467,90335700
2021-06-04,193.2367,200.2033,192.4000,199.6833,72110700
2021-06-07,197.2767,203.3333,194.2933,201.7100,67631100
2021-06-08,207.6700,207.6967,198.5000,201.1967,78160200
2021-06-09,200.7233,203.9300,199.2100,199.5933,49753800
2021-06-10,201.2933,205.5300,200.1667,203.3733,71758800
2021-06-11,203.4100,204.1867,200.5067,203.2967,48615900
2021-06-14,204.0767,208.4967,203.0600,205.8967,61272000
2021-06-15,205.5633,205.5967,199.4100,199.7867,53292300
2021-06-16,199.1800,202.8333,197.8333,201.6233,66432300
2021-06-17,200.6300,207.1567,200.4467,205.5333,68104200
2021-06-18,204.4567,209.4500,203.9333,207.7700,73682700
2021-06-21,208.1600,210.4633,202.9600,206.9433,74438100
2021-06-22,206.0833,209.5233,205.1667,207.9033,57476700
2021-06-23,210.6667,219.0667,210.0133,218.8567,93297600
2021-06-24,224.9967,232.5400,222.5367,226.6067,137947200
2021-06-25,229.8600,231.2700,222.9000,223.9567,97490100
2021-06-28,223.8800,231.5667,223.4400,229.5733,64884600
2021-06-29,228.2167,229.1700,225.2967,226.9200,52143900
2021-06-30,226.5900,230.9367,226.0467,226.5667,56774700
2021-07-01,227.9733,229.3300,224.2667,225.9733,55903500
2021-07-02,226.3267,233.3333,224.4200,226.3000,81163500
2021-07-06,227.2367,228.0000,217.1333,219.8600,69853500
2021-07-07,221.4233,221.9000,212.7733,214.8833,56376000
2021-07-08,209.4567,218.1433,206.8200,217.6033,68319900
2021-07-09,217.7267,219.6367,214.8967,218.9833,54421500
2021-07-12,220.7333,229.0800,220.7200,228.5667,77781000
2021-07-13,228.7733,231.0933,222.1000,222.8467,62898300
2021-07-14,223.5833,226.2033,217.6133,217.7933,64923600
2021-07-15,219.4633,222.0467,212.6267,216.8667,60628800
2021-07-16,218.2267,218.9000,214.0667,214.7400,49113000
2021-07-19,209.9633,215.7333,207.0967,215.4067,63891300
2021-07-20,217.3300,220.7967,213.5000,220.1667,46461300
2021-07-21,219.8700,221.6200,216.7633,218.4300,41859900
2021-07-22,218.8133,220.7233,214.8667,216.4200,45317100
2021-07-23,215.4533,216.2667,212.4333,214.4600,43814700
2021-07-26,216.9900,222.7333,215.7033,219.2067,76009800
2021-07-27,221.1333,222.1667,209.0800,214.9267,98439900
2021-07-28,215.6667,218.3233,213.1333,215.6600,48019800
2021-07-29,216.5967,227.8967,216.2667,225.7833,91183800
2021-07-30,223.9200,232.5100,223.0000,229.0667,88969200
2021-08-02,233.3333,242.3133,232.8000,236.5567,100847400
2021-08-03,239.6667,240.8833,233.6700,236.5800,64860900
2021-08-04,237.0000,241.6333,236.3100,236.9733,51007800
2021-08-05,238.6667,240.3167,237.1367,238.2100,38758800
2021-08-06,237.3000,238.7767,232.5433,233.0333,46869000
2021-08-09,236.7233,239.6767,235.0433,237.9200,44145900
2021-08-10,237.9967,238.8633,233.9600,236.6633,40296900
2021-08-11,237.5700,238.3933,234.7367,235.9400,29401800
2021-08-12,235.4467,240.9333,233.1333,240.7500,52377300
2021-08-13,241.2367,243.3000,238.1133,239.0567,50194500
2021-08-16,235.0233,236.5000,225.4667,228.7233,68032200
2021-08-17,224.2200,224.8600,216.2800,221.9033,71163900
2021-08-18,223.2500,231.9233,223.1167,229.6633,61048200
2021-08-19,226.0700,228.8500,222.5300,224.4900,42940500
2021-08-20,227.6167,230.7100,224.5667,226.7533,44525700
2021-08-23,228.4800,237.3767,226.9167,235.4333,60794700
2021-08-24,236.8933,238.4067,234.2133,236.1633,39249300
2021-08-25,235.6767,238.9900,234.6667,237.0667,37936800
2021-08-26,236.1033,238.4667,232.5400,233.7200,39642900
2021-08-27,235.0000,238.3333,234.0333,237.3067,41501400
2021-08-30,238.2400,243.6667,237.5767,243.6367,55812600
2021-08-31,244.3333,246.7967,242.1467,245.2400,62566200
2021-09-01,244.6933,247.3300,243.7567,244.6967,39612900
2021-09-02,244.8333,246.9900,243.5133,244.1300,38331900
2021-09-03,244.0833,244.6667,241.4000,244.5233,45738300
2021-09-07,246.6667,253.4000,246.4200,250.9733,60119400
2021-09-08,253.8600,254.8167,246.9233,251.2900,56379000
2021-09-09,251.1367,254.0333,250.5433,251.6200,42233100
2021-09-10,253.2000,254.2033,244.8400,245.4233,45552600
2021-09-13,246.7367,248.2600,236.2833,247.6667,68857500
2021-09-14,247.5233,251.4900,245.4667,248.1633,55574700
2021-09-15,248.3333,252.2867,246.1200,251.9433,46073100
2021-09-16,250.9433,252.9700,249.2033,252.3300,41770200
2021-09-17,252.3833,253.6800,250.0000,253.1633,84612600
2021-09-20,244.8533,247.3333,239.5400,243.3900,74273100
2021-09-21,244.9300,248.2467,243.4800,246.4600,48992100
2021-09-22,247.8433,251.2233,246.3733,250.6467,45378900
2021-09-23,251.6667,252.7333,249.3067,251.2133,35842500
2021-09-24,248.6300,258.2667,248.1867,258.1300,64119000
2021-09-27,257.7067,266.3333,256.4367,263.7867,84212100
2021-09-28,262.4000,265.2133,255.3933,259.1867,76144200
2021-09-29,259.9333,264.5000,256.8933,260.4367,62828700
2021-09-30,260.3333,263.0433,258.3333,258.4933,53868000
2021-10-01,259.4667,260.2600,254.5300,258.4067,51094200
2021-10-04,265.5000,268.9900,258.7067,260.5100,91449900
2021-10-05,261.6000,265.7700,258.0667,260.1967,55297800
2021-10-06,258.7333,262.2200,257.7400,260.9167,43898400
2021-10-07,261.8200,268.3333,261.1267,264.5367,57587400
2021-10-08,265.4033,265.4600,260.3033,261.8300,50215800
2021-10-11,262.5500,267.0800,261.8333,263.9800,42600900
2021-10-12,266.9767,270.7733,265.5233,268.5733,66060000
2021-10-13,270.1567,271.8033,268.5933,270.3600,42360300
2021-10-14,271.8300,273.4167,271.1167,272.7733,36741600
2021-10-15,274.5800,281.0700,274.1167,281.0100,56773800
2021-10-18,283.9300,291.7533,283.8233,290.0367,72621600
2021-10-19,292.5100,292.6500,287.5033,288.0900,52143300
2021-10-20,288.4500,289.8300,285.7933,288.6000,42096300
2021-10-21,285.3333,300.0000,285.1667,298.0000,94444500
2021-10-22,298.5000,303.3333,296.9867,303.2267,68642400
2021-10-25,316.8433,348.3400,314.7333,341.6200,188556300
2021-10-26,341.5633,364.9800,333.8133,339.4767,187245000
2021-10-27,346.5533,356.9600,343.5933,345.9533,115579500
2021-10-28,356.1033,360.3333,351.4000,359.0133,81639600
2021-10-29,360.6200,371.7367,357.7367,371.3333,89755200
2021-11-01,381.6667,403.2500,372.8867,402.8633,168146100
2021-11-02,386.4533,402.8633,382.0000,390.6667,128213400
2021-11-03,392.4433,405.1300,384.2067,404.6200,103885500
2021-11-04,411.4700,414.4967,405.6667,409.9700,76192200
2021-11-05,409.3333,413.2900,402.6667,407.3633,64886400
2021-11-08,383.2633,399.0000,377.6667,387.6467,100337100
2021-11-09,391.2000,391.5000,337.1733,341.1667,177317400
2021-11-10,336.8033,359.3667,329.1033,355.9833,128408100
2021-11-11,367.5900,368.3233,351.5600,354.5033,67189800
2021-11-12,349.1667,351.5000,339.7333,344.4733,76719300
2021-11-15,339.2100,343.9933,326.2000,337.7967,104326800
2021-11-16,334.4367,352.4000,334.0600,351.5767,79627200
2021-11-17,354.5033,373.2133,351.8333,363.0033,94336200
2021-11-18,368.8500,370.6667,358.3400,365.4600,62696700
2021-11-19,366.2900,379.5733,364.2333,379.0200,64926900
2021-11-22,387.4433,400.6500,377.4767,385.6233,99217500
2021-11-23,389.1700,393.5000,354.2333,369.6767,108515100
2021-11-24,360.1300,377.5900,354.0000,372.0000,67680600
2021-11-26,366.4900,369.5933,360.3333,360.6400,35042700
2021-11-29,366.9967,380.8900,366.7300,378.9967,58393500
2021-11-30,381.4567,389.3333,372.6667,381.5867,81276000
2021-12-01,386.9000,390.9467,363.5867,365.0000,68450400
2021-12-02,366.3533,371.0000,352.2167,361.5333,73114800
2021-12-03,361.5967,363.5267,333.4033,338.3233,92322000
2021-12-06,333.8367,340.5467,316.8333,336.3367,81663000
2021-12-07,348.0667,352.5567,342.2700,350.5833,56084700
2021-12-08,350.9033,357.4600,344.3333,356.3200,41906400
2021-12-09,353.5467,354.1633,334.1200,334.6000,59438400
2021-12-10,336.2500,340.3267,327.5100,339.0100,59664300
2021-12-13,333.6967,335.0000,317.1400,322.1367,78595500
2021-12-14,315.0000,322.1367,310.0000,319.5033,70806300
2021-12-15,317.7367,326.2500,309.4167,325.3300,75169200
2021-12-16,331.5000,331.6600,307.2833,308.9733,82771500
2021-12-17,304.9233,320.2200,303.0133,310.8567,100437300
2021-12-20,303.5667,307.2300,297.7967,299.9800,56480100
2021-12-21,305.6233,313.1667,295.3733,312.8433,71517900
2021-12-22,321.8867,338.5533,319.0167,336.2900,93634200
2021-12-23,335.6000,357.6600,332.5200,355.6667,92713200
2021-12-27,357.8900,372.3333,356.9067,364.6467,71145900
2021-12-28,369.8300,373.0000,359.4733,362.8233,60324000
2021-12-29,366.2133,368.0000,354.7133,362.0633,56154000
2021-12-30,353.7767,365.1833,351.0500,356.7800,47040900
2021-12-31,357.8133,360.6667,351.5300,352.2600,40733700
2022-01-03,382.5833,400.3567,378.6800,399.9267,103931400
2022-01-04,396.5167,402.6667,374.3500,383.1967,100248300
2022-01-05,382.2167,390.1133,360.3367,362.7067,80119800
2022-01-06,359.0000,362.6667,340.1667,354.9000,90336600
2022-01-07,360.1233,360.3100,336.6667,342.3200,84164700
2022-01-10,333.3333,353.0333,326.6667,352.7067,91815000
2022-01-11,351.2233,358.6167,346.2733,354.8000,66063300
2022-01-12,359.6167,371.6133,357.5300,368.7400,83739000
2022-01-13,369.6900,371.8667,342.1800,343.8533,97209900
2022-01-14,339.9600,350.6667,337.7933,349.8700,72924300
2022-01-18,342.2033,356.9300,338.6867,343.5033,66743400
2022-01-19,347.2367,351.5567,331.6667,331.8833,75442500
2022-01-20,336.5767,347.2200,331.3333,332.0900,70488600
2022-01-21,332.1133,334.8500,313.5000,314.6333,103416000
2022-01-24,301.5867,311.1700,283.8233,310.0000,151565700
2022-01-25,304.7333,317.0867,301.0700,306.1333,86595900
2022-01-26,317.4767,329.2300,302.0000,312.4700,104867400
2022-01-27,311.1200,311.7967,276.3333,276.3667,147109500
2022-01-28,277.1867,285.8333,264.0033,282.1167,134789100
2022-01-31,290.9033,312.6633,287.3500,312.2400,104436000
2022-02-01,311.7367,314.5667,301.6667,310.4167,73138200
2022-02-02,309.3933,310.5000,296.4700,301.8867,66792900
2022-02-03,294.0000,312.3333,293.5067,297.0467,78855600
2022-02-04,299.0733,312.1667,293.7233,307.7733,73625400
2022-02-07,307.9300,315.9233,300.9033,302.4467,60994500
2022-02-08,301.8433,308.7633,298.2667,307.3333,50729100
2022-02-09,311.6667,315.4233,306.6667,310.6667,52259400
2022-02-10,302.7900,314.6033,298.9000,301.5167,66126900
2022-02-11,303.2100,305.3200,283.5667,286.6667,79645800
2022-02-14,287.1900,299.6267,284.3833,291.9200,67756500
2022-02-15,300.0000,307.6667,297.7933,307.4767,57286200
2022-02-16,304.6833,308.8100,300.4033,307.7967,51294300
2022-02-17,304.4200,306.1667,291.3667,292.1167,55178400
2022-02-18,295.3333,295.6233,279.2033,285.6600,68501700
2022-02-22,278.0433,285.5767,267.0333,273.8433,83288100
2022-02-23,276.8100,278.4333,253.5200,254.6800,95256900
2022-02-24,233.4633,267.4933,233.3333,266.9233,135322200
2022-02-25,269.7433,273.1667,260.8000,269.9567,76067700
2022-02-28,271.6700,292.2867,271.5700,290.1433,99006900
2022-03-01,289.8933,296.6267,284.5933,288.1233,74766900
2022-03-02,290.7100,295.4933,281.4233,293.2967,74643300
2022-03-03,292.9233,295.4800,277.5333,279.7633,61623600
2022-03-04,283.0333,285.2167,275.0533,279.4300,66999600
2022-03-07,285.4333,288.7133,268.1900,268.1933,72494100
2022-03-08,265.1767,283.3300,260.7233,274.8000,80399100
2022-03-09,279.8267,286.8533,277.3367,286.3233,59184000
2022-03-10,283.8167,284.8167,270.1200,279.4333,58648500
2022-03-11,280.0667,281.2667,264.5900,265.1167,67037100
2022-03-14,260.2033,266.9000,252.0133,255.4567,71152200
2022-03-15,258.4233,268.5233,252.1900,267.2967,66841200
2022-03-16,269.6667,280.6667,267.4200,280.0767,84028800
2022-03-17,276.9967,291.6667,275.2400,290.5333,66582900
2022-03-18,291.4967,302.6167,289.1300,301.7967,100414200
2022-03-21,304.9933,314.2833,302.3633,307.0533,81981600
2022-03-22,310.0000,332.6200,307.2500,331.3267,105868500
2022-03-23,326.6467,346.9000,325.4667,333.0367,120676200
2022-03-24,336.5767,341.4967,329.6000,337.9733,68920800
2022-03-25,336.0000,340.6000,332.4400,336.8800,62031600
2022-03-28,355.0333,365.9600,351.2000,363.9467,102506100
2022-03-29,369.3300,371.5900,357.7033,366.5233,73614900
2022-03-30,363.7233,371.3167,361.3333,364.6633,59865000
2022-03-31,364.8567,367.7133,358.8800,359.2000,48992700
2022-04-01,360.3833,364.9167,355.5467,361.5300,54263100
2022-04-04,363.1267,383.3033,357.5100,381.8167,82035900
2022-04-05,378.7667,384.2900,362.4333,363.7533,80075100
2022-04-06,357.8233,359.6667,342.5667,348.5867,89348400
2022-04-07,350.7967,358.8633,340.5133,352.4200,79447200
2022-04-08,347.7367,349.4800,340.8133,341.8300,55013700
2022-04-11,326.8000,336.1567,324.8800,325.3100,59357100
2022-04-12,332.5467,340.3967,325.5333,328.9833,65976000
2022-04-13,327.0267,342.0800,324.3667,340.7900,55121100
2022-04-14,333.0967,337.5700,327.3967,328.3333,58422300
2022-04-18,329.6767,338.3067,324.4700,334.7633,51715200
2022-04-19,335.0200,344.9800,331.7767,342.7167,49847700
2022-04-20,343.3333,344.6667,325.0833,325.7333,70711200
2022-04-21,358.2433,364.0733,332.1400,336.2600,105416400
2022-04-22,338.3033,344.9500,331.3333,335.0167,69696600
2022-04-25,326.3233,336.2067,325.1000,332.6733,68341200
2022-04-26,331.8100,333.3333,291.6667,292.1400,136133700
2022-04-27,299.5267,306.0000,292.4533,293.8367,76956300
2022-04-28,299.9933,300.0000,273.9000,292.5033,124948500
2022-04-29,300.7500,311.4667,290.0000,290.2533,88133100
2022-05-02,286.9233,302.1200,282.6767,300.9800,75781500
2022-05-03,301.0600,308.0267,296.1967,303.0833,63709500
2022-05-04,301.3133,318.5000,295.0933,317.5400,81643800
2022-05-05,313.0067,315.2000,285.9000,291.0933,92519100
2022-05-06,295.6667,296.0000,281.0367,288.5500,72903000
2022-05-09,278.8167,281.8767,260.3833,262.3700,90810300
2022-05-10,273.1033,275.1200,258.0833,266.6800,84401700
2022-05-11,265.0000,269.9233,242.4000,244.6667,97224600
2022-05-12,233.6667,253.2200,226.6667,242.6667,140313000
2022-05-13,257.8267,262.4500,250.5233,256.5300,92150700
2022-05-16,255.7200,256.5867,239.6967,241.4567,86098500
2022-05-17,249.1200,254.8267,242.9500,253.8700,80236200
2022-05-18,248.1733,253.5000,233.6033,236.6033,87811800
2022-05-19,235.6667,244.6667,231.3700,236.4733,90296700
2022-05-20,237.9967,240.5267,211.0000,221.3000,144973200
2022-05-23,218.3400,226.6533,212.6867,224.9667,88903500
2022-05-24,217.8433,217.9733,206.8567,209.3867,89092500
2022-05-25,207.9500,223.1067,207.6700,219.6000,92139300
2022-05-26,220.4733,239.5567,217.8867,235.9100,106003200
2022-05-27,241.0833,253.2667,240.1767,253.2100,89295000
2022-05-31,257.9467,259.6000,244.7433,252.7533,101914500
2022-06-01,251.7200,257.3267,243.6400,246.7900,77247900
2022-06-02,244.1567,264.2100,242.0667,258.3333,93473100
2022-06-03,243.2267,247.7967,233.4167,234.5167,112393800
2022-06-06,244.3533,244.8667,234.3500,238.2800,84204600
2022-06-07,234.0000,239.9967,230.0933,238.8867,72808500
2022-06-08,240.0867,249.9633,239.1767,241.8667,76210500
2022-06-09,249.3400,255.5467,239.3267,239.7067,96491400
2022-06-10,235.1567,239.5000,227.9133,232.2300,97536600
2022-06-13,223.1667,226.6333,214.6833,215.7367,102767400
2022-06-14,218.2867,226.3300,211.7367,220.8900,97988700
2022-06-15,220.9167,235.6633,218.1500,233.0000,119131800
2022-06-16,222.7367,225.1667,208.6933,213.1000,107390700
2022-06-17,213.4333,220.9700,213.1967,216.7600,92641800
2022-06-21,224.6033,243.5767,224.3333,237.0367,122793000
2022-06-22,234.5033,246.8333,233.8267,236.0867,101107500
2022-06-23,237.9067,239.3167,228.6367,235.0700,104202600
2022-06-24,237.4700,246.0667,236.0867,245.7067,95770800
2022-06-27,249.3667,252.0700,242.5667,244.9200,89178300
2022-06-28,244.4833,249.9700,232.3433,232.6633,90391200
2022-06-29,230.5000,231.1733,222.2733,228.4900,82897200
2022-06-30,224.5100,229.4567,218.8633,224.4733,94600500
2022-07-01,227.0000,230.2300,222.1200,227.2633,74460300
2022-07-05,223.0000,233.1467,216.1667,233.0667,84581100
2022-07-06,230.7800,234.5633,227.1867,231.7333,71853600
2022-07-07,233.9200,245.3633,232.2100,244.5433,81930600
2022-07-08,242.3333,254.9800,241.1600,250.7633,101854200
2022-07-11,252.1033,253.0633,233.6267,234.3433,99241200
2022-07-12,236.8467,239.7733,228.3700,233.0700,87930900
2022-07-13,225.5000,242.0600,225.0333,237.0400,97954500
2022-07-14,234.8967,238.6533,229.3333,238.3133,78557400
2022-07-15,240.0000,243.6233,236.8900,240.0667,69683100
2022-07-18,244.9367,250.5167,239.6033,240.5467,82537500
2022-07-19,245.0000,247.1400,236.9767,245.5300,80890200
2022-07-20,246.7833,250.6633,243.4833,247.5000,88864200
2022-07-21,255.1067,273.2667,254.8667,271.7067,142032300
2022-07-22,276.2200,280.7867,270.7133,272.2433,103472700
2022-07-25,272.2167,274.1467,267.4000,268.4333,64073400
2022-07-26,266.5133,267.3100,256.2633,258.8600,66820800
2022-07-27,263.8100,275.9267,261.7900,274.8200,88110000
2022-07-28,280.0667,283.3000,272.8000,280.9000,84723000
2022-07-29,280.7000,298.3200,279.1000,297.1500,95313000
2022-08-01,301.2767,311.8767,295.0000,297.2767,117042900
2022-08-02,294.0033,307.8333,292.6667,300.5867,95577600
2022-08-03,305.0000,309.5500,301.1500,307.3967,80091000
2022-08-04,311.0000,313.6067,305.0000,308.6333,72256200
2022-08-05,302.6700,304.6067,285.5433,288.1700,113172900
2022-08-08,295.0000,305.2000,289.0867,290.4233,98994000
2022-08-09,290.2933,292.3967,279.3533,283.3333,86244600
2022-08-10,297.0667,297.5100,283.3700,294.3567,94918800
2022-08-11,296.5133,298.2367,285.8333,286.6300,70155000
2022-08-12,289.4167,300.1600,285.0333,300.0300,79657200
2022-08-15,301.7867,313.1333,301.2300,309.3200,89359200
2022-08-16,311.6667,314.6667,302.8833,306.5633,88136400
2022-08-17,303.3967,309.6567,300.0333,303.9967,68766000
2022-08-18,306.0000,306.5000,301.8533,302.8700,47500500
2022-08-19,299.0000,300.3600,292.5000,296.6667,61395300
2022-08-22,291.9133,292.4000,286.2967,289.9133,55843200
2022-08-23,291.4533,298.8267,287.9233,296.4533,63984900
2022-08-24,297.5633,303.6467,296.5000,297.0967,57259800
2022-08-25,302.3600,302.9600,291.6000,296.0700,53230000
2022-08-26,297.4300,302.0000,287.4700,288.0900,57163900
2022-08-29,282.8300,287.7400,280.7000,284.8200,41864700
2022-08-30,287.8700,288.4800,272.6500,277.7000,50541800
2022-08-31,280.6200,281.2500,271.8100,275.6100,52107300
2022-09-01,272.5800,277.5800,266.1500,277.1600,54287000
2022-09-02,281.0700,282.3500,269.0800,270.2100,50890100
2022-09-06,272.6800,275.9900,265.7400,274.4200,55860000
2022-09-07,273.1000,283.8400,272.2700,283.7000,50028900
2022-09-08,281.3000,289.5000,279.7600,289.2600,53713100
2022-09-09,291.6700,299.8500,291.2500,299.6800,54338100
2022-09-12,300.7200,305.4900,300.4000,304.4200,48674600
2022-09-13,292.9000,297.4000,290.4000,292.1300,68229600
2022-09-14,292.2400,306.0000,291.6400,302.6100,72628700
2022-09-15,301.8300,309.1200,300.7200,303.7500,64795500
2022-09-16,299.6100,303.7100,295.6000,303.3500,87087800
2022-09-19,300.0900,309.8400,297.8000,309.0700,60231200
2022-09-20,306.9100,313.3300,305.5800,308.7300,61642800
2022-09-21,308.2900,313.8000,300.6300,300.8000,62555700
2022-09-22,299.8600,301.2900,285.8200,288.5900,70545400
2022-09-23,283.0900,284.5000,272.8200,275.3300,63748400
2022-09-26,271.8300,284.0900,270.3100,276.0100,58076900
2022-09-27,283.8400,288.6700,277.5100,282.9400,61925200
2022-09-28,283.0800,289.0000,277.5700,287.8100,54664800
2022-09-29,282.7600,283.6500,265.7800,268.2100,77620600
2022-09-30,266.1500,275.5700,262.4700,265.2500,67726600
2022-10-03,254.5000,255.1600,241.0100,242.4000,98363500
2022-10-04,250.5200,257.5000,242.0100,249.4400,109578500
2022-10-05,245.0100,246.6700,233.2700,240.8100,86982700
2022-10-06,239.4400,244.5800,235.3500,238.1300,69298400
2022-10-07,233.9400,234.5700,222.0200,223.0700,83916800
2022-10-10,223.9300,226.9900,218.3600,222.9600,67925000
2022-10-11,220.9500,225.7500,215.0000,216.5000,77013200
2022-10-12,215.3300,219.3000,211.5100,217.2400,66860700
2022-10-13,208.3000,222.9900,206.2200,221.7200,91483000
2022-10-14,224.0100,226.2600,204.1600,204.9900,94124500
2022-10-17,210.0400,221.8600,209.4500,219.3500,79428800
2022-10-18,229.5000,229.8200,217.2500,220.1900,75891900
2022-10-19,219.8000,222.9300,217.7800,222.0400,66571500
2022-10-20,208.2800,215.5500,202.0000,207.2800,117798100
2022-10-21,206.4200,214.6600,203.8000,214.4400,75713800
2022-10-24,205.8200,213.5000,198.5900,211.2500,100446800
2022-10-25,210.1000,224.3500,210.0000,222.4200,96507900
2022-10-26,219.4000,230.6000,218.2000,224.6400,85012500
2022-10-27,229.7700,233.8100,222.8500,225.0900,61638800
2022-10-28,225.4000,228.8600,216.3500,228.5200,69152400
2022-10-31,226.1900,229.8500,221.9400,227.5400,61554300
2022-11-01,234.0500,237.4000,227.2800,227.8200,62688800
2022-11-02,226.0400,227.8700,214.8200,214.9800,63070300
2022-11-03,211.3600,221.2000,210.1400,215.3100,56538800
2022-11-04,222.6000,223.8000,203.0800,207.4700,98622200
2022-11-07,208.6500,208.9000,196.6600,197.0800,93916500
2022-11-08,194.0200,195.2000,186.7500,191.3000,128803400
2022-11-09,190.7800,195.8900,177.1200,177.5900,127062700
2022-11-10,189.9000,191.0000,180.0300,190.7200,132703000
2022-11-11,186.0000,196.5200,182.5900,195.9700,114403600
2022-11-14,192.7700,195.7300,186.3400,190.9500,92226600
2022-11-15,195.8800,200.8200,192.0600,194.4200,91293800
2022-11-16,191.5100,192.5700,185.6600,186.9200,66567600
2022-11-17,183.9600,186.1600,180.9000,183.1700,64336000
2022-11-18,185.0500,185.1900,176.5500,180.1900,76048900
2022-11-21,175.8500,176.7700,167.5400,167.8700,92882700
2022-11-22,168.6300,170.9200,166.1900,169.9100,78452300
2022-11-23,173.5700,183.6200,172.5000,183.2000,109536700
2022-11-25,185.0600,185.2000,180.6300,182.8600,50672700
2022-11-28,179.9600,188.5000,179.0000,182.9200,92905200
2022-11-29,184.9900,186.3800,178.7500,180.8300,83357100
2022-11-30,182.4300,194.7600,180.6300,194.7000,109186400
2022-12-01,197.0800,198.9200,191.8000,194.7000,80046200
2022-12-02,191.7800,196.2500,191.1100,194.8600,73645900
2022-12-05,189.4400,191.2700,180.5500,182.4500,93122700
2022-12-06,181.2200,183.6500,175.3300,179.8200,92150800
2022-12-07,175.0300,179.3800,172.2200,174.0400,84213300
2022-12-08,172.2000,175.2000,169.0600,173.4400,97624500
2022-12-09,173.8400,182.5000,173.3600,179.0500,104872300
2022-12-12,176.1000,177.3700,167.5200,167.8200,109794500
2022-12-13,174.8700,175.0500,156.9100,160.9500,175862700
2022-12-14,159.2500,161.6200,155.3100,156.8000,140682300
2022-12-15,153.4400,160.9300,153.2800,157.6700,122334500
2022-12-16,159.6400,160.9900,150.0400,150.2300,139032200
2022-12-19,154.0000,155.2500,145.8200,149.8700,139390600
2022-12-20,146.0500,148.4700,137.6600,137.8000,159563300
2022-12-21,139.3400,141.2600,135.8900,137.5700,145417400
2022-12-22,136.0000,136.6300,122.2600,125.3500,210090300
2022-12-23,126.3700,128.6200,121.0200,123.1500,166989700
2022-12-27,117.5000,119.6700,108.7600,109.1000,208643400
2022-12-28,110.3500,116.2700,108.2400,112.7100,221070500
2022-12-29,120.3900,123.5700,117.5000,121.8200,221923300
2022-12-30,119.9500,124.4800,119.7500,123.1800,157777300
2023-01-03,118.4700,118.8000,104.6400,108.1000,231402800
2023-01-04,109.1100,114.5900,107.5200,113.6400,180389000
2023-01-05,110.5100,111.7500,107.1600,110.3400,157986300
2023-01-06,103.0000,114.3900,101.8100,113.0600,220911100
2023-01-09,118.9600,123.5200,117.1100,119.7700,190284000
2023-01-10,121.0700,122.7600,114.9200,118.8500,167642500
2023-01-11,122.0900,125.9500,120.5100,123.2200,183810800
2023-01-12,122.5600,124.1300,117.0000,123.5600,169400900
2023-01-13,116.5500,122.6300,115.6000,122.4000,180714100
2023-01-17,125.7000,131.7000,125.0200,131.4900,186477000
2023-01-18,136.5600,136.6800,127.0100,128.7800,195680300
2023-01-19,127.2600,129.9900,124.3100,127.1700,170291900
2023-01-20,128.6800,133.5100,127.3500,133.4200,138858100
2023-01-23,135.8700,145.3800,134.2700,143.7500,203119200
2023-01-24,143.0000,146.5000,141.1000,143.8900,158699100
2023-01-25,141.9100,146.4100,138.0700,144.4300,192734300
2023-01-26,159.9700,161.4200,154.7600,160.2700,234815100
2023-01-27,162.4300,180.6800,161.1700,177.9000,306590600
2023-01-30,178.0500,179.7700,166.5000,166.6600,230878800
2023-01-31,164.5700,174.3000,162.7800,173.2200,196813500
2023-02-01,173.8900,183.8100,169.9300,181.4100,213806300
2023-02-02,187.3300,196.7500,182.6100,188.2700,217448300
2023-02-03,183.9500,199.0000,183.6900,189.9800,232662000
2023-02-06,193.0100,198.1700,189.9200,194.7600,186188100
2023-02-07,196.4300,197.5000,189.5500,196.8100,186010300
2023-02-08,196.1000,203.0000,194.3100,201.2900,180673600
2023-02-09,207.7800,214.0000,204.7700,207.3200,215431400
2023-02-10,202.2300,206.2000,192.8900,196.8900,204754100
2023-02-13,194.4200,196.3000,187.6100,194.6400,172475500
2023-02-14,191.9400,209.8200,189.4400,209.2500,216455700
2023-02-15,211.7600,214.6600,206.1100,214.2400,181006400
2023-02-16,210.7800,217.6500,201.8400,202.0400,229586500
2023-02-17,199.9900,208.4400,197.5000,208.3100,213738500
2023-02-21,204.9900,209.7100,197.2200,197.3700,180018600
2023-02-22,197.9300,201.9900,191.7800,200.8600,191828500
2023-02-23,203.9100,205.1400,196.3300,202.0700,146360000
2023-02-24,196.3300,197.6700,192.8000,196.8800,142228100
2023-02-27,202.0300,209.4200,201.2600,207.6300,161028300
2023-02-28,210.5900,211.2300,203.7500,205.7100,153144900
2023-03-01,206.2100,207.2000,198.5200,202.7700,156852800
2023-03-02,186.7400,193.7500,186.0100,190.9000,181500700
2023-03-03,194.8000,200.4800,192.8800,197.7900,154193300
2023-03-06,198.5400,198.6000,192.3000,193.8100,128100100
2023-03-07,191.3800,194.2000,186.1000,187.7100,148125800
2023-03-08,185.0400,186.5000,180.0000,182.0000,151897800
2023-03-09,180.2500,185.1800,172.5100,172.9200,170023800
2023-03-10,175.1300,178.2900,168.4400,173.4400,191488900
2023-03-13,167.4600,177.3500,163.9100,174.4800,167790300
2023-03-14,177.3100,183.8000,177.1400,183.2600,143717900
2023-03-15,180.8000,182.3400,176.0300,180.4500,145995600
2023-03-16,180.3700,185.8100,178.8400,184.1300,121136800
2023-03-17,184.5200,186.2200,177.3300,180.1300,133197100
2023-03-20,178.0800,186.4400,176.3500,183.2500,129684400
2023-03-21,188.2800,198.0000,188.0400,197.5800,153391400
2023-03-22,199.3000,200.6600,190.9500,191.1500,150376400
2023-03-23,195.2600,199.3100,188.6500,192.2200,144193900
2023-03-24,191.6500,192.3600,187.1500,190.4100,116312400
2023-03-27,194.4200,197.3900,189.9400,191.8100,120851600
2023-03-28,192.0000,192.3500,185.4300,189.1900,98654600
2023-03-29,193.1300,195.2900,189.4400,193.8800,123660000
2023-03-30,195.5800,197.3300,194.4200,195.2800,110252200
2023-03-31,197.5300,207.7900,197.2000,207.4600,170222100
2023-04-03,199.9100,202.6900,192.2000,194.7700,169545900
2023-04-04,197.3200,198.7400,190.3200,192.5800,126463800
2023-04-05,190.5200,190.6800,183.7600,185.5200,133882500
2023-04-06,183.0800,186.3900,179.7400,185.0600,123857900
2023-04-10,179.9400,185.1000,176.1100,184.5100,142154600
2023-04-11,186.6900,189.1900,185.6500,186.7900,115770900
2023-04-12,190.7400,191.5800,180.3100,180.5400,150256300
2023-04-13,182.9600,186.5000,180.9400,185.9000,112933000
2023-04-14,183.9500,186.2800,182.0100,185.0000,96438700
2023-04-17,186.3200,189.6900,182.6900,187.0400,116662200
2023-04-18,187.1500,187.6900,183.5800,184.3100,92067000
2023-04-19,179.1000,183.5000,177.6500,180.5900,125732700
2023-04-20,166.1700,169.7000,160.5600,162.9900,210970800
2023-04-21,164.8000,166.0000,161.3200,165.0800,123539000
2023-04-24,164.6500,165.6500,158.6100,162.5500,140006600
2023-04-25,159.8200,163.4700,158.7500,160.6700,121999300
2023-04-26,160.2900,160.6700,153.1400,153.7500,153364100
2023-04-27,152.6400,160.4800,152.3700,160.1900,127015200
2023-04-28,160.9000,165.0000,157.3200,164.3100,122515800
2023-05-01,163.1700,163.2800,158.8300,161.8300,109015000
2023-05-02,161.8800,165.4900,158.9300,160.3100,128259700
2023-05-03,160.0100,165.0000,159.9100,160.6100,119728000
2023-05-04,162.7100,162.9500,159.6500,161.2000,95108500
2023-05-05,163.9700,170.7900,163.5100,170.0600,107607300
2023-05-08,173.7200,173.8000,169.1900,171.7900,112249400
2023-05-09,168.9500,169.8200,166.5600,169.1500,88965000
2023-05-10,172.5500,174.4300,166.6800,168.5400,119840700
2023-05-11,168.7000,173.5700,166.7900,172.0800,103889900
2023-05-12,176.0700,177.3800,167.2300,167.9800,157849600
2023-05-15,167.6600,169.7600,164.5500,166.3500,105592500
2023-05-16,165.6500,169.5200,164.3500,166.5200,98288800
2023-05-17,168.4100,174.5000,167.1900,173.8600,125473600
2023-05-18,174.2200,177.0600,172.4500,176.8900,109520300
2023-05-19,177.1700,181.9500,176.3100,180.1400,136196700
2023-05-22,180.7000,189.3200,180.1100,188.8700,132001400
2023-05-23,186.2000,192.9600,185.2600,185.7700,156952100
2023-05-24,182.2300,184.2200,178.2200,182.9000,137605100
2023-05-25,186.5400,186.7800,180.5800,184.4700,96870700
2023-05-26,184.6200,198.6000,184.5300,193.1700,162061500
2023-05-30,200.1000,204.4800,197.5300,201.1600,128818700
2023-05-31,199.7800,203.9500,195.1200,203.9300,150711700
2023-06-01,202.5900,209.8000,199.3700,207.5200,148029900
2023-06-02,210.1500,217.2500,209.7500,213.9700,164398400
2023-06-05,217.8000,221.2900,214.5200,217.6100,151143100
2023-06-06,216.1400,221.9100,212.5300,221.3100,146911600
2023-06-07,228.0000,230.8300,223.2000,224.5700,185710800
2023-06-08,224.2200,235.2300,223.0100,234.8600,164489700
2023-06-09,249.0700,252.4200,242.0200,244.4000,200242400
2023-06-12,247.9400,250.9700,244.5900,249.8300,150337900
2023-06-13,253.5100,259.6800,251.3400,258.7100,162384300
2023-06-14,260.1700,261.5700,250.5000,256.7900,170575500
2023-06-15,248.4000,258.9500,247.2900,255.9000,160171200
2023-06-16,258.9200,263.6000,257.2100,260.5400,167915600
2023-06-20,261.5000,274.7500,261.1200,274.4500,165611200
2023-06-21,275.1300,276.9900,257.7800,259.4600,211797100
2023-06-22,250.7700,265.0000,248.2500,264.6100,166875900
2023-06-23,259.2900,262.4500,252.8000,256.6000,177460800
2023-06-26,250.0700,258.3700,240.7000,241.0500,179990600
2023-06-27,243.2400,250.3900,240.8500,250.2100,164968200
2023-06-28,249.7000,259.8800,248.8900,256.2400,159770800
2023-06-29,258.0300,260.7400,253.6100,257.5000,131283400
2023-06-30,260.6000,264.4500,259.8900,261.7700,112620800
2023-07-03,276.4900,284.2500,275.1100,279.8200,119685900
2023-07-05,278.8200,283.8500,277.6000,282.4800,131530900
2023-07-06,278.0900,279.9700,272.8800,276.5400,120332100
2023-07-07,278.4300,280.7800,273.7700,274.4300,113879200
2023-07-10,276.4700,277.5200,265.1000,269.6100,119425400
2023-07-11,268.6500,270.9000,266.3700,269.7900,91972400
2023-07-12,276.3300,276.5200,271.4600,271.9900,95672100
2023-07-13,274.5900,279.4500,270.6000,277.9000,112681500
2023-07-14,277.0100,285.3000,276.3100,281.3800,120062400
2023-07-17,286.6300,292.2300,283.5700,290.3800,131569600
2023-07-18,290.1500,295.2600,286.0100,293.3400,112120300
2023-07-19,296.0400,299.2900,289.5200,291.2600,142355400
2023-07-20,279.5600,280.9300,261.2000,262.9000,175158300
2023-07-21,268.0000,268.0000,255.8000,260.0200,161796100
2023-07-24,255.8500,269.8500,254.1200,269.0600,136508500
2023-07-25,272.3800,272.9000,265.0000,265.2800,112757300
2023-07-26,263.2500,268.0400,261.7500,264.3500,95856200
2023-07-27,268.3100,269.1300,255.3000,255.7100,103697300
2023-07-28,259.8600,267.2500,258.2300,266.4400,111446000
2023-07-31,267.4800,269.0800,263.7800,267.4300,84582200
2023-08-01,266.2600,266.4700,260.2500,261.0700,83166000
2023-08-02,255.5700,259.5200,250.4900,254.1100,101752900
2023-08-03,252.0400,260.4900,252.0000,259.3200,97569100
2023-08-04,260.9700,264.7700,253.1100,253.8600,99539900
2023-08-07,251.4500,253.6500,242.7600,251.4500,111097900
2023-08-08,247.4500,250.9200,245.0100,249.7000,96642200
2023-08-09,250.8700,251.1000,241.9000,242.1900,101596300
2023-08-10,245.4000,251.8000,243.0000,245.3400,109498600
2023-08-11,241.7700,243.7900,238.0200,242.6500,99038600
2023-08-14,235.7000,240.6600,233.7500,239.7600,98595300
2023-08-15,238.7300,240.5000,232.6100,232.9600,88197600
2023-08-16,228.0200,233.9700,225.3800,225.6000,112484500
2023-08-17,226.0600,226.7400,218.8300,219.2200,120718400
2023-08-18,214.1200,217.5800,212.3600,215.4900,136276600
2023-08-21,221.5500,232.1300,220.5800,231.2800,135702700
2023-08-22,240.2500,240.8200,229.5500,233.1900,130442800
2023-08-23,229.3400,238.9800,229.2900,236.8600,101077600
2023-08-24,238.6600,238.9200,228.1800,230.0400,99777400
2023-08-25,231.3100,239.0000,230.3500,238.5900,106612200
2023-08-28,242.5800,244.3800,235.3500,238.8200,107673700
2023-08-29,238.5800,257.4800,237.7700,257.1800,134047600
2023-08-30,254.2000,260.5100,250.5900,256.9000,121988400
2023-08-31,255.9800,261.1800,255.0500,258.0800,108861700
2023-09-01,257.2600,259.0800,242.0100,245.0100,132541600
2023-09-05,245.0000,258.0000,244.8600,256.4900,129469600
2023-09-06,255.1400,255.3900,245.0600,251.9200,116959800
2023-09-07,245.0700,252.8100,243.2700,251.4900,115312900
2023-09-08,251.2200,256.5200,246.6700,248.5000,118367700
2023-09-11,264.2700,274.8500,260.6100,273.5800,174667900
2023-09-12,270.7600,278.3900,266.6000,267.4800,135999900
2023-09-13,270.0700,274.9800,268.1000,271.3000,111673700
2023-09-14,271.3200,276.7100,270.4200,276.0400,107709800
2023-09-15,277.5500,278.9800,271.0000,274.3900,133692300
2023-09-18,271.1600,271.4400,263.7600,265.2800,101543300
2023-09-19,264.3500,267.8500,261.2000,266.5000,103704000
2023-09-20,267.0400,273.9300,262.4600,262.5900,122514600
2023-09-21,257.8500,260.8600,254.2100,255.7000,119951500
2023-09-22,257.4000,257.7900,244.4800,244.8800,127524100
2023-09-25,243.3800,247.1000,238.3100,246.9900,104636600
2023-09-26,242.9800,249.5500,241.6600,244.1200,101993600
2023-09-27,244.2600,245.3300,234.5800,240.5000,136597200
2023-09-28,240.0200,247.5500,238.6500,246.3800,117058900
2023-09-29,250.0000,254.7700,246.3500,250.2200,128522700
2023-10-02,244.8100,254.2800,242.6200,251.6000,123810400
2023-10-03,248.6100,250.0200,244.4500,246.5300,101985300
2023-10-04,248.1400,261.8600,247.6000,261.1600,129721600
2023-10-05,260.0000,263.6000,256.2500,260.0500,119159200
2023-10-06,253.9800,261.6500,250.6500,260.5300,118121800
2023-10-09,255.3100,261.3600,252.0500,259.6700,101377900
2023-10-10,257.7500,268.9400,257.6500,263.6200,122656000
2023-10-11,266.2000,268.6000,260.9000,262.9900,103706300
2023-10-12,262.9200,265.4100,256.6300,258.8700,111508100
2023-10-13,258.9000,259.6000,250.2200,251.1200,102073800
2023-10-16,250.0500,255.4000,248.4800,253.9200,88917200
2023-10-17,250.1000,257.1800,247.0800,254.8500,93562900
2023-10-18,252.7000,254.6300,242.0800,242.6800,125147800
2023-10-19,225.9500,230.6100,216.7800,220.1100,170772700
2023-10-20,217.0100,218.8600,210.4200,211.9900,138010100
2023-10-23,210.0000,216.9800,202.5100,212.0800,150683400
2023-10-24,216.5000,222.0500,214.1100,216.5200,118231100
2023-10-25,215.8800,220.1000,212.2000,212.4200,107065100
2023-10-26,211.3200,214.8000,204.8800,205.7600,115112600
2023-10-27,210.6000,212.4100,205.7700,207.3000,94881200
2023-10-30,209.2800,210.8800,194.6700,197.3600,136448200
2023-10-31,196.1200,202.8000,194.0700,200.8400,118068300
2023-11-01,204.0400,205.9900,197.8500,205.6600,121661700
2023-11-02,212.9700,219.2000,211.4500,218.5100,125987600
2023-11-03,221.1500,226.3700,218.4000,219.9600,119534800
2023-11-06,223.9800,226.3200,215.0000,219.2700,117335800
2023-11-07,219.9800,223.1200,215.7200,222.1800,116900100
2023-11-08,223.1500,224.1500,217.6400,222.1100,106584800
2023-11-09,219.7500,220.8000,206.6800,209.9800,142110500
2023-11-10,210.0300,215.3800,205.6900,214.6500,130994000
2023-11-13,215.6000,225.4000,211.6100,223.7100,140447600
2023-11-14,235.0300,238.1400,230.7200,237.4100,149771600
2023-11-15,239.2900,246.7000,236.4500,242.8400,150354000
2023-11-16,239.4900,240.8800,230.9600,233.5900,136816800
2023-11-17,232.0000,237.3900,226.5400,234.3000,142532800
2023-11-20,234.0400,237.1000,231.0200,235.6000,116320100
2023-11-21,235.0400,243.6200,233.3400,241.2000,122288000
2023-11-22,242.0400,244.0100,231.4000,234.2100,117950600
2023-11-24,233.7500,238.7500,232.3300,235.4500,65125200
2023-11-27,236.8900,238.3300,232.1000,236.0800,112031800
2023-11-28,236.6800,247.0000,234.0100,246.7200,148549900
2023-11-29,249.2100,252.7500,242.7600,244.1400,135401300
2023-11-30,245.1400,245.2200,236.9100,240.0800,132353200
2023-12-01,233.1400,240.1900,231.9000,238.8300,121331700
2023-12-04,235.7500,239.3700,233.2900,235.5800,104099800
2023-12-05,233.8700,246.6600,233.7000,238.7200,137971100
2023-12-06,242.9200,246.5700,239.1700,239.3700,126436200
2023-12-07,241.5500,244.0800,236.9800,242.6400,107142300
2023-12-08,240.2700,245.2700,239.2700,243.8400,103126800
2023-12-11,242.7400,243.4400,237.4500,239.7400,97913900
2023-12-12,238.5500,238.9900,233.8700,237.0100,95328300
2023-12-13,234.1900,240.3000,228.2000,239.2900,146286300
2023-12-14,241.2200,253.8800,240.7900,251.0500,160829200
2023-12-15,251.2100,254.1300,248.3000,253.5000,135932800
2023-12-18,253.7800,258.7400,251.3600,252.0800,116416500
2023-12-19,253.4800,258.3400,253.0100,257.2200,106737400
2023-12-20,256.4100,259.8400,247.0000,247.1400,125097000
2023-12-21,251.9000,254.8000,248.5500,254.5000,109594200
2023-12-22,256.7600,258.2200,251.3700,252.5400,93370100
2023-12-26,254.4900,257.9700,252.9100,256.6100,86892400
2023-12-27,258.3500,263.3400,257.5200,261.4400,106494400
2023-12-28,263.6600,265.1300,252.7100,253.1800,113619900
2023-12-29,255.1000,255.1900,247.4300,248.4800,100891600
2024-01-02,250.0800,251.2500,244.4100,248.4200,104654200
2024-01-03,244.9800,245.6800,236.3200,238.4500,121082600
2024-01-04,239.2500,242.7000,237.7300,237.9300,102629300
2024-01-05,236.8600,240.1200,234.9000,237.4900,92488900
2024-01-08,236.1400,241.2500,235.3000,240.4500,85166600
2024-01-09,238.1100,238.9600,232.0400,234.9600,96705700
2024-01-10,235.1000,235.5000,231.2900,233.9400,91628500
2024-01-11,230.5700,230.9300,225.3700,227.2200,105873600
2024-01-12,220.0800,225.3400,217.1500,218.8900,123043800
2024-01-16,215.1000,223.4900,212.1800,219.9100,115355000
2024-01-17,214.8600,215.6700,212.0100,215.5500,103164400
2024-01-18,216.8800,217.4500,208.7400,211.8800,108595400
2024-01-19,209.9900,213.1900,207.5600,212.1900,102260300
2024-01-22,212.2600,217.8000,206.2700,208.8000,117952500
2024-01-23,211.3000,215.6500,207.7500,209.1400,106605900
2024-01-24,211.8800,212.7300,206.7700,207.8300,123369900
2024-01-25,189.7000,193.0000,180.0600,182.6300,198076800
2024-01-26,185.5000,186.7800,182.1000,183.2500,107343200
2024-01-29,185.6300,191.4800,183.6700,190.9300,125013100
2024-01-30,195.3300,196.3600,190.6100,191.5900,109982300
2024-01-31,187.0000,193.9700,185.8500,187.2900,103221400
2024-02-01,188.5000,189.8800,184.2800,188.8600,91843300
2024-02-02,185.0400,188.6900,182.0000,187.9100,110612700
2024-02-05,184.2600,184.6800,175.0100,181.0600,134294400
2024-02-06,177.2100,186.4900,177.1100,185.1000,122676000
2024-02-07,188.1800,189.7900,182.6800,187.5800,111535200
2024-02-08,189.0000,191.6200,185.5800,189.5600,83034000
2024-02-09,190.1800,194.1200,189.4800,193.5700,84476300
2024-02-12,192.1100,194.7300,187.2800,188.1300,95498600
2024-02-13,183.9900,187.2600,182.1100,184.0200,86759500
2024-02-14,185.3000,188.8900,183.3500,188.7100,81203000
2024-02-15,189.1600,200.8800,188.8600,200.4500,120831800
2024-02-16,202.0600,203.1700,197.4000,199.9500,111346700
2024-02-20,196.1300,198.6000,189.1300,193.7600,104545800
2024-02-21,193.3600,199.4400,191.9500,194.7700,103500300
2024-02-22,194.0000,198.3200,191.3600,197.4100,92739500
2024-02-23,195.3100,197.5700,191.5000,191.9700,78841900
2024-02-26,192.2900,201.7800,192.0000,199.4000,111747100
2024-02-27,204.0400,205.6000,198.2600,199.7300,108645400
2024-02-28,200.4200,205.3000,198.4400,202.0400,99806200
2024-02-29,204.1800,205.2800,198.4500,201.8800,85907000
2024-03-01,200.5200,204.5200,198.5000,202.6400,82243100
2024-03-04,198.7300,199.7500,186.7200,188.1400,134334900
2024-03-05,183.0500,184.5900,177.5700,180.7400,119660800
2024-03-06,179.9900,181.5800,173.7000,176.5400,107920900
2024-03-07,174.3500,180.0400,173.7000,178.6500,102129000
2024-03-08,181.5000,182.7300,174.7000,175.3400,85544600
2024-03-11,175.4500,182.8700,174.8000,177.7700,85391500
2024-03-12,177.7700,179.4300,172.4100,177.5400,87391700
2024-03-13,173.0500,176.0500,169.1500,169.4800,106524500
2024-03-14,167.7700,171.1700,160.5100,162.5000,126325700
2024-03-15,163.1600,165.1800,160.7600,163.5700,97146800
2024-03-18,170.0200,174.7200,165.9000,173.8000,108214400
2024-03-19,172.3600,172.8200,167.4200,171.3200,77271400
2024-03-20,173.0000,176.2500,170.8200,175.6600,83846700
2024-03-21,176.3900,178.1800,171.8000,172.8200,73178000
2024-03-22,166.6900,171.2000,166.3000,170.8300,75580600
2024-03-25,168.7600,175.2400,168.7300,172.6300,74228600
2024-03-26,178.5800,184.2500,177.3800,177.6700,113186200
2024-03-27,181.4100,181.9100,176.0000,179.8300,81804000
2024-03-28,177.4500,179.5700,175.3000,175.7900,77654800
2024-04-01,176.1700,176.7500,170.2100,175.2200,81562100
2024-04-02,164.7500,167.6900,163.4300,166.6300,116650600
2024-04-03,164.0200,168.8200,163.2800,168.3800,82950100
2024-04-04,170.0700,177.1900,168.0100,171.1100,123162000
2024-04-05,169.0800,170.8600,160.5100,164.9000,143157600
2024-04-08,169.3400,174.5000,167.7900,172.9800,104423300
2024-04-09,172.9100,179.2200,171.9200,176.8800,102951700
2024-04-10,173.0400,174.9300,170.0100,171.7600,84532400
2024-04-11,172.5500,175.8800,168.5100,174.6000,94516000
2024-04-12,172.3400,173.8100,170.3600,171.0500,64722700
2024-04-15,170.2400,170.6900,161.3800,161.4800,100245300
2024-04-16,156.7400,158.1900,153.7500,157.1100,97000000
2024-04-17,157.6400,158.3300,153.7800,155.4500,82439700
2024-04-18,151.2500,152.2000,148.7000,149.9300,96098800
2024-04-19,148.9700,150.9400,146.2200,147.0500,87074500
2024-04-22,140.5600,144.4400,138.8000,142.0500,107097600
2024-04-23,143.3300,147.2600,141.1100,144.6800,124545100
2024-04-24,162.8400,167.9700,157.5100,162.1300,181178000
2024-04-25,158.9600,170.8800,158.3600,170.1800,126427500
2024-04-26,168.8500,172.1200,166.3700,168.2900,109815700
2024-04-29,188.4200,198.8700,184.5400,194.0500,243869700
2024-04-30,186.9800,190.9500,182.8400,183.2800,127031800
2024-05-01,182.0000,185.8600,179.0100,179.9900,92829700
2024-05-02,182.8600,184.6000,176.0200,180.0100,89148000
2024-05-03,182.1000,184.7800,178.4200,181.1900,75491500
2024-05-06,183.8000,187.5600,182.2000,184.7600,84390300
2024-05-07,182.4000,183.2600,177.4000,177.8100,75045900
2024-05-08,171.5900,176.0600,170.1500,174.7200,79969500
2024-05-09,175.0100,175.6200,171.3700,171.9700,65950300
2024-05-10,173.0500,173.0600,167.7500,168.4700,72627200
2024-05-13,170.0000,175.4000,169.0000,171.8900,67018900
2024-05-14,174.5000,179.4900,174.0700,177.5500,86407400
2024-05-15,179.9000,180.0000,173.1100,173.9900,79663000
2024-05-16,174.1000,175.7900,171.4300,174.8400,59812200
2024-05-17,173.5500,179.6300,172.7500,177.4600,77445800
2024-05-20,177.5600,177.7500,173.5200,174.9500,61727400
2024-05-21,175.5100,186.8800,174.7100,186.6000,115266500
2024-05-22,182.8500,183.8000,178.1200,180.1100,88313500
2024-05-23,181.8000,181.9000,173.2600,173.7400,71975500
2024-05-24,174.8400,180.0800,173.7300,179.2400,65584500
2024-05-28,176.4000,178.2500,173.1600,176.7500,59736600
2024-05-29,174.1900,178.1500,173.9300,176.1900,54782600
2024-05-30,178.5800,182.6700,175.3800,178.7900,77618400
2024-05-31,178.5000,180.3200,173.8200,178.0800,67314600
2024-06-03,178.1300,182.6400,174.4900,176.2900,68568900
2024-06-04,174.7800,177.7600,174.0000,174.7700,60056300
2024-06-05,175.3500,176.1500,172.1300,175.0000,57953800
2024-06-06,174.6000,179.7300,172.7300,177.9400,69887000
2024-06-07,176.1300,179.3500,175.5800,177.4800,56244900
2024-06-10,176.0600,178.5700,173.1700,173.7900,50774600
2024-06-11,173.9200,174.7500,167.4100,170.6600,64761900
2024-06-12,171.1200,180.5500,169.8000,177.2900,90389400
2024-06-13,188.3900,191.0800,181.2300,182.4700,118984100
2024-06-14,185.8000,186.0000,176.9200,178.0100,82038200
2024-06-17,177.9200,188.8100,177.0000,187.4400,109786100
2024-06-18,186.5600,187.2000,182.3700,184.8600,68982300
2024-06-20,184.6800,185.2100,179.6600,181.5700,55893100
2024-06-21,182.3000,183.9500,180.6900,183.0100,61937300
2024-06-24,184.9700,188.8000,182.5500,182.5800,61992100
2024-06-25,184.4000,187.9700,182.0100,187.3500,62905700
2024-06-26,186.5400,197.7600,186.3600,196.3700,95737100
2024-06-27,195.1700,198.7200,194.0500,197.4200,72746500
2024-06-28,199.5500,203.2000,195.2600,197.8800,95438100
2024-07-01,201.0200,213.2300,200.8500,209.8600,135691400
2024-07-02,218.8900,231.3000,218.0600,231.2600,205047900
2024-07-03,234.5600,248.3500,234.2500,246.3900,166561500
2024-07-05,249.8100,252.3700,242.4600,251.5200,154501200
2024-07-08,247.7100,259.4400,244.5700,252.9400,157219600
2024-07-09,251.0000,265.6100,250.3000,262.3300,160210900
2024-07-10,262.8000,267.5900,257.8600,263.2600,128519400
2024-07-11,263.3000,271.0000,239.6500,241.0300,221707300
2024-07-12,235.8000,251.8400,233.0900,248.2300,155955800
2024-07-15,255.9700,265.6000,251.7300,252.6400,146912900
2024-07-16,255.3100,258.6200,245.8000,256.5600,126332500
2024-07-17,252.7300,258.4700,246.1800,248.5000,115584800
2024-07-18,251.0900,257.1400,247.2000,249.2300,110869000
2024-07-19,247.7900,249.4400,236.8300,239.2000,87403900
2024-07-22,244.2100,253.2100,243.7500,251.5100,101225400
2024-07-23,253.6000,255.7600,245.6300,246.3800,111928200
2024-07-24,225.4200,225.9900,214.7100,215.9900,167942900
2024-07-25,216.8000,226.0000,216.2300,220.2500,100636500
2024-07-26,221.1900,222.2800,215.3300,219.8000,94604100
2024-07-29,224.9000,234.2700,224.7000,232.1000,129201800
2024-07-30,232.2500,232.4100,220.0000,222.6200,100560300
2024-07-31,227.9000,234.6800,226.7900,232.0700,67497000
2024-08-01,227.6900,231.8700,214.3300,216.8600,83861900
2024-08-02,214.8800,216.1300,205.7800,207.6700,82880100
2024-08-05,185.2200,203.8800,182.0000,198.8800,100308800
2024-08-06,200.7500,202.9000,192.6700,200.6400,73783900
2024-08-07,200.7700,203.4900,191.4800,191.7600,71159800
2024-08-08,195.7000,200.7000,192.0400,198.8400,65033900
2024-08-09,197.0500,200.8800,195.1100,200.0000,58648300
2024-08-12,199.0200,199.2600,194.6700,197.4900,64044900
2024-08-13,198.4700,208.4900,197.0600,207.8300,76247400
2024-08-14,207.3900,208.4400,198.7500,201.3800,70250000
2024-08-15,205.0200,215.8800,204.8200,214.1400,89848500
2024-08-16,211.1500,219.8000,210.8000,216.1200,88765100
2024-08-19,217.0700,222.9800,214.0900,222.7200,76435200
2024-08-20,224.8800,228.2200,219.5600,221.1000,74001200
2024-08-21,222.6700,224.6600,218.8600,223.2700,70146000
2024-08-22,223.8200,224.8000,210.3200,210.6600,79514500
2024-08-23,214.4600,221.4800,214.2100,220.3200,81525200
2024-08-26,218.7500,219.0900,211.0100,213.2100,59301200
2024-08-27,213.2500,215.6600,206.9400,209.2100,62821400
2024-08-28,209.7200,211.8400,202.5900,205.7500,64116400
2024-08-29,209.8000,214.8900,205.9700,206.2800,62308800
2024-08-30,208.6300,214.5700,207.0300,214.1100,63370600
2024-09-03,215.2600,219.9000,209.6400,210.6000,76714200
2024-09-04,210.5900,222.2200,210.5700,219.4100,80651800
2024-09-05,223.4900,235.0000,222.2500,230.1700,119355000
2024-09-06,232.6000,233.6000,210.5100,210.7300,112177000
2024-09-09,216.2000,219.8700,213.6700,216.2700,67443500
2024-09-10,220.0700,226.4000,218.6400,226.1700,78891100
2024-09-11,224.5500,228.4700,216.8000,228.1300,83548600
2024-09-12,224.6600,231.4500,223.8300,229.8100,71894900
2024-09-13,228.0000,232.6700,226.3200,230.2900,59515100
2024-09-16,229.3000,229.9600,223.5300,226.7800,54323000
2024-09-17,229.4500,234.5700,226.5500,227.8700,66761600
2024-09-18,230.0900,235.6800,226.8800,227.2000,78010200
2024-09-19,234.0000,244.2400,232.1300,243.9200,102694600
2024-09-20,241.5200,243.9900,235.9200,238.2500,99879100
2024-09-23,242.6100,250.0000,241.9200,250.0000,86927200
2024-09-24,254.0800,257.1900,249.0500,254.2700,88491000
2024-09-25,252.5400,257.0500,252.2800,257.0200,65034300
2024-09-26,260.6000,261.7500,251.5300,254.2200,67142200
2024-09-27,257.3800,260.7000,254.1200,260.4600,70988100
2024-09-30,259.0400,264.8600,255.7700,261.6300,80705700
2024-10-01,262.6700,263.9800,248.5300,258.0200,87397600
2024-10-02,247.5500,251.1600,241.5000,249.0200,93983900
2024-10-03,244.4800,249.7900,237.8100,240.6600,80729200
2024-10-04,246.6900,250.9600,244.5800,250.0800,86573200
2024-10-07,249.0000,249.8300,240.7000,240.8300,68113300
2024-10-08,243.5600,246.2100,240.5600,244.5000,56303200
2024-10-09,243.8200,247.4300,239.5100,241.0500,66289500
2024-10-10,241.8100,242.7900,232.3400,238.7700,83087100
2024-10-11,220.1300,223.3400,214.3800,217.8000,142628900
2024-10-14,220.1300,221.9100,213.7400,219.1600,86291900
2024-10-15,220.0100,224.2600,217.1200,219.5700,62988800
2024-10-16,221.4000,222.8200,218.9300,221.3300,49632800
2024-10-17,221.5900,222.0800,217.9000,220.8900,50791800
2024-10-18,220.7100,222.2800,219.2300,220.7000,49611900
2024-10-21,218.9000,220.4800,215.7300,218.8500,47329000
2024-10-22,217.3100,218.2200,215.2600,217.9700,43268700
2024-10-23,217.1300,218.7200,212.1100,213.6500,80938900
2024-10-24,244.6800,262.1200,242.6500,260.4800,204491900
2024-10-25,256.0100,269.4900,255.3200,269.1900,161611900
2024-10-28,270.0000,273.5400,262.2400,262.5100,107653600
2024-10-29,264.5100,264.9800,255.5100,259.5200,80521800
2024-10-30,258.0400,263.3500,255.8200,257.5500,53993600
2024-10-31,257.9900,259.7500,249.2500,249.8500,66575300
2024-11-01,252.0400,254.0000,246.6300,248.9800,57544800
2024-11-04,244.5600,248.9000,238.8800,242.8400,68802400
2024-11-05,247.3400,255.2800,246.2100,251.4400,69282500
2024-11-06,284.6700,289.5900,275.6200,288.5300,165228700
2024-11-07,288.8900,299.7500,285.5200,296.9100,117309200
2024-11-08,299.1400,328.7100,297.6600,321.2200,204782800
2024-11-11,346.3000,358.6400,336.0000,350.0000,210521600
2024-11-12,342.7400,345.8400,323.3100,328.4900,155726000
2024-11-13,335.8500,344.6000,322.5000,330.2400,125405600
2024-11-14,327.6900,329.9800,310.3700,311.1800,120726100
2024-11-15,310.5700,324.6800,309.2200,320.7200,114440300
2024-11-18,340.7300,348.5500,330.0100,338.7400,126085600
2024-11-19,335.7600,347.3800,332.7500,346.0000,88852500
2024-11-20,345.0000,346.6000,334.3000,342.0300,66340700
2024-11-21,343.8100,347.9900,335.2800,339.6400,58011700
2024-11-22,341.0900,361.5300,337.7000,352.5600,89140700
2024-11-25,360.1400,361.9300,338.2000,338.5900,95890900
2024-11-26,341.0000,346.9600,335.6600,338.2300,62295900
2024-11-27,341.8000,342.5500,326.5900,332.8900,57896400
2024-11-29,336.0800,345.4500,334.6500,345.1600,37167600
2024-12-02,352.3800,360.0000,351.1500,357.0900,77986500
2024-12-03,351.8000,355.6900,348.2000,351.4200,58267200
2024-12-04,353.0000,358.1000,348.6000,357.9300,50810900
2024-12-05,359.8700,375.4300,359.5000,369.4900,81403600
2024-12-06,377.4200,389.4900,370.8000,389.2200,81455800
2024-12-09,397.6100,404.8000,378.0100,389.7900,96359200
2024-12-10,392.6800,409.7300,390.8500,400.9900,97563600
2024-12-11,409.7000,424.8800,402.3800,424.7700,104287600
2024-12-12,424.8400,429.3000,415.0000,418.1000,87752200
2024-12-13,420.0000,436.3000,415.7100,436.2300,89000200
2024-12-16,441.0900,463.1900,436.1500,463.0200,114083800
2024-12-17,475.9000,483.9900,457.5100,479.8600,131223000
2024-12-18,466.5000,488.5400,427.0100,440.1300,149340800
2024-12-19,451.8800,456.3600,420.0200,436.1700,118566100
2024-12-20,425.5100,447.0800,417.6400,421.0600,132216200
2024-12-23,431.0000,434.5100,415.4100,430.6000,72698100
2024-12-24,435.9000,462.7800,435.1400,462.2800,59551800
2024-12-26,465.1600,465.3300,451.0200,454.1300,76366400
2024-12-27,449.5200,450.0000,426.5000,431.6600,82666800
2024-12-30,419.4000,427.0000,415.7500,417.4100,64941000
2024-12-31,423.7900,427.9300,402.5400,403.8400,76825100
2025-01-02,390.1000,392.7300,373.0400,379.2800,109710700
2025-01-03,381.4800,411.8800,379.4500,410.4400,95423300
2025-01-06,423.2000,426.4300,401.7000,411.0500,85516500
2025-01-07,405.8300,414.3300,390.0000,394.3600,75699500
2025-01-08,392.9500,402.5000,387.4000,394.9400,73038800
2025-01-10,391.4000,399.2800,377.2900,394.7400,62287300
2025-01-13,383.2100,403.7900,380.0700,403.3100,67580500
2025-01-14,414.3400,422.6400,394.5400,396.3600,84565000
2025-01-15,409.9000,429.8000,405.6600,428.2200,81375500
2025-01-16,423.4900,424.0000,409.1300,413.8200,68335200
2025-01-17,421.5000,439.7400,419.7500,426.5000,94991400
2025-01-21,432.6400,433.2000,406.3100,424.0700,87320900
2025-01-22,416.8100,428.0000,414.5900,415.1100,60963300
2025-01-23,416.0600,420.7300,408.9500,412.3800,50690600
2025-01-24,414.4500,418.8800,405.7800,406.5800,56427100
2025-01-27,394.8000,406.6900,389.0000,397.1500,58125500
2025-01-28,396.9100,400.5900,386.5000,398.0900,48910700
2025-01-29,395.2100,398.5900,384.4800,389.1000,68033600
2025-01-30,410.7800,412.5000,384.4100,400.2800,98092900
2025-01-31,401.5300,419.9900,401.3400,404.6000,83283600
2025-02-03,386.6800,389.1700,374.3600,383.6800,93732100
2025-02-04,382.6300,394.0000,381.4000,392.2100,57072200
2025-02-05,387.5100,388.3900,375.5300,378.1700,57223300
2025-02-06,373.0300,375.4000,363.1800,374.3200,77918200
2025-02-07,370.1900,380.5500,360.3400,361.6200,70298300
2025-02-10,356.2100,362.7000,350.5100,350.7300,77514900
2025-02-11,345.8000,349.3700,325.1000,328.5000,118543400
2025-02-12,329.9400,346.4000,329.1200,336.5100,105382700
2025-02-13,345.0000,358.6900,342.8500,355.9400,89441500
2025-02-14,360.6200,362.0000,347.5000,355.8400,68277300
2025-02-18,355.0100,359.1000,350.0200,354.1100,51631700
2025-02-19,354.0000,367.3400,353.6700,360.5600,67094400
2025-02-20,361.5100,362.3000,348.0000,354.4000,45965400
2025-02-21,353.4400,354.9800,334.4200,337.8000,74058600
2025-02-24,338.1400,342.4000,324.7000,330.5300,76052300
2025-02-25,327.0200,328.8900,297.2500,302.8000,134228800
2025-02-26,303.7100,309.0000,288.0400,290.8000,100118300
2025-02-27,291.1600,297.2300,280.8800,281.9500,101748200
2025-02-28,279.5000,293.8800,273.6000,292.9800,115697000
2025-03-03,300.3400,303.9400,277.3000,284.6500,115551400
2025-03-04,270.9300,284.3500,261.8400,272.0400,126706600
2025-03-05,272.9200,279.5500,267.7100,279.1000,94042900
2025-03-06,272.0600,272.6500,260.0200,263.4500,98451600
2025-03-07,259.3200,266.2500,250.7300,262.6700,102369600
2025-03-10,252.5400,253.3700,220.0000,222.1500,189076900
2025-03-11,225.3100,237.0600,217.0200,230.5800,174896400
2025-03-12,247.2200,251.8400,241.1000,248.0900,142215700
2025-03-13,248.1300,248.2900,232.6000,240.6800,114813500
2025-03-14,247.3100,251.5800,240.7300,249.9800,100242300
2025-03-17,245.0600,245.4000,232.8000,238.0100,111900600
2025-03-18,228.1600,230.1000,222.2800,225.3100,111477600
2025-03-19,231.6100,241.4100,229.2000,235.8600,111993800
2025-03-20,233.3500,238.0000,230.0500,236.2600,99028300
2025-03-21,234.9900,249.5200,234.5500,248.7100,132728700
2025-03-24,258.0800,278.6400,256.3300,278.3900,169079900
2025-03-25,283.6000,288.2000,271.2800,288.1400,150361500
2025-03-26,282.6600,284.9000,266.5100,272.0600,153629800
2025-03-27,272.4800,291.8500,271.8200,273.1300,162572100
2025-03-28,275.5800,276.1000,260.5700,263.5500,123809400
2025-03-31,249.3100,260.5600,243.3600,259.1600,134008900
2025-04-01,263.8000,277.4500,259.2500,268.4600,146486900
2025-04-02,254.6000,284.9900,251.2700,282.7600,212787800
2025-04-03,265.2900,276.3000,261.5100,267.2800,136174300
2025-04-04,255.3800,261.0000,236.0000,239.4300,181229400
2025-04-07,223.7800,252.0000,214.2500,233.2900,183453800
2025-04-08,245.0000,250.4400,217.8000,221.8600,171603500
2025-04-09,224.6900,274.6900,223.8800,272.2000,219433400
2025-04-10,260.0000,262.4900,239.3300,252.4000,181722600
2025-04-11,251.8400,257.7400,241.3600,252.3100,128948100
2025-04-14,258.3600,261.8000,245.9300,252.3500,100135200
2025-04-15,249.9100,258.7500,247.5400,254.1100,79594300
2025-04-16,247.6100,251.9700,233.8900,241.5500,112378700
2025-04-17,243.4700,244.3400,237.6800,241.3700,83404800
2025-04-21,230.2600,232.2100,222.7900,227.5000,97768000
2025-04-22,230.9600,242.7900,229.8500,237.9700,120858500
2025-04-23,254.8600,259.4500,244.4300,250.7400,150381900
2025-04-24,250.5000,259.5400,249.2000,259.5100,94464200
2025-04-25,261.6900,286.8500,259.6300,284.9500,167560700
2025-04-28,288.9800,294.8600,272.4200,285.8800,151731800
2025-04-29,285.5000,293.3200,279.4700,292.0300,108906600
2025-04-30,279.9000,284.4500,270.7800,282.1600,128961100
2025-05-01,280.0100,290.8700,279.8100,280.5200,99659000
2025-05-02,284.9000,294.7800,279.8100,287.2100,114454700
2025-05-05,284.5700,284.8500,274.4000,280.2600,94618900
2025-05-06,273.1100,277.7300,271.3500,275.3500,76715800
2025-05-07,276.8800,277.9200,271.0000,276.2200,71592600
2025-05-08,279.6300,289.8000,279.4100,284.8200,97539400
2025-05-09,290.2100,307.0400,290.0000,298.2600,132387800
2025-05-12,321.9900,322.2100,311.5000,318.3800,112826700
2025-05-13,320.0000,337.5900,316.8000,334.0700,136992600
2025-05-14,342.5000,350.0000,337.0000,347.6800,136997300
2025-05-15,340.3400,346.1400,334.7200,342.8200,97882600
2025-05-16,346.2400,351.6200,342.3300,349.9800,95895700
2025-05-19,336.3000,343.0000,333.3700,342.0900,88869900
2025-05-20,347.8700,354.9900,341.6300,343.8200,131715500
2025-05-21,344.4300,347.3500,332.2000,334.6200,102354800
2025-05-22,331.9000,347.2700,331.3900,341.0400,97113400
2025-05-23,337.9200,343.1800,333.2100,339.3400,84654800
2025-05-27,347.3500,363.7900,347.3200,362.8900,120146400
2025-05-28,364.8400,365.0000,355.9100,356.9000,91404300
2025-05-29,365.2900,367.7100,356.0000,358.4300,88087800
2025-05-30,355.5200,363.6800,345.2900,346.4600,123474900
2025-06-02,343.5000,348.0200,333.3300,342.6900,81873800
2025-06-03,346.6000,355.4000,343.0400,344.2700,99324500
2025-06-04,345.1000,345.6000,327.3300,332.0500,98912100
2025-06-05,322.4900,324.5500,273.2100,284.7000,287499800
2025-06-06,298.8300,305.5000,291.1400,295.1400,164747700
2025-06-09,285.9600,309.8300,281.8500,308.5800,140908900
2025-06-10,314.9400,327.8300,310.6700,326.0900,151256500
2025-06-11,334.4000,335.5000,322.5000,326.4300,122611400
2025-06-12,323.0800,332.5600,316.8600,319.1100,105127500
2025-06-13,313.9700,332.9900,313.3000,325.3100,128964300
2025-06-16,331.2900,332.0500,326.4100,329.1300,83925900
2025-06-17,326.0900,327.2600,314.7400,316.3500,88282700
2025-06-18,317.3100,329.3200,315.4500,322.0500,95137700
2025-06-20,327.9500,332.3600,317.7800,322.1600,108688000
2025-06-23,327.5400,357.5400,327.4800,348.6800,190716800
2025-06-24,356.1700,356.2600,340.4400,340.4700,114736200
2025-06-25,342.7000,343.0000,320.4000,327.5500,119845100
2025-06-26,324.6100,331.0500,323.6100,325.7800,80440900
2025-06-27,324.5100,329.3400,317.5000,323.6300,89067000
2025-06-30,319.9000,325.5800,316.6000,317.6600,76695100
2025-07-01,298.4600,305.8900,293.2100,300.7100,145085700
2025-07-02,312.6300,316.8300,303.8200,315.6500,119483700
2025-07-03,317.9900,318.4500,312.7600,315.3500,58042300
2025-07-07,291.3700,296.1500,288.7700,293.9400,131177900
2025-07-08,297.0000,304.0500,294.3500,297.8100,103246700
2025-07-09,297.5500,300.1500,293.5500,295.8800,75586800
2025-07-10,300.0500,310.4800,300.0000,309.8700,104365300
2025-07-11,307.8900,314.0900,305.6500,313.5100,79236400
2025-07-14,317.7300,322.6000,312.6700,316.9000,78043400
2025-07-15,319.6800,321.2000,310.5000,310.7800,77556300
2025-07-16,312.8000,323.5000,312.6200,321.6700,97284800
2025-07-17,323.1500,324.3400,317.0600,319.4100,73922900
2025-07-18,321.6600,330.9000,321.4200,329.6500,94255000
2025-07-21,334.4000,338.0000,326.8800,328.4900,75768800
2025-07-22,329.7400,335.4100,321.5500,332.1100,77370400
2025-07-23,330.9000,336.2000,328.6700,332.5600,92553800
2025-07-24,310.0000,310.1500,300.4100,305.3000,156966000
2025-07-25,308.7400,323.6300,308.0100,316.0600,148227000
2025-07-28,318.4500,330.4900,315.6900,325.5900,112673800
2025-07-29,325.5500,326.2500,318.2500,321.2000,87358900
2025-07-30,322.1800,324.4500,311.6200,319.0400,83931900
2025-07-31,319.6100,321.3700,306.1000,308.2700,85270900
2025-08-01,306.2100,309.3100,297.8200,302.6300,89121400
2025-08-04,309.0800,312.1200,303.0000,309.2600,78683900
2025-08-05,308.9500,312.4500,305.5000,308.7200,57961300
2025-08-06,307.8900,320.4700,306.9300,319.9100,78523600
2025-08-07,319.7900,322.4000,316.1600,322.2700,66658700
2025-08-08,321.4300,335.1500,320.9800,329.6500,91200300
2025-08-11,335.0000,346.6400,334.1500,339.0300,105320200
2025-08-12,345.0000,345.2600,332.9400,340.8400,80522100
2025-08-13,341.5000,348.9800,338.2000,339.3800,67838900
2025-08-14,335.7600,340.4700,330.4000,335.5800,75000700
2025-08-15,337.6600,339.3000,327.0200,330.5600,74319800
2025-08-18,329.6200,336.2700,329.5900,335.1600,56956600
2025-08-19,335.7900,340.5500,327.8500,329.3100,75956000
2025-08-20,329.2200,331.3700,314.6000,323.9000,77481800
2025-08-21,322.0800,324.9000,318.6800,320.1100,55744400
2025-08-22,321.6600,340.2500,319.6900,340.0100,94016300
2025-08-25,338.9000,349.5300,335.0300,346.6000,86670000
2025-08-26,344.9300,351.9000,343.7200,351.6700,76651600
2025-08-27,351.9400,355.3900,349.1600,349.6000,65519000
2025-08-28,350.9100,353.5500,340.2600,345.9800,67903200
2025-08-29,347.2300,348.7500,331.7000,333.8700,81145700
2025-09-02,328.2300,333.3300,325.6000,329.3600,58392000
2025-09-03,335.2000,343.3300,328.5100,334.0900,88733300
2025-09-04,336.1500,338.8900,331.4800,338.5300,60711000
2025-09-05,348.0000,355.8700,344.6800,350.8400,108989800
2025-09-08,354.6400,358.4400,344.8400,346.4000,75208300
2025-09-09,348.4400,350.7700,343.8200,346.9700,53816000
2025-09-10,350.5500,356.3300,346.0700,347.7900,72121700
2025-09-11,350.1700,368.9900,347.6000,368.8100,103756000
2025-09-12,370.9400,396.6900,370.2400,395.9400,168156400
2025-09-15,423.1300,425.7000,402.4300,410.0400,163823700
2025-09-16,414.5000,423.2500,411.4300,421.6200,104285700
2025-09-17,415.7500,428.3100,409.6700,425.8600,106133500
2025-09-18,428.8700,432.2200,416.5600,416.8500,90454500
2025-09-19,421.8200,429.4700,421.7200,426.0700,93131000
2025-09-22,431.1100,444.9800,429.1300,434.2100,97108800
2025-09-23,439.8800,440.9700,423.7200,425.8500,83422700
2025-09-24,429.8300,444.2100,429.0300,442.7900,93133600
2025-09-25,435.2400,435.3500,419.0800,423.3900,96746400
2025-09-26,428.3000,440.4700,421.0200,440.4000,101628200
2025-09-29,444.3500,450.9800,439.5000,443.2100,79491500
2025-09-30,441.5200,445.0000,433.1200,444.7200,74358000
2025-10-01,443.8000,462.2900,440.7500,459.4600,98122300
2025-10-02,470.5400,470.7500,435.5700,436.0000,137009000
2025-10-03,443.2900,446.7700,416.5800,429.8300,133188200
2025-10-06,440.7500,453.5500,436.6900,453.2500,85324900
2025-10-07,447.8200,452.6800,432.4500,433.0900,102296100
2025-10-08,437.5700,441.3300,425.2300,438.6900,71192100
2025-10-09,431.8100,436.3500,426.1800,435.5400,69339900
2025-10-10,436.5400,443.1300,411.4500,413.4900,112107900
2025-10-13,423.5300,436.8900,419.7000,435.9000,79552800
2025-10-14,426.7900,434.2000,417.8600,429.2400,72669400
2025-10-15,434.9000,440.5100,426.3300,435.1500,71558200
2025-10-16,434.7300,439.3500,421.3100,428.7500,77189900
2025-10-17,425.5000,441.4600,423.6000,439.3100,89331600
2025-10-20,443.8700,449.8000,440.6100,447.4300,63719000
2025-10-21,445.7600,449.3000,442.0500,442.6000,54412200
2025-10-22,443.4500,445.5400,429.0000,438.9700,84023500
2025-10-23,420.0000,449.4000,413.9000,448.9800,126709800
2025-10-24,446.8300,451.6800,430.1700,433.7200,94727800
2025-10-27,439.9800,460.1600,438.6900,452.4200,105867500
2025-10-28,454.7800,467.0000,451.6000,460.5500,80185700
2025-10-29,462.5000,465.7000,452.6500,461.5100,67983500
2025-10-30,451.0500,455.0600,439.6100,440.1000,72447900
2025-10-31,446.7500,458.0000,443.6900,456.5600,83135800
2025-11-03,455.9900,474.0700,453.8000,468.3700,84595200
2025-11-04,454.4600,460.2200,443.6000,444.2600,87756600
2025-11-05,452.0500,466.3300,440.7100,462.0700,85573000
2025-11-06,461.9600,467.4500,435.0900,445.9100,109622900
2025-11-07,437.9200,439.3600,421.8800,429.5200,103471500
2025-11-10,439.6000,449.6700,433.3600,445.2300,76515900
2025-11-11,439.4000,442.4900,432.3600,439.6200,60533200
2025-11-12,442.1500,442.3300,426.5600,430.6000,58513500
2025-11-13,423.1300,424.5000,396.3400,401.9900,118948000
2025-11-14,386.3000,412.1900,382.7800,404.3500,105506700
2025-11-17,398.7400,423.9600,398.7400,408.9200,102214300
2025-11-18,405.3800,408.9000,393.7100,401.2500,80688600
2025-11-19,406.1800,411.7800,398.5000,403.9900,72047700
2025-11-20,414.6300,428.9400,394.7400,395.2300,113548800
2025-11-21,402.3200,402.8000,383.7600,391.0900,100460600
2025-11-24,402.1700,421.7200,401.0900,417.7800,96806400
2025-11-25,414.4200,420.4800,405.9500,419.4000,71915600
2025-11-26,423.9500,426.9400,416.8900,426.5800,63463000
2025-11-28,426.5900,432.9300,426.2000,430.1700,36252900
2025-12-01,425.3200,433.6600,425.2900,430.1400,57463600
2025-12-02,430.8100,436.8000,422.1200,429.2400,69336600
2025-12-03,432.1000,447.9200,431.1100,446.7400,87483000
2025-12-04,449.9400,454.6300,445.3900,454.5300,71906500
2025-12-05,453.0300,458.8700,451.6600,455.0000,56427500
2025-12-08,447.4500,449.7500,435.2500,439.5800,69165800
2025-12-09,437.5400,452.3900,435.7000,445.1700,62367400
2025-12-10,446.0700,456.8800,443.6100,451.4500,63257500
2025-12-11,448.9500,449.2700,440.3300,446.8900,55979500
2025-12-12,448.0900,463.0100,441.6700,458.9600,95656700
2025-12-15,469.4400,481.7700,467.6600,475.3100,114542200
2025-12-16,472.2100,491.5000,465.8300,489.8800,107608100
2025-12-17,488.2200,495.2800,466.2000,467.2600,106490400
2025-12-18,478.1600,490.8600,473.1200,483.3700,95168400
2025-12-19,488.1200,490.4900,474.7200,481.2000,103305400
2025-12-22,489.8800,498.8300,485.3300,488.7300,86916100
2025-12-23,489.4000,491.9700,482.8400,485.5600,58223600
2025-12-24,488.4800,490.9000,476.8000,485.4000,41285400
2025-12-26,485.2300,489.0900,473.8200,475.1900,58780700
2025-12-29,469.0000,469.4000,459.0000,459.6400,66263000
2025-12-30,461.0900,463.1200,453.8300,454.4300,59238500
2025-12-31,456.1000,456.5500,449.3000,449.7200,49078000
2026-01-02,457.8000,458.3400,435.3000,438.0700,85535400
2026-01-05,447.9900,457.5500,444.5700,451.6700,67940800
2026-01-06,446.3800,448.2500,428.7800,432.9600,89093800
2026-01-07,435.9000,438.3700,431.2900,431.4100,59828800
2026-01-08,427.8900,436.8900,424.3700,435.8000,57041100
2026-01-09,435.9500,449.0500,430.3900,445.0100,67331500
2026-01-12,441.2300,454.3000,438.0000,448.9600,61649600
2026-01-13,450.2000,451.8100,443.9500,447.2000,53719200
2026-01-14,442.8100,443.9100,434.2200,439.2000,57259500
2026-01-15,441.1300,445.3600,437.6500,438.5700,49465800
2026-01-16,439.5000,447.2500,435.2600,437.5000,60220600
2026-01-20,429.3600,430.7300,417.4400,419.2500,63187300
2026-01-21,421.6600,438.2000,419.6200,431.4400,68124000
2026-01-22,435.1600,449.5000,432.6300,449.3600,71546700
2026-01-23,447.4300,452.4300,444.0400,449.0600,56771400
2026-01-26,445.0000,445.0400,434.2800,435.2000,49397400
2026-01-27,437.4100,437.5200,430.6900,430.9000,37733100
2026-01-28,431.9100,438.2600,430.1000,431.4600,54857400
2026-01-29,437.8000,440.2300,414.6200,416.5600,81686100
2026-01-30,425.3500,439.8800,422.7000,430.4100,82626100
2026-02-02,421.2900,427.1500,414.5000,421.8100,58739500
2026-02-03,424.2700,428.5600,413.6900,421.9600,56886500
2026-02-04,420.4600,423.9000,399.1800,406.0100,74606900
2026-02-05,397.0200,402.1000,387.5300,397.2100,72819800
2026-02-06,400.8700,414.5500,397.7500,411.1100,62677100
2026-02-09,409.9100,421.2500,407.2900,417.3200,54484300
2026-02-10,418.0800,427.2500,417.0000,425.2100,64450200
2026-02-11,427.9600,436.3500,420.0300,428.2700,57362000
2026-02-12,430.3000,436.2300,414.0000,417.0700,61933400
2026-02-13,414.3100,424.0600,410.8800,417.4400,51434100
2026-02-17,412.3600,413.7200,400.5100,410.6300,59678800
2026-02-18,411.1100,416.9000,409.5800,411.3200,45921400
2026-02-19,407.2500,415.2500,404.1100,411.7100,51019600
2026-02-20,408.3000,414.7000,405.5000,411.8200,57912200
2026-02-23,407.2900,407.7000,394.0400,399.8300,69680000
2026-02-24,399.5000,410.8200,397.6400,409.3800,58579500
2026-02-25,412.1500,420.3400,412.1500,417.4000,54809700
2026-02-26,414.4200,416.8100,403.6600,408.5800,53602500
2026-02-27,402.9400,407.1200,398.1100,402.5100,56890100
2026-03-02,390.6000,404.5400,388.2500,403.3200,55088300
2026-03-03,395.0900,396.3400,385.3900,392.4300,62617300
2026-03-04,397.8500,408.3300,394.5800,405.9400,68305500
2026-03-05,401.5700,408.6200,399.4200,405.5500,51925900
2026-03-06,398.0900,402.3500,394.2100,396.7300,64054600
2026-03-09,390.0500,401.5900,381.4000,398.6800,67018900
2026-03-10,402.2200,406.5900,398.1900,399.2400,59258700
2026-03-11,402.2800,416.3800,402.1500,407.8200,62559900
2026-03-12,405.1800,406.5000,394.6500,395.0100,60973800
2026-03-13,399.1700,400.2000,389.9500,391.2000,58504100
2026-03-16,396.2200,403.7300,394.4200,395.5600,58068300
2026-03-17,395.6900,400.1200,393.0000,399.2700,46890500
2026-03-18,399.0000,403.0700,392.3100,392.7800,50853100
2026-03-19,387.2700,387.2700,378.7300,380.3000,67078300
2026-03-20,379.8500,379.8900,364.4600,367.9600,78628600
2026-03-23,373.0900,385.3300,372.7300,380.8500,74606000
2026-03-24,376.5600,387.4800,376.3100,383.0300,60004900
2026-03-25,389.9900,396.2300,385.0100,385.9500,55157300
2026-03-26,381.6000,384.4400,371.8700,372.1100,55522900
2026-03-27,369.6900,369.8600,359.4700,361.8300,62065700
2026-03-30,365.8600,367.2900,352.1400,355.2800,67954400
2026-03-31,361.5100,373.3300,361.0000,371.7500,75534900
2026-04-01,378.6300,383.1400,374.0800,381.2600,58683800
2026-04-02,364.2000,370.2800,359.0300,360.5900,83031200
2026-04-06,362.5900,367.7200,346.6400,352.8200,77697600
2026-04-07,346.4400,348.0200,337.2400,346.6500,74515400
2026-04-08,363.7900,364.5000,339.6700,343.2500,78838600
2026-04-09,343.1500,348.8800,337.2500,345.6200,62164000
2026-04-10,346.2900,350.3600,342.7400,348.9500,51336000
2026-04-13,350.0700,356.3500,348.5700,352.4200,53617500
2026-04-14,357.6700,367.6300,354.7700,364.2000,59979600
2026-04-15,366.8300,394.6500,362.5000,391.9500,113810400
2026-04-16,393.8100,394.0600,381.8000,388.9000,63515100
2026-04-17,395.9200,409.2800,391.6500,400.6200,90640000
2026-04-20,402.5800,406.8000,388.3300,392.5000,64603900
2026-04-21,393.0000,393.9500,385.2200,386.4200,50530600
2026-04-22,387.5700,393.0100,385.3000,387.5100,62362800
2026-04-23,375.2800,386.0000,368.3900,373.7200,93969500
2026-04-24,373.5000,382.7600,370.7300,376.3000,62893300
2026-04-27,372.0900,380.7800,364.0200,378.6700,66735800
2026-04-28,374.6800,382.2900,372.5400,376.0200,50864400
2026-04-29,375.4000,376.4000,370.0400,372.8000,45384800
2026-04-30,372.7500,384.7500,368.1700,381.6300,51076000
2026-05-01,382.4900,397.8200,378.8000,390.8200,65338300
2026-05-04,390.2300,394.6400,384.8000,392.5100,48765100
2026-05-05,395.1900,402.1200,389.0000,389.3700,47780600
2026-05-06,386.2500,401.6800,384.0200,398.7300,53465400
2026-05-07,407.4800,415.8300,402.1200,411.7900,64294200
2026-05-08,416.4800,431.2000,416.3900,428.3500,65050000
2026-05-11,422.1600,449.1600,416.8000,445.0000,78376100
2026-05-12,441.4100,447.8000,422.2600,433.4500,60569300
2026-05-13,436.6700,453.4000,430.2100,445.2700,68283200
2026-05-14,446.4900,451.9800,441.1600,443.3000,46070400
2026-05-15,433.9800,434.6600,422.0000,422.2400,52688700
2026-05-18,419.2700,421.1300,405.3300,409.9900,52474200
2026-05-19,403.1600,405.6300,393.6300,404.1100,46500600
2026-05-20,407.6000,417.4600,406.3900,417.2600,45294700
2026-05-21,422.1800,426.9500,412.9000,417.8500,42636900
2026-05-22,422.6700,431.5100,420.5100,426.0100,46104700
2026-05-26,430.2600,435.2000,426.1200,433.5900,45658900
2026-05-27,442.8900,445.6000,435.5200,440.3600,44656500
2026-05-28,437.6200,443.9600,436.3000,442.1000,32435000
2026-05-29,439.8500,441.0700,428.1400,435.7900,45176800
2026-06-01,427.4900,429.6000,415.4300,415.8800,44937900
2026-06-02,418.2200,424.4200,413.6500,423.7400,37596000
2026-06-03,418.7000,433.6000,416.0000,423.7000,44500700
2026-06-04,419.8400,426.3500,417.1600,418.4500,35323300
2026-06-05,420.5000,424.6800,388.5900,391.0000,63420200
2026-06-08,396.3300,412.9400,394.7200,408.9500,50328800
2026-06-09,411.0300,418.5000,384.2400,396.6800,59940200
2026-06-10,391.5400,397.0900,380.1500,381.5900,49695600
2026-06-11,388.2800,399.5400,380.6600,399.1500,45324300
2026-06-12,399.4900,406.6800,386.7600,406.4300,63514500
2026-06-15,412.3700,416.0000,407.1000,411.1500,45620500
2026-06-16,404.1100,412.4200,400.5400,404.6600,40255500
2026-06-17,401.5300,405.9400,393.7600,396.3800,43534300
2026-06-18,398.1000,402.5200,384.7000,400.4900,58384700
2026-06-22,394.8500,414.7500,394.4000,405.0500,47819500
2026-06-23,392.6100,392.8700,379.0600,381.6100,50420200
2026-06-24,380.0800,384.5800,373.0500,375.5300,37081400
2026-06-25,375.2700,379.1200,371.2200,375.1200,30138800
2026-06-26,370.1500,387.8000,368.6000,379.7100,53434100
2026-06-29,381.7900,413.2700,379.3000,411.8400,57645800
2026-06-30,406.0000,424.5400,406.0000,420.6000,43385600
2026-07-01,421.4600,432.8600,418.0900,425.3000,40127900
2026-07-02,428.0100,432.3500,389.3000,393.4500,73717700
2026-07-06,397.5000,420.0000,390.5000,419.7700,54727900
2026-07-07,416.9600,419.5600,401.8800,402.9000,38149900
2026-07-08,399.3800,399.6300,390.5100,394.0600,33844900
2026-07-09,393.9900,407.8600,390.8600,406.5500,37835000
2026-07-10,410.4900,413.1600,402.8100,407.7600,33410000
2026-07-13,404.6100,405.5700,391.3700,394.7600,32809200
2026-07-14,399.0500,402.2200,394.7600,396.1800,23385000
2026-07-15,399.4000,406.5900,390.6600,394.4600,31549800
2026-07-16,392.3500,395.3100,385.3200,391.0600,29269100
2026-07-17,381.7800,385.6900,377.2200,380.8400,31317100
2026-07-20,386.0450,386.4900,369.4250,369.5700,32893543
