Date,Open,High,Low,Close,Volume
2016-07-21,121.0024,121.8673,120.5106,121.1381,3475100
2016-07-22,121.8334,122.1386,121.1805,121.8334,2697500
2016-07-25,121.7147,122.0029,119.9002,120.1715,2725600
2016-07-26,120.3495,120.5615,119.5695,120.1460,2668100
2016-07-27,119.6967,120.6887,118.6283,120.1291,2684100
2016-07-28,119.8578,121.2738,119.7136,121.0448,2517000
2016-07-29,120.2732,122.0114,120.0613,121.4179,3269700
2016-08-01,121.6044,122.2319,121.2822,121.6807,2494900
2016-08-02,121.9351,122.0708,120.6887,121.3924,2679100
2016-08-03,121.5281,121.7740,120.7650,121.1466,1963600
2016-08-04,121.3331,121.6553,120.6209,121.0025,1890900
2016-08-05,121.5281,121.7062,120.7396,121.2399,2000100
2016-08-08,120.9176,121.3077,120.2817,120.5106,1846400
2016-08-09,120.8668,121.3586,120.1291,120.2478,2140700
2016-08-10,120.2902,120.6887,119.4931,120.5615,1866300
2016-08-11,120.6039,121.2992,119.9256,120.9346,1857500
2016-08-12,120.5361,121.3670,119.9765,121.1466,1787900
2016-08-15,121.2144,121.3416,119.9680,120.0782,2369600
2016-08-16,119.6797,120.0782,118.9844,119.6203,1688500
2016-08-17,119.7984,120.3241,119.2642,120.1545,1849100
2016-08-18,120.1206,121.1127,119.7815,120.5446,1572700
2016-08-19,120.1037,120.6124,119.7391,120.4343,1950200
2016-08-22,120.4937,121.2483,120.1546,120.4767,1587900
2016-08-23,121.0193,121.1381,120.1884,120.4089,2295500
2016-08-24,120.4004,120.4683,118.2892,118.5944,2529800
2016-08-25,118.4927,118.4927,116.1864,116.4153,3891000
2016-08-26,116.7290,117.2632,115.3046,115.8388,3082400
2016-08-29,116.3306,117.0428,115.7201,116.3899,2315900
2016-08-30,116.3899,116.7460,115.5166,116.0507,2026600
2016-08-31,115.7794,116.0083,114.9315,115.3555,2837300
2016-09-01,116.0083,116.1440,114.7619,115.0926,2765400
2016-09-02,115.7370,115.9744,115.1096,115.8303,2390500
2016-09-06,115.8388,116.0338,114.9994,115.2877,2242400
2016-09-07,114.9938,115.8115,114.3123,114.9852,2816300
2016-09-08,114.5423,115.5219,114.4912,115.3686,2826700
2016-09-09,114.7467,115.1215,113.8183,113.8183,3322300
2016-09-12,113.0431,115.6071,112.7705,115.4452,3457400
2016-09-13,114.3464,115.1215,113.6053,114.0994,3331500
2016-09-14,114.0312,114.7297,113.2731,113.8779,4592400
2016-09-15,113.3157,115.9222,113.1879,115.5134,3302900
2016-09-16,115.5134,118.0177,115.4452,117.9495,7421900
2016-09-19,118.1284,118.7332,117.1403,117.2766,3239500
2016-09-20,117.6599,118.0007,116.7485,117.0977,2425700
2016-09-21,117.7195,119.2186,117.5406,119.1760,3506600
2016-09-22,119.6702,120.4538,119.5339,120.1387,3018300
2016-09-23,120.1216,120.7690,119.5594,119.6872,2802000
2016-09-26,119.2102,119.3976,118.3158,119.0143,2636500
2016-09-27,119.2442,119.9683,118.1369,119.9257,3048600
2016-09-28,120.2154,120.7094,118.9632,119.6021,1990400
2016-09-29,119.4061,119.4913,117.4129,117.8218,2201000
2016-09-30,118.5543,119.6616,117.9069,119.2528,4164100
2016-10-03,118.6992,119.0143,117.5748,117.9666,2724400
2016-10-04,118.1369,118.7076,116.8336,117.6854,2452600
2016-10-05,117.7281,118.3413,116.3567,117.2085,4625600
2016-10-06,116.9615,117.1148,115.5560,116.2459,4025300
2016-10-07,116.8763,117.1659,115.8285,116.4078,2568700
2016-10-10,116.6718,117.8473,116.6718,117.6173,2586000
2016-10-11,116.9699,117.2851,114.4571,114.7808,3353600
2016-10-12,114.9767,115.6071,113.8353,115.0790,4287900
2016-10-13,114.6956,114.6956,113.8097,114.3038,3425700
2016-10-14,114.8064,115.4282,114.0483,114.0738,3452900
2016-10-17,114.1931,114.5083,113.3157,114.2527,3602500
2016-10-18,118.5714,122.6175,117.4385,122.1404,10141900
2016-10-19,122.5067,124.6703,121.6549,122.9752,5796000
2016-10-20,123.0774,124.2614,122.6430,123.5715,5203700
2016-10-21,122.8815,123.8866,122.4556,123.8270,3331800
2016-10-24,124.3636,124.5510,122.6771,123.2478,2930200
2016-10-25,123.4096,123.8355,122.3193,122.4726,3095400
2016-10-26,122.4470,122.4726,120.8627,121.1523,3267600
2016-10-27,121.5697,122.0212,120.5987,120.9053,3358000
2016-10-28,120.6668,121.2545,118.7758,119.5509,4033600
2016-10-31,119.9343,120.5646,119.2273,120.3857,3761100
2016-11-01,120.5390,120.5390,118.2477,118.7673,3391400
2016-11-02,118.4180,120.3005,118.3414,118.3840,3149700
2016-11-03,118.5543,119.5424,117.2511,117.4044,2989700
2016-11-04,117.9325,118.3073,117.2851,117.3022,3520700
2016-11-07,118.9121,121.3312,118.8695,120.8968,3896600
2016-11-08,120.4027,122.3278,120.1046,121.7230,4389300
2016-11-09,118.8609,122.8218,116.0330,120.8712,8042400
2016-11-10,121.2460,124.8492,120.9564,124.4744,6075500
2016-11-11,124.9684,125.6414,124.3722,124.7214,4475400
2016-11-14,125.4880,130.2581,125.2495,129.7130,5740400
2016-11-15,130.7607,131.1440,129.0571,129.6704,4910700
2016-11-16,129.4660,130.3263,128.8186,129.0486,3899000
2016-11-17,129.3211,129.4063,127.9327,128.4267,4683000
2016-11-18,128.6652,129.1848,127.2598,127.3024,5664800
2016-11-21,127.5323,128.3330,126.5442,128.1201,3867800
2016-11-22,128.6908,130.2667,128.2479,129.6960,4992100
2016-11-23,129.4829,130.9566,128.5886,130.7862,2697200
2016-11-25,131.1184,131.6040,129.9941,130.1644,1664500
2016-11-28,130.1048,130.1985,127.7709,129.5682,5029600
2016-11-29,133.6824,134.6875,132.1832,134.2361,5827400
2016-11-30,134.6679,136.6263,134.3258,135.3948,7142400
2016-12-01,136.0790,138.3026,136.0790,137.6355,5250200
2016-12-02,137.6868,138.9867,137.3105,137.4559,3480000
2016-12-05,136.9941,137.4046,133.6075,134.8048,5854200
2016-12-06,135.2666,135.3179,133.6331,134.5396,3216700
2016-12-07,135.0271,136.8145,133.7101,136.3184,4552300
2016-12-08,136.3270,137.0368,135.1212,136.2500,3407500
2016-12-09,136.4211,136.9684,134.8732,136.9342,4007200
2016-12-12,135.8310,136.5408,134.9074,136.3954,3471200
2016-12-13,137.1737,138.2940,136.8915,137.2934,3868900
2016-12-14,137.8065,138.3710,135.7370,136.7119,3885700
2016-12-15,136.7204,137.9348,136.3441,137.3618,4422700
2016-12-16,138.0117,140.2524,137.8493,140.2010,7605300
2016-12-19,139.4741,140.2010,137.8749,138.1486,4732600
2016-12-20,138.2940,139.4913,138.0374,138.1914,3131200
2016-12-21,138.0459,138.7899,136.5066,137.9690,2767700
2016-12-22,138.0203,138.4393,137.0625,138.1828,2741700
2016-12-23,138.1657,139.4314,137.3019,139.4228,2044400
2016-12-27,139.6195,140.2182,138.9268,139.0893,1344000
2016-12-28,138.6788,139.6110,137.9604,138.0630,1669100
2016-12-29,138.4736,138.8499,137.1651,137.7210,2476300
2016-12-30,138.0032,138.0972,136.7033,136.8658,2855600
2017-01-03,137.7980,138.7729,136.1047,138.0716,3539700
2017-01-04,138.8413,139.0380,136.6092,138.4650,2695200
2017-01-05,138.3282,139.0807,138.1229,138.6959,2961100
2017-01-06,138.3282,139.3459,137.7809,138.8926,3081300
2017-01-09,138.5419,138.9096,137.4986,138.4991,3040800
2017-01-10,137.9177,139.3801,137.2592,138.1828,3500700
2017-01-11,137.9433,139.3459,137.3533,138.4479,3330600
2017-01-12,138.2769,139.3459,137.5927,138.8498,2555900
2017-01-13,138.6788,139.1748,138.0374,138.3709,3183300
2017-01-17,139.0636,139.3715,134.7021,137.3960,5475800
2017-01-18,137.7381,137.8578,133.4878,134.8988,6591600
2017-01-19,134.8989,137.3020,134.4713,135.7198,4976900
2017-01-20,135.9935,136.6605,134.9587,135.6856,3579100
2017-01-23,135.6514,136.4211,133.8897,136.0362,4062600
2017-01-24,136.2843,137.9519,136.0619,137.1993,3514100
2017-01-25,137.5328,138.5248,137.1309,137.8920,3605800
2017-01-26,138.4222,139.8932,137.9006,139.1834,4202400
2017-01-27,139.8248,140.0814,139.0722,139.3887,3110400
2017-01-30,139.3459,139.7906,137.9519,138.6190,2784600
2017-01-31,138.2170,138.7045,136.8402,138.6275,3037000
2017-02-01,139.1833,140.1668,138.5676,139.1491,3718500
2017-02-02,138.9866,139.6109,137.0538,137.4814,4714000
2017-02-03,137.7979,138.5419,137.0111,138.4308,2762300
2017-02-06,138.1229,138.9952,137.0197,137.2677,3479400
2017-02-07,137.7295,138.2683,136.4382,137.2848,2942700
2017-02-08,136.8316,137.3703,136.3270,137.0967,2339700
2017-02-09,137.0967,137.9433,136.4553,137.2079,3056800
2017-02-10,136.9342,138.1913,136.9171,137.4730,1905900
2017-02-13,137.4216,138.5591,137.4216,138.5334,3275800
2017-02-14,138.0717,139.8248,137.9006,139.5084,2969400
2017-02-15,139.0380,141.0135,139.0380,140.5003,4537900
2017-02-16,140.9194,141.0819,138.8242,139.9530,3191600
2017-02-17,135.9764,136.9684,133.8299,134.7962,12033600
2017-02-21,134.7962,137.5329,134.7107,137.3191,5419000
2017-02-22,137.6098,138.3538,136.5237,137.3191,2725300
2017-02-23,137.9690,139.0551,137.4216,139.0551,2459600
2017-02-24,139.1149,139.4741,138.3196,139.4485,2715700
2017-02-27,139.5340,141.5010,139.2347,141.4326,4071800
2017-02-28,141.5096,142.6128,141.0221,141.4326,4382100
2017-03-01,142.5785,144.1863,142.2621,143.6218,3514200
2017-03-02,143.9468,144.0409,142.7837,143.0830,1889800
2017-03-03,143.0830,144.0580,142.4929,143.8442,2254400
2017-03-06,143.1857,144.8277,142.9291,144.2718,2576500
2017-03-07,144.0579,144.8362,143.6132,143.9297,2702300
2017-03-08,143.7881,144.6036,143.1786,144.1315,2048200
2017-03-09,144.3374,145.1271,143.9855,144.2172,3631400
2017-03-10,144.5692,145.9254,144.2601,145.9082,3716600
2017-03-13,145.9169,146.7238,145.5392,146.1057,3130200
2017-03-14,145.6336,146.0800,144.6379,145.1186,2522600
2017-03-15,145.3761,147.6165,145.3160,147.4534,2807600
2017-03-16,147.7023,147.7624,146.1143,147.0414,3138600
2017-03-17,146.8611,147.2473,145.5735,145.6679,5622900
2017-03-20,145.8654,146.1315,144.1400,144.2087,3928600
2017-03-21,144.7838,144.9126,143.4018,143.9512,4953100
2017-03-22,144.3203,144.5349,142.1743,143.3761,2999800
2017-03-23,142.6894,143.2902,141.4361,141.8825,3947400
2017-03-24,142.6035,143.6936,141.0756,141.6335,5243900
2017-03-27,140.7665,141.7279,140.1828,141.2902,4383000
2017-03-28,141.2730,142.5520,140.6378,141.9340,7327100
2017-03-29,141.3417,141.6078,139.6936,140.2944,5900400
2017-03-30,140.4747,142.4318,140.3116,141.6249,2993800
2017-03-31,141.3245,141.7193,140.5605,140.7837,3496100
2017-04-03,141.3074,142.6121,140.9898,142.1400,3473700
2017-04-04,142.3803,142.8782,141.4533,141.6078,2886000
2017-04-05,142.2859,143.5734,141.8223,141.9511,3541600
2017-04-06,142.0198,142.5091,141.4962,141.9254,2923600
2017-04-07,141.5992,142.9211,141.3073,142.5091,2927800
2017-04-10,142.6550,143.3503,141.8739,142.0456,3234900
2017-04-11,141.5391,142.3546,141.2902,142.3460,3172900
2017-04-12,142.7666,142.8524,141.2902,142.1142,2978700
2017-04-13,141.5906,142.1915,141.3503,141.5992,1979800
2017-04-17,141.6250,143.7108,141.5992,143.5048,4396700
2017-04-18,145.9770,146.1229,143.9512,144.7151,5526200
2017-04-19,145.5735,146.9469,144.8010,145.2816,4703400
2017-04-20,145.5134,147.8053,144.5263,147.2474,3652100
2017-04-21,147.7539,148.1745,146.3290,146.9212,2982300
2017-04-24,148.2088,148.6380,147.3847,147.9255,2830300
2017-04-25,148.9298,149.9942,148.6637,149.3933,3394700
2017-04-26,149.4362,150.7753,149.3418,149.6852,2817500
2017-04-27,149.4191,151.1359,149.3762,149.8998,2438600
2017-04-28,149.8826,150.2174,149.2817,150.1143,2010800
2017-05-01,150.2173,151.1959,149.4362,149.8654,2709700
2017-05-02,150.1401,150.5350,146.1572,149.4792,4951000
2017-05-03,149.1444,149.6165,147.5220,148.1057,3622200
2017-05-04,148.5435,149.5392,147.9684,149.3761,2585200
2017-05-05,149.8226,150.1144,148.7667,149.4620,2189000
2017-05-08,149.2989,149.8397,148.9899,149.7367,2505900
2017-05-09,149.4449,150.0200,148.2689,148.7067,1653700
2017-05-10,148.5350,149.0500,148.0371,148.8354,1568700
2017-05-11,148.2946,149.2388,147.3589,148.7753,1901300
2017-05-12,148.1916,148.8354,147.2302,147.4791,2335400
2017-05-15,147.4620,147.6423,146.1229,147.2388,2831400
2017-05-16,146.5006,146.7838,143.5649,144.3117,4343700
2017-05-17,144.3117,146.2602,143.0499,144.9469,4442300
2017-05-18,144.4233,149.3418,144.0971,147.1701,3908000
2017-05-19,147.8997,148.4577,146.1400,148.1487,3877300
2017-05-22,148.2688,150.1315,148.1573,149.9599,3480300
2017-05-23,149.7367,150.6638,149.1101,150.4062,2471500
2017-05-24,150.6036,151.1616,149.8054,150.7238,1612300
2017-05-25,151.3504,153.4191,151.0242,152.8354,3212200
2017-05-26,152.5179,153.5565,151.9342,152.3634,1583600
2017-05-30,152.3976,152.8612,151.2818,151.5822,2285700
2017-05-31,151.8397,151.8483,150.1487,150.3719,3320400
2017-06-01,150.8870,154.1488,150.3805,154.1488,2890600
2017-06-02,154.4407,154.4407,153.0844,153.9857,2610100
2017-06-05,154.1058,154.7840,153.7882,153.9685,2640600
2017-06-06,153.8140,155.4192,153.2046,155.2132,3443900
2017-06-07,156.2261,157.4879,154.2089,157.2647,3783600
2017-06-08,157.2647,157.7368,155.3505,155.9600,3079900
2017-06-09,156.0887,156.5694,155.2475,155.7626,2392200
2017-06-12,155.7626,156.0716,151.4363,153.8655,3705600
2017-06-13,153.8312,155.7024,153.7797,155.4106,2458500
2017-06-14,155.3162,156.9471,155.3162,156.5351,2039300
2017-06-15,156.6558,158.1642,155.2250,155.4749,3078700
2017-06-16,155.8628,157.2677,155.4749,156.5523,4473300
2017-06-19,157.1298,157.7504,155.8024,157.7504,3887100
2017-06-20,157.5177,158.0952,157.0609,157.9659,2742600
2017-06-21,158.1556,159.5519,157.4832,159.3881,2866300
2017-06-22,159.3708,162.6117,159.2674,160.7499,3841300
2017-06-23,160.5517,160.5517,158.7158,159.6725,3438500
2017-06-26,159.5691,160.2241,158.0693,159.5605,2327400
2017-06-27,160.0776,161.0085,158.7847,159.1123,2682800
2017-06-28,160.0432,160.5862,159.5346,160.0604,2451200
2017-06-29,160.1638,160.3965,158.8796,159.6898,2193600
2017-06-30,159.5863,160.4827,159.3967,159.8190,2392000
2017-07-03,160.5689,161.6377,160.0949,160.8792,2087000
2017-07-05,160.4396,162.3531,160.0776,162.2583,2587400
2017-07-06,162.1463,162.2066,160.4482,161.1292,1844700
2017-07-07,161.4826,162.4135,161.1895,162.0084,2252500
2017-07-10,161.4653,162.0428,160.4483,161.1378,2612000
2017-07-11,161.1809,161.7498,159.5346,160.2759,2664500
2017-07-12,160.9999,161.4395,160.6724,160.9137,3342800
2017-07-13,161.1809,161.4222,159.7329,159.8708,2379300
2017-07-14,160.1552,161.2930,159.2588,161.0947,2716700
2017-07-17,161.2413,161.3964,160.1121,160.6207,2444600
2017-07-18,161.1378,161.3533,158.4744,161.0516,4235800
2017-07-19,161.6205,163.2582,161.6205,163.0686,3401600
2017-07-20,163.2581,165.4216,162.8358,165.0596,3099600
2017-07-21,164.9562,166.3525,164.2839,165.3010,4911500
2017-07-24,165.3095,165.6371,164.3183,164.5338,2356500
2017-07-25,165.6026,165.9043,164.0252,164.1114,1960100
2017-07-26,163.7840,165.0855,163.2323,164.4132,2683500
2017-07-27,163.9735,164.1890,162.4393,162.8444,2631400
2017-07-28,162.9996,164.8355,161.6980,164.7579,1925000
2017-07-31,165.1372,166.0163,164.7493,165.3268,3767100
2017-08-01,166.6973,166.6973,165.1630,165.6888,3336800
2017-08-02,165.6112,166.7403,165.6112,166.3525,2463800
2017-08-03,166.5766,168.0419,166.3611,167.8781,2886100
2017-08-04,168.0332,168.9727,167.7316,167.9729,2892300
2017-08-07,167.9125,168.4297,167.1282,167.8867,2074800
2017-08-08,167.8005,168.0677,167.2834,167.9902,1741000
2017-08-09,167.9902,168.3867,167.3610,167.9298,2125900
2017-08-10,167.4385,167.5505,165.8353,165.9818,2698600
2017-08-11,167.1368,167.6798,166.0594,166.3697,2210700
2017-08-14,167.7316,167.8609,166.2663,166.9645,2322000
2017-08-15,167.6195,168.0850,167.0507,167.6454,1595200
2017-08-16,167.9126,168.3091,166.2059,167.0162,1881600
2017-08-17,166.9989,167.4213,166.0594,166.0939,2440900
2017-08-18,166.2146,166.5249,164.3097,164.4735,2858500
2017-08-21,164.5252,165.7577,164.5252,165.5164,1930500
2017-08-22,165.6198,168.0418,165.1113,167.8953,2021900
2017-08-23,167.6454,167.7230,166.9731,167.4213,1547000
2017-08-24,167.6884,168.1366,167.3954,167.8608,1923700
2017-08-25,168.3608,168.5418,167.3351,167.5248,1375000
2017-08-28,167.7229,168.7745,167.5247,168.1539,2009900
2017-08-29,167.9298,169.8347,167.4988,169.5675,2072200
2017-08-30,169.2658,169.6967,168.2487,168.8348,1506700
2017-08-31,169.7399,171.9464,169.2744,171.4379,2990200
2017-09-01,172.2050,172.3774,170.9724,172.1705,2241800
2017-09-05,171.6964,172.7652,171.2741,171.7912,2700800
2017-09-06,171.9895,172.3774,170.3432,170.9897,3040200
2017-09-07,171.1108,172.5903,170.5052,171.4569,2684600
2017-09-08,171.6818,172.0538,170.4446,171.0935,2206000
2017-09-11,172.3913,173.4036,171.9846,172.6768,3307900
2017-09-12,172.5557,172.5816,170.3667,170.8512,2554700
2017-09-13,171.1367,173.6977,171.1194,171.5952,2394400
2017-09-14,171.2665,171.6386,170.5225,171.0762,2378600
2017-09-15,171.7597,172.7893,170.6176,171.4655,4198700
2017-09-18,171.4569,172.0192,170.8858,171.4742,1915200
2017-09-19,171.6904,171.8289,166.4560,168.4113,3819000
2017-09-20,168.7315,169.4409,167.9009,169.3631,2788500
2017-09-21,169.2593,169.6919,168.6277,168.8959,1895000
2017-09-22,168.8094,169.4669,162.8741,167.0098,5660200
2017-09-25,167.2174,169.8476,165.1841,165.9023,3105900
2017-09-26,166.3868,168.1604,166.1531,166.7242,2775400
2017-09-27,167.1568,169.2506,165.8936,168.2729,3267200
2017-09-28,168.0653,170.0552,167.4250,169.6659,2088400
2017-09-29,169.4237,169.6573,168.2643,169.4496,2646300
2017-10-02,170.0898,171.2319,169.8649,170.8253,2893600
2017-10-03,170.8771,172.5556,170.6695,171.8548,2533800
2017-10-04,172.2009,173.6718,171.6818,173.4555,2286400
2017-10-05,172.9796,172.9796,170.0639,171.2232,4069000
2017-10-06,171.2232,173.0315,170.8858,171.3617,3361900
2017-10-09,171.3184,171.5867,169.3890,169.8389,3365400
2017-10-10,169.8043,169.9514,167.5635,168.4373,2499100
2017-10-11,168.3940,169.6399,167.4942,168.9391,2935600
2017-10-12,168.7228,169.0256,166.7501,166.9145,2954700
2017-10-13,164.0335,166.7329,160.9274,166.5685,5435000
2017-10-16,166.5339,167.2606,165.5648,167.1568,2927400
2017-10-17,170.2715,178.7678,169.8995,176.4058,8949700
2017-10-18,176.3280,179.7888,176.2242,177.5652,4796300
2017-10-19,177.7729,178.0152,175.3763,175.8522,3471800
2017-10-20,176.7259,180.1435,176.2328,179.5205,5138800
2017-10-23,179.5984,180.3511,178.0583,179.1052,2261400
2017-10-24,178.5602,180.1608,178.1276,180.0916,3459900
2017-10-25,180.2387,180.9481,179.1572,179.5811,2908300
2017-10-26,179.8926,183.1630,179.5984,180.9568,4346000
2017-10-27,180.9568,184.0888,180.4377,183.9417,4385300
2017-10-30,183.6043,184.0888,181.1558,181.1644,2477400
2017-10-31,181.1644,182.1421,179.7888,181.8826,3749600
2017-11-01,183.0938,183.9677,180.7577,181.2855,1902900
2017-11-02,181.7874,182.9813,180.8356,182.6439,2825900
2017-11-03,182.3152,185.0060,181.7788,184.1754,2196900
2017-11-06,183.3448,185.0925,183.2496,183.5264,2293700
2017-11-07,184.0629,184.7550,182.4622,184.0282,1845800
2017-11-08,183.4918,184.2272,182.2978,182.3584,2261100
2017-11-09,182.2027,183.2150,180.9395,183.0419,1839700
2017-11-10,182.9554,183.2582,181.8652,182.6180,1384700
2017-11-13,181.9604,184.7550,181.6403,183.9936,2662200
2017-11-14,183.6043,184.0282,182.4882,183.1717,1993900
2017-11-15,182.4536,183.4053,181.3634,181.5711,1816300
2017-11-16,182.0210,183.4313,181.6057,182.6699,1919600
2017-11-17,182.0902,182.9554,180.9568,181.6057,1887500
2017-11-20,181.6922,182.2805,181.3288,181.9085,2040400
2017-11-21,182.6699,184.1580,182.3411,183.9417,2327200
2017-11-22,183.6476,184.1234,182.3498,182.7478,2257800
2017-11-24,183.4226,184.2272,182.5574,183.8638,744000
2017-11-27,183.6389,185.3693,183.2582,183.7686,2856300
2017-11-28,185.0492,187.1516,183.8638,187.0045,2905700
2017-11-29,188.3542,194.0386,188.0601,192.8360,4247200
2017-11-30,194.3118,198.5829,192.9749,198.0794,6846400
2017-12-01,198.7044,198.9909,191.9244,196.8727,3325800
2017-12-04,199.0256,201.2046,192.2022,192.2196,5591500
2017-12-05,191.8550,194.2163,190.2577,191.0650,3246300
2017-12-06,191.8724,192.6884,190.1448,190.9348,2397500
2017-12-07,191.4991,191.5165,189.4156,191.1171,2661600
2017-12-08,191.4643,194.7458,191.1779,194.3812,2233300
2017-12-11,193.1659,195.1713,192.7579,193.3916,1599500
2017-12-12,192.2023,193.9559,192.0807,193.1485,2294100
2017-12-13,192.4974,195.2841,192.0547,194.7632,3059400
2017-12-14,195.3275,197.0377,191.8637,192.0720,2811700
2017-12-15,194.2423,194.2423,191.5338,192.5669,6293400
2017-12-18,193.2440,195.1626,192.8881,193.3048,3194100
2017-12-19,193.5826,194.2771,191.7248,192.7579,2340200
2017-12-20,193.6867,195.2320,192.4887,193.0530,2633200
2017-12-21,193.6954,194.4072,192.1761,192.4539,2955300
2017-12-22,192.7231,193.0270,189.6413,190.9869,1959700
2017-12-26,190.1969,191.3515,190.1969,190.6396,1482400
2017-12-27,190.9695,192.2370,190.3358,191.3515,1861900
2017-12-28,192.2544,193.4090,191.1171,193.3916,1452600
2017-12-29,194.4160,194.4160,191.3862,191.3862,2350200
2018-01-02,191.8724,193.1138,190.9869,191.9939,3485000
2018-01-03,192.3932,194.2944,191.4383,194.0079,2417600
2018-01-04,194.7545,196.2824,194.6069,194.8500,2749100
2018-01-05,195.4925,198.8434,195.0844,198.5656,2432800
2018-01-08,198.0446,198.5482,194.9889,195.1191,2850800
2018-01-09,195.1191,196.7425,193.8517,196.0914,2672200
2018-01-10,195.1799,195.3361,193.6172,194.6329,2311600
2018-01-11,194.6156,196.1262,194.1989,195.6661,2543600
2018-01-12,197.4544,199.5813,196.6470,198.4874,3943800
2018-01-16,202.5937,204.0087,200.7533,202.1857,6852600
2018-01-17,203.7223,207.4465,203.0104,206.9864,5124800
2018-01-18,207.7069,211.7350,207.0905,211.0926,6234200
2018-01-19,211.9780,212.1256,209.2782,211.2575,4293600
2018-01-22,211.4659,211.6482,209.5300,211.4399,4012200
2018-01-23,210.9451,214.4089,210.4415,212.8723,3300000
2018-01-24,213.5667,214.6952,211.5700,212.5597,2733300
2018-01-25,212.4729,213.7230,211.7350,212.8462,2420500
2018-01-26,212.6900,215.9368,212.2212,215.7024,2615300
2018-01-29,216.4055,217.7163,214.7734,214.7821,2564700
2018-01-30,202.1683,210.7280,201.4911,205.4411,11565500
2018-01-31,210.8148,214.4262,204.6685,205.5540,5187400
2018-02-01,204.2344,206.4568,202.9930,204.1997,4268300
2018-02-02,202.2725,205.1373,200.7012,201.3002,3959900
2018-02-05,200.3539,202.3680,180.9861,191.0043,6290000
2018-02-06,184.2155,196.6383,182.4879,195.4837,7064800
2018-02-07,193.0096,199.0518,192.2978,196.0394,5589200
2018-02-08,195.6140,196.7425,187.7401,187.9137,4902400
2018-02-09,189.2506,193.8343,184.0505,191.8202,6225300
2018-02-12,193.1051,197.9319,192.8533,195.9265,4912000
2018-02-13,193.7214,197.1679,193.0617,196.7512,3536800
2018-02-14,195.2841,199.0951,194.3899,198.6090,2878400
2018-02-15,199.0343,199.6681,192.4974,196.2130,4662700
2018-02-16,196.1869,200.1456,195.9352,199.1212,3621700
2018-02-20,197.8538,198.5830,195.8571,196.7686,3172300
2018-02-21,196.3258,199.1038,195.4230,195.4404,3371900
2018-02-22,196.4561,199.5292,195.3970,197.1419,2767900
2018-02-23,197.8450,199.9459,196.1175,199.8070,2393900
2018-02-26,201.0918,203.5833,199.4076,203.1926,3307000
2018-02-27,203.4879,204.7814,201.7863,201.8558,2899500
2018-02-28,203.5052,203.7917,196.2737,196.3345,4368600
2018-03-01,195.9351,199.0517,193.3655,194.8500,3514600
2018-03-02,193.7736,196.0394,193.2353,195.4924,2613600
2018-03-05,193.9125,199.1733,193.4090,198.2618,2627300
2018-03-06,198.7306,198.9302,194.3639,196.3519,2652800
2018-03-07,194.7633,197.7756,194.2424,197.2982,3242200
2018-03-08,198.5262,198.5785,195.0335,195.7390,3500900
2018-03-09,196.9410,197.2981,193.7967,196.3487,4834600
2018-03-12,197.0281,197.7162,194.0319,194.0319,3117300
2018-03-13,194.6938,198.6394,194.3716,197.6639,3343800
2018-03-14,197.8294,199.7979,195.9916,196.3052,3048200
2018-03-15,196.6971,200.9911,196.5491,199.8763,3330200
2018-03-16,200.0331,201.4354,198.3695,198.4653,5690300
2018-03-19,197.9862,198.5610,194.8245,196.0177,3407300
2018-03-20,196.1136,198.2388,194.9987,197.5246,3429100
2018-03-21,197.2371,198.0994,194.0754,194.0754,3419800
2018-03-22,193.0564,193.0651,187.3513,187.4472,5894800
2018-03-23,187.9175,189.6420,185.0867,185.1303,5741200
2018-03-26,187.4297,191.1053,187.0029,190.8092,3561300
2018-03-27,191.8979,193.3176,188.4923,189.8424,3722100
2018-03-28,190.6524,191.5408,189.0410,190.3127,3179500
2018-03-29,191.0792,194.5370,186.3932,186.3932,5529400
2018-04-02,190.2779,194.2235,186.9420,189.1804,6220700
2018-04-03,191.9154,196.0613,191.3492,195.6084,4652000
2018-04-04,192.2202,199.8763,191.9850,199.2753,4674000
2018-04-05,199.8589,201.7054,197.5420,199.5192,3348100
2018-04-06,197.4114,198.7527,193.2045,195.0684,3231700
2018-04-09,196.4794,196.9584,193.6748,193.9970,3031500
2018-04-10,196.3226,198.7265,194.6590,197.5333,2737500
2018-04-11,195.3384,196.3139,193.0912,193.2741,3482100
2018-04-12,195.1381,196.6275,194.5893,195.3123,2664500
2018-04-13,196.0613,196.9585,194.3019,195.3471,2496600
2018-04-16,197.8120,201.9405,197.1500,200.6079,4510600
2018-04-17,208.4381,210.4937,205.6248,207.7762,6180300
2018-04-18,208.1681,208.8127,205.8165,205.9035,2940100
2018-04-19,205.7293,207.5323,204.5099,205.3461,2734900
2018-04-20,205.5987,206.5133,203.3777,204.7364,2842000
2018-04-23,204.9368,205.7381,203.0119,204.1093,3051700
2018-04-24,205.5116,206.7049,202.5589,204.0048,2771200
2018-04-25,203.3341,204.7713,200.7124,204.5971,3118800
2018-04-26,205.3199,207.1577,204.1006,206.4522,2252800
2018-04-27,206.9749,209.5095,206.5568,209.1959,2301800
2018-04-30,209.9101,209.9101,205.9035,205.9035,3446900
2018-05-01,206.4262,206.8530,204.1267,206.2955,2633500
2018-05-02,205.0152,205.7381,202.8202,203.3428,3542700
2018-05-03,202.0451,204.5100,199.7282,203.9438,2731600
2018-05-04,203.0293,206.1213,202.2105,205.4680,1999900
2018-05-07,205.4506,206.4174,202.6199,203.6215,3237800
2018-05-08,203.5693,203.5693,200.8953,202.0973,2698300
2018-05-09,202.9857,203.3080,198.7875,199.6411,3504200
2018-05-10,200.4598,204.0657,199.7717,203.5606,2169000
2018-05-11,203.4474,207.9940,202.8986,207.5410,3044900
2018-05-14,208.0810,212.2357,208.0114,211.5650,3893600
2018-05-15,210.6592,210.9728,207.8807,208.6037,2396600
2018-05-16,208.7343,210.6157,207.7937,210.5373,1906100
2018-05-17,210.3370,212.1399,209.5095,211.6173,2418700
2018-05-18,211.9744,213.1851,211.1208,213.0806,2283600
2018-05-21,213.3941,217.0262,213.2548,215.9200,3040700
2018-05-22,216.0071,216.0507,212.3838,213.5509,2644100
2018-05-23,212.5493,213.8296,210.4676,212.7496,3047800
2018-05-24,213.0196,213.7773,210.9553,211.4169,2610400
2018-05-25,211.6086,213.8993,211.1644,213.3506,1554900
2018-05-29,212.4012,212.4012,209.2482,210.9292,2837800
2018-05-30,212.2967,214.0474,211.3299,213.3419,2071900
2018-05-31,212.7060,213.1763,209.6314,210.3543,2966100
2018-06-01,212.2967,212.2967,210.1627,211.9570,2371400
2018-06-04,212.5231,213.6032,211.4257,213.0719,2188900
2018-06-05,213.4725,213.4899,210.7027,212.8976,1531900
2018-06-06,214.5438,216.6342,213.5073,216.5732,2650300
2018-06-07,217.5401,217.7492,216.2249,216.8607,2117200
2018-06-08,217.2788,219.0556,216.0681,218.3414,3034600
2018-06-11,218.4807,222.0954,218.0975,221.0415,2775200
2018-06-12,220.5363,221.1808,217.8972,220.8673,2567200
2018-06-13,221.3551,223.6110,219.9092,220.2489,3138300
2018-06-14,221.6425,222.9664,220.9370,222.3915,2456600
2018-06-15,222.2517,223.7463,220.7570,223.7463,4772200
2018-06-18,222.0157,222.8985,220.3899,222.7761,1961900
2018-06-19,221.1154,221.4038,219.5333,221.1591,2370200
2018-06-20,221.4213,221.7797,220.1627,220.9755,2580400
2018-06-21,221.0979,221.7097,219.3235,220.1713,2150300
2018-06-22,220.4773,222.9859,219.5595,222.3391,2604000
2018-06-25,222.3304,223.0034,217.3044,219.1400,3060800
2018-06-26,219.0089,220.6784,218.1173,218.3184,2158000
2018-06-27,218.7728,220.0577,216.8848,216.9198,2481000
2018-06-28,216.0108,216.7712,211.7278,214.0616,3556900
2018-06-29,214.0616,216.3342,213.7994,214.4462,2772600
2018-07-02,214.1490,216.5352,213.3798,216.3167,1793300
2018-07-03,217.0335,217.4268,215.6699,215.8797,1248000
2018-07-05,217.7415,219.3323,216.4041,218.9564,2182900
2018-07-06,219.4022,220.0315,218.0124,219.1837,1572300
2018-07-09,220.3811,222.0244,219.4371,221.7272,2039600
2018-07-10,222.1730,224.5505,221.7972,223.3618,2012200
2018-07-11,223.0121,223.7638,221.7884,222.5314,1486000
2018-07-12,223.9211,224.4806,222.8198,223.8075,1592700
2018-07-13,224.1047,226.3948,223.7813,226.1238,2356200
2018-07-16,225.7655,225.9053,224.1484,224.6204,3625400
2018-07-17,219.8742,220.7220,215.2590,218.7728,6932300
2018-07-18,219.4896,224.2970,218.9039,223.2569,3359800
2018-07-19,223.1695,224.2009,220.1364,221.0804,2307600
2018-07-20,219.5420,221.6224,219.5420,220.8794,1959600
2018-07-23,221.0629,223.0908,220.6433,220.9143,1479600
2018-07-24,222.7674,222.8548,220.2762,221.8059,2476500
2018-07-25,222.7237,223.1258,220.9406,222.7674,3016900
2018-07-26,223.9824,225.3984,223.5890,224.6379,2021300
2018-07-27,225.3284,225.3284,223.2306,223.7201,1656800
2018-07-30,223.6852,224.5418,221.2377,221.8758,1681500
2018-07-31,222.1381,223.0646,221.0105,221.3339,2355900
2018-08-01,223.8512,223.8512,220.9755,221.4650,3006700
2018-08-02,221.5786,224.0260,220.4686,223.8337,1854400
2018-08-03,224.1572,225.1274,222.2779,224.8302,1422300
2018-08-06,224.2009,225.1099,223.3006,224.4281,1398100
2018-08-07,225.1973,226.2462,224.7515,225.2060,1462800
2018-08-08,225.6081,226.8231,225.4420,226.2200,1494300
2018-08-09,227.1815,229.8999,226.6571,228.6499,2315000
2018-08-10,227.6884,228.5712,226.4822,227.5748,1625000
2018-08-13,228.1342,229.4890,227.5224,228.0556,1635100
2018-08-14,228.0381,231.0187,228.0031,230.3020,1941600
2018-08-15,228.9908,229.6114,226.5521,227.7933,2017700
2018-08-16,228.6325,230.5380,228.5276,229.9698,2115900
2018-08-17,230.3631,230.8701,228.7635,229.2967,1969700
2018-08-20,229.8824,230.3107,228.6325,229.3579,1786200
2018-08-21,228.8772,229.4628,227.8983,228.7374,1559300
2018-08-22,228.9646,228.9646,227.4787,227.9070,2148500
2018-08-23,228.1517,229.4978,226.8755,228.5013,1603500
2018-08-24,228.7897,231.4382,228.7897,231.0011,2238600
2018-08-27,231.6305,233.7720,231.1236,233.4486,2614000
2018-08-28,234.7248,235.2492,233.6671,234.6986,2603900
2018-08-29,234.5937,235.4066,233.5972,235.1269,2880600
2018-08-30,235.5289,236.1496,234.3489,234.5937,2976300
2018-08-31,234.4975,235.3104,233.5535,234.6548,2961500
2018-09-04,234.2528,235.4852,233.0029,234.6986,2097300
2018-09-05,234.7423,234.9520,233.3175,233.9381,2230600
2018-09-06,234.6924,236.8148,234.1135,236.4903,2556100
2018-09-07,236.4815,237.8146,234.6134,235.2887,2958000
2018-09-10,233.9732,233.9907,226.9307,227.7902,4146200
2018-09-11,226.2027,229.2723,225.8168,228.9390,2283300
2018-09-12,229.0092,231.9647,228.7724,230.3686,2236300
2018-09-13,231.6754,233.0172,231.0264,232.8418,2734500
2018-09-14,232.7629,233.8592,230.9036,232.6840,2084600
2018-09-17,233.7276,233.8679,231.0176,231.4210,1940400
2018-09-18,230.5966,231.6140,229.7810,230.9124,3557000
2018-09-19,231.9472,232.9470,230.7983,232.7015,2274300
2018-09-20,233.3593,234.9906,233.3417,233.6312,2095000
2018-09-21,233.3767,234.9028,233.1575,233.8766,5671600
2018-09-24,234.1749,236.3850,233.8768,234.4819,2699800
2018-09-25,234.4292,234.4555,230.6843,231.1053,3789700
2018-09-26,231.9736,232.8418,230.1757,230.5791,2238000
2018-09-27,230.6580,232.7717,230.5966,232.1051,2761400
2018-09-28,231.8683,233.4557,231.4035,233.3242,2875100
2018-10-01,234.3854,236.8147,234.1837,236.0079,3314500
2018-10-02,235.9201,238.0601,234.6046,237.3497,2777300
2018-10-03,238.5513,238.6127,236.5955,237.5865,3002200
2018-10-04,237.6742,238.2180,234.4380,235.3238,2186600
2018-10-05,235.6132,237.6742,234.9993,236.0956,2045700
2018-10-08,235.7798,236.4902,232.9821,235.9289,1865000
2018-10-09,236.0868,238.5161,235.4553,236.8936,2510100
2018-10-10,237.3234,238.0426,230.2370,230.7281,4267300
2018-10-11,229.7810,231.8859,224.3259,225.5011,4558500
2018-10-12,227.7639,229.2460,225.2731,227.6849,4006300
2018-10-15,228.1409,230.1668,227.4217,228.2461,3583400
2018-10-16,236.5253,239.2616,232.4121,239.0512,6453600
2018-10-17,236.9638,237.6742,232.9646,234.4292,3985100
2018-10-18,234.4731,234.9379,231.2807,233.9995,3132100
2018-10-19,233.8329,235.0256,231.4386,232.6752,3336600
2018-10-22,233.9469,234.0171,228.0796,229.9477,2618100
2018-10-23,227.7813,232.8680,227.3253,232.2892,4081800
2018-10-24,231.5438,232.7014,224.4574,224.7995,5265600
2018-10-25,226.4132,232.5699,222.2122,231.7455,4675600
2018-10-26,229.3425,230.1318,225.4134,226.4308,4830600
2018-10-29,227.7814,229.8161,222.1684,224.9749,3697700
2018-10-30,225.1240,227.7551,222.7472,226.5184,4169200
2018-10-31,228.7899,231.5964,228.2199,229.2109,4230200
2018-11-01,230.5879,232.1314,227.8165,228.8426,2771300
2018-11-02,232.0700,233.6223,227.6410,228.9127,2593600
2018-11-05,229.9125,230.6580,228.0883,228.9127,3287000
2018-11-06,228.6409,231.5438,228.6409,231.1316,2582400
2018-11-07,234.0784,242.7171,234.0784,240.8578,5796800
2018-11-08,242.0593,243.8134,240.9192,242.6294,3809100
2018-11-09,242.8136,243.8134,240.4719,242.5417,2904300
2018-11-12,242.0593,243.6292,238.5512,238.8845,3140600
2018-11-13,239.0599,239.9545,235.1660,236.1131,2516900
2018-11-14,236.1745,237.2532,230.9650,232.3770,3511900
2018-11-15,231.5350,233.2189,228.7724,232.3594,3657600
2018-11-16,232.4033,238.3758,232.3419,237.7707,3857800
2018-11-19,238.0952,238.7881,231.6929,233.3329,3670800
2018-11-20,232.9558,233.9732,228.3777,229.3425,3617700
2018-11-21,230.2984,232.0876,228.4216,228.5093,3234300
2018-11-23,228.0269,230.6054,226.5184,229.4477,1159300
2018-11-26,232.0788,235.3062,231.0965,233.4294,3879800
2018-11-27,232.9120,237.9373,232.4384,237.8058,3497300
2018-11-28,239.2703,247.6722,239.2703,246.4006,5044300
2018-11-29,245.9446,250.3473,245.8393,247.8039,4177800
2018-11-30,248.9828,249.5547,245.5339,247.5487,6143200
2018-12-03,248.9916,252.0974,248.7365,251.9214,4178800
2018-12-04,251.7631,253.3380,243.6335,245.0764,4635500
2018-12-06,240.2110,243.6599,233.3747,243.5807,6694600
2018-12-07,240.8620,243.2024,235.1607,236.8324,3506900
2018-12-10,236.3133,236.6740,228.9579,234.5008,4061300
2018-12-11,237.1843,238.9000,233.7442,235.1079,3102800
2018-12-12,239.2696,241.5660,237.9850,238.1170,3167900
2018-12-13,238.3105,240.4749,237.2195,239.4455,2350400
2018-12-14,237.8706,238.0554,232.0197,233.1723,3360500
2018-12-17,229.6706,231.1751,225.8785,227.0575,5806800
2018-12-18,228.4916,228.7468,218.3736,222.5704,5065500
2018-12-19,222.0425,225.7290,217.8369,220.2300,5468500
2018-12-20,218.6375,219.0862,211.2029,213.3057,7311700
2018-12-21,211.8013,217.7577,208.9154,209.6985,12209700
2018-12-24,207.8508,209.3113,204.6131,204.9474,3091000
2018-12-26,204.7362,214.1240,203.9532,214.1064,4159300
2018-12-27,210.3672,216.4116,206.9710,216.4116,4295800
2018-12-28,217.0627,219.7725,215.3910,216.6491,3312700
2018-12-31,218.2504,220.2037,217.2650,219.1831,3123200
2019-01-02,215.5581,216.7459,212.4523,214.2296,4063600
2019-01-03,214.2208,214.2208,207.7540,208.3875,4623200
2019-01-04,210.9830,214.2032,210.1032,210.8246,5367600
2019-01-07,211.5110,212.9011,209.6017,211.2294,4133000
2019-01-08,213.2090,215.3734,210.9038,214.0536,3618600
2019-01-09,215.3470,216.9923,212.9715,214.3616,3425400
2019-01-10,212.9890,215.6813,212.3996,215.4438,3374100
2019-01-11,214.1944,217.9864,214.0360,217.9073,3967100
2019-01-14,216.9571,219.8869,216.5348,218.2504,4955500
2019-01-15,219.9573,226.0457,217.3178,226.0017,5325600
2019-01-16,227.6382,230.6824,227.1455,230.0401,6069400
2019-01-17,229.6266,230.2864,226.8991,228.5532,3583600
2019-01-18,231.0432,234.2633,229.1251,233.5947,4844800
2019-01-22,232.3277,235.3543,232.0462,233.7618,4052700
2019-01-23,235.5743,237.0876,231.9846,234.9320,2971100
2019-01-24,234.7384,235.9350,232.5037,234.1490,2927300
2019-01-25,236.4981,237.9146,233.7706,235.8382,2809100
2019-01-28,234.8264,234.8528,232.8116,234.7120,2837300
2019-01-29,234.0346,236.1902,233.5419,235.2136,2173000
2019-01-30,237.2811,239.7006,235.0815,237.8794,3659000
2019-01-31,237.9762,239.0847,236.6652,237.7298,4055100
2019-02-01,236.2077,237.0172,234.0610,236.4277,3946800
2019-02-04,236.0670,236.4013,232.5125,235.9790,3398900
2019-02-05,237.6594,239.3927,233.8937,234.3073,3597000
2019-02-06,233.2778,237.4922,233.1371,237.1139,2570000
2019-02-07,236.3573,238.0642,235.1432,236.6741,2458200
2019-02-08,235.3543,236.4101,229.0372,230.4273,4547000
2019-02-11,229.7850,229.7937,225.5354,226.2393,4856200
2019-02-12,228.0693,232.2749,226.0457,231.8349,4327900
2019-02-13,231.8526,234.2897,231.5271,232.0990,3066400
2019-02-14,231.6062,234.9760,231.1399,233.4451,3015300
2019-02-15,235.6094,238.5480,234.5800,238.5480,3673700
2019-02-19,238.5833,239.7446,236.9204,237.9146,2486700
2019-02-20,236.8588,238.0730,235.9526,237.1228,2802800
2019-02-21,237.0876,237.5011,233.2427,234.3865,2554300
2019-02-22,234.4744,236.1373,233.9905,235.0111,3191100
2019-02-25,235.4247,235.9438,232.6092,232.8028,3679100
2019-02-26,232.8555,233.5330,231.2191,231.3774,3212900
2019-02-27,230.1721,230.1721,219.0247,220.0277,8952900
2019-02-28,219.6933,221.6729,210.4111,213.1122,11034300
2019-03-01,214.2912,218.1976,214.2912,216.5699,6921300
2019-03-04,218.3032,218.5936,206.3288,207.6573,8646300
2019-03-05,208.1059,213.9744,206.7070,212.4171,6924500
2019-03-06,212.6899,212.6899,208.5459,210.3408,4878700
2019-03-07,211.4229,212.1972,207.2437,208.2555,5033500
2019-03-08,207.6815,211.4439,207.2311,209.5715,4921700
2019-03-11,211.2672,215.5154,208.8031,214.7470,4539600
2019-03-12,216.3367,218.5712,215.2681,217.1581,4235800
2019-03-13,218.9952,223.2344,218.2179,222.7840,4881600
2019-03-14,223.4464,225.2657,222.8635,223.6848,3865200
2019-03-15,224.6299,224.9832,220.7438,222.0333,6466200
2019-03-18,223.1461,225.4865,221.1678,225.2128,3927400
2019-03-19,226.0517,228.9663,225.3364,227.0939,4164800
2019-03-20,227.3589,227.5885,220.7703,221.2384,4193500
2019-03-21,220.0814,223.4111,219.6133,222.5809,2699700
2019-03-22,221.3002,221.8566,218.1384,218.2267,3777900
2019-03-25,218.5182,218.5182,212.6538,218.0236,4110900
2019-03-26,218.3769,218.9333,213.4840,214.9590,4416200
2019-03-27,214.5615,216.9814,210.3399,213.4752,4819200
2019-03-28,214.2524,214.4820,210.9846,213.9345,3601500
2019-03-29,215.7538,218.8185,213.6165,218.3769,4294200
2019-04-01,220.5407,220.9734,214.6675,216.8578,4809500
2019-04-02,216.8313,217.6174,214.4379,215.8598,4057100
2019-04-03,217.5379,218.6242,216.0188,217.1228,2851400
2019-04-04,216.8048,220.0108,216.0630,218.4917,2255500
2019-04-05,219.8694,220.1874,216.5310,219.7193,3343000
2019-04-08,220.5142,220.5142,217.5378,219.6928,2195400
2019-04-09,218.6507,220.7438,217.2199,219.7282,2903800
2019-04-10,219.7193,220.6820,216.8401,217.2906,2753700
2019-04-11,217.3082,218.0766,205.5000,207.9199,8223400
2019-04-12,208.8738,209.1211,194.9813,197.1451,13979400
2019-04-15,199.3972,203.9897,198.1960,203.3097,10021800
2019-04-16,210.2074,210.2074,190.6095,195.1491,27361400
2019-04-17,197.6484,198.0459,183.7648,191.5103,22101400
2019-04-18,191.7753,196.9508,189.1875,195.8468,13927200
2019-04-22,197.8339,200.9781,195.6260,200.5807,11191800
2019-04-23,201.5875,204.8464,199.6886,203.6453,10261400
2019-04-24,203.2125,204.5727,201.1459,203.4422,6104100
2019-04-25,201.8348,205.0054,201.4815,203.8308,5954500
2019-04-26,205.0231,209.4125,204.1840,209.3154,6186200
2019-04-29,209.6687,210.2516,206.8072,209.7128,5345300
2019-04-30,210.2692,210.2692,203.3009,205.8445,7632300
2019-05-01,205.8445,207.2134,203.4422,204.8553,4823200
2019-05-02,203.9279,206.0829,201.4374,205.2969,5499200
2019-05-03,205.6413,206.5775,200.6425,204.8553,4323100
2019-05-06,201.5168,212.4684,200.9251,212.4065,7180200
2019-05-07,211.2496,214.7470,208.7855,210.2427,5104700
2019-05-08,210.1986,212.6803,208.0171,211.2142,3768400
2019-05-09,208.9622,212.4419,208.1408,210.1721,4299500
2019-05-10,211.9385,214.2789,208.7590,212.4860,4374400
2019-05-13,208.8296,212.0533,208.6088,211.5675,4684400
2019-05-14,212.5302,212.8393,208.6795,208.8119,5329700
2019-05-15,207.5490,209.7835,205.4470,208.5029,5099700
2019-05-16,208.3350,212.3624,208.1849,209.1299,4456400
2019-05-17,208.5824,214.1200,208.1231,213.1838,4486400
2019-05-20,211.9650,217.9177,211.7619,217.2553,5390800
2019-05-21,218.1561,221.8389,217.9706,220.7438,5345300
2019-05-22,220.0020,221.7065,219.6575,220.2139,4038000
2019-05-23,219.0128,219.1629,215.8421,217.7057,3934600
2019-05-24,218.3681,220.2316,216.8313,218.7037,2973900
2019-05-28,219.4720,220.1786,213.7137,213.7843,6172700
2019-05-29,211.8325,214.6411,210.1103,214.0846,3958400
2019-05-30,213.6607,216.6900,213.1484,215.0561,2646600
2019-05-31,213.6872,215.1621,211.5057,213.5547,3285700
2019-06-03,213.2809,215.3211,208.4499,208.9268,4999400
2019-06-04,210.3134,212.8923,207.3989,212.6362,4992000
2019-06-05,214.7647,217.0786,213.0513,214.4114,3194400
2019-06-06,214.7293,215.4447,213.4928,213.5723,2630100
2019-06-07,214.5262,218.2091,213.8991,217.9441,2837400
2019-06-10,218.2179,220.5054,217.2553,219.1541,2331000
2019-06-11,219.4897,221.4062,217.0256,217.1492,3043000
2019-06-12,217.4407,217.7056,213.9962,215.9392,3251800
2019-06-13,216.2220,216.6812,214.7205,216.3456,3107800
2019-06-14,217.0907,218.3150,215.3786,217.6674,2165500
2019-06-17,218.2262,219.2020,217.5343,218.1996,2270300
2019-06-18,219.5568,221.1891,217.4721,217.9601,3482500
2019-06-19,218.2262,222.9899,217.7915,221.9431,4204600
2019-06-20,223.1940,224.2763,219.4682,219.7875,3800800
2019-06-21,220.6923,224.8706,219.0246,223.7972,6323500
2019-06-24,222.9544,224.1077,219.8762,221.4552,3163800
2019-06-25,221.1537,222.6972,219.4859,219.6988,3182700
2019-06-26,220.0004,220.0714,215.6803,215.9819,3852900
2019-06-27,216.6827,220.1335,215.7069,218.5278,3366200
2019-06-28,218.6697,218.8915,211.7060,216.4609,6727600
2019-07-01,218.1818,218.3770,213.5423,215.2455,4102700
2019-07-02,215.2012,216.4431,212.4955,216.4254,3863500
2019-07-03,216.7359,219.5746,216.4875,217.5254,2559400
2019-07-05,216.7980,220.6746,216.5052,219.1044,2965000
2019-07-08,218.5899,219.9827,217.2327,219.8585,1902500
2019-07-09,217.0109,218.2972,216.1770,218.2262,2774800
2019-07-10,218.9536,220.9851,217.7649,219.5391,2753000
2019-07-11,226.9198,232.1448,220.9318,231.6746,10268800
2019-07-12,232.0916,236.4295,232.0916,235.8795,5336100
2019-07-15,235.1343,237.4319,234.4157,235.9327,2611400
2019-07-16,235.3738,236.9795,233.4754,234.7795,3121600
2019-07-17,234.1940,238.3545,233.7504,236.5448,3995200
2019-07-18,235.6488,236.4206,228.2150,231.1779,5825800
2019-07-19,231.6214,233.0585,227.4520,227.6738,4413200
2019-07-22,228.9956,229.7142,225.7932,226.4940,4104300
2019-07-23,225.7399,227.1859,223.5665,226.2190,2889300
2019-07-24,224.2496,224.2851,217.4545,222.7771,4864000
2019-07-25,222.7771,224.2142,220.2577,220.6214,3362800
2019-07-26,220.9052,225.2165,218.6786,224.3826,3362600
2019-07-29,224.2939,226.4762,223.8504,225.1633,2005500
2019-07-30,224.1343,226.2633,222.1915,226.1480,1908800
2019-07-31,227.3811,228.1262,220.4262,220.8964,3532400
2019-08-01,221.0561,223.1762,219.3617,221.1093,3613600
2019-08-02,221.4996,223.1673,218.3149,221.8190,2677600
2019-08-05,220.1157,221.7214,215.2012,217.3923,5812400
2019-08-06,218.1641,220.2488,216.0706,220.2488,3533000
2019-08-07,218.4657,219.1488,214.0213,218.6254,3205800
2019-08-08,218.3947,219.7076,215.8931,219.6633,2830700
2019-08-09,219.7520,222.1472,218.3504,220.5593,2535000
2019-08-12,218.9270,219.9649,215.5915,215.7423,2667400
2019-08-13,214.3939,222.1827,214.2431,221.0827,2763400
2019-08-14,218.8737,220.3641,215.5737,215.7423,3464300
2019-08-15,216.7625,217.5698,214.1899,216.6738,2513500
2019-08-16,217.6762,219.2109,216.6117,217.9512,2810000
2019-08-19,219.5480,220.4351,216.5319,217.0819,2672300
2019-08-20,216.6383,216.9843,212.8327,213.0456,3201300
2019-08-21,213.0721,214.5802,212.2826,213.2141,2761900
2019-08-22,213.2141,213.2141,206.4012,206.6407,4498200
2019-08-23,206.6052,208.5568,203.4826,204.6181,4826600
2019-08-26,206.2681,208.0778,204.4407,204.9907,2918300
2019-08-27,205.5584,206.1617,197.4681,197.7608,4988100
2019-08-28,197.3084,203.8286,195.8536,201.6818,4847600
2019-08-29,202.6310,206.0729,202.2673,204.5826,4052500
2019-08-30,207.2883,208.5125,206.0641,207.5810,3384100
2019-09-03,205.5762,205.9576,202.6754,204.5826,3382300
2019-09-04,205.7625,206.6496,200.9278,201.1318,4526100
2019-09-05,204.0326,205.3721,201.8859,203.6689,4256900
2019-09-06,204.1834,205.7713,202.7818,203.1455,4183200
2019-09-09,203.1455,205.8068,202.7552,204.6359,3895600
2019-09-10,205.3189,207.8383,204.7689,206.2149,4257600
2019-09-11,206.2416,207.8028,202.7730,207.7674,3168100
2019-09-12,208.4681,209.7101,203.7665,204.1214,4713700
2019-09-13,207.6598,210.8416,206.3674,208.2124,4523200
2019-09-16,207.5082,210.3870,206.9110,208.9431,2973600
2019-09-17,207.7311,208.5510,206.0376,207.2409,2392900
2019-09-18,205.7079,207.7845,204.3085,205.5385,2960500
2019-09-19,206.7774,208.5154,206.0911,207.5350,2666700
2019-09-20,209.2462,209.4512,206.7061,207.5706,6220100
2019-09-23,204.7899,205.6901,203.4975,203.8986,3281200
2019-09-24,204.4422,204.8522,198.6845,200.5384,5006800
2019-09-25,199.8966,201.8753,197.9804,198.0160,4658000
2019-09-26,198.7915,199.3174,190.2263,192.0535,10444400
2019-09-27,194.4598,195.0837,191.6434,191.8573,4834900
2019-09-30,190.4134,194.7718,189.9500,193.6933,5286300
2019-10-01,195.3601,195.3601,189.0230,193.5953,5523600
2019-10-02,192.6505,195.5115,191.8751,193.1853,4921200
2019-10-03,192.1871,192.8377,189.8876,191.9464,3375800
2019-10-04,193.2655,195.9572,191.7504,195.9037,3700500
2019-10-07,195.2353,198.3369,195.1818,197.1872,3843200
2019-10-08,195.6274,197.8467,194.6559,196.1800,4817000
2019-10-09,197.6061,199.1748,196.2335,197.9359,4483100
2019-10-10,194.4688,199.7630,193.8716,199.4064,5252200
2019-10-11,201.0196,203.9698,197.4991,197.9269,5891600
2019-10-14,197.5348,199.0589,195.9929,196.6078,4075300
2019-10-15,207.3924,213.7650,205.9663,212.6509,13397700
2019-10-16,210.6010,211.6616,208.6313,211.2249,5368600
2019-10-17,212.7401,218.0164,211.4744,217.1786,6301200
2019-10-18,217.8738,219.6207,215.4762,218.6670,4922100
2019-10-21,218.3819,218.8988,215.8239,217.4014,3029200
2019-10-22,217.1519,224.1574,216.7152,222.3570,5660800
2019-10-23,221.3855,224.3802,219.9059,220.8596,3706600
2019-10-24,221.0646,221.4746,217.3926,217.9273,2546900
2019-10-25,217.3925,219.3266,215.8239,218.2838,2815100
2019-10-28,218.5958,221.3855,218.2927,220.1912,2957100
2019-10-29,220.1822,225.6725,219.5316,224.8615,3528900
2019-10-30,224.7545,227.5264,224.5852,227.0986,3299600
2019-10-31,226.7242,227.9186,222.7402,225.2269,3960400
2019-11-01,226.3767,228.4623,224.7456,224.7902,2919600
2019-11-04,226.0558,226.2340,222.7402,223.9345,3186400
2019-11-05,226.1539,226.6262,222.9007,223.0878,5393400
2019-11-06,222.5619,224.5941,222.0093,223.2839,3668600
2019-11-07,224.5585,228.8366,223.9435,228.5781,3646300
2019-11-08,228.8544,230.2537,227.2768,229.0327,2200300
2019-11-11,227.3214,228.5781,225.7884,226.4658,1765600
2019-11-12,226.0201,227.9542,225.8597,227.4996,1892500
2019-11-13,227.1610,228.9524,225.6636,226.0023,3289800
2019-11-14,226.2073,228.2394,225.9132,228.0166,2101900
2019-11-15,228.2661,245.6105,227.5977,240.1113,10136000
2019-11-18,239.7548,248.1774,239.7548,243.2575,6985200
2019-11-19,245.3163,245.4233,242.0275,244.4162,4002000
2019-11-20,242.6514,246.0205,241.7512,245.6016,4141600
2019-11-21,245.2986,247.4911,244.1310,246.4840,3309900
2019-11-22,246.4662,247.5713,245.1025,246.7425,2802700
2019-11-25,247.5802,252.2327,246.8940,251.9386,4082900
2019-11-26,250.1917,251.5643,249.7015,250.8067,2998600
2019-11-27,250.4592,251.2791,248.3914,250.1561,2323900
2019-11-29,247.8654,250.3788,247.1791,249.4430,1520900
2019-12-02,251.1453,251.3414,248.2843,249.2558,2517100
2019-12-03,246.8583,248.1506,244.0775,246.7959,3239200
2019-12-04,251.0026,251.1987,248.3466,248.9527,2694200
2019-12-05,248.8816,252.0724,247.3129,251.3415,3357300
2019-12-06,253.0593,253.2382,249.7220,250.6883,2828900
2019-12-09,251.2073,251.2967,248.2100,248.3174,2697100
2019-12-10,248.3711,250.1605,245.1591,250.0889,2515300
2019-12-11,248.9973,251.1088,248.7558,250.9657,2751300
2019-12-12,251.4398,254.0881,250.5540,253.7481,2996200
2019-12-13,254.9650,257.5060,254.2045,255.4213,3599300
2019-12-16,257.6491,264.3326,256.8349,261.2816,4663600
2019-12-17,260.5748,261.9527,258.7228,259.8859,4409100
2019-12-18,260.3601,263.8136,260.3511,262.0600,3621600
2019-12-19,263.9389,265.9072,262.7042,263.5989,2905900
2019-12-20,267.4283,268.4125,261.7111,261.7827,6608300
2019-12-23,262.5343,264.6995,261.9796,264.0195,2098900
2019-12-24,264.1716,264.6816,262.6506,263.5274,714000
2019-12-26,264.2074,265.0663,263.5274,264.5205,1050600
2019-12-27,264.8426,265.3168,263.9479,264.8068,1547100
2019-12-30,264.8783,265.3168,262.5521,262.9100,1511700
2019-12-31,262.7401,263.1248,260.4943,263.0264,2224200
2020-01-02,263.0264,264.5653,259.2775,261.7022,2543400
2020-01-03,257.0229,261.1475,254.4193,259.0539,2711400
2020-01-06,257.6760,260.9506,256.9781,260.8522,3079100
2020-01-07,260.0917,260.7985,257.3002,259.2776,2492900
2020-01-08,260.8075,266.0684,259.5012,264.7442,3379200
2020-01-09,263.3037,265.9073,262.7937,263.2411,2838200
2020-01-10,264.8962,264.8962,261.4426,264.0552,2477900
2020-01-13,263.3752,263.4468,255.0097,255.7523,6994900
2020-01-14,255.5287,257.8907,254.3208,257.8907,6056300
2020-01-15,258.5886,268.0904,258.5707,265.2005,6081300
2020-01-16,266.6231,269.2982,264.7710,269.0746,3710300
2020-01-17,268.4214,269.0388,264.7263,267.0435,4632200
2020-01-21,265.6300,270.6851,264.8426,268.8867,4962800
2020-01-22,270.1929,270.3182,266.0415,268.9403,3117600
2020-01-23,268.4215,268.9314,265.4152,267.9294,3169600
2020-01-24,266.9272,268.3498,260.8611,261.9795,3678500
2020-01-27,257.6760,257.7475,250.5809,254.1777,4399400
2020-01-28,254.0166,258.0070,253.4708,255.7702,4341000
2020-01-29,254.0972,256.0566,251.3147,253.1130,3963800
2020-01-30,252.1647,252.1647,246.8680,251.3952,4211800
2020-01-31,248.8810,249.4268,242.6270,243.7633,5532600
2020-02-03,246.1610,247.6999,242.3049,245.1679,5646800
2020-02-04,248.0846,253.6497,247.7267,251.2698,4290200
2020-02-05,255.5287,265.7283,255.3855,264.5921,5761000
2020-02-06,265.7283,265.9699,259.4653,261.6663,3044000
2020-02-07,262.0333,262.4986,258.4903,258.7676,3425900
2020-02-10,256.0923,258.8301,255.3944,256.8081,3147400
2020-02-11,256.6471,260.8701,255.7971,260.1722,2992200
2020-02-12,263.9389,272.8859,263.0531,271.5260,6701900
2020-02-13,268.5378,273.6913,268.5378,270.3809,3565500
2020-02-14,270.3898,271.9645,266.0057,267.3209,2485600
2020-02-18,268.1173,271.4098,267.5178,270.3272,3241700
2020-02-19,271.4277,274.4160,270.8551,273.1634,3021100
2020-02-20,271.2756,272.1345,266.5247,270.3182,2885500
2020-02-21,268.8330,270.6582,267.1688,269.6919,2987100
2020-02-24,256.6829,258.5617,248.4068,248.5410,8790600
2020-02-25,250.6525,252.2898,234.4225,235.6572,8171200
2020-02-26,236.8472,241.4191,231.4700,235.3083,6806600
2020-02-27,231.2105,234.5478,225.5291,227.1843,7604300
2020-02-28,220.2772,230.0295,219.4719,228.1148,9961000
2020-03-02,230.2442,244.4701,223.9634,244.3538,8866300
2020-03-03,246.3579,250.8315,231.9353,233.8768,9188100
2020-03-04,259.4654,264.6905,252.4956,258.9465,14533000
2020-03-05,251.9498,258.9465,250.4646,253.1666,5908400
2020-03-06,246.4205,254.9650,243.2711,253.9808,5361900
2020-03-09,236.6145,251.8067,231.9442,244.6490,8070700
2020-03-10,250.2678,254.0076,243.8080,250.5183,7366000
2020-03-11,245.8300,255.2066,244.4880,248.5320,7744600
2020-03-12,232.6241,243.5664,223.6771,224.0439,10496600
2020-03-13,234.5214,245.5111,217.6999,244.4508,9308400
2020-03-16,219.1826,220.7641,201.2378,202.2173,10303500
2020-03-17,207.4111,223.5317,205.1377,219.4521,9642200
2020-03-18,202.8553,207.9772,179.8875,195.0466,12917500
2020-03-19,194.9747,203.1878,187.7501,197.5088,8065200
2020-03-20,200.5459,209.0465,182.8259,185.6384,9364100
2020-03-23,181.5499,184.8836,168.6822,175.0981,10654500
2020-03-24,181.6398,197.9311,178.8182,197.5088,8894400
2020-03-25,196.8707,222.4085,194.0941,210.7089,10014000
2020-03-26,210.2956,231.7987,208.7410,229.4893,7517600
2020-03-27,218.3020,226.0837,214.0786,217.8616,4879500
2020-03-30,218.0323,228.3211,218.0323,225.7961,5329000
2020-03-31,218.7872,228.7166,218.3559,224.0889,5450000
2020-04-01,214.4830,221.5997,211.5626,213.2519,4548800
2020-04-02,211.4367,217.4572,203.1069,216.0555,4636800
2020-04-03,214.1505,215.0671,204.2212,206.2160,4650300
2020-04-06,215.6601,224.0079,211.2750,223.1543,6365900
2020-04-07,233.4611,239.6613,221.5368,222.8847,4984100
2020-04-08,222.5702,241.8628,221.2853,240.6677,6390200
2020-04-09,238.1247,242.9771,235.0695,237.3429,4923300
2020-04-13,235.4829,238.0887,231.9963,236.7858,2964900
2020-04-14,241.7191,245.3763,239.9219,243.0669,4778900
2020-04-15,248.3056,254.2902,243.2286,253.1131,7841800
2020-04-16,254.6947,269.5752,251.6125,268.1644,7738900
2020-04-17,270.4647,273.1695,257.9834,261.0925,5857500
2020-04-20,256.3660,259.6997,252.7447,253.5265,4072600
2020-04-21,247.0656,251.6035,245.5380,246.3827,3977500
2020-04-22,251.2260,255.0360,248.6471,248.9256,3663300
2020-04-23,250.7588,259.2055,250.2915,256.3929,4420500
2020-04-24,258.1541,262.2965,255.1977,261.7484,3265000
2020-04-27,263.4737,266.7535,261.1554,264.1656,3706200
2020-04-28,267.7780,268.0027,256.6536,259.1157,3862900
2020-04-29,262.3864,263.0604,257.0848,258.4776,4258400
2020-04-30,257.5790,265.0822,256.5636,262.8087,7631700
2020-05-01,259.1425,259.6906,251.2440,255.6560,3526100
2020-05-04,255.6381,258.7382,253.4994,258.3788,2894200
2020-05-05,260.5534,265.9808,258.1542,263.3210,2501300
2020-05-06,265.1720,267.4903,259.1874,259.4839,2579200
2020-05-07,261.5419,262.6471,255.6651,256.0964,3162300
2020-05-08,260.1310,260.5893,256.6895,257.8936,3200000
2020-05-11,256.5995,260.6791,256.3300,259.4121,3490700
2020-05-12,262.1799,263.4199,258.5226,258.5226,4214300
2020-05-13,255.6382,257.3545,247.6138,249.8064,5474100
2020-05-14,247.9462,262.7908,247.6856,261.1374,5704600
2020-05-15,262.7549,269.5752,261.2363,261.4520,12182800
2020-05-18,268.2092,269.3235,262.4044,263.6085,4015100
2020-05-19,261.2543,264.7498,259.5829,259.7357,3059400
2020-05-20,263.1953,263.1953,257.6240,258.7832,3200600
2020-05-21,257.0309,260.7061,256.0335,257.8127,3604900
2020-05-22,258.1631,260.8050,255.9077,260.5354,2922800
2020-05-26,266.4301,266.9064,262.8358,264.9834,4567800
2020-05-27,267.2568,272.9898,261.3082,272.9628,5618900
2020-05-28,274.9217,278.2555,272.5315,273.1425,4387700
2020-05-29,273.8165,277.0963,270.3390,273.9333,6251500
2020-06-01,273.1874,274.9486,270.0783,274.9037,2894000
2020-06-02,274.5893,276.8537,271.1297,275.2452,2756800
2020-06-03,276.6290,278.6688,272.0373,274.3826,4360000
2020-06-04,272.4326,273.5918,264.4442,267.8499,4374300
2020-06-05,273.1694,282.4068,270.0244,280.2233,5554300
2020-06-08,277.3389,283.8087,276.7009,278.0938,4635500
2020-06-09,278.4712,280.9423,276.1618,277.8511,3061500
2020-06-10,277.6085,278.8396,272.1451,274.7420,3296100
2020-06-11,272.5944,272.5944,252.3223,254.9552,6638900
2020-06-12,261.1734,264.2735,250.4353,256.2312,5416800
2020-06-15,249.8242,257.8935,245.9513,257.2466,4494600
2020-06-16,265.4776,267.3916,258.2889,263.2851,4245400
2020-06-17,265.1721,265.1721,261.6946,262.9257,2538000
2020-06-18,260.9757,262.1888,257.5342,261.9193,2926600
2020-06-19,265.7096,267.5957,262.5330,262.8307,5172800
2020-06-22,261.5222,264.4190,258.3365,264.1212,2174100
2020-06-23,265.3305,270.0864,262.6773,268.5703,4023400
2020-06-24,265.3125,268.1191,257.7138,260.9716,3399900
2020-06-25,260.1594,267.8303,258.1560,267.3249,3112500
2020-06-26,266.3503,267.6498,257.9394,258.8960,5043200
2020-06-29,260.3128,263.7691,258.6612,261.4950,2356700
2020-06-30,260.4211,267.5325,259.5999,266.1788,2932900
2020-07-01,266.9729,271.0971,266.4404,268.6876,2303800
2020-07-02,271.1874,273.5158,268.1913,269.1660,1971700
2020-07-06,273.4436,273.8858,270.1315,273.2721,2395000
2020-07-07,271.3318,273.9489,267.0813,267.7130,2075700
2020-07-08,268.3446,271.5213,266.8375,269.2561,1987400
2020-07-09,266.3142,269.4276,259.4555,262.7585,3061700
2020-07-10,265.5381,265.5381,259.0945,262.8217,2391600
2020-07-13,263.5978,274.8153,263.3090,270.4745,4263300
2020-07-14,268.7598,279.5260,267.7671,278.4250,4234900
2020-07-15,271.7469,280.3834,269.5269,274.4092,5116900
2020-07-16,275.2575,280.5278,273.5879,277.1887,3844500
2020-07-17,278.9394,280.6360,276.3765,276.6292,3016500
2020-07-20,276.8638,278.4972,272.8840,273.8586,2375500
2020-07-21,275.2755,277.0533,273.5427,275.3477,2340200
2020-07-22,275.1221,276.9722,272.3697,276.7917,1935800
2020-07-23,278.1363,278.4070,271.8823,273.4164,2367700
2020-07-24,273.7414,274.5987,270.0413,271.4492,2415700
2020-07-27,269.3194,272.6585,268.3628,269.4728,2060500
2020-07-28,268.8321,271.9997,268.2184,270.6731,2257400
2020-07-29,272.0538,279.5352,270.7362,276.7646,2672700
2020-07-30,272.2523,276.5660,269.7345,275.4560,2205300
2020-07-31,273.8406,274.1113,268.9764,273.2450,3913500
2020-08-03,273.9759,275.1672,270.0142,273.9940,2628500
2020-08-04,272.4599,278.7320,270.7994,274.7973,3594900
2020-08-05,276.8999,282.4319,275.2665,281.9897,2982200
2020-08-06,281.5657,285.3921,280.1217,283.4247,3305300
2020-08-07,282.7748,287.8827,282.7748,286.1049,2600800
2020-08-10,286.0779,289.2094,284.7964,287.9731,2563600
2020-08-11,291.4204,292.9095,283.9661,284.7693,3018200
2020-08-12,286.9804,291.7544,286.6555,290.8338,2915800
2020-08-13,289.3989,290.4728,286.8360,290.1570,2159500
2020-08-14,289.2727,292.3320,287.6393,292.1245,1787200
2020-08-17,290.0938,292.2145,288.1986,289.2455,2772500
2020-08-18,290.5721,291.1948,284.9137,285.9064,2520000
2020-08-19,285.8703,288.3250,284.4354,284.6339,2066700
2020-08-20,284.1196,284.5257,281.5747,282.7659,2245600
2020-08-21,280.9159,284.5258,279.8420,283.4970,2488500
2020-08-24,285.9065,285.9877,276.5931,278.7139,2922200
2020-08-25,281.7461,281.8905,277.7753,281.7642,1879300
2020-08-26,280.6451,280.9880,273.9940,278.6958,3178900
2020-08-27,280.1308,284.0654,275.6907,281.2679,2321000
2020-08-28,281.8724,285.0130,278.8312,283.7044,2883500
2020-08-31,284.1737,288.3881,282.0529,282.0619,4341600
2020-09-01,279.9050,284.0202,279.7606,282.3146,2487100
2020-09-02,282.0709,289.9403,282.0709,289.0018,2846500
2020-09-03,290.5901,292.2326,283.1268,285.3830,3872500
2020-09-04,285.6086,286.8269,276.7195,281.5656,2901000
2020-09-08,280.6902,281.0783,274.1926,277.2790,2594500
2020-09-09,279.4719,284.5618,278.3348,281.5836,2195600
2020-09-10,282.2244,283.7676,274.0933,274.8874,2421200
2020-09-11,276.4461,277.7057,269.3961,273.1929,3085900
2020-09-14,274.5794,281.9284,274.5794,279.6177,1795500
2020-09-15,280.9589,282.2366,277.3342,278.4035,1468300
2020-09-16,280.0707,282.9524,277.4700,277.7600,3438200
2020-09-17,275.9295,278.5393,273.7638,276.3645,2394100
2020-09-18,276.3917,281.2669,275.2680,279.1192,3795400
2020-09-21,272.2777,272.3321,264.2943,271.1178,4124700
2020-09-22,270.4382,272.4136,265.4361,266.6504,3163600
2020-09-23,267.3210,268.3178,264.4484,264.7293,3709900
2020-09-24,264.7746,267.2575,262.4638,265.2005,2869100
2020-09-25,263.9228,274.8150,263.8957,274.1173,2455800
2020-09-28,277.6423,280.9226,274.4163,274.7787,2575700
2020-09-29,275.1775,276.8358,272.4681,275.6125,1797800
2020-09-30,275.4945,285.0093,275.4673,282.5174,3497300
2020-10-01,283.5505,285.5985,280.1433,283.6955,2731200
2020-10-02,282.8165,287.6102,279.4274,282.7078,2338000
2020-10-05,285.5078,288.5435,283.7408,288.2988,1638600
2020-10-06,289.0237,290.2470,284.0760,284.9460,2434400
2020-10-07,286.1874,294.2704,286.1874,292.8478,2596600
2020-10-08,293.0834,294.8233,290.8724,292.1591,2056700
2020-10-09,294.1979,297.3786,293.5273,297.0795,2028900
2020-10-12,298.2395,302.2629,298.1398,299.0097,2424200
2020-10-13,297.6776,302.3897,296.9617,300.3237,2713500
2020-10-14,291.8510,299.5535,290.1565,291.6517,4455400
2020-10-15,288.9331,296.2913,286.6496,294.1165,3172200
2020-10-16,294.9230,301.1665,294.2615,298.9464,3293300
2020-10-19,297.7140,299.7438,291.8420,293.7993,2482100
2020-10-20,295.9742,297.7865,292.9476,293.0654,1988600
2020-10-21,293.0653,295.8563,291.9507,292.5034,2139000
2020-10-22,292.0776,297.2790,292.0141,295.1676,2100600
2020-10-23,298.2758,304.1568,297.3424,299.5807,2349500
2020-10-26,295.7022,296.9980,288.6522,292.7481,2408500
2020-10-27,292.7480,293.1467,289.4586,290.4373,2427700
2020-10-28,283.9311,287.9908,278.5938,279.1013,3301400
2020-10-29,277.8235,280.4423,273.1748,275.1865,3279200
2020-10-30,274.7788,278.3491,271.4893,276.5096,3556800
2020-11-02,283.3058,283.3058,278.5212,282.8165,4519000
2020-11-03,287.6826,295.8110,285.4625,291.1986,4043900
2020-11-04,312.8379,326.6208,309.1317,321.2925,10344900
2020-11-05,324.4733,327.1102,316.8705,321.1476,4786500
2020-11-06,317.4867,318.9728,312.2399,314.8588,2994900
2020-11-09,331.9402,333.4263,316.2362,317.1605,4635300
2020-11-10,316.6982,322.5068,315.5021,320.5042,3733200
2020-11-11,322.7425,323.3315,316.6258,318.7010,2048200
2020-11-12,318.4291,326.6934,316.9339,321.1567,2907300
2020-11-13,323.3767,324.3554,319.6886,322.2984,2442100
2020-11-16,325.2707,325.8415,318.0757,323.3405,2790100
2020-11-17,319.3262,320.2051,314.8950,319.0634,2557600
2020-11-18,320.2686,320.8304,310.8987,312.1855,2722500
2020-11-19,310.1738,310.8806,302.9607,305.3802,3935600
2020-11-20,303.5678,305.9783,300.5865,303.2960,3702000
2020-11-23,304.0662,304.7096,300.4778,303.6222,2535700
2020-11-24,304.6371,308.0987,303.0513,304.4831,3759700
2020-11-25,307.0294,307.0294,298.2577,301.9277,3145100
2020-11-27,302.2357,307.1018,300.7042,306.2319,1558600
2020-11-30,303.6675,306.2320,299.2998,304.7821,5265700
2020-12-01,312.4211,320.8757,308.0352,309.1770,3817700
2020-12-02,309.7026,318.8187,309.4579,314.9493,2864300
2020-12-03,315.2574,319.6705,313.9797,315.9642,4169200
2020-12-04,314.6638,319.6384,314.4364,318.2015,3255100
2020-12-07,317.1374,318.2015,313.9544,316.3553,2999400
2020-12-08,313.5270,318.2105,312.9176,316.3553,2471200
2020-12-09,317.2920,317.7649,310.6713,313.2178,2600400
2020-12-10,313.8998,314.1726,308.5342,308.8888,2896900
2020-12-11,307.5066,308.1887,304.0507,306.5426,3071700
2020-12-14,309.2344,312.1446,305.4421,305.6876,2479000
2020-12-15,308.4251,310.1257,306.5153,308.9071,2616500
2020-12-16,306.3242,310.7168,303.9870,308.6069,2365600
2020-12-17,309.0343,311.5717,306.7608,310.7259,2525700
2020-12-18,311.4989,311.5808,303.7506,307.7339,8742700
2020-12-21,301.9954,306.4334,299.5672,305.6422,2892700
2020-12-22,304.8055,306.4607,303.2686,304.6691,2069700
2020-12-23,306.0150,310.7077,305.5967,307.0154,2348100
2020-12-24,305.9696,310.4894,305.9696,309.9256,1360600
2020-12-28,312.1265,316.2917,311.9901,314.6183,2308200
2020-12-29,316.4735,319.4747,313.7543,315.8915,2275700
2020-12-30,315.6460,317.4012,313.2724,313.7453,1866000
2020-12-31,313.7907,319.2928,312.8903,318.9199,1969000
2021-01-04,319.6202,320.1931,309.5527,317.8468,4203800
2021-01-05,317.1102,319.5383,313.2815,313.5724,3160500
2021-01-06,306.5789,326.9320,304.7601,326.7320,6561400
2021-01-07,326.0681,333.2617,325.5042,331.9703,3366700
2021-01-08,333.7619,334.2075,326.2681,330.4788,2947800
2021-01-11,329.7786,331.2973,326.6592,328.0779,2695100
2021-01-12,325.5224,327.4686,323.0579,325.0040,2372500
2021-01-13,323.7945,324.4948,319.4201,322.8851,1974500
2021-01-14,324.5311,326.3136,318.6835,318.7835,2919900
2021-01-15,317.5012,321.0753,314.4274,319.4838,3777000
2021-01-19,323.9490,324.6311,319.7202,320.2931,3361300
2021-01-20,320.0112,320.1931,314.5092,319.0654,3036800
2021-01-21,319.0382,328.2053,318.9745,322.8487,3749800
2021-01-22,321.3117,322.5031,316.0643,316.0734,2585100
2021-01-25,315.7096,318.6562,313.3906,316.3098,2506300
2021-01-26,318.7653,319.6747,311.5444,312.0355,2467500
2021-01-27,306.5153,307.3883,299.2125,302.8320,4770900
2021-01-28,306.1515,315.1913,304.2144,307.5247,2769900
2021-01-29,306.0514,308.3159,300.6858,303.3686,3899200
2021-02-01,304.6872,307.5246,302.6046,303.7505,3020200
2021-02-02,306.5698,313.4269,306.5698,308.0430,2663700
2021-02-03,307.3883,309.3527,304.2962,307.2883,2537100
2021-02-04,302.2228,304.9238,298.6487,299.4945,5962200
2021-02-05,302.0318,303.2778,294.1834,295.1201,7227900
2021-02-08,297.3936,297.4027,294.4834,294.9654,4758200
2021-02-09,294.5653,301.0587,292.5736,299.7764,4096900
2021-02-10,302.5320,305.3512,299.9037,303.2049,4122700
2021-02-11,304.6600,306.1605,301.4770,302.9048,2776700
2021-02-12,301.6407,302.2955,298.1849,298.5122,2760800
2021-02-16,297.7119,299.9673,293.2739,295.2201,4339000
2021-02-17,294.1652,298.8397,293.0557,297.2572,2620000
2021-02-18,296.3842,299.7309,295.7476,298.6668,2383500
2021-02-19,298.9760,299.0670,294.7563,295.1837,2313800
2021-02-22,292.3827,299.2489,291.3368,297.9666,2688300
2021-02-23,300.1038,303.6961,297.0572,299.6673,3225700
2021-02-24,298.7396,303.3868,296.5115,302.1227,3360500
2021-02-25,301.0221,303.3867,297.7118,299.0851,2780100
2021-02-26,300.6131,307.3065,299.9765,302.1318,5430000
2021-03-01,304.0779,308.2158,303.4595,304.3416,4198900
2021-03-02,304.6600,307.0882,303.6505,304.3326,2568900
2021-03-03,303.1321,307.5338,302.6410,302.7229,3039700
2021-03-04,303.9051,309.9710,302.5410,303.5777,4991600
2021-03-05,304.6873,316.7464,304.6782,315.6642,4563100
2021-03-08,315.5823,321.9392,314.3000,318.4561,3419900
2021-03-09,320.9570,328.5326,319.5201,320.1022,4277600
2021-03-10,321.8574,322.3758,316.9373,317.9377,3012300
2021-03-11,318.9927,323.7308,318.1832,321.1207,2520500
2021-03-12,322.3254,325.6566,321.2484,324.9265,2088700
2021-03-15,325.7479,326.6788,320.8469,322.9734,2343400
2021-03-16,322.6540,324.3242,321.1755,323.6306,2904200
2021-03-17,324.1508,326.7975,321.1024,321.4219,2633100
2021-03-18,322.0516,332.5016,321.5679,330.4299,3311600
2021-03-19,330.3113,338.1054,327.6554,333.6516,8572900
2021-03-22,333.1223,336.3896,328.6593,334.8198,3505200
2021-03-23,336.6360,339.0911,335.1484,336.3166,3100100
2021-03-24,334.0805,341.1537,333.5877,338.2332,3407800
2021-03-25,338.2333,339.6114,331.6530,338.6805,3021500
2021-03-26,339.2188,344.1290,337.9502,343.5996,2959800
2021-03-29,343.4901,347.2686,342.2398,345.9543,2740400
2021-03-30,344.5762,346.7027,339.3284,340.9347,3066000
2021-03-31,340.2410,344.0742,339.3284,339.5748,3356500
2021-04-01,339.6935,340.1407,333.8159,335.0115,2977700
2021-04-05,337.3388,340.0859,335.5317,337.8499,2709400
2021-04-06,336.5722,337.4940,331.0414,332.5473,2698600
2021-04-07,332.3830,333.9254,329.0609,333.7064,2158900
2021-04-08,331.3973,334.8655,331.3973,333.0219,2426700
2021-04-09,336.1797,343.7183,334.9476,343.4353,2483200
2021-04-12,341.7743,346.6571,341.3636,343.4171,3057300
2021-04-13,343.3898,346.1825,341.6375,341.7926,2652300
2021-04-14,342.5593,344.9961,341.8657,342.8240,2805600
2021-04-15,346.8122,358.0927,346.8122,355.9480,4488300
2021-04-16,359.5165,359.5165,351.7954,356.8607,4532400
2021-04-19,355.9389,359.0328,354.5425,355.7928,2965400
2021-04-20,355.8111,363.1307,355.4096,361.8986,3348100
2021-04-21,364.0251,366.4163,360.9038,363.9794,2473300
2021-04-22,363.6417,363.9338,358.8503,361.9077,2718600
2021-04-23,361.0680,366.8817,360.0458,365.3484,2263200
2021-04-26,364.8921,365.0655,360.6939,361.2871,1642300
2021-04-27,360.1919,361.7161,358.0380,360.0459,1758500
2021-04-28,360.6665,362.3184,358.9506,360.1280,1886500
2021-04-29,362.0993,367.0368,361.6886,366.4801,1996500
2021-04-30,365.9781,366.7630,363.5596,363.9702,2328100
2021-05-03,365.9781,371.2442,365.5492,370.4502,2568500
2021-05-04,370.0669,376.4464,368.2598,375.4151,3237200
2021-05-05,374.6484,376.7019,371.2716,376.4738,2767600
2021-05-06,376.9302,380.4439,376.5286,378.7281,3058700
2021-05-07,378.7555,382.4244,377.9067,381.1740,1851000
2021-05-10,382.6525,388.7765,381.6942,384.1310,2489300
2021-05-11,384.2314,385.4088,374.7489,375.7437,3024000
2021-05-12,373.5441,374.9679,369.3368,369.9665,2888100
2021-05-13,370.7970,377.0944,369.0082,372.8779,2637500
2021-05-14,375.0957,376.5560,372.8232,374.0096,2072900
2021-05-17,373.5624,376.4829,372.8870,372.9418,1583900
2021-05-18,373.9092,376.8936,370.7879,374.5390,2694800
2021-05-19,373.7267,374.8493,368.9444,373.7358,2783100
2021-05-20,373.7632,377.6877,372.6589,372.9510,2105800
2021-05-21,374.8857,382.0684,373.6993,375.6797,4295400
2021-05-24,376.3552,377.7516,374.1192,375.0592,1883600
2021-05-25,375.8806,377.7150,373.1791,376.9757,2285600
2021-05-26,376.1088,379.0293,375.1140,377.1218,1903900
2021-05-27,378.6825,378.8558,374.5390,376.6563,2041800
2021-05-28,376.6564,379.1844,374.2104,375.9445,2367900
2021-06-01,377.5964,377.5964,370.6875,371.1986,2199600
2021-06-02,373.4072,373.4072,369.2181,370.4046,2232900
2021-06-03,368.2598,373.9730,367.6574,372.3302,2281200
2021-06-04,375.0683,375.1048,369.3094,370.2130,2990900
2021-06-07,371.4176,371.6457,363.8699,365.2936,3353800
2021-06-08,365.7227,367.5754,363.9247,366.6536,3051300
2021-06-09,368.1047,370.3407,365.5493,366.0695,1925700
2021-06-10,366.8087,367.6666,363.6691,366.4254,4033600
2021-06-11,368.1230,368.1321,360.3015,363.1399,3094300
2021-06-14,362.6013,364.5818,360.6208,364.2989,2674900
2021-06-15,365.0290,366.4345,361.8438,365.3210,2845800
2021-06-16,366.0694,367.9404,362.0263,362.5557,3330800
2021-06-17,361.4148,363.3040,360.1462,362.6469,3532000
2021-06-18,354.7509,359.6790,354.7234,356.6653,5521400
2021-06-21,356.6654,365.6698,356.5280,364.6347,3839300
2021-06-22,366.9614,366.9980,364.4057,365.2026,3964600
2021-06-23,364.4056,365.4865,362.0698,362.3354,2942100
2021-06-24,364.8636,368.3811,363.5079,365.3674,3309100
2021-06-25,366.4942,375.5443,365.5049,370.9368,16928900
2021-06-28,370.9368,370.9734,364.5064,367.7399,3193300
2021-06-29,368.2071,369.3338,364.0943,364.6622,2458800
2021-06-30,364.1492,367.6850,363.4714,366.8056,2875600
2021-07-01,368.2620,371.1749,368.0605,370.8818,2678100
2021-07-02,371.0650,375.4435,369.9566,374.9763,1982400
2021-07-06,374.3443,376.6252,371.6329,375.8008,2615300
2021-07-07,375.8832,377.5595,372.9978,377.0832,2270400
2021-07-08,374.2894,376.3229,371.0559,375.5169,2032300
2021-07-09,377.8801,378.5397,376.1489,377.4954,2078900
2021-07-12,376.4970,381.4251,375.8466,381.0953,2802600
2021-07-13,381.4068,384.4387,380.7930,383.3853,2948900
2021-07-14,385.4280,387.0402,378.6313,379.9045,3538700
2021-07-15,377.3122,386.3073,372.9978,384.7684,3546500
2021-07-16,385.9684,386.8203,382.5609,384.4479,2625400
2021-07-19,382.1945,384.2922,372.6406,374.7016,3611300
2021-07-20,376.4787,382.6434,376.1214,378.2832,3186700
2021-07-21,382.0297,382.1854,376.3230,379.8130,1863700
2021-07-22,381.0770,381.8190,378.9794,380.8480,1421900
2021-07-23,382.7991,384.1181,381.0495,382.6159,1611700
2021-07-26,381.8190,382.5884,376.3871,378.8053,2232600
2021-07-27,377.3947,380.3808,375.0680,380.2343,2630600
2021-07-28,379.6755,379.6755,372.6314,374.8023,2446600
2021-07-29,376.7350,377.9258,374.1153,377.4678,1597300
2021-07-30,376.2588,379.0160,375.7916,377.5962,1864200
2021-08-02,378.8328,381.4617,378.1366,380.6648,1806500
2021-08-03,380.8938,386.6830,380.2160,386.4631,2496500
2021-08-04,386.6005,388.0753,384.4570,386.1333,1995400
2021-08-05,386.6097,386.7837,373.6299,376.6527,3598600
2021-08-06,377.4038,381.7640,377.4038,380.2526,1944000
2021-08-09,380.0969,381.2694,375.8832,376.3596,1509800
2021-08-10,376.0299,378.9061,374.2528,377.1932,1441800
2021-08-11,378.3382,379.1626,373.2818,373.4925,1542600
2021-08-12,372.8146,374.3993,370.3414,371.8619,1939900
2021-08-13,372.8879,375.6084,371.8254,375.2604,1537800
2021-08-16,375.4161,382.3594,373.1169,382.1671,2377500
2021-08-17,382.0662,387.0127,381.6357,386.3531,2258000
2021-08-18,385.9593,386.1791,382.0571,382.2678,3037000
2021-08-19,380.4907,392.3713,377.7610,391.9500,3204500
2021-08-20,392.3713,395.1285,391.0523,393.6171,2401900
2021-08-23,394.3958,394.3958,389.2112,389.6325,2375900
2021-08-24,389.7791,390.1638,386.2983,387.8463,1619300
2021-08-25,386.4173,388.0386,384.2189,384.4845,1939000
2021-08-26,384.5120,385.9959,381.6357,381.8372,1385400
2021-08-27,382.8999,385.0434,381.1686,383.5869,1621600
2021-08-30,383.5868,385.2448,382.7899,383.1654,1284200
2021-08-31,381.9747,385.4006,379.4282,381.3060,4249100
2021-09-01,381.5534,384.6036,376.6985,382.2953,2034400
2021-09-02,383.9532,388.7531,383.1105,388.1211,3137400
2021-09-03,386.4906,388.3867,385.2814,387.3424,1604800
2021-09-07,384.9975,386.7929,382.5060,385.8586,1920300
2021-09-08,385.8127,387.3516,379.4098,380.4998,2262500
2021-09-09,380.4541,384.9242,379.1625,379.7304,3508500
2021-09-10,381.9917,382.3962,370.0694,371.2828,4215800
2021-09-13,375.0241,383.1408,373.6177,381.0358,3068200
2021-09-14,383.8577,383.8577,378.1401,379.2156,2879800
2021-09-15,379.1973,387.3784,376.4212,383.7934,3180600
2021-09-16,385.7697,389.1984,381.4402,383.1683,2262700
2021-09-17,381.4495,387.0751,381.4495,386.2202,4534200
2021-09-20,383.2420,385.4297,375.7043,379.3629,2799800
2021-09-21,381.4862,384.9517,378.9124,379.0319,2382200
2021-09-22,372.2297,378.7194,372.2297,375.6859,3629400
2021-09-23,376.6970,381.3391,374.5920,375.0700,2681600
2021-09-24,374.0681,374.9414,372.4962,374.1968,1950400
2021-09-27,374.8862,378.8572,372.2480,372.5330,2608600
2021-09-28,370.0787,371.3656,364.9494,366.4202,3115400
2021-09-29,364.9310,369.3892,363.8279,368.0656,2056300
2021-09-30,369.0584,370.8968,358.9193,359.1767,3779900
2021-10-01,359.9673,361.8884,352.1722,360.7302,3146600
2021-10-04,359.9856,363.2305,353.6798,355.7480,3074800
2021-10-05,357.8898,364.0210,357.7978,361.6494,3269400
2021-10-06,359.1858,362.8903,354.6724,362.4031,2809200
2021-10-07,364.7104,375.1988,364.6645,372.0091,2813700
2021-10-08,373.5809,376.0720,370.1155,375.4653,2012200
2021-10-11,375.0425,378.0024,371.5586,372.2756,2164200
2021-10-12,372.3859,375.3918,369.8121,370.6670,2415700
2021-10-13,370.7588,372.5697,365.9513,370.9518,3021800
2021-10-14,391.2759,398.4826,384.0508,386.4040,6038800
2021-10-15,387.9575,395.7157,387.4519,393.4912,3312000
2021-10-18,393.4269,393.4269,389.6030,390.3199,2232800
2021-10-19,392.3513,393.2613,389.1984,390.0992,1616800
2021-10-20,392.5077,400.3486,392.3606,399.9442,2764000
2021-10-21,400.3211,406.7557,399.9350,406.5534,2465100
2021-10-22,405.2296,412.9971,404.8803,412.8776,2736200
2021-10-25,413.6497,416.0764,410.3773,413.1809,3553500
2021-10-26,414.1001,420.7369,411.4344,417.9149,3103900
2021-10-27,417.9150,423.2464,416.8487,416.8487,3520400
2021-10-28,416.4075,420.9117,415.9663,418.6504,1672600
2021-10-29,417.7035,424.1197,416.4626,423.2740,2497800
2021-11-01,424.5150,428.1367,414.7344,417.4277,2203100
2021-11-02,419.4041,419.5695,413.9991,415.5250,2600000
2021-11-03,414.0358,420.5622,410.9288,420.3876,2438200
2021-11-04,420.6359,421.4723,415.6353,419.8637,2517300
2021-11-05,420.8472,424.2392,417.8598,418.9904,2905000
2021-11-08,419.9464,426.6935,417.6116,425.2503,2279900
2021-11-09,425.2503,426.9509,423.1086,426.8406,2657800
2021-11-10,427.7966,428.3573,419.7442,422.7501,2818200
2021-11-11,422.8420,423.6233,418.6503,420.4428,2246800
2021-11-12,423.4579,423.7612,420.1579,421.9136,2609500
2021-11-15,421.0035,421.1966,414.1094,414.3851,2849600
2021-11-16,416.3982,421.3253,413.0706,413.3004,3383800
2021-11-17,414.0083,417.2899,412.4823,412.6846,2281500
2021-11-18,412.4824,416.2328,410.9932,413.1626,2073800
2021-11-19,411.9309,413.1442,403.9980,404.4576,3536100
2021-11-22,407.0497,407.9046,402.0584,402.1962,2598700
2021-11-23,400.7898,411.3700,400.7806,411.0116,2857000
2021-11-24,410.5612,414.5506,409.6420,413.7968,2248800
2021-11-26,408.9801,411.9767,402.8121,404.3748,2480600
2021-11-29,407.7300,416.4809,404.9631,415.4882,4079700
2021-11-30,410.9472,414.8907,405.6066,408.3366,7435400
2021-12-01,416.3063,419.0915,408.2631,408.4469,4325500
2021-12-02,407.3531,411.7102,403.7406,409.9913,4738700
2021-12-03,412.9423,419.0936,410.5446,414.3718,3038300
2021-12-06,416.9816,425.8626,416.4006,424.3224,4721500
2021-12-07,426.7572,429.5239,424.4333,428.5833,3105200
2021-12-08,429.8373,433.6000,426.5173,432.3919,3228300
2021-12-09,432.0876,437.5748,431.0086,436.5051,2977400
2021-12-10,435.2877,441.2637,434.3747,441.0331,2572300
2021-12-13,439.9173,442.9053,437.1414,440.9502,2724800
2021-12-14,442.4350,445.4691,440.0649,442.1675,3018000
2021-12-15,443.2188,456.8677,442.7946,455.9270,4188600
2021-12-16,455.5857,458.3063,451.9890,454.5251,4080800
2021-12-17,453.1973,454.7742,448.5493,449.2317,5707200
2021-12-20,444.5100,447.2859,438.2942,446.1054,3145600
2021-12-21,449.1395,450.9655,444.6944,449.3147,2536000
2021-12-22,449.2594,456.9138,448.1066,455.6965,1687500
2021-12-23,456.4988,459.4038,454.4791,456.8492,1706500
2021-12-27,459.8925,461.3865,458.0112,460.6488,1349400
2021-12-28,462.9543,466.0161,461.4788,463.8212,1495500
2021-12-29,465.5181,467.7683,462.9543,466.2558,1573900
2021-12-30,468.4230,469.6219,464.4759,465.1953,1309800
2021-12-31,464.9278,467.4455,462.9911,463.0834,1695400
2022-01-03,461.1099,463.7843,454.7005,463.2126,3033600
2022-01-04,464.0610,464.5682,452.6993,452.7177,3908100
2022-01-05,456.2866,458.3432,451.6018,451.6018,3921100
2022-01-06,442.6655,446.4835,427.0984,433.1205,6555200
2022-01-07,431.3130,431.5712,420.1173,422.9301,5494200
2022-01-10,420.5322,429.6252,419.0935,428.8322,5831800
2022-01-11,430.8610,433.8583,424.8389,432.5210,3332800
2022-01-12,432.4934,438.3495,430.0679,436.8739,3502300
2022-01-13,438.8752,439.4839,429.7360,431.0732,3005300
2022-01-14,433.3419,436.3668,428.9060,432.2352,3665400
2022-01-18,428.9890,429.4870,422.6994,425.1341,3938800
2022-01-19,431.5989,438.5063,425.6137,426.5451,4030900
2022-01-20,428.2604,434.9465,426.0655,426.9877,3228600
2022-01-21,427.4489,434.1719,425.2079,425.3001,4273200
2022-01-24,422.4412,428.0391,413.2743,426.3145,4780700
2022-01-25,418.7523,423.7508,412.4812,421.3069,3428900
2022-01-26,422.7917,427.7993,418.1806,422.7732,4435900
2022-01-27,422.4504,432.2260,421.4637,425.6967,3508100
2022-01-28,425.5122,430.0126,419.6837,429.8097,3364400
2022-01-31,428.8322,436.3759,428.2788,435.8134,3500500
2022-02-01,438.0544,438.0544,426.7572,431.9769,3148600
2022-02-02,432.5764,444.4915,432.5764,442.4626,3026800
2022-02-03,459.8649,461.2759,445.9578,450.7534,4370900
2022-02-04,444.2793,451.5464,442.8407,445.5889,3066400
2022-02-07,447.1936,449.3609,443.8644,446.0778,2937200
2022-02-08,443.9105,457.1167,443.9105,455.0325,3534700
2022-02-09,458.3432,461.9675,457.6885,459.3577,2818100
2022-02-10,453.9534,455.7794,447.3411,448.8628,2626100
2022-02-11,446.9815,452.2842,439.3824,440.9409,2493800
2022-02-14,438.1558,440.5813,432.8254,437.5011,2549500
2022-02-15,438.9213,443.7445,438.2388,441.0331,3001000
2022-02-16,438.5155,444.2609,434.7344,442.7116,2651800
2022-02-17,440.9779,442.0107,432.4197,433.7569,2403100
2022-02-18,433.6739,437.9806,430.5199,431.4236,2992300
2022-02-22,427.7532,430.8519,422.2107,426.5359,3029800
2022-02-23,430.8518,431.3406,423.1513,423.8706,2840300
2022-02-24,414.5563,421.0764,411.0703,420.4308,3933000
2022-02-25,421.1317,438.7737,420.7443,438.7461,3314400
2022-02-28,429.6161,440.1847,429.3948,438.8568,3918300
2022-03-01,434.2641,439.8619,431.3499,439.2072,2917600
2022-03-02,440.9962,449.2778,440.7196,447.6270,3675900
2022-03-03,448.1987,453.1603,444.7127,448.7428,3139400
2022-03-04,443.3018,460.7963,440.3507,459.8649,4170100
2022-03-07,461.1098,461.1098,445.4505,449.0011,4123300
2022-03-08,441.5589,446.8063,434.8451,436.6342,3849500
2022-03-09,445.0448,449.7850,436.7540,447.8022,3115500
2022-03-10,442.0476,455.3091,440.6643,453.2157,2834800
2022-03-11,451.2178,456.7397,446.2971,446.6300,2615000
2022-03-14,453.5950,458.3955,448.8592,451.3011,2704100
2022-03-15,453.2249,462.4189,450.7368,460.5413,3043000
2022-03-16,462.3171,467.5616,453.2342,460.8650,3497100
2022-03-17,458.7746,469.0601,458.0162,468.9676,2357200
2022-03-18,470.5585,472.3529,463.9173,468.1351,5065600
2022-03-21,467.1084,474.4987,466.5072,469.5595,2617700
2022-03-22,471.0487,473.4351,466.9512,467.3951,2752500
2022-03-23,464.5740,469.0045,463.7046,465.4620,2753200
2022-03-24,467.0993,477.0702,466.0448,474.9243,2789200
2022-03-25,475.5995,477.7639,471.0210,474.5266,2551100
2022-03-28,475.7197,478.3280,470.6232,474.6837,2643000
2022-03-29,478.2910,480.5942,469.2265,472.3991,3478400
2022-03-30,476.4504,482.0834,474.0178,481.7319,3041200
2022-03-31,478.2910,482.7215,471.4187,471.6961,3979700
2022-04-01,472.3529,476.1452,468.5791,474.1196,2344100
2022-04-04,473.7680,474.0177,466.6644,471.7423,2657500
2022-04-05,471.7239,485.3484,469.8740,478.9015,3268600
2022-04-06,479.3270,493.4788,479.1235,491.8416,3955600
2022-04-07,490.2228,497.8814,488.7337,496.6512,2867000
2022-04-08,498.5475,507.7692,497.7151,504.9852,3986700
2022-04-11,502.8022,506.5112,496.3646,497.1045,3574000
2022-04-12,495.2268,500.1476,490.9444,493.6544,3575700
2022-04-13,493.2937,497.8815,488.9464,496.6975,3012000
2022-04-14,498.0849,511.7649,493.9874,494.6811,4211300
2022-04-18,497.5301,500.3974,490.5745,493.9968,2087100
2022-04-19,495.6708,501.7661,495.0695,497.3449,2207600
2022-04-20,501.4519,507.2050,498.5475,505.0314,2986300
2022-04-21,504.5596,506.8720,495.8004,497.1045,2539900
2022-04-22,492.1282,493.3214,481.1398,481.8428,3453300
2022-04-25,481.3433,486.7635,473.3240,484.9229,3030400
2022-04-26,484.8952,486.7636,474.9705,475.2202,2895300
2022-04-27,476.2653,481.8058,471.5574,475.2479,3353700
2022-04-28,477.9766,486.7821,474.6560,485.0616,2582700
2022-04-29,479.9097,480.8809,468.9120,470.3827,2873200
2022-05-02,472.4732,474.9705,456.3143,463.5381,3184300
2022-05-03,463.5196,467.5801,460.1436,462.1230,2763400
2022-05-04,462.0119,471.5112,456.0830,469.5225,4002600
2022-05-05,469.1433,472.3436,452.5127,457.5907,3359700
2022-05-06,448.6095,463.9266,448.6002,462.1230,3260300
2022-05-09,453.5949,457.5074,448.0729,449.9136,3862700
2022-05-10,456.7490,459.0983,445.0114,451.3843,4275500
2022-05-11,448.0360,462.9554,448.0360,449.6639,3936300
2022-05-12,449.6176,450.3483,436.0393,442.8654,3997600
2022-05-13,444.8819,450.4501,440.0999,448.9702,2453400
2022-05-16,448.9794,458.3676,447.8140,452.5034,2338800
2022-05-17,456.9247,457.5907,451.8005,455.5650,2289000
2022-05-18,451.6156,452.4942,433.2090,436.0024,3240500
2022-05-19,429.4723,445.4369,428.5566,442.6343,3813800
2022-05-20,445.2519,450.8848,436.8626,449.2754,3068200
2022-05-23,449.7933,458.5341,449.7933,455.1487,2279800
2022-05-24,453.9556,460.6984,451.9854,460.2175,2658100
2022-05-25,461.1055,464.6111,454.3904,460.7078,3161600
2022-05-26,464.0838,469.1895,461.9287,464.5370,2705800
2022-05-27,454.1498,469.0507,452.6607,469.0507,3349100
2022-05-31,465.8227,466.2759,458.4601,459.4961,4003100
2022-06-01,460.9205,463.7508,451.1715,455.5835,1765900
2022-06-02,456.9247,458.9133,446.7225,455.3153,2093500
2022-06-03,451.6802,454.7696,448.5076,449.1643,1756900
2022-06-06,452.6977,456.5825,449.7934,453.3914,1781500
2022-06-07,452.7625,460.2638,450.5611,459.7921,2341900
2022-06-08,456.9247,460.5320,451.8837,456.4900,3268100
2022-06-09,455.8887,459.2001,451.0142,452.6977,3148800
2022-06-10,448.4152,453.3729,444.8356,448.2579,2599900
2022-06-13,439.4709,445.2148,432.1915,434.4484,3764600
2022-06-14,432.4135,433.9674,423.0900,427.0951,3814200
2022-06-15,429.3613,433.8195,422.2392,429.4815,2550700
2022-06-16,420.8673,424.9609,418.3425,423.3643,3135600
2022-06-17,418.4075,428.3490,417.4329,419.6235,5277400
2022-06-21,424.9609,450.3113,424.3018,445.8557,5726800
2022-06-22,441.5859,460.3365,440.4905,454.5442,5061000
2022-06-23,459.4360,467.4468,456.6605,463.9473,4687700
2022-06-24,463.6039,463.9009,451.6481,460.0766,15861100
2022-06-27,457.4681,475.1605,457.2360,469.3775,3907100
2022-06-28,475.3369,481.3983,468.8391,471.9581,4978200
2022-06-29,472.3387,481.4819,469.7025,478.7065,3823400
2022-06-30,476.7015,479.2727,473.1463,476.7757,3568900
2022-07-01,475.5597,480.3959,466.2680,480.2752,2426600
2022-07-05,471.2155,474.3344,456.9298,468.9877,3029600
2022-07-06,469.3590,480.2844,468.1151,478.3165,2506700
2022-07-07,478.2794,480.1823,475.4761,477.4719,2385400
2022-07-08,475.5504,490.4581,474.3437,481.4170,3092100
2022-07-11,477.9174,484.0531,475.0862,479.8575,1743600
2022-07-12,476.4229,481.8903,473.9816,477.5090,2706500
2022-07-13,471.6146,475.1326,465.2283,465.2747,3467700
2022-07-14,459.4825,469.5911,456.9576,466.3793,3765500
2022-07-15,488.3138,493.8183,478.4651,491.7390,5742500
2022-07-18,492.8992,493.9760,481.5282,482.1037,3212000
2022-07-19,483.7004,495.5356,483.2363,495.1735,2953500
2022-07-20,495.1736,495.7305,478.7250,482.1966,4327500
2022-07-21,482.1224,484.9814,474.4644,484.9721,2667600
2022-07-22,488.2581,489.7433,481.2035,483.9975,1850300
2022-07-25,488.3417,494.6537,486.6058,491.4791,2337200
2022-07-26,495.4984,499.0629,492.9272,493.4470,2637800
2022-07-27,495.2570,499.2670,490.1517,496.2502,2268100
2022-07-28,498.9236,505.2821,493.5862,502.6366,2344500
2022-07-29,501.2629,504.8274,498.1811,503.4258,2945700
2022-08-01,503.3607,504.6417,492.8994,496.9651,2335000
2022-08-02,498.9793,501.7456,493.5676,497.0393,2114200
2022-08-03,498.7103,504.6139,497.2529,501.8571,1802900
2022-08-04,500.5945,501.6527,494.5331,495.4521,2368000
2022-08-05,491.9711,497.0765,489.7062,496.6680,2373400
2022-08-08,501.1700,502.4603,495.1457,498.0975,1656400
2022-08-09,501.2537,506.5818,497.8934,498.7103,2147200
2022-08-10,501.4950,503.0915,495.5078,499.1372,2291400
2022-08-11,499.6198,499.9819,491.6647,494.6259,3006200
2022-08-12,497.1785,505.3378,496.1018,504.6880,1981000
2022-08-15,502.8038,507.9463,499.9170,505.5607,1447300
2022-08-16,506.0899,508.1598,503.4722,506.9345,1773000
2022-08-17,506.1177,508.4847,502.7110,505.8949,1471700
2022-08-18,505.9041,508.8002,502.9430,506.0990,1486400
2022-08-19,506.3589,513.4415,505.7277,508.9766,2258000
2022-08-22,502.5438,510.0904,502.5066,505.4956,1672900
2022-08-23,504.3075,504.3075,494.9509,497.3550,2039600
2022-08-24,498.1717,501.1236,496.6309,497.9676,1761200
2022-08-25,496.6216,503.1286,493.1314,502.7109,1965800
2022-08-26,503.3513,504.2146,490.3187,491.2748,1906700
2022-08-29,488.2581,494.6630,485.3527,491.7576,1594000
2022-08-30,492.3516,492.9829,484.3501,485.3248,2013400
2022-08-31,483.4498,489.2792,481.9089,482.0667,2891300
2022-09-01,482.0668,486.6430,478.1310,486.4017,2085300
2022-09-02,491.6183,491.7761,476.9427,479.3005,1944200
2022-09-06,482.6237,489.6041,479.8296,480.5351,2711900
2022-09-07,479.9039,485.9376,477.7504,484.2481,2504400
2022-09-08,483.5704,490.5694,481.5839,489.6597,1557500
2022-09-09,491.4942,491.4942,486.6056,488.2444,2495500
2022-09-12,488.8590,498.1892,486.5311,494.6787,2792000
2022-09-13,487.9278,489.1011,476.7260,478.5790,3172500
2022-09-14,478.6162,479.9012,471.2600,474.6774,2648100
2022-09-15,480.7579,491.6339,478.7467,486.9129,3058100
2022-09-16,482.8251,486.8290,481.4842,485.1530,3981700
2022-09-19,482.8902,487.9277,477.6570,487.5087,2130800
2022-09-20,488.1513,488.5517,479.3704,486.8104,2421700
2022-09-21,488.8869,491.6618,476.7725,476.8284,2427700
2022-09-22,475.8507,485.1064,471.2693,481.8380,2285600
2022-09-23,478.2066,479.2308,471.5208,478.2531,2536900
2022-09-26,472.4612,477.2846,464.6488,473.3644,2867400
2022-09-27,475.2360,481.2141,468.9135,473.3737,2583400
2022-09-28,471.6139,480.7300,466.3249,478.5604,3027300
2022-09-29,479.3333,479.3333,467.8800,473.8022,2392000
2022-09-30,475.9159,480.9907,470.0869,470.2731,3116000
2022-10-03,472.1726,482.1639,470.6082,480.0223,2562400
2022-10-04,482.6668,488.4773,481.2514,487.1550,3189800
2022-10-05,485.1344,492.9095,484.3242,490.7865,2281800
2022-10-06,491.9598,492.1926,481.1676,483.3931,2187300
2022-10-07,478.7745,478.7745,466.5670,470.0961,3273700
2022-10-10,470.7945,471.4556,460.9428,464.5185,2459100
2022-10-11,462.7586,471.9398,461.0918,465.4031,2844500
2022-10-12,467.5634,473.2621,463.9132,465.5428,2254300
2022-10-13,459.4809,478.1227,454.1640,474.8078,3999700
2022-10-14,484.2032,493.4310,476.6887,477.8062,5628900
2022-10-17,482.0987,488.2164,479.8081,485.9537,3282300
2022-10-18,495.3771,495.3771,482.6481,486.2610,2345500
2022-10-19,485.8234,487.7603,479.1749,484.5012,2500500
2022-10-20,487.0432,492.9747,483.9984,485.0226,2390800
2022-10-21,482.3967,499.5953,482.3502,496.9880,2896000
2022-10-24,501.0291,508.8601,500.7777,504.3161,2627100
2022-10-25,500.7684,506.4764,497.1462,503.0311,2411900
2022-10-26,504.1114,509.9405,503.0220,505.7782,2863500
2022-10-27,508.8976,508.8976,502.6030,504.5025,2212100
2022-10-28,507.4542,514.9315,506.2624,513.2926,2761900
2022-10-31,516.7938,519.6803,512.2590,516.9335,2770400
2022-11-01,516.7939,517.4364,506.7559,509.6332,3338900
2022-11-02,506.9328,516.4027,505.6851,506.0203,2696200
2022-11-03,504.4467,510.1547,501.0852,506.1879,2245300
2022-11-04,509.3910,510.0521,490.8516,501.1223,3513100
2022-11-07,501.1223,509.2979,498.6082,507.5008,2540300
2022-11-08,509.3911,516.6076,504.6888,514.9781,2797000
2022-11-09,515.6578,516.4306,502.3049,503.4409,2672600
2022-11-10,511.1417,513.7210,497.1929,506.7094,3426400
2022-11-11,508.6741,508.6741,474.5656,486.1400,7034300
2022-11-14,486.0655,492.5650,478.0668,478.3834,5238400
2022-11-15,477.5082,481.0745,466.2970,468.3828,5103800
2022-11-16,471.0646,478.7373,470.6735,476.3070,3430800
2022-11-17,476.9028,490.7026,476.9028,479.8360,4246300
2022-11-18,486.1772,496.3083,483.7004,493.5148,3566000
2022-11-21,492.5929,495.3305,479.9012,481.5866,3349600
2022-11-22,484.1474,488.5424,484.1194,487.0806,2567400
2022-11-23,488.8590,493.9245,486.9966,493.2448,2238300
2022-11-25,497.2395,503.6179,495.8614,500.6103,1419200
2022-11-28,498.9435,502.4353,495.0885,495.6286,2699900
2022-11-29,495.0698,496.2803,487.6020,491.6525,3751000
2022-11-30,493.2540,510.3501,491.1682,510.0521,9688900
2022-12-01,514.3355,514.9314,498.9155,499.9490,2997800
2022-12-02,497.6795,503.0782,497.3152,500.7898,2346200
2022-12-05,496.4278,504.7313,495.8581,499.7436,2424800
2022-12-06,499.1645,504.9275,498.9964,503.7413,3097700
2022-12-07,505.1610,509.8965,504.0308,507.0944,2849100
2022-12-08,508.9159,514.9218,507.9072,511.7741,2272300
2022-12-09,511.7833,512.3063,503.3210,503.6292,2852400
2022-12-12,506.1043,510.0553,503.7039,509.8498,2714100
2022-12-13,514.2397,514.6413,499.7995,502.7137,3369700
2022-12-14,506.1791,507.6268,496.5026,502.8446,2654600
2022-12-15,498.7629,498.8376,490.8049,492.8691,2963800
2022-12-16,490.5061,491.1225,481.6981,489.1517,7109100
2022-12-19,489.9923,492.4302,486.5644,489.0583,1808100
2022-12-20,492.2246,492.2246,485.4156,485.8919,2086100
2022-12-21,489.0863,493.0560,483.9211,492.7384,2182000
2022-12-22,491.7483,494.1114,487.2182,492.3181,1851600
2022-12-23,489.5253,496.2597,488.4045,496.2597,1292300
2022-12-27,498.7069,500.4909,494.8960,496.8948,1596700
2022-12-28,499.7716,502.6485,492.9158,493.5883,1694200
2022-12-29,497.4086,498.4734,493.9713,494.9241,1379700
2022-12-30,495.0360,495.5031,490.2165,495.2042,1849600
2023-01-03,490.4873,490.9543,478.3729,484.4255,3525600
2023-01-04,484.4256,484.4256,467.5757,471.2184,5070400
2023-01-05,467.9585,468.9673,456.2738,457.6375,5497100
2023-01-06,459.1600,460.3556,455.3772,457.6749,4841300
2023-01-09,459.9259,467.0058,456.3112,457.7309,3702800
2023-01-10,456.6007,458.1139,450.8378,453.9388,3164000
2023-01-11,453.2756,462.9055,453.0048,460.8506,4274200
2023-01-12,457.6750,465.8290,453.2103,462.9709,3726800
2023-01-13,454.0415,475.8885,453.9388,457.2733,5390100
2023-01-17,458.7957,460.4209,451.8652,453.0794,4495600
2023-01-18,455.8535,457.2079,443.4309,444.8226,4398200
2023-01-19,446.3451,454.3031,445.8968,452.4070,4549600
2023-01-20,453.4998,454.8634,447.4006,454.6113,3525900
2023-01-23,454.5739,457.7683,449.6329,453.7613,3418700
2023-01-24,467.2581,467.2581,448.3346,459.1694,3036300
2023-01-25,457.0024,462.6813,453.6866,460.0100,3037300
2023-01-26,460.0099,463.6993,458.2166,459.9912,3005000
2023-01-27,460.8226,460.8226,452.5097,453.9854,3177100
2023-01-30,455.6294,462.5786,452.8180,453.7427,3606900
2023-01-31,465.1471,472.1523,460.5984,466.2586,5567000
2023-02-01,466.9685,471.1063,462.9709,464.2131,3451200
2023-02-02,461.6539,462.3451,433.2874,439.7695,11169900
2023-02-03,443.8792,447.1950,438.7607,440.8810,5440100
2023-02-06,440.8623,447.3725,439.9377,443.8886,4174200
2023-02-07,439.9657,446.5413,438.0883,445.4204,3394600
2023-02-08,444.1034,453.0421,443.7671,451.3421,3466400
2023-02-09,453.5932,457.3947,450.5762,453.6866,3664600
2023-02-10,456.8623,462.9615,456.5074,461.6446,3418100
2023-02-13,461.4110,466.8938,459.3188,462.6720,2589000
2023-02-14,461.6819,465.1005,456.8249,460.3182,2072600
2023-02-15,457.3480,459.3841,456.1711,458.8424,2242500
2023-02-16,458.7490,461.4110,455.1250,455.1997,2611500
2023-02-17,455.2277,466.5108,455.1997,466.1559,3891500
2023-02-21,463.9329,468.3229,458.1419,458.8985,2877300
2023-02-22,460.2995,461.3083,456.4327,456.6382,2982800
2023-02-23,454.5552,460.7852,453.8173,459.2534,2511800
2023-02-24,457.2826,460.0193,451.1460,452.3789,2940400
2023-02-27,456.5261,458.5529,450.1653,451.4356,3006200
2023-02-28,450.8285,451.4729,442.6557,444.5424,3902100
2023-03-01,442.3662,446.8495,440.8624,443.8700,2996900
2023-03-02,443.8606,448.7362,442.0299,446.1863,2188800
2023-03-03,446.4105,447.4940,442.9359,446.9896,2863300
2023-03-06,449.6142,452.3976,447.4005,449.0631,3812700
2023-03-07,451.1180,451.9026,441.3854,442.6183,2589200
2023-03-08,440.6288,444.0287,435.9680,439.5547,3036600
2023-03-09,442.6837,442.6837,433.1566,434.2401,2780400
2023-03-10,433.7807,439.4892,428.9252,431.4936,3787500
2023-03-13,429.9189,440.9047,429.9189,434.6338,2971600
2023-03-14,435.5430,440.4079,430.2938,435.4774,3258200
2023-03-15,432.1123,439.5081,430.4720,436.2742,3770200
2023-03-16,435.5992,443.7355,434.0901,442.4513,2940500
2023-03-17,441.8608,442.4419,437.0896,440.0891,5290000
2023-03-20,440.5579,449.7628,440.5579,447.0819,3119400
2023-03-21,448.4223,451.2906,445.9195,450.0251,3163300
2023-03-22,451.7593,455.3118,445.0759,445.7320,2632200
2023-03-23,447.5037,450.5595,437.4365,440.4735,3284900
2023-03-24,439.6018,447.0069,438.2988,446.1726,2533200
2023-03-27,455.1338,455.8274,448.6098,451.7124,2271800
2023-03-28,451.8061,453.4840,441.2046,442.9762,2369500
2023-03-29,445.3478,446.0696,435.8243,437.3615,3733200
2023-03-30,437.3427,440.9422,432.1966,440.6141,3324600
2023-03-31,441.9826,446.1820,440.6516,442.9856,3996700
2023-04-03,454.8058,465.0511,453.2029,463.2326,4729100
2023-04-04,462.1452,465.0229,461.0297,462.3514,2624700
2023-04-05,466.2321,479.6831,465.0229,477.3304,4964800
2023-04-06,478.9895,482.0265,475.3807,480.6861,3472600
2023-04-10,478.8114,483.1045,476.2618,482.9077,2714500
2023-04-11,483.8076,489.5067,482.9452,488.3350,3065300
2023-04-12,492.0938,493.7060,487.4632,488.5412,3422400
2023-04-13,491.0907,497.2211,487.8943,493.2654,4224400
2023-04-14,489.3005,494.2122,476.6461,479.7300,4872000
2023-04-17,476.8523,477.6678,471.2563,473.6935,3660900
2023-04-18,472.1187,475.2307,466.9351,472.8779,3232000
2023-04-19,469.2878,470.5252,453.3340,455.7430,5809100
2023-04-20,455.0588,458.9770,452.9873,456.9242,3283000
2023-04-21,459.3425,459.9893,451.9374,453.5121,3165300
2023-04-24,453.1278,459.5112,452.4154,458.3114,2322400
2023-04-25,461.8171,467.2726,459.8487,461.1048,2937300
2023-04-26,455.4338,457.1491,448.3942,452.6967,2930000
2023-04-27,451.9936,460.2236,451.9936,459.7455,2473200
2023-04-28,458.0771,463.0169,457.5428,461.2641,2398900
2023-05-01,463.6075,468.1068,461.0016,464.6480,2105600
2023-05-02,464.2261,465.5947,458.6207,462.4827,2152300
2023-05-03,463.4294,464.4136,457.4584,458.7801,1749700
2023-05-04,456.5398,459.0145,451.7593,456.7554,2555700
2023-05-05,463.1107,469.4753,461.2078,463.3169,2329400
2023-05-08,461.2172,463.3825,457.7302,461.7609,1738500
2023-05-09,461.9671,468.1161,459.5862,459.6612,2038600
2023-05-10,458.7426,462.5576,457.0929,459.3706,2018700
2023-05-11,457.4304,459.4176,455.2369,458.1428,2384200
2023-05-12,458.1427,462.0233,457.1960,460.4580,1536500
2023-05-15,460.6173,460.9829,453.3997,456.3617,2169700
2023-05-16,457.0741,458.5645,449.0034,449.6689,2178900
2023-05-17,449.9314,454.9931,447.6255,454.4401,2682000
2023-05-18,451.8530,452.3217,444.2042,449.2097,3040100
2023-05-19,449.5377,454.4307,447.8786,448.8253,2317900
2023-05-22,450.3439,451.9936,447.9723,450.5126,2242800
2023-05-23,446.3507,453.1091,442.9387,449.4065,2874200
2023-05-24,450.5032,453.0059,448.8909,450.7094,1904700
2023-05-25,447.7099,451.5905,444.5884,447.7755,2684100
2023-05-26,448.1130,457.7959,448.0568,451.3563,3135200
2023-05-30,446.8194,455.4337,446.2102,449.7909,3180800
2023-05-31,448.1692,456.8678,447.2224,456.7179,4944100
2023-06-01,457.2334,467.5350,455.6587,462.7076,3376600
2023-06-02,461.1797,469.6346,459.6424,468.2849,3064500
2023-06-05,469.3347,471.3969,466.2602,466.9820,2688800
2023-06-06,468.5848,468.5848,453.3715,457.0272,3816600
2023-06-07,459.2581,459.7174,451.4312,451.9280,4381700
2023-06-08,454.0464,461.0110,452.2092,459.5206,2725900
2023-06-09,459.2957,467.0101,456.7086,462.6983,3174100
2023-06-12,461.4609,463.4763,458.1052,461.7328,2207700
2023-06-13,460.1205,463.6731,458.0490,460.5330,3016600
2023-06-14,426.1601,431.7749,417.7614,431.0531,14672400
2023-06-15,434.8273,444.2488,433.8108,438.4980,6798100
2023-06-16,438.7333,440.9733,431.0060,431.5331,7699100
2023-06-20,429.8955,442.8276,429.8955,441.7923,4597700
2023-06-21,441.3781,451.1854,439.7216,448.7195,4886500
2023-06-22,450.0654,454.7714,449.8960,450.8842,3179000
2023-06-23,450.2066,453.9243,448.5312,448.9548,4862600
2023-06-26,450.0278,453.0114,445.1900,450.8937,2968300
2023-06-27,450.0184,454.7714,449.6795,454.1879,3693200
2023-06-28,453.6231,453.7737,446.1123,446.5547,3670100
2023-06-29,447.1477,451.5055,445.2653,448.4278,2979300
2023-06-30,449.8960,453.7549,447.1853,452.3808,3970400
2023-07-03,449.9901,451.9760,448.2959,449.7831,1915700
2023-07-05,448.0418,449.2277,442.9216,443.5146,5053100
2023-07-06,441.7546,444.6252,439.2133,441.7640,3913600
2023-07-07,437.6603,441.0580,433.7260,434.4413,4131600
2023-07-10,432.9543,435.8721,432.1637,435.8250,4339200
2023-07-11,435.1850,439.0627,434.0273,435.6744,3086800
2023-07-12,435.7779,437.4909,424.7187,425.1423,7287600
2023-07-13,425.4247,428.1542,420.8881,421.4246,7276800
2023-07-14,435.3543,456.4844,433.0578,451.9384,11379300
2023-07-17,452.8231,456.1079,450.1783,455.6185,4582000
2023-07-18,460.5598,474.7626,458.8374,470.6025,8816400
2023-07-19,477.6992,484.4005,472.9367,474.0850,4956500
2023-07-20,476.8709,478.7721,471.1013,474.5932,2963100
2023-07-21,475.3556,480.4004,474.8567,476.7486,2887300
2023-07-24,475.6191,479.8075,474.9038,478.7721,2279000
2023-07-25,480.0145,482.3675,477.4544,480.8898,2730600
2023-07-26,481.4640,485.5300,476.8427,478.1321,3697200
2023-07-27,478.6687,480.4852,473.5485,475.5251,3028300
2023-07-28,475.5061,477.6427,468.0424,473.3414,2930000
2023-07-31,473.4261,478.0192,469.7178,476.5980,2441600
2023-08-01,477.6616,480.0522,472.9461,475.0638,2161200
2023-08-02,479.7228,480.4569,473.4167,475.1203,3220500
2023-08-03,473.3226,476.2497,471.5814,475.1768,2442900
2023-08-04,480.0146,480.8617,472.2496,473.1720,2411200
2023-08-07,476.0050,483.4029,474.9791,480.7111,2430900
2023-08-08,473.4261,478.2922,470.6213,476.1180,2422600
2023-08-09,474.3673,475.9956,471.4308,472.5884,1916900
2023-08-10,474.8097,481.9346,473.2191,473.8779,2179700
2023-08-11,475.9015,480.6452,474.6026,478.1416,2029600
2023-08-14,479.2145,483.3087,478.3674,480.8898,2127200
2023-08-15,481.5016,483.4500,476.5039,476.8992,1817500
2023-08-16,478.1321,480.4852,473.2661,473.9532,1454100
2023-08-17,466.3483,471.7602,462.9035,464.9177,3009500
2023-08-18,465.6895,471.4873,464.4847,469.1343,2364400
2023-08-21,468.2589,470.8378,467.0447,468.4189,1533500
2023-08-22,466.2918,467.5813,462.4423,463.3929,2079400
2023-08-23,464.0141,464.9553,459.2422,460.6634,2011400
2023-08-24,462.5364,466.2918,458.5645,459.4022,2311100
2023-08-25,461.1152,462.2729,456.1550,460.3622,1923500
2023-08-28,461.6516,464.0705,460.3716,462.3952,1344500
2023-08-29,462.5740,463.9576,459.2798,463.8541,2113700
2023-08-30,464.9458,467.5059,461.4634,462.6305,2283400
2023-08-31,463.4116,464.7858,448.2865,448.5594,4927700
2023-09-01,450.8372,452.3902,445.5288,448.2395,3165900
2023-09-05,449.8960,456.1079,449.4630,452.5408,3443300
2023-09-06,453.7455,454.7526,448.3712,448.8983,2596100
2023-09-07,451.6843,458.4703,450.4607,456.3056,2928000
2023-09-08,453.7166,456.3434,452.3560,454.2646,1858400
2023-09-11,455.4080,457.1654,451.6474,452.9513,2059200
2023-09-12,451.0616,456.9765,446.0915,453.4426,2195200
2023-09-13,454.8883,457.3544,453.0269,453.3860,2197800
2023-09-14,456.0221,458.5166,452.3844,456.9387,2334300
2023-09-15,458.9607,462.8158,457.4490,459.8678,5334300
2023-09-18,461.4834,461.7952,456.9386,459.2630,1997500
2023-09-19,457.0898,458.9512,450.2679,454.1607,3230700
2023-09-20,456.1355,467.8141,452.7245,464.9984,3724800
2023-09-21,466.9448,477.2912,465.8960,473.5117,4703900
2023-09-22,471.4897,481.3446,470.5731,478.1982,4558500
2023-09-25,480.2392,482.7714,478.6991,482.1478,2758500
2023-09-26,480.8816,481.3352,476.5730,477.5840,2420200
2023-09-27,478.3210,478.4438,473.4266,475.9589,2593700
2023-09-28,478.0754,485.8044,477.1683,481.9777,2922000
2023-09-29,481.7414,481.7698,476.0250,476.3935,3006200
2023-10-02,477.6597,486.4565,475.4015,486.2013,3550400
2023-10-03,485.0013,485.6438,480.3336,481.3824,3143200
2023-10-04,481.4013,483.6029,478.6801,482.4690,2801700
2023-10-05,483.4139,489.6407,483.0455,487.7698,2790700
2023-10-06,487.9776,496.9538,487.5335,495.8767,3647200
2023-10-09,492.4185,497.8232,491.5681,497.4830,2341600
2023-10-10,497.4735,499.0231,494.2421,495.3381,2455700
2023-10-11,492.2012,496.6138,491.5492,495.2342,2819300
2023-10-12,495.5555,499.4389,493.4579,496.5665,2377300
2023-10-13,503.8514,514.4434,502.6703,509.6624,5245400
2023-10-16,513.2340,516.6355,506.5632,508.3679,3827600
2023-10-17,510.1727,512.5254,505.0987,507.0641,2586000
2023-10-18,513.1016,513.9898,505.8829,506.5065,2551400
2023-10-19,507.2246,508.6608,500.0719,502.3207,2351200
2023-10-20,501.7254,504.9663,497.7287,497.9743,2811100
2023-10-23,497.9744,498.6831,491.6059,492.8154,2357700
2023-10-24,494.0342,501.4136,493.2878,496.0562,1978200
2023-10-25,498.2011,503.0105,491.4075,500.9791,2380100
2023-10-26,496.7177,501.2246,493.7130,499.2310,2675800
2023-10-27,496.9916,498.6451,492.5224,495.7349,2585600
2023-10-30,496.0563,502.5003,494.1099,500.7712,2555400
2023-10-31,505.5051,507.0924,502.3114,506.0342,2464200
2023-11-01,500.7617,506.2892,497.7570,502.2924,2747400
2023-11-02,502.6704,507.2436,497.8988,506.5727,2350900
2023-11-03,505.0987,506.4309,499.6468,501.6310,2739500
2023-11-06,502.3208,506.4688,500.8279,504.0500,2684900
2023-11-07,505.8450,509.8986,502.2168,508.1789,2604800
2023-11-08,510.2293,511.5521,504.6924,507.1396,1769200
2023-11-09,507.9615,511.0890,505.0135,509.2843,1819600
2023-11-10,512.7615,512.7615,506.4687,511.3726,2480800
2023-11-13,511.3159,514.1505,508.2545,512.6576,1507900
2023-11-14,509.3128,512.7521,506.9317,510.6640,2454000
2023-11-15,510.2765,510.6639,502.3868,508.7269,2473700
2023-11-16,508.7270,514.8214,507.8388,510.0593,2360300
2023-11-17,510.4845,510.7207,499.2122,506.7238,2676900
2023-11-20,504.1917,506.7712,502.4815,505.5995,2518400
2023-11-21,508.1222,511.8072,504.7396,509.8419,2115700
2023-11-22,513.0355,514.3867,510.4749,513.7820,2234500
2023-11-24,514.8875,517.4009,512.8844,516.9379,1135000
2023-11-27,516.9379,520.5190,511.6750,513.6215,2675800
2023-11-28,515.5489,515.7285,510.2955,510.7301,2859300
2023-11-29,500.7806,511.9868,499.5051,505.4861,4550000
2023-11-30,506.2514,523.4008,504.5696,522.4843,7121200
2023-12-01,521.8490,525.9069,516.8621,518.7582,3462200
2023-12-04,519.8011,523.2237,514.8521,519.8201,2709200
2023-12-05,520.5976,523.8496,517.0422,521.6974,2645600
2023-12-06,519.1375,523.2333,518.7014,521.0053,2239700
2023-12-07,522.7308,522.8825,516.2553,519.8107,2511700
2023-12-08,521.6594,523.0911,516.2743,521.2328,2039900
2023-12-11,521.2233,521.4508,511.0787,515.4589,3655300
2023-12-12,517.4688,519.0711,514.4824,517.3929,2706100
2023-12-13,515.7622,520.9008,510.6330,520.5121,2876600
2023-12-14,516.0466,516.6344,501.9201,506.5088,5386800
2023-12-15,502.4889,505.8072,495.8144,503.5508,9030100
2023-12-18,501.6452,503.8827,497.9666,499.2181,3260300
2023-12-19,497.3598,500.2325,494.6957,496.8383,3645600
2023-12-20,496.6582,497.5874,489.0924,489.1493,3847800
2023-12-21,491.9462,493.7855,489.6897,492.8943,2491600
2023-12-22,492.8942,495.8618,491.1308,493.3019,1759500
2023-12-26,492.8943,494.4112,491.0834,493.0365,1390800
2023-12-27,492.7710,496.0040,492.4013,495.6532,1851800
2023-12-28,496.2979,500.4695,495.7954,497.6537,2001000
2023-12-29,498.6776,500.8203,496.7245,499.1421,2080100
2024-01-02,499.4931,511.6476,499.3319,511.3442,3415700
2024-01-03,514.8520,518.4073,511.4768,513.8945,2891400
2024-01-04,516.7103,520.5027,514.8142,517.1085,2994400
2024-01-05,518.6066,518.6066,506.0254,509.4860,2815400
2024-01-08,511.4011,512.2070,500.5929,508.6706,2648900
2024-01-09,510.0737,511.6001,504.6980,510.4245,2677000
2024-01-10,510.1684,513.1075,508.3196,509.7323,2180000
2024-01-11,508.3009,512.1217,506.7840,511.6666,2814100
2024-01-12,491.9272,501.0479,486.4947,494.4397,6327300
2024-01-16,496.5255,497.2745,489.7371,492.2022,3736700
2024-01-17,494.2217,503.1147,493.0081,497.6917,3791300
2024-01-18,479.0047,490.0121,471.6380,489.5380,7367000
2024-01-19,488.2675,490.6852,475.7717,477.4214,6143400
2024-01-22,477.7817,486.9118,470.7279,486.3619,5922900
2024-01-23,485.8974,491.1878,485.4992,488.7607,2672900
2024-01-24,491.0171,494.6482,486.3240,486.5894,2918800
2024-01-25,462.2804,469.7893,454.1363,467.7888,14671000
2024-01-26,467.6750,477.5447,464.4705,477.0801,6212200
2024-01-29,476.9947,480.2183,475.1365,478.3505,4554100
2024-01-30,478.3506,479.7822,473.3067,477.4688,4931200
2024-01-31,478.3222,488.2676,478.3222,485.1768,5358100
2024-02-01,482.4178,483.7357,476.8905,480.8156,4242600
2024-02-02,481.8680,486.2861,479.1565,483.7453,3804500
2024-02-05,483.4891,487.5091,474.0935,476.8525,3646300
2024-02-06,477.7817,484.4183,476.3690,484.1624,2745400
2024-02-07,487.3289,493.9561,486.0775,492.4297,4109100
2024-02-08,493.6053,495.0559,490.4292,493.0934,3343000
2024-02-09,492.0505,493.3778,489.4906,491.3204,2715400
2024-02-12,491.3204,492.0504,486.1912,490.7705,3194000
2024-02-13,494.9042,499.5783,487.5186,490.0215,3436000
2024-02-14,488.5141,491.6143,487.5944,490.1068,1918500
2024-02-15,490.4862,494.6672,489.0261,493.8424,2292100
2024-02-16,495.1887,496.6013,491.9557,494.4776,2135500
2024-02-20,496.9995,498.0993,492.4486,494.0130,2600200
2024-02-21,496.4875,496.5065,490.6757,494.8758,2095900
2024-02-22,496.9901,499.3982,491.6713,499.1707,3186800
2024-02-23,499.4077,502.9630,496.9521,499.8722,2502000
2024-02-26,500.8962,505.1531,497.0943,498.0519,2308900
2024-02-27,497.5210,498.3079,485.4707,486.7696,3780600
2024-02-28,469.7229,472.6715,459.2465,472.4155,9558600
2024-02-29,472.6240,475.7053,466.0822,467.9784,6833200
2024-03-01,464.0154,464.5842,452.4771,464.1197,7315000
2024-03-04,458.1562,461.7589,455.1792,456.8573,5239800
2024-03-05,457.3503,457.8338,446.1912,448.5899,5296200
2024-03-06,449.8130,454.8948,443.8874,448.0685,5577500
2024-03-07,449.3959,456.2126,449.0166,453.9277,5102000
2024-03-08,455.2888,460.9236,451.9003,453.6136,4673600
2024-03-11,454.0228,466.6917,453.0710,465.5876,4410100
2024-03-12,464.6168,468.5668,463.8743,465.7780,4153800
2024-03-13,469.7471,472.1076,461.9516,464.4930,3669000
2024-03-14,465.1783,466.0921,461.8184,465.4448,3378500
2024-03-15,463.9695,467.5579,463.9695,467.1772,5713500
2024-03-18,468.3955,468.3955,462.9510,463.5887,2970500
2024-03-19,466.0826,469.6710,464.2931,469.5568,2511700
2024-03-20,468.7477,470.7751,465.8636,470.4229,3548200
2024-03-21,468.5668,472.2980,467.6150,468.0052,3693400
2024-03-22,471.3462,471.9458,466.1777,466.4633,2847300
2024-03-25,466.9678,467.8054,460.7523,462.4752,2786100
2024-03-26,464.6167,469.5758,461.8564,468.5954,3113300
2024-03-27,469.9184,471.8506,467.6435,469.3473,2653100
2024-03-28,471.1558,471.9839,465.7303,470.8702,3820000
2024-04-01,470.6514,471.8983,465.1593,466.1111,2928700
2024-04-02,437.4610,441.3445,427.9427,436.0714,11867000
2024-04-03,439.7454,440.5545,433.6061,437.5943,4460400
2024-04-04,438.6222,439.4789,430.1510,433.4443,5182000
2024-04-05,428.9802,435.7001,428.3330,433.7870,5747400
2024-04-08,434.0059,435.1767,431.7406,434.0345,4532300
2024-04-09,432.3972,437.6133,430.6649,437.5752,3521200
2024-04-10,433.5490,436.6424,428.1140,428.3710,4493500
2024-04-11,428.6947,429.0563,420.2139,420.4423,5844100
2024-04-12,419.1287,420.9372,415.3595,418.0437,6045700
2024-04-15,420.7088,426.7529,420.6993,424.1639,5376800
2024-04-16,453.8040,456.6404,443.1720,446.3036,11816500
2024-04-17,455.5458,464.4930,451.7289,455.9170,8759800
2024-04-18,462.7131,477.8186,462.5608,469.4235,8880400
2024-04-19,473.0595,482.8633,471.6889,476.9906,6618600
2024-04-22,473.8019,475.3629,467.0058,467.5674,4697700
2024-04-23,467.3485,470.4991,461.6090,462.7607,3646700
2024-04-24,460.4762,465.3115,457.5541,463.8267,3724400
2024-04-25,465.4067,473.1832,464.0456,470.0707,4329700
2024-04-26,468.3003,473.2784,467.7292,471.4890,2727000
2024-04-29,471.8316,473.3926,464.2740,465.4734,2192100
2024-04-30,465.4068,466.1206,459.3436,460.4001,3367500
2024-05-01,456.1740,465.6257,454.0895,460.7903,2729200
2024-05-02,460.9522,469.9089,460.6285,469.2236,3561400
2024-05-03,467.2153,469.0523,462.3800,468.7287,2487600
2024-05-06,468.7572,471.0321,468.3003,470.5657,2029500
2024-05-07,472.1076,477.4855,471.1939,476.8287,3752100
2024-05-08,479.8841,482.5778,475.9911,478.9703,3078900
2024-05-09,477.9519,483.5010,477.9519,482.6063,2342900
2024-05-10,484.4815,488.8409,482.5778,488.1079,2784600
2024-05-13,487.3845,489.8783,482.8728,487.0894,2454500
2024-05-14,489.7927,491.3060,482.8633,489.1264,2949700
2024-05-15,490.0306,497.4169,490.0306,492.6196,2981200
2024-05-16,494.9516,502.7185,494.4852,496.1604,3655800
2024-05-17,497.7500,500.5198,494.9612,499.3586,2657200
2024-05-20,499.3585,499.3585,491.6582,492.3150,2476200
2024-05-21,493.3525,499.4442,491.0681,498.3306,2521900
2024-05-22,497.6357,500.9291,495.5702,496.2365,2299100
2024-05-23,493.3525,495.1705,490.4113,491.9343,3055400
2024-05-24,491.2489,492.2293,483.0727,483.6914,2527800
2024-05-28,482.2447,482.2447,477.7235,479.4177,2912800
2024-05-29,468.6239,470.1088,450.4725,461.3710,7521600
2024-05-30,459.0866,462.6179,454.9747,458.4489,5169700
2024-05-31,459.1723,474.4015,459.1723,471.5080,6694800
2024-06-03,470.3277,474.6585,469.3188,473.4783,2795100
2024-06-04,474.5443,483.7866,470.7655,481.1405,3178400
2024-06-05,484.1958,484.5765,474.7727,478.8846,2464400
2024-06-06,479.3891,480.3886,473.3260,477.7425,2419600
2024-06-07,477.8567,478.6372,466.7964,467.0534,3416300
2024-06-10,467.3485,471.5271,462.7702,471.1558,3332800
2024-06-11,467.2152,473.8019,466.6727,472.3170,4599700
2024-06-12,475.9149,475.9149,463.9409,469.3188,4048200
2024-06-13,466.6632,477.8186,461.0474,473.3450,4951700
2024-06-14,472.8977,473.8686,468.0434,473.1737,3188400
2024-06-17,469.6466,471.3576,467.1326,467.6393,2407200
2024-06-18,469.0539,469.9620,457.8989,459.8202,3692700
2024-06-20,458.8548,464.4753,457.0099,463.1371,5258100
2024-06-21,463.0606,466.7503,459.3805,461.2923,6368600
2024-06-24,467.2855,469.2260,463.1180,468.3561,5139800
2024-06-25,468.9870,468.9870,459.3901,463.1180,2916100
2024-06-26,463.1180,465.9282,460.2217,462.6783,3153100
2024-06-27,463.6437,467.4003,460.7761,464.9724,2991900
2024-06-28,474.4641,486.9190,467.8112,486.7852,22734200
2024-07-01,484.3860,486.4507,471.1377,472.8200,4523100
2024-07-02,472.4472,476.4714,471.6156,476.2516,3312000
2024-07-03,475.1810,476.0987,465.0488,468.2701,2239200
2024-07-05,467.4194,468.0598,463.1179,466.4731,3499000
2024-07-08,467.6010,472.0840,464.7143,467.7444,3450600
2024-07-09,466.7789,473.5369,464.6378,470.3921,3056800
2024-07-10,469.2737,479.3677,468.4899,478.8228,3189800
2024-07-11,475.7355,486.2787,475.7355,482.1015,3535100
2024-07-12,484.5485,491.8609,481.2125,488.9551,3570600
2024-07-15,501.1042,507.4033,491.1249,492.6256,5128000
2024-07-16,510.3378,525.6508,503.8666,524.6472,11062000
2024-07-17,529.5508,548.2953,526.9699,547.9799,10330800
2024-07-18,539.5873,555.8371,536.6432,539.4344,6834800
2024-07-19,542.0919,544.7492,536.7581,540.3809,4290400
2024-07-22,538.2013,539.3484,532.4948,533.8809,3377300
2024-07-23,534.1294,534.1772,528.4133,530.2199,2785600
2024-07-24,535.2860,536.3662,528.6141,535.0471,3156200
2024-07-25,537.1977,544.7395,533.9286,534.9800,3102900
2024-07-26,535.2861,553.5718,535.2861,544.5771,3201900
2024-07-29,540.7440,546.1351,536.9683,541.7381,2965000
2024-07-30,541.8815,553.8585,541.0116,550.8953,4139100
2024-07-31,540.4860,555.2637,537.5037,550.7328,4713200
2024-08-01,551.7269,561.5723,542.0726,547.4924,3680800
2024-08-02,556.6306,565.4341,549.8630,563.7996,5094000
2024-08-05,556.4298,560.9224,541.7477,544.8065,4587400
2024-08-06,543.1336,552.0327,537.7043,543.2674,3216500
2024-08-07,541.6044,546.4220,532.4472,541.0978,4320700
2024-08-08,539.4632,547.1866,539.4632,541.2507,2860800
2024-08-09,539.6255,540.9542,533.0205,534.1006,2976700
2024-08-12,537.5036,543.8888,536.2896,540.3425,2532400
2024-08-13,544.8351,550.3218,543.8888,548.8975,2369400
2024-08-14,549.8535,555.4740,547.9704,554.0880,2344400
2024-08-15,554.0879,557.5959,548.1997,554.0305,2751800
2024-08-16,555.2827,555.9805,548.7636,552.1857,2728900
2024-08-19,552.5681,557.5577,551.6026,553.2372,1847900
2024-08-20,554.2599,558.0452,550.1019,555.0247,1677500
2024-08-21,555.8467,557.6438,551.9468,552.5585,2844300
2024-08-22,553.6864,557.2232,545.4373,553.1798,2282000
2024-08-23,555.3592,559.3835,552.9218,558.7144,2376400
2024-08-26,562.0980,565.9598,559.8900,561.2186,1800000
2024-08-27,563.4554,566.1988,558.0166,561.4290,1581900
2024-08-28,563.0156,566.6766,558.1025,562.5663,1657000
2024-08-29,564.6120,566.4568,558.5804,565.4627,1953200
2024-08-30,563.9620,567.0781,560.7025,564.1531,2944700
2024-09-03,566.3709,574.1516,565.7018,572.2590,3175500
2024-09-04,573.5207,581.1102,571.4942,577.5162,2935000
2024-09-05,577.5258,579.2560,563.6466,569.2098,2144800
2024-09-06,569.5730,574.1038,566.1223,570.5384,2926400
2024-09-09,571.9149,573.0237,549.8822,567.8811,3411400
2024-09-10,568.9422,578.1089,565.0614,572.5936,2863500
2024-09-11,563.1400,565.3002,553.4187,563.7230,3563600
2024-09-12,562.5569,564.4495,557.4717,562.4517,3395800
2024-09-13,564.9944,571.3031,561.3143,568.0914,2241900
2024-09-16,570.7581,574.3936,563.8131,565.1368,2548600
2024-09-17,562.1344,562.8154,552.9063,554.4124,3416000
2024-09-18,553.3572,560.7051,548.9926,556.9928,2988300
2024-09-19,559.9377,561.0025,551.1701,553.5587,2945700
2024-09-20,548.4074,555.2565,546.4409,551.5729,5398700
2024-09-23,553.0023,555.8225,548.6952,550.0477,2386100
2024-09-24,547.5633,553.7889,542.9397,551.7552,3188500
2024-09-25,554.3261,557.4341,549.7313,552.8297,2658800
2024-09-26,551.5731,553.1079,547.6497,551.3908,2751900
2024-09-27,554.1438,562.8060,553.0983,558.1439,2986200
2024-09-30,559.7267,562.5277,555.1606,560.8586,3009700
2024-10-01,561.1655,564.7148,557.1079,559.5348,2648400
2024-10-02,579.6408,579.8902,560.4461,568.1777,3667000
2024-10-03,566.5469,569.0602,560.5612,568.5997,2645800
2024-10-04,568.0050,571.8420,564.4653,567.1129,2462600
2024-10-07,564.8011,568.3025,559.5636,559.7842,2591100
2024-10-08,564.1008,565.2040,555.9471,557.8848,2231400
2024-10-09,558.4412,568.6477,556.9544,567.1321,2207700
2024-10-10,570.9308,574.5472,568.6094,573.3481,2143200
2024-10-11,572.1874,577.0125,571.9092,573.6838,1909700
2024-10-14,574.7005,583.8327,573.0411,580.7343,2447100
2024-10-15,529.5293,546.4889,520.8767,533.6252,11939400
2024-10-16,534.3159,552.7048,532.5029,548.0621,5103900
2024-10-17,537.7405,546.2682,535.9562,542.9684,5588700
2024-10-18,543.7550,547.6880,540.1003,546.4026,3687000
2024-10-21,546.4312,555.6785,545.5295,548.1866,3018000
2024-10-22,544.7142,549.6927,542.4503,546.6423,2593800
2024-10-23,548.8199,550.7480,537.1841,541.6351,2911900
2024-10-24,541.9708,548.4074,537.4815,537.9611,2590200
2024-10-25,543.0930,548.2155,540.6469,541.5582,2513700
2024-10-28,543.1794,545.1747,539.8796,542.2106,1826500
2024-10-29,539.8892,544.5512,537.8172,539.2273,2600300
2024-10-30,538.3831,547.0740,538.0953,540.0234,2323600
2024-10-31,538.0282,545.2898,538.0282,541.5007,2490000
2024-11-01,542.0954,547.0932,540.9252,544.4360,2548300
2024-11-04,543.6494,545.4241,532.7906,535.0449,2656600
2024-11-05,535.5342,545.5680,531.8122,543.9277,2608100
2024-11-06,579.2955,580.8303,566.7771,572.3792,6591300
2024-11-07,574.2978,582.8832,571.8613,580.7824,5254300
2024-11-08,584.1877,594.5477,580.5426,590.7203,3875800
2024-11-11,591.7659,605.0323,588.9072,599.7756,3003200
2024-11-12,594.3366,599.0370,588.7730,589.6266,2809400
2024-11-13,588.0248,588.0344,578.4897,581.1852,3409400
2024-11-14,578.8925,581.3099,564.9929,568.9835,3079200
2024-11-15,567.8036,574.5280,565.9139,568.1010,3423900
2024-11-18,565.4246,569.9331,561.4724,565.6260,2577100
2024-11-19,558.9784,562.9306,553.2709,553.4915,3198300
2024-11-20,558.9688,578.0868,557.8560,576.0339,3928600
2024-11-21,575.5544,579.3914,572.4176,573.1466,2722900
2024-11-22,574.1731,576.7631,564.6860,566.7964,3197900
2024-11-25,573.2330,584.9935,570.7677,581.1469,5146200
2024-11-26,583.4587,583.6793,574.4800,582.0677,2693600
2024-11-27,586.1350,592.2934,581.9814,583.5930,2269800
2024-11-29,583.9959,590.6915,581.9047,585.3389,2010800
2024-12-02,588.9840,588.9840,576.2931,583.7273,3364900
2024-12-03,585.9622,590.6626,580.1780,580.5712,2329900
2024-12-04,586.1255,597.4543,582.2404,585.9048,4147600
2024-12-05,580.9646,584.1781,550.5082,555.3812,5943700
2024-12-06,558.3932,558.3932,521.9702,527.2269,13003600
2024-12-09,531.5409,542.1139,524.4537,539.8414,7684700
2024-12-10,541.1704,546.7072,536.3846,544.2421,5360600
2024-12-11,535.0653,537.4149,512.9274,513.7556,10363000
2024-12-12,511.8297,514.2081,495.1323,496.6441,9403800
2024-12-13,496.5286,507.9779,491.7909,501.1892,8202900
2024-12-16,498.8011,502.3640,477.6935,480.0238,8880000
2024-12-17,468.9501,477.2313,458.1845,467.5249,14132700
2024-12-18,470.3270,487.7658,467.9871,481.1986,10147600
2024-12-19,481.6031,484.9830,468.2183,471.1167,7418100
2024-12-20,471.1552,484.0104,470.6160,481.5934,10956900
2024-12-23,482.2001,489.9228,480.5535,487.5733,4286000
2024-12-24,485.7052,487.3422,482.0364,487.3422,1824400
2024-12-26,486.9088,493.2353,486.0230,492.2050,3387000
2024-12-27,490.5391,494.1598,488.9791,491.0880,3471800
2024-12-30,488.0740,490.8376,482.1038,488.9791,5408600
2024-12-31,490.4717,492.0605,484.6844,487.1110,4214000
2025-01-02,489.1717,493.1294,484.6363,485.8111,4234900
2025-01-03,487.5829,497.1545,486.6489,493.9865,3019500
2025-01-06,493.9864,501.0158,490.9243,494.6316,4444800
2025-01-07,499.6196,500.2455,492.2724,495.1901,3914500
2025-01-08,495.4309,505.2240,490.6259,505.0796,4141700
2025-01-10,507.1209,515.6044,499.2537,501.3914,5467500
2025-01-13,515.2095,527.1114,513.3799,521.0834,6472500
2025-01-14,519.6488,524.3671,516.6636,523.5872,3978300
2025-01-15,517.1931,526.0425,514.5258,523.2789,4103900
2025-01-16,510.6933,519.8317,491.0976,491.6657,9059900
2025-01-17,486.8800,502.4796,484.1645,490.8665,7495700
2025-01-21,494.9976,505.5417,493.8132,505.5321,5682100
2025-01-22,502.3254,505.0024,496.8752,500.4573,3756100
2025-01-23,508.3053,511.7815,500.0722,510.1349,4580800
2025-01-24,508.5363,514.8147,505.0698,512.7733,3671200
2025-01-27,519.9664,531.4542,519.9664,523.3752,4263000
2025-01-28,522.8842,526.2448,517.9058,522.3738,3162700
2025-01-29,521.6515,523.3367,514.2177,518.1561,2737600
2025-01-30,519.4753,526.8321,515.1710,525.3492,2924700
2025-01-31,523.1056,528.8062,521.3434,522.3834,4120500
2025-02-03,521.9116,533.3802,521.0161,527.8625,4083600
2025-02-04,524.9930,528.4692,521.4398,525.2338,2869900
2025-02-05,511.0593,520.6598,502.5662,519.8028,4621600
2025-02-06,517.9539,519.1190,505.8017,510.3948,3926800
2025-02-07,509.5860,512.6578,505.9172,507.4964,3349100
2025-02-10,508.1128,514.3623,503.9818,513.6016,3143100
2025-02-11,515.1710,527.2462,508.6905,514.1310,2631900
2025-02-12,519.8413,522.2486,506.0328,507.8528,3859200
2025-02-13,511.2230,514.5259,507.5638,511.4926,2835100
2025-02-14,509.3934,513.4377,503.5290,504.1068,3705300
2025-02-18,492.0028,496.8753,478.5795,482.1712,8759300
2025-02-19,482.7490,492.8887,479.6869,492.0991,4380300
2025-02-20,486.4659,489.5858,481.6994,483.7986,4144300
2025-02-21,423.2587,452.2913,422.2476,449.1328,19864900
2025-02-24,449.3832,450.6543,440.0620,444.4145,6919300
2025-02-25,443.6923,453.3120,433.3889,452.9461,9101000
2025-02-26,447.4284,455.5171,441.2175,446.4077,5108400
2025-02-27,448.8921,457.7800,447.7847,451.1935,4216800
2025-02-28,449.6914,458.7044,447.2648,457.3563,6146300
2025-03-03,456.7882,459.5807,447.9677,449.7395,5700200
2025-03-04,452.3395,461.4488,449.1714,457.0193,5864100
2025-03-05,453.6105,461.3236,453.5528,458.3386,3637100
2025-03-06,458.3578,470.0286,454.5060,469.6434,4964000
2025-03-07,465.8976,481.3912,465.4546,475.1899,5434100
2025-03-10,476.0602,481.4467,461.9703,464.3976,5108900
2025-03-11,466.6025,470.7318,461.4191,470.0258,4101000
2025-03-12,467.2214,471.5344,463.0437,465.2582,3680800
2025-03-13,463.6530,468.1111,459.3496,465.6548,2876600
2025-03-14,465.1519,473.3235,462.4828,472.5498,3915900
2025-03-17,471.4474,484.1158,469.9388,482.5782,5152300
2025-03-18,485.6921,489.2992,481.4177,487.2007,3617600
2025-03-19,488.3999,489.6667,483.5839,486.6205,3317600
2025-03-20,488.6029,497.4418,486.9203,494.4536,4965400
2025-03-21,494.8210,501.8998,488.4481,499.8206,10244900
2025-03-24,498.1090,501.1746,494.2795,499.4822,3840900
2025-03-25,501.2036,501.8999,494.6760,496.5134,3015100
2025-03-26,498.2250,505.7197,495.9524,501.1262,3253800
2025-03-27,499.2791,503.9113,496.0492,498.7279,2822200
2025-03-28,499.8401,503.8146,498.0800,499.0374,2379100
2025-03-31,502.0739,510.7194,501.5034,506.4934,5238700
2025-04-01,508.4178,510.7677,503.7856,505.8841,2962500
2025-04-02,505.7198,507.7022,499.7724,505.9615,2378900
2025-04-03,512.5278,530.4279,511.8508,522.6335,6457900
2025-04-04,522.8269,533.5611,507.5474,507.7505,9919000
2025-04-07,496.4844,511.7638,486.9976,507.4121,7356700
2025-04-08,562.9886,565.7350,529.4222,534.8571,11762300
2025-04-09,541.6845,569.9804,536.1916,559.4395,12691900
2025-04-10,561.1221,582.0491,560.8900,574.8156,8646000
2025-04-11,569.5161,586.3815,567.2049,579.7185,6121500
2025-04-14,575.3958,576.0050,560.2034,567.7174,4839300
2025-04-15,572.7268,573.3263,562.8339,564.3618,3871300
2025-04-16,566.0348,575.2121,563.7526,565.7640,4192100
2025-04-17,466.0706,473.6523,432.3688,439.1479,29120200
2025-04-21,434.9412,438.5580,410.8133,411.3161,13029900
2025-04-22,410.6489,417.2828,403.3766,413.1052,10156900
2025-04-23,412.9988,424.3907,409.7882,413.8595,8345700
2025-04-24,413.4823,415.7356,409.6915,410.2717,7629100
2025-04-25,409.6044,409.6044,398.4447,404.8466,9263800
2025-04-28,405.9200,410.1460,401.8584,406.1617,6614300
2025-04-29,407.3125,407.8541,395.6209,395.7466,9909100
2025-04-30,395.5532,399.6439,387.7878,397.8838,9192800
2025-05-01,397.7678,398.4157,386.6853,387.4783,9316800
2025-05-02,386.7820,388.7548,380.1577,386.7434,11392900
2025-05-05,385.9697,396.2011,384.4901,391.4722,8157200
2025-05-06,389.5284,391.3852,380.4575,381.5116,7858600
2025-05-07,382.3239,382.4883,372.9919,378.1753,8517200
2025-05-08,377.1503,378.0400,372.6728,372.8469,7218300
2025-05-09,372.9629,373.8139,366.0678,368.0986,8381100
2025-05-12,368.4467,374.4521,364.4238,366.2708,11004800
2025-05-13,324.6779,330.7317,298.9157,301.1206,59478300
2025-05-14,310.8588,312.2997,296.9913,297.8616,40029600
2025-05-15,265.8425,267.5348,240.6798,265.3106,121849200
2025-05-16,270.0879,284.7871,260.2724,282.2921,71094300
2025-05-19,294.7284,305.8688,287.4561,305.4820,62524700
2025-05-20,310.3462,313.9437,302.2810,310.9845,41487000
2025-05-21,291.0826,299.7473,290.1832,292.9973,45506900
2025-05-22,284.2069,295.5987,282.8626,286.8953,27159600
2025-05-23,286.3440,289.8254,282.0310,285.8315,16873600
2025-05-27,289.6320,290.0672,279.6037,285.2802,20144600
2025-05-28,284.3132,293.7710,283.6169,288.2878,16114200
2025-05-29,287.0209,293.3842,285.2803,288.3458,16221100
2025-05-30,288.1524,295.5697,286.0926,291.9626,16309300
2025-06-02,293.1327,303.2190,291.0535,294.6800,19074400
2025-06-03,293.1134,295.6471,290.1253,291.2954,12805700
2025-06-04,293.5389,297.5038,290.3090,290.4830,11255600
2025-06-05,290.4830,292.4558,284.4196,286.0926,13529000
2025-06-06,287.4368,294.3609,287.3594,293.2295,12589000
2025-06-09,294.9895,297.2717,291.2180,293.2004,12170300
2025-06-10,293.7903,295.0668,290.6861,293.7807,11384100
2025-06-11,292.7072,301.3140,292.2721,300.3276,14711400
2025-06-12,301.1399,308.2961,298.3452,308.0060,15957200
2025-06-13,305.4917,306.9616,301.6331,303.1998,13762400
2025-06-16,304.8360,305.0989,296.8401,299.6353,14240100
2025-06-17,299.4307,301.8655,297.5510,300.8137,11593900
2025-06-18,299.5281,303.6575,298.2425,299.1872,12205600
2025-06-20,301.4272,301.5148,293.7235,294.1326,16177900
2025-06-23,294.0255,294.5806,287.8119,292.8373,12274700
2025-06-24,293.5872,297.8432,291.5225,297.6484,8781400
2025-06-25,296.4408,296.4408,291.9802,294.1423,8722100
2025-06-26,294.6780,298.7100,293.4314,294.7267,6532700
2025-06-27,295.0481,302.3525,294.3177,301.0474,15304400
2025-06-30,300.9403,304.2321,298.3496,303.8328,10074100
2025-07-01,303.8328,318.0325,302.9660,317.6332,17865500
2025-07-02,312.3740,314.0102,298.4373,299.5378,18177200
2025-07-03,301.7583,304.1055,300.1904,300.5020,6161100
2025-07-07,299.9663,300.5604,293.3437,295.7882,9031200
2025-07-08,296.2947,300.2585,295.8759,299.6742,9613800
2025-07-09,295.2818,295.6811,290.9576,295.0091,12816700
2025-07-10,295.1552,296.9764,288.8637,291.6978,11355600
2025-07-11,292.1945,296.1876,290.2272,296.1681,9808200
2025-07-14,293.7722,296.1096,291.2011,292.7399,10681400
2025-07-15,291.8926,292.8373,283.4390,284.1012,16019000
2025-07-16,284.9193,288.2696,283.1663,284.8609,9714000
2025-07-17,284.7051,285.3576,276.4268,280.5562,14792700
2025-07-18,280.3809,280.5562,273.4856,275.2776,14979700
2025-07-21,277.2156,279.0271,273.8654,274.7809,10319200
2025-07-22,275.2581,279.6212,274.6445,277.6929,14600300
2025-07-23,280.0010,285.0070,277.5176,284.8804,13111100
2025-07-24,275.7158,281.6664,270.9631,271.3137,22585200
2025-07-25,273.6706,278.6765,272.6383,273.7290,16486600
2025-07-28,276.1054,277.5663,272.3948,274.7614,15779400
2025-07-29,258.7697,265.7916,253.7540,254.2604,41706000
2025-07-30,257.8931,259.6754,251.3874,259.1008,22371800
2025-07-31,254.5818,254.5818,241.2879,243.0506,29606900
2025-08-01,244.0733,244.9303,228.4809,231.5682,39989200
2025-08-04,232.0259,235.9313,230.7696,234.6944,17427900
2025-08-05,234.8698,245.4952,233.7887,244.4531,23795900
2025-08-06,244.1025,246.5568,238.9115,239.3693,12946400
2025-08-07,239.9926,242.2618,233.2531,238.2882,11369900
2025-08-08,238.4051,244.5310,237.9960,244.3460,10185700
2025-08-11,247.2482,251.6601,245.5634,245.7874,11779500
2025-08-12,247.3943,256.0232,247.0535,254.7474,12171800
2025-08-13,257.4938,265.0904,256.0330,264.7203,19480300
2025-08-14,265.0027,266.7071,260.0358,264.4086,25011100
2025-08-15,293.8404,302.2063,287.0230,296.0804,68198500
2025-08-18,305.0112,308.1473,299.4015,300.4436,39600500
2025-08-19,300.8429,302.4011,291.4056,296.3044,22348600
2025-08-20,298.4081,299.1872,287.9872,292.0192,16679000
2025-08-21,294.4053,298.5737,290.0324,295.4377,13359000
2025-08-22,298.1159,302.5764,296.6355,299.4015,14930000
2025-08-25,300.4436,300.8136,294.8338,296.9082,8917100
2025-08-26,296.3726,300.9013,286.5263,292.5938,16303200
2025-08-27,292.7010,297.9893,292.6620,295.9539,9982800
2025-08-28,296.3142,296.5285,291.5907,294.4053,11235000
2025-08-29,294.4150,301.9142,293.0613,301.7876,12065400
2025-09-02,300.2682,304.7288,299.2846,300.7455,10957100
2025-09-03,300.0734,301.5148,295.7785,299.8495,9654600
2025-09-04,298.1159,303.7744,296.1681,302.2843,7725700
2025-09-05,302.3427,309.6471,300.1611,307.1636,14126700
2025-09-08,311.3709,313.2603,305.6151,311.8969,18438600
2025-09-09,323.8273,342.5362,318.6266,338.8451,46408900
2025-09-10,336.5467,339.4782,332.4952,337.7348,17804300
2025-09-11,339.8969,351.5645,336.8194,344.3867,18943500
2025-09-12,346.6170,352.8598,343.2667,343.3154,14016200
2025-09-15,344.2563,344.6973,335.7003,340.9535,11035900
2025-09-16,340.5712,342.0805,331.5742,333.0051,12695800
2025-09-17,330.9568,336.1609,330.9568,334.7986,8467700
2025-09-18,336.6804,338.0525,327.4580,328.1441,11255600
2025-09-19,329.7905,334.1616,327.1836,329.9767,13656800
2025-09-22,327.7912,335.6513,325.9683,334.4948,8903700
2025-09-23,334.2008,345.6676,333.1816,340.7574,12504100
2025-09-24,343.2174,347.4317,340.9044,344.7953,9016300
2025-09-25,341.9433,343.2075,336.7489,338.6699,8104900
2025-09-26,340.9926,342.9920,334.4948,337.2194,6774700
2025-09-29,337.1214,338.6601,334.6419,338.2975,6878900
2025-09-30,336.8960,342.3549,335.5043,338.4150,7429700
2025-10-01,337.0430,341.7473,334.8183,341.3553,8825500
2025-10-02,340.3654,348.0001,337.7780,346.6672,8564200
2025-10-03,350.1268,360.6624,349.4995,353.0180,13494800
2025-10-06,353.8314,355.2917,349.9896,351.6165,7181700
2025-10-07,352.2437,357.4479,350.9206,356.4090,7236200
2025-10-08,359.6138,367.1602,358.5063,362.5442,9438300
2025-10-09,365.0923,368.7186,358.7807,360.3586,8759800
2025-10-10,362.0345,362.0345,345.4813,347.4316,13141900
2025-10-13,347.6668,351.9987,346.2752,351.5087,5659400
2025-10-14,347.8727,355.1055,346.3536,352.7534,5974800
2025-10-15,352.2241,356.9578,348.7547,353.9490,6579600
2025-10-16,354.6253,354.7821,347.3337,349.5584,5872100
2025-10-17,344.0014,351.2441,343.8348,349.4898,8608400
2025-10-20,351.3911,358.2809,350.3817,357.2127,5996500
2025-10-21,357.8595,363.6516,354.2920,358.0849,6885300
2025-10-22,356.7030,356.7422,350.8619,354.2823,7833000
2025-10-23,348.4901,355.0565,346.5888,353.2630,5756700
2025-10-24,354.1647,358.1339,352.8514,355.2721,5462100
2025-10-27,356.2522,358.9180,354.1941,358.6828,7766400
2025-10-28,373.0897,373.4033,351.4793,360.5057,18858700
2025-10-29,357.0167,358.8494,346.8240,348.1765,11874900
2025-10-30,340.5908,347.4709,336.7490,337.8761,11441900
2025-10-31,337.5233,339.3756,330.3982,334.7497,8390800
2025-11-03,332.3681,333.9068,320.0879,327.1346,11181400
2025-11-04,321.0974,329.7905,320.6760,324.2336,9646600
2025-11-05,319.7939,323.6259,317.7554,321.2052,9697100
2025-11-06,322.3617,325.7429,315.0406,315.1484,7922100
2025-11-07,313.2863,318.0788,307.8960,317.7456,9402900
2025-11-10,313.6097,317.7848,310.8460,315.1680,9283800
2025-11-11,316.8537,321.3228,313.5020,320.9210,7157800
2025-11-12,321.9011,336.3276,320.5584,332.2995,10403300
2025-11-13,331.6037,332.2701,324.6844,325.8899,7788700
2025-11-14,320.4310,321.6658,314.0998,315.4424,8676500
2025-11-17,314.2076,321.3424,313.0609,314.1292,6485400
2025-11-18,310.6892,311.1694,302.6135,307.3275,9182100
2025-11-19,307.6706,308.7193,298.4580,302.9271,8181100
2025-11-20,304.6128,308.4742,303.8189,305.3282,7337600
2025-11-21,305.6908,317.3829,305.2302,313.5901,8406300
2025-11-24,318.0592,319.3529,311.2870,312.6885,10773800
2025-11-25,314.7172,321.4600,314.5016,319.7743,6149100
2025-11-26,320.0781,328.5067,319.3921,323.1359,5504200
2025-11-28,325.0569,325.4391,322.3323,323.1947,2464500
2025-12-01,320.6368,323.4790,316.5891,316.7655,6154600
2025-12-02,316.9223,322.1461,316.3637,318.0690,7978100
2025-12-03,319.4999,334.6027,318.5297,332.9366,9770000
2025-12-04,332.6327,334.4556,322.1657,326.8405,8061600
2025-12-05,328.3204,329.0163,321.9598,324.3120,5906000
2025-12-08,324.3120,324.7067,318.5204,319.2998,4782800
2025-12-09,318.8460,322.0032,318.1750,319.2801,4628400
2025-12-10,318.4414,324.3416,315.3335,323.9864,5910500
2025-12-11,325.9597,334.7212,324.3712,332.2348,7513200
2025-12-12,332.9945,340.3747,332.8663,337.2766,7979000
2025-12-15,336.4379,340.3549,332.5012,336.5465,6447200
2025-12-16,335.8756,336.4380,326.6109,329.7386,6334000
2025-12-17,329.1565,331.0410,326.0683,327.2029,4685600
2025-12-18,324.5389,325.7722,320.2371,323.7595,6354900
2025-12-19,323.6805,330.1332,321.7171,323.0491,10553000
2025-12-22,318.5894,325.3973,317.3561,320.8193,7872400
2025-12-23,319.6747,323.4240,319.4380,320.4641,4463300
2025-12-24,320.8588,324.5982,319.8030,323.2070,2842700
2025-12-26,322.8320,327.4594,321.9046,327.4002,4359300
2025-12-29,326.4728,329.7879,323.8976,324.5488,4346800
2025-12-30,325.3282,331.6625,325.1112,327.7258,4432500
2025-12-31,327.8837,328.8802,325.4763,325.7032,4285200
2026-01-02,326.4826,335.7177,323.1280,331.9092,6863600
2026-01-05,330.9719,342.3085,329.3933,337.4542,7956600
2026-01-06,343.6997,347.9028,340.5128,344.3114,9441900
2026-01-07,344.3213,345.4362,333.5273,337.1385,7461400
2026-01-08,336.4577,343.2557,336.2505,342.2197,5059300
2026-01-09,342.6144,344.4002,337.9081,339.3880,4129100
2026-01-12,336.8622,338.0758,329.4821,335.9644,7146400
2026-01-13,336.9411,337.2766,328.4066,329.4722,5605900
2026-01-14,330.8930,335.5697,329.6399,330.4884,5740900
2026-01-15,330.7252,334.9185,323.6805,334.4350,6943500
2026-01-16,330.3898,331.7119,326.0189,326.6010,8039100
2026-01-20,323.0294,335.3526,322.1414,333.9121,7596500
2026-01-21,334.8988,343.4333,334.1686,343.1077,8933300
2026-01-22,342.5453,350.2116,342.1408,349.7380,7491400
2026-01-23,349.5505,353.0926,348.2778,351.5041,9082200
2026-01-26,349.2249,350.0537,342.6341,346.9458,10399500
2026-01-27,290.0456,295.5018,276.6568,278.9261,65836900
2026-01-28,279.9325,291.0027,279.9325,290.0950,23396900
2026-01-29,290.4008,291.6539,285.3591,288.3881,13456400
2026-01-30,288.2006,289.0393,280.8994,283.0996,12022200
2026-02-02,282.2018,286.5233,278.5117,281.7775,8664200
2026-02-03,280.8994,284.2441,274.8808,280.3863,10809100
2026-02-04,278.2453,280.7021,270.3915,272.2366,12944100
2026-02-05,270.6284,273.1937,262.7352,264.9650,13035300
2026-02-06,263.4949,274.1014,262.8536,272.9568,9572800
2026-02-09,270.4902,276.4397,269.6713,272.0195,10371600
2026-02-10,273.8152,275.7590,269.0103,269.5727,7284700
2026-02-11,268.8031,275.9563,266.1983,275.1867,6333100
2026-02-12,274.4467,282.4879,272.1281,280.5738,12336900
2026-02-13,281.8170,289.5424,280.7119,289.2760,10281900
2026-02-17,290.0752,290.3022,284.4908,285.2308,6091700
2026-02-18,286.1287,286.2569,282.4682,284.3527,6632000
2026-02-19,287.0068,287.0068,283.0602,286.0596,4931800
2026-02-20,285.0433,286.9179,281.7380,286.1286,6974100
2026-02-23,284.6980,287.8750,277.9099,278.5709,7247500
2026-02-24,278.4328,278.6301,268.1716,270.2929,9684500
2026-02-25,273.5883,280.9388,273.1739,280.4061,11380600
2026-02-26,283.1490,291.3184,281.4223,282.8332,10210000
2026-02-27,280.8994,290.2035,280.0607,289.3549,9723300
2026-03-02,284.3132,291.3678,283.6620,290.9928,8141400
2026-03-03,285.1321,289.8187,280.5639,285.3492,7051100
2026-03-04,285.1519,290.4107,283.8396,288.0625,7796000
2026-03-05,286.1780,287.5001,282.9121,284.9150,5397900
2026-03-06,283.5041,287.4409,279.2714,282.6556,6816900
2026-03-09,280.3985,283.5804,277.0775,283.5505,10348800
2026-03-10,285.7480,285.9468,277.3161,280.7366,6075600
2026-03-11,280.7764,284.5946,279.0065,283.6301,6878800
2026-03-12,283.1627,285.9269,274.7210,275.4766,10512300
2026-03-13,276.4809,281.2735,276.2323,280.4880,4737600
2026-03-16,282.3673,285.7678,279.4440,283.8687,4854000
2026-03-17,286.1656,287.3488,283.2224,285.9369,5752000
2026-03-18,283.5804,286.7622,281.4624,282.7153,4544100
2026-03-19,282.3872,285.9170,278.4795,278.8474,5542100
2026-03-20,277.4056,281.4923,273.4383,274.0249,38893000
2026-03-23,277.5548,279.1556,267.5618,268.0093,10424200
2026-03-24,267.3431,271.8275,266.0703,270.7337,5911700
2026-03-25,273.4383,274.5121,265.5931,269.0135,8121200
2026-03-26,268.4567,273.0803,265.6627,266.5277,6218800
2026-03-27,265.9809,266.1499,254.5163,257.5490,10735300
2026-03-30,258.7024,260.8402,255.2124,260.3033,7774700
2026-03-31,261.5064,270.3360,261.1186,269.0533,9170800
2026-04-01,272.6527,273.7366,269.2224,272.4241,5473400
2026-04-02,270.7437,277.4553,269.9880,275.6855,6407000
2026-04-06,276.3019,281.6911,275.6755,279.7621,7097000
2026-04-07,307.0961,310.6557,299.0421,305.9824,22099800
2026-04-08,310.2281,311.1926,303.0988,304.2423,9645000
2026-04-09,304.0832,306.1415,302.4128,305.1671,5742000
2026-04-10,306.2012,308.6074,302.4724,302.6017,5212900
2026-04-13,301.5278,311.5407,301.1997,311.2225,7972200
2026-04-14,310.7352,317.8049,310.7352,312.4057,5864500
2026-04-15,314.2054,315.9554,309.3830,312.2665,5041200
2026-04-16,313.2111,316.8006,311.3318,314.6031,5205600
2026-04-17,318.2324,323.4228,315.3390,322.7864,9414700
2026-04-20,322.3489,323.5521,318.3020,321.6430,9050600
2026-04-21,351.0053,355.6487,343.2694,344.0450,26097300
2026-04-22,348.8874,356.5237,347.1175,351.5124,11807300
2026-04-23,352.6658,354.8235,348.5095,352.5464,7255800
2026-04-24,354.4655,356.2453,349.3945,352.9044,8554600
2026-04-27,351.9002,354.4655,346.9683,352.6757,7256100
2026-04-28,354.8135,367.5309,353.6999,364.6871,10604100
2026-04-29,363.9215,368.7340,362.9371,368.6346,9046600
2026-04-30,366.4172,369.8774,360.9385,368.3760,6879900
2026-05-01,369.8476,370.7823,364.9357,366.6857,4945400
2026-05-04,366.4570,368.7240,362.5791,368.6445,4916900
2026-05-05,368.3760,369.6885,359.7553,361.8036,6489000
2026-05-06,361.0380,366.4570,356.2155,365.1942,6695500
2026-05-07,364.5579,367.7098,362.6487,367.6402,5235400
2026-05-08,369.8775,377.8221,369.8775,377.8221,6455100
2026-05-11,378.2894,382.6247,373.9343,382.2568,6949600
2026-05-12,380.6758,395.1631,379.8406,394.1389,9236300
2026-05-13,394.2483,401.8548,390.7681,398.8818,8454100
2026-05-14,398.7227,399.6176,393.7511,396.8235,5342500
2026-05-15,392.0608,395.3719,388.0338,391.6133,9811200
2026-05-18,387.7852,389.9131,381.3221,388.9088,8400700
2026-05-19,387.7852,392.7468,385.3093,387.0295,5016800
2026-05-20,387.3377,391.1460,378.5380,381.1232,7783900
2026-05-21,378.9556,383.9173,378.3789,380.3079,4732500
2026-05-22,379.7511,388.3221,378.8463,386.2639,5598600
2026-05-26,383.8079,384.3249,374.2724,374.7198,6498100
2026-05-27,376.2809,382.3463,374.9485,381.8292,4544000
2026-05-28,382.7738,387.0494,378.7965,380.3576,4330800
2026-05-29,381.6005,382.9329,373.3178,378.1502,10257900
2026-06-01,373.9741,381.1730,373.7852,377.7028,6623700
2026-06-02,375.8335,377.9215,372.5920,375.7738,3874400
2026-06-03,377.8420,385.2596,374.6701,374.8590,6808400
2026-06-04,387.7852,399.1006,387.6062,394.2184,12666100
2026-06-05,397.2710,401.7455,394.9443,397.2014,10897300
2026-06-08,394.8747,406.3889,392.7468,404.2611,6963200
2026-06-09,407.6617,410.6546,405.1261,410.6546,8590400
2026-06-10,411.1517,413.6177,402.2525,405.1460,6512900
2026-06-11,406.3889,407.6517,400.8207,403.2469,4938100
2026-06-12,406.6873,407.5623,402.5111,406.2000,7269600
2026-06-15,406.7000,414.1600,399.6500,411.0400,6777900
2026-06-16,410.6800,411.7500,406.5400,407.6500,4815100
2026-06-17,409.1200,411.1600,398.5900,399.5300,5838800
2026-06-18,402.7700,406.2000,399.1500,400.9600,11896900
2026-06-22,402.1400,409.4600,402.1400,406.6800,5818600
2026-06-23,409.5200,409.9000,402.8400,409.2500,6675900
2026-06-24,410.5400,413.4300,400.0000,405.8000,6858800
2026-06-25,406.6500,417.5800,406.6500,415.5300,6014400
2026-06-26,416.1600,427.9300,416.1600,427.8900,10588200
2026-06-29,426.5300,426.7000,415.8100,419.8200,5167400
2026-06-30,422.7200,422.7400,413.2500,415.6300,5779800
2026-07-01,417.1100,428.0200,413.7300,426.5400,4985900
2026-07-02,428.1300,430.2000,420.5400,425.3600,3928800
2026-07-06,423.4900,424.4400,415.0500,417.9900,6379000
2026-07-07,423.9500,428.6000,422.1300,428.1900,5800500
2026-07-08,427.1500,430.7700,423.8300,425.6000,3859200
2026-07-09,427.1100,434.3000,423.5200,431.6800,5566000
2026-07-10,431.6700,432.8600,423.6500,424.6200,3798600
2026-07-13,426.4700,431.5500,425.5300,429.0900,3863800
2026-07-14,431.0000,432.1500,421.7900,425.1900,5135900
2026-07-15,419.4900,424.1100,414.3700,418.5200,6764800
2026-07-16,449.3900,461.6200,420.3700,423.3800,13281900
2026-07-17,426.7200,437.4700,425.1000,426.0900,10711300
2026-07-20,427.2500,431.0150,417.3800,421.5500,3600306
