Date,Open,High,Low,Close,Volume
2016-07-21,74.0356,74.3059,73.0663,73.4298,9018000
2016-07-22,74.5388,74.6320,73.0011,74.4736,12532400
2016-07-25,74.7159,74.7159,73.3739,73.5696,7979900
2016-07-26,73.6069,73.6814,72.6376,73.1502,9673200
2016-07-27,73.1223,73.4298,72.2555,73.1875,10194400
2016-07-28,73.3366,74.5575,73.2061,73.8026,8709700
2016-07-29,73.8492,73.9517,72.6935,72.7401,7777700
2016-08-01,72.9824,73.1875,72.4419,72.9358,8908800
2016-08-02,72.7588,73.1316,72.4606,72.9545,7910000
2016-08-03,72.9545,73.3552,72.8892,73.3552,7272700
2016-08-04,73.4671,74.2313,73.3925,74.0729,5954400
2016-08-05,74.3059,74.7812,74.2406,74.6880,6662500
2016-08-08,74.7718,74.8743,74.3711,74.5109,5119700
2016-08-09,74.5202,75.0048,74.5109,74.6134,4455700
2016-08-10,74.5295,74.7625,74.1008,74.2593,5945500
2016-08-11,74.5575,74.8184,74.4084,74.6693,6577700
2016-08-12,74.3711,74.6320,74.2313,74.5761,4420400
2016-08-15,74.6786,75.6292,74.5761,75.4056,6290300
2016-08-16,74.9489,75.4056,74.7625,75.3124,6182600
2016-08-17,75.3497,75.4898,75.0603,75.4711,4655400
2016-08-18,74.6962,75.2377,74.6028,74.9389,7453900
2016-08-19,74.6962,75.1256,74.4441,75.1256,8480900
2016-08-22,75.0043,75.6951,74.6495,75.6765,7954500
2016-08-23,75.9659,76.3300,75.4337,75.4337,10007800
2016-08-24,75.4338,75.6018,74.8643,74.9576,5028000
2016-08-25,74.9576,75.1723,74.6868,74.9856,5773700
2016-08-26,75.2657,75.7511,74.8455,75.2190,7932200
2016-08-29,75.1910,75.6111,75.1910,75.4991,4766700
2016-08-30,75.6205,75.7979,75.3591,75.7792,4128700
2016-08-31,75.5738,75.8071,75.3497,75.5271,7386100
2016-09-01,75.7511,76.1339,75.5924,75.9005,6240600
2016-09-02,76.1526,76.6941,76.0873,76.5540,6408900
2016-09-06,76.5541,77.0489,76.3767,77.0489,8140400
2016-09-07,77.0022,77.7304,76.8901,77.7117,9304700
2016-09-08,77.5063,78.0758,77.1049,77.4596,7961100
2016-09-09,76.9275,77.3103,75.9286,75.9286,11563000
2016-09-12,75.9379,77.6090,75.7885,77.4596,9882700
2016-09-13,76.9368,76.9648,76.1993,76.4513,8834300
2016-09-14,76.0499,76.7594,76.0406,76.0779,10999500
2016-09-15,76.0126,76.6754,75.7979,76.5634,10580300
2016-09-16,76.3113,76.7968,76.0126,76.6194,11702000
2016-09-19,76.9555,77.5250,76.7688,77.0302,8361700
2016-09-20,77.4596,77.7024,76.8528,77.0022,6473300
2016-09-21,77.4129,77.7210,76.8061,77.6930,7536200
2016-09-22,77.8797,78.2251,77.6743,77.8237,6599400
2016-09-23,77.7957,77.9077,77.0395,77.0582,8283700
2016-09-26,76.6941,76.7968,76.2646,76.3766,8486800
2016-09-27,76.3580,76.9088,76.0873,76.7034,7969500
2016-09-28,76.9088,77.4970,76.4980,77.4596,7974300
2016-09-29,77.2262,77.5436,76.3580,76.4793,5885400
2016-09-30,76.7034,77.5249,76.2553,77.2075,9776800
2016-10-03,76.9461,77.5903,76.8341,77.3569,8155400
2016-10-04,77.7490,77.9824,77.0955,77.2356,5772000
2016-10-05,77.4503,77.9077,77.3943,77.8144,6163400
2016-10-06,77.5996,77.9357,77.3756,77.8237,7687100
2016-10-07,77.9451,78.1411,77.1515,77.3756,8238100
2016-10-10,77.6090,77.9917,77.4316,77.5996,7371500
2016-10-11,77.1889,77.2916,76.1526,76.5914,6227400
2016-10-12,76.4046,77.0582,76.3860,76.7874,3923600
2016-10-13,76.2273,76.6754,75.7232,76.4327,6810900
2016-10-14,76.5914,77.6650,76.5914,76.9742,6698100
2016-10-17,77.0955,77.1982,76.5914,76.6941,8473700
2016-10-18,76.0873,76.8995,75.9472,76.1619,11680400
2016-10-19,76.2273,77.3663,76.2273,77.3103,8440900
2016-10-20,77.5343,77.5810,76.7128,77.0208,6945200
2016-10-21,76.5727,77.0581,76.1619,76.8808,8043200
2016-10-24,77.7397,78.0384,77.2169,77.6463,16267000
2016-10-25,77.6463,77.6463,76.2740,76.5820,15085900
2016-10-26,76.1993,76.7968,76.0032,76.3206,8748400
2016-10-27,76.5167,76.8061,76.1899,76.4793,7039200
2016-10-28,77.0395,77.8237,76.6567,76.7594,10919600
2016-10-31,76.9648,77.3943,76.8901,77.0302,10024000
2016-11-01,77.1515,77.1982,75.9285,76.1993,10881500
2016-11-02,75.5178,75.9752,75.1723,75.2284,9170900
2016-11-03,75.3870,75.7418,75.1910,75.2937,7563100
2016-11-04,75.2937,75.8445,74.9949,75.0229,7588100
2016-11-07,76.2179,77.0488,76.0406,77.0302,7277900
2016-11-08,76.9181,77.6370,76.6941,77.3756,7152000
2016-11-09,76.3767,77.7677,75.8259,77.7117,12158500
2016-11-10,77.7677,78.3839,76.0126,76.4327,17171600
2016-11-11,76.1713,77.1422,76.1059,76.4420,7368000
2016-11-14,76.5727,76.7594,72.1662,73.1745,21773500
2016-11-15,73.0344,74.2574,72.6330,73.3518,18523400
2016-11-16,73.7121,75.0218,73.6840,74.9189,9997700
2016-11-17,75.1434,75.9667,75.0124,75.8451,8081800
2016-11-18,75.9199,76.2474,75.3399,75.6112,7920800
2016-11-21,75.9948,76.5093,75.6861,76.4251,8942100
2016-11-22,76.4251,76.4251,74.1518,74.7786,18133900
2016-11-23,74.8253,74.8347,73.8617,74.4418,12802600
2016-11-25,74.8347,75.1902,74.6008,74.9656,6495700
2016-11-28,74.5260,74.8534,73.9553,73.9834,11793100
2016-11-29,74.0208,74.4511,73.8617,74.0488,8575200
2016-11-30,74.3295,74.3295,72.2994,72.3368,15353900
2016-12-01,72.5707,72.6174,70.4002,70.5686,21053000
2016-12-02,70.5405,71.3357,70.3253,70.8399,13629600
2016-12-05,71.6913,72.5987,71.6164,72.3274,12119200
2016-12-06,72.9168,72.9449,71.7661,72.1403,13896600
2016-12-07,72.2900,74.3669,72.2713,74.1985,13919800
2016-12-08,74.5447,74.7224,73.8804,74.1705,13320100
2016-12-09,74.0488,74.7786,73.7495,74.0395,10728300
2016-12-12,73.8991,73.9366,72.8981,73.4407,11942300
2016-12-13,73.7308,74.3763,73.2069,74.0956,12995100
2016-12-14,74.1705,74.8254,74.0208,74.0301,20146200
2016-12-15,74.2547,75.2089,74.0301,74.3763,14070900
2016-12-16,74.1143,74.3389,73.1320,73.3004,19141700
2016-12-19,73.0104,73.5343,72.9917,73.0665,8699100
2016-12-20,73.3565,73.5156,72.6829,73.3098,6917400
2016-12-21,73.4220,73.4875,72.9542,73.1039,9343600
2016-12-22,72.9917,73.0291,72.2152,72.8794,12074000
2016-12-23,73.0478,73.4220,72.8794,73.1133,6192900
2016-12-27,73.2255,73.7682,73.1881,73.3004,3776000
2016-12-28,73.3471,73.5810,72.9449,73.2536,7587100
2016-12-29,73.4313,73.7588,73.2536,73.2816,6241100
2016-12-30,73.3752,73.4782,72.9168,72.9917,7127300
2017-01-03,73.6840,74.7599,73.4314,74.3763,13785200
2017-01-04,74.3201,75.0873,74.2453,74.9844,8033100
2017-01-05,75.1621,76.2754,75.0499,75.8638,7805100
2017-01-06,76.0603,77.1736,75.7235,76.9116,8898300
2017-01-09,76.9771,77.1361,76.3877,76.4813,7305300
2017-01-10,76.4345,76.6216,75.9012,76.0696,6017500
2017-01-11,76.0135,76.5280,75.6954,76.5280,7499200
2017-01-12,75.8264,76.2193,75.3212,76.1258,6884000
2017-01-13,75.7983,76.5748,75.5831,75.9387,7291200
2017-01-17,75.5551,76.2380,75.5551,76.0229,6326500
2017-01-18,76.0322,76.5561,75.7609,76.3316,8512300
2017-01-19,76.5187,76.5748,76.1632,76.4626,6479400
2017-01-20,76.7993,76.9771,76.3503,76.5655,9048500
2017-01-23,76.4345,76.9958,76.2474,76.8555,7414200
2017-01-24,77.0894,78.1091,76.5748,77.8659,8397500
2017-01-25,78.3898,78.8388,78.0717,78.4927,9360900
2017-01-26,78.5114,78.5114,77.7255,77.8752,8428200
2017-01-27,77.9501,78.3991,77.5759,78.3711,5445900
2017-01-30,78.0904,78.3430,77.3326,78.3056,8792800
2017-01-31,76.8368,77.9127,76.8087,77.3794,7479400
2017-02-01,77.5572,77.7349,76.7619,77.1268,7534400
2017-02-02,76.8461,77.3700,76.3129,76.9958,11142300
2017-02-03,80.2141,81.2245,79.6247,80.5322,28079600
2017-02-06,80.5228,80.5509,79.9989,80.2983,9665300
2017-02-07,80.4199,80.7848,80.1486,80.2515,8600300
2017-02-08,80.2702,80.3077,79.5966,79.6060,7587700
2017-02-09,79.8679,80.2422,79.4095,80.0644,6554700
2017-02-10,80.2702,80.5883,79.7370,80.3638,10432000
2017-02-13,80.6445,81.1122,80.4574,80.8690,6046300
2017-02-14,80.9438,81.3648,80.7006,81.2526,5952000
2017-02-15,81.5666,82.0540,81.2666,82.0540,8049700
2017-02-16,82.0634,82.1852,81.3510,81.9322,8680600
2017-02-17,81.8009,82.1852,81.5291,81.9790,5887200
2017-02-21,82.0259,82.5227,81.7072,82.4102,9301300
2017-02-22,82.1196,82.6258,82.0259,82.2977,8389900
2017-02-23,82.7008,82.9445,82.3633,82.6539,6040500
2017-02-24,81.8853,82.8882,81.8290,82.8882,5151300
2017-02-27,82.7851,82.8413,82.4008,82.4852,6131600
2017-02-28,82.6351,82.8414,82.2602,82.4289,8521900
2017-03-01,83.1788,83.5537,82.8788,83.4131,11131400
2017-03-02,83.4225,83.5444,82.5789,82.9820,10544200
2017-03-03,82.7757,83.3381,82.6539,83.2256,5700600
2017-03-06,82.9819,83.6756,82.7382,83.3662,7347600
2017-03-07,83.4131,83.7037,83.2819,83.4788,5688400
2017-03-08,83.5818,83.7037,83.3006,83.3850,5866800
2017-03-09,83.4412,83.8912,83.1507,83.5256,5953900
2017-03-10,83.8912,84.2286,83.5162,84.1067,12246700
2017-03-13,84.1724,84.6504,83.9943,84.4629,8944100
2017-03-14,84.2942,84.3880,83.6475,83.9380,6009400
2017-03-15,84.1255,84.4536,83.8068,84.2848,6350700
2017-03-16,84.6504,84.6692,83.8631,84.3973,9174400
2017-03-17,84.5941,84.9503,84.5192,84.5848,8613400
2017-03-20,84.6316,86.2814,83.3944,83.5912,9438000
2017-03-21,83.8818,84.0880,82.4852,82.5414,11092100
2017-03-22,82.3446,83.4600,82.3446,82.9726,7828600
2017-03-23,82.9257,83.7880,82.8788,83.2913,7710700
2017-03-24,83.4788,83.9943,83.3944,83.6006,7597600
2017-03-27,82.7757,83.4131,82.5508,83.3756,5230000
2017-03-28,83.5350,83.8162,82.9444,83.5350,7045500
2017-03-29,83.4131,83.7880,83.0101,83.5912,4738000
2017-03-30,83.4975,83.5162,83.0475,83.4318,6227100
2017-03-31,83.4037,83.7505,83.3006,83.3006,6429800
2017-04-03,83.5537,83.8537,82.8601,83.7600,9125800
2017-04-04,83.4319,83.7318,83.1038,83.2163,4859900
2017-04-05,83.5443,84.5473,83.3756,83.4506,7251600
2017-04-06,83.4225,83.6662,83.2163,83.5069,8473900
2017-04-07,83.3944,83.6475,82.9726,83.1788,5439500
2017-04-10,83.0663,83.6568,82.9726,83.2913,5999400
2017-04-11,83.0476,83.2819,82.6070,83.2819,7058500
2017-04-12,83.1413,83.6193,83.0100,83.1225,5912500
2017-04-13,82.9257,84.1536,82.8882,83.3006,7242700
2017-04-17,83.5068,84.2661,83.1882,84.1817,6122800
2017-04-18,84.0224,84.2848,83.6474,84.1067,6823500
2017-04-19,84.4442,84.9410,83.9849,84.1255,7301300
2017-04-20,84.4911,85.7658,84.2661,85.4378,12178300
2017-04-21,86.9562,86.9844,85.3159,85.4378,19442600
2017-04-24,86.3751,86.7032,85.3065,86.0939,11705400
2017-04-25,86.2251,86.5626,85.8408,86.3376,7769200
2017-04-26,86.2533,86.6844,86.0002,86.0658,11295200
2017-04-27,86.1876,86.2345,85.5596,85.8596,5856800
2017-04-28,85.6627,85.8127,85.2784,85.5034,6888500
2017-05-01,85.5690,85.9252,85.4284,85.5409,9042100
2017-05-02,85.8783,86.9375,85.7939,86.7406,11627700
2017-05-03,86.6094,86.7500,86.2157,86.6469,4909000
2017-05-04,86.8906,87.0312,86.4688,86.8156,5257000
2017-05-05,87.0781,87.1531,86.0095,86.3188,8844500
2017-05-08,86.2814,86.3845,85.7846,86.1595,5223600
2017-05-09,86.1408,86.3657,86.0751,86.2345,3969500
2017-05-10,85.9533,86.6188,85.9345,86.4688,6747600
2017-05-11,86.3470,86.5251,85.8783,86.3282,7052200
2017-05-12,86.4126,86.9656,86.2157,86.9187,5898800
2017-05-15,86.9188,87.5655,86.9094,87.3874,7040100
2017-05-16,87.4999,87.8467,87.1437,87.3124,5497400
2017-05-17,86.8382,87.1011,86.1152,86.1621,8240200
2017-05-18,85.7865,86.8382,85.7865,86.1152,8239800
2017-05-19,86.3687,87.1481,86.1152,86.8382,9361300
2017-05-22,86.8852,87.8899,86.7913,87.6176,9186200
2017-05-23,87.8524,88.3313,87.7679,88.1341,7616100
2017-05-24,88.2843,89.1951,88.2843,89.0261,6825300
2017-05-25,89.2890,89.5613,89.1012,89.2421,7262400
2017-05-26,89.2045,89.3172,88.6317,88.8946,4133900
2017-05-30,88.8852,89.0918,88.5848,88.9416,6292700
2017-05-31,89.2796,89.7022,88.6974,89.4205,9866000
2017-06-01,89.5801,89.6270,88.8383,89.5801,8911900
2017-06-02,89.5895,90.3219,89.5895,90.2844,8570200
2017-06-05,90.4440,90.6975,90.2468,90.6599,14510500
2017-06-06,90.3970,90.7069,89.7303,89.9463,7030300
2017-06-07,90.1717,90.3501,89.9181,90.2280,6720300
2017-06-08,90.0214,90.2562,89.4768,90.2280,7720300
2017-06-09,90.2280,90.3782,87.9932,88.7913,16887100
2017-06-12,87.9744,88.3030,87.1387,87.7960,15610000
2017-06-13,88.2655,89.5237,88.2373,89.2796,8700100
2017-06-14,89.5050,90.1435,89.1575,89.5050,6347000
2017-06-15,88.6787,88.7632,87.8242,88.4251,12793900
2017-06-16,88.5566,88.6787,88.0213,88.4251,14705100
2017-06-19,88.9698,89.0637,88.5003,89.0073,5984300
2017-06-20,89.0073,89.1669,88.5753,88.6223,5626700
2017-06-21,88.8383,88.9885,88.3312,88.7725,5611400
2017-06-22,88.7256,88.7444,88.1434,88.2186,5846500
2017-06-23,88.4157,89.8148,88.1622,89.7491,11637300
2017-06-26,89.9557,90.3970,89.2984,89.4111,6970800
2017-06-27,89.3454,89.5238,88.8571,89.1106,6283600
2017-06-28,89.3454,90.5191,88.8853,90.3595,5571300
2017-06-29,89.9463,89.9463,88.2749,88.6599,8872500
2017-06-30,88.6223,88.8477,88.0589,88.0589,9036600
2017-07-03,88.6223,88.6505,87.6551,87.6551,6197700
2017-07-05,88.0307,88.6411,88.0026,88.2749,9339600
2017-07-06,87.7491,88.2373,87.5049,87.5613,8215700
2017-07-07,87.7960,88.6505,87.7960,88.1904,6175800
2017-07-10,88.4063,89.5519,88.4063,89.2890,8851800
2017-07-11,89.2796,89.7960,89.1387,89.5895,5554100
2017-07-12,90.1247,90.5660,89.7961,90.3125,5974800
2017-07-13,90.5379,90.7538,89.9275,90.0872,6721700
2017-07-14,90.2750,91.4299,90.2562,91.0168,6195800
2017-07-17,91.1858,91.3548,90.6975,90.9229,5914900
2017-07-18,90.9416,91.7867,90.7163,91.6271,7435000
2017-07-19,91.6834,92.3313,91.5989,92.2562,6390400
2017-07-20,93.0637,93.0919,91.9557,92.1247,8572900
2017-07-21,93.5239,94.3596,93.0450,93.5239,17400200
2017-07-24,93.4769,94.2939,93.0920,94.2469,9186000
2017-07-25,94.5098,94.6976,93.7117,93.8901,6774900
2017-07-26,93.9089,94.8291,93.7680,94.6976,7205400
2017-07-27,94.8103,95.0075,92.5379,93.4957,10543900
2017-07-28,93.0731,93.5145,92.5004,93.1013,6558800
2017-07-31,93.4300,93.8995,93.0919,93.4863,7576600
2017-08-01,94.2375,94.9042,93.8619,94.7164,6018100
2017-08-02,94.8666,95.1014,94.1248,95.1014,5955600
2017-08-03,94.7821,94.9323,94.2093,94.4535,5697500
2017-08-04,94.8009,95.1577,94.4723,94.7352,4618000
2017-08-07,94.7633,95.3455,94.4534,95.2985,7047100
2017-08-08,95.3080,95.5146,94.7727,95.1014,6283700
2017-08-09,94.6131,95.1201,94.4628,94.8103,6902100
2017-08-10,94.4065,94.7258,93.3642,93.4206,8560800
2017-08-11,93.4769,94.1812,93.4581,93.9840,5268200
2017-08-14,94.8197,95.8807,94.6037,95.6554,5657600
2017-08-15,96.1155,96.5099,95.7493,96.3690,5386000
2017-08-16,96.6465,97.7469,96.5336,97.1731,13408300
2017-08-17,97.1826,97.3707,96.0822,96.0822,7381600
2017-08-18,96.0069,96.9568,95.8753,96.4113,5670900
2017-08-21,96.5148,97.2014,96.2420,97.0791,5395000
2017-08-22,97.2860,98.0008,97.0039,97.8785,5481000
2017-08-23,97.5964,97.7845,96.8628,97.0415,5057200
2017-08-24,97.1731,97.3424,96.5336,97.0791,4082300
2017-08-25,97.4835,97.6998,97.0227,97.2014,4467400
2017-08-28,97.4835,97.6528,97.1167,97.6058,3919900
2017-08-29,96.7969,97.8785,96.5336,97.5964,7135300
2017-08-30,97.5305,97.8127,97.3612,97.5588,8712700
2017-08-31,97.8691,97.9914,96.9004,97.3612,13766000
2017-09-01,97.8503,97.8879,97.2860,97.7186,4466800
2017-09-05,97.2484,97.3048,96.1762,96.8816,6337500
2017-09-06,97.1920,97.5776,96.9662,97.0415,6372200
2017-09-07,97.5399,99.1670,97.4459,98.3394,6508600
2017-09-08,98.1231,98.5369,97.8691,98.2171,5787200
2017-09-11,99.2047,99.8348,98.8943,99.8348,6956000
2017-09-12,100.2956,100.2956,99.4680,99.8912,5212400
2017-09-13,99.9382,99.9382,98.9789,99.5338,6215700
2017-09-14,99.2234,100.4837,99.2234,99.7689,8154000
2017-09-15,99.4492,99.8254,98.7062,99.0353,12622900
2017-09-18,99.0824,99.2423,98.3958,98.5933,7330300
2017-09-19,98.8755,99.6279,98.5933,99.1388,9754400
2017-09-20,99.2235,99.4774,98.2453,98.7250,8198600
2017-09-21,98.7532,99.3269,98.4240,99.0447,4777600
2017-09-22,98.9507,99.3928,98.8096,99.2799,4959400
2017-09-25,99.2235,99.3645,96.6371,96.8910,9395300
2017-09-26,96.9756,97.8315,96.7593,96.8158,6263600
2017-09-27,96.9380,97.9255,96.7781,97.7092,8337400
2017-09-28,97.5776,98.7344,97.5682,98.3582,5947800
2017-09-29,98.5181,99.1576,98.4616,98.9789,7676300
2017-10-02,99.2611,99.6843,98.8472,99.1670,4885600
2017-10-03,99.3645,99.5997,99.0260,99.3081,4411100
2017-10-04,99.4210,99.4492,98.6591,99.0447,4146800
2017-10-05,99.3175,99.9288,98.8943,99.9194,4396100
2017-10-06,99.9665,100.5966,99.5715,100.3803,4587000
2017-10-09,100.2580,101.2455,100.2016,100.6436,4787000
2017-10-10,101.1797,101.1985,100.4649,100.9258,4015600
2017-10-11,101.2926,102.1296,101.1985,101.9886,6473100
2017-10-12,102.0450,102.2425,101.4807,101.6782,6496100
2017-10-13,102.0450,102.7597,101.9509,102.1954,5154600
2017-10-16,102.3177,102.5623,100.7847,101.8569,5552200
2017-10-17,101.8098,101.9697,100.9163,101.1421,5979400
2017-10-18,101.2173,101.5747,101.0669,101.3866,4817300
2017-10-19,100.8881,101.3678,100.5402,100.6530,10840200
2017-10-20,101.2926,101.2926,100.6060,101.1515,7848900
2017-10-23,101.6218,101.7910,100.7283,101.1327,6316700
2017-10-24,101.1609,102.1767,100.8035,101.9603,10511200
2017-10-25,102.9008,104.0294,101.5747,102.9761,13261300
2017-10-26,103.8131,104.1517,103.1454,103.2676,7380100
2017-10-27,103.5216,103.5780,102.2237,103.1830,7862700
2017-10-30,103.1454,103.6814,102.4400,103.4933,5148600
2017-10-31,104.0012,104.1047,102.1955,103.4369,8002500
2017-11-01,103.9260,104.7724,103.8507,104.4621,6167300
2017-11-02,104.4150,104.7442,103.6438,104.3774,5506600
2017-11-03,104.3398,104.7913,103.9354,104.7348,3757600
2017-11-06,104.7348,105.4778,104.5843,105.2615,4094700
2017-11-07,105.5718,105.7788,104.9229,105.4214,3697900
2017-11-08,105.3461,106.1926,105.1674,105.7788,4417800
2017-11-09,105.1487,105.5437,104.3304,105.4684,4334700
2017-11-10,105.0640,105.3179,104.6596,105.2239,4198900
2017-11-13,104.9135,105.2051,104.7160,104.7724,7185600
2017-11-14,104.4715,105.3744,104.2175,105.3179,5679600
2017-11-15,104.7160,105.2145,103.5874,103.6908,6895100
2017-11-16,104.3457,104.9958,104.1761,104.6001,5655100
2017-11-17,104.2891,104.4964,103.3564,103.4694,8812400
2017-11-20,103.5919,104.2797,103.3470,103.5919,6873200
2017-11-21,104.0630,105.0429,103.9217,105.0052,6456500
2017-11-22,105.0523,105.2031,104.2986,104.4116,4067600
2017-11-24,104.8733,105.6741,104.7131,105.4951,3045600
2017-11-27,105.5234,106.0322,105.4386,105.8814,6620500
2017-11-28,106.0887,107.0497,106.0510,106.8047,6671300
2017-11-29,107.0497,107.0497,100.7183,103.5071,14505400
2017-11-30,104.1101,106.0793,103.6673,106.0793,18533300
2017-12-01,105.8814,105.9380,103.4129,104.3268,13101800
2017-12-04,104.8921,105.0052,100.7843,101.2177,18909100
2017-12-05,102.5932,102.9230,100.4357,102.3012,12081500
2017-12-06,102.2164,103.7992,101.9997,103.3941,7532100
2017-12-07,103.4223,104.9675,103.1208,104.9581,7384900
2017-12-08,105.6459,106.0981,105.3538,106.0887,7594900
2017-12-11,105.9945,106.7953,105.6741,105.8720,7538600
2017-12-12,105.8720,107.1534,105.5234,106.8990,8754400
2017-12-13,107.1722,107.7563,106.6446,106.7576,8088900
2017-12-14,106.9837,107.4925,106.3902,106.3902,9815600
2017-12-15,107.3795,107.5962,105.8908,107.2381,16388000
2017-12-18,108.0578,108.1144,106.7011,106.9838,8961800
2017-12-19,106.7294,106.7294,105.5988,105.6553,7899400
2017-12-20,106.2018,106.5598,105.5140,105.6365,6201900
2017-12-21,106.0887,106.5598,105.8249,105.9097,8866400
2017-12-22,105.8908,106.5692,105.7589,106.1735,6190100
2017-12-26,105.5893,106.8801,105.5893,106.4561,3948900
2017-12-27,106.1735,107.4737,106.1358,107.4266,7073100
2017-12-28,107.6904,108.2745,107.3983,107.7375,6937100
2017-12-29,108.1144,108.2463,107.4266,107.4266,5249000
2018-01-02,107.9448,108.4253,107.3606,107.8883,6080900
2018-01-03,108.3028,109.0942,108.0296,108.9623,6946100
2018-01-04,109.5276,110.5734,109.3204,109.3675,7805300
2018-01-05,110.2248,112.1186,109.6878,111.9867,8590500
2018-01-08,111.7512,113.5130,111.2424,112.4389,6660700
2018-01-09,113.0325,113.0325,111.7983,112.2222,6562400
2018-01-10,111.8265,112.1657,110.6676,112.0998,7490300
2018-01-11,111.9302,113.0419,111.8171,112.9100,5982100
2018-01-12,113.1738,113.3905,112.7875,113.1456,5585800
2018-01-16,114.1725,114.8886,112.9760,113.4282,8803800
2018-01-17,114.1914,115.0959,113.7486,114.9263,7991500
2018-01-18,115.4350,116.0757,114.9734,115.9909,8661000
2018-01-19,115.9344,116.4997,114.8698,115.6046,8250700
2018-01-22,115.7648,117.1404,115.3220,117.1404,9355000
2018-01-23,117.3948,118.2522,117.0273,117.4419,5683300
2018-01-24,117.8188,118.1956,116.5562,117.3477,6425200
2018-01-25,117.7717,118.2145,117.4230,117.9789,7166400
2018-01-26,118.4971,119.0718,117.5455,119.0153,5604900
2018-01-29,119.4110,119.5429,117.4796,117.6209,6257900
2018-01-30,116.6599,117.1027,115.7366,116.4055,8154400
2018-01-31,116.6222,117.2817,115.9250,117.0462,7338200
2018-02-01,117.5267,118.9588,116.9237,118.4500,11169700
2018-02-02,116.5656,116.5656,113.7203,113.9181,13937700
2018-02-05,111.8359,114.1254,108.3593,109.5465,16623900
2018-02-06,108.5383,113.3434,106.7011,113.0325,19053300
2018-02-07,113.1456,115.3785,112.3165,112.7310,9294000
2018-02-08,112.6179,112.8912,106.9743,107.2758,12673400
2018-02-09,107.9259,110.4321,104.6001,109.5936,17695500
2018-02-12,110.9786,111.9678,110.1212,111.6192,11526300
2018-02-13,111.0351,111.9301,110.3567,111.5062,7803900
2018-02-14,110.8184,113.9558,110.7053,113.8428,9206400
2018-02-15,114.8621,115.4378,113.2293,115.4095,6921300
2018-02-16,114.7960,116.0796,114.7394,115.0037,6371400
2018-02-20,114.5317,116.1362,114.2203,115.1547,6182800
2018-02-21,115.1924,115.9286,113.6446,113.6635,7676100
2018-02-22,113.8900,114.5601,112.8990,113.6163,4994000
2018-02-23,114.7394,116.0513,114.4091,116.0230,5036900
2018-02-26,116.6365,117.5992,116.3911,117.5897,6270500
2018-02-27,117.6935,118.2598,116.4194,116.4383,7287200
2018-02-28,116.7025,117.9578,115.9758,116.0324,6780900
2018-03-01,116.3345,117.0329,112.8990,113.6352,8819600
2018-03-02,112.3987,114.1826,111.2379,113.9844,7581900
2018-03-05,113.6823,115.4378,112.7291,115.0320,5810200
2018-03-06,115.9286,116.3156,113.8900,114.2580,7464400
2018-03-07,113.2859,115.3718,112.9745,115.0037,7254100
2018-03-08,115.1075,115.9192,114.3619,115.3529,6948900
2018-03-09,116.3250,117.7785,115.9664,117.5142,6397700
2018-03-12,117.7407,117.9578,116.5421,117.2594,8636000
2018-03-13,117.2688,117.9767,115.9947,116.2778,9479500
2018-03-14,117.0706,117.0706,115.0508,115.6926,7855000
2018-03-15,116.2118,117.4293,115.8059,116.4760,5861900
2018-03-16,116.8913,118.0239,116.4005,117.5331,9447100
2018-03-19,116.9763,117.3255,115.4095,116.2873,17387800
2018-03-20,116.4477,118.1371,116.3722,117.8917,7779700
2018-03-21,117.8823,118.3920,116.1551,116.2967,7359500
2018-03-22,115.3340,115.7870,112.9745,113.2482,10501500
2018-03-23,113.1538,113.5691,110.1997,110.4262,10024300
2018-03-26,112.3987,113.9560,111.1812,113.8617,8735400
2018-03-27,114.6922,114.7677,110.1808,110.8037,9008600
2018-03-28,110.3601,111.4361,109.5107,110.4168,9420400
2018-03-29,111.0680,113.8144,110.4639,112.8990,12918100
2018-04-02,112.5686,113.0972,110.1996,111.7381,9877100
2018-04-03,112.2100,113.2481,110.8886,112.5025,7084800
2018-04-04,110.3318,113.3709,110.1525,113.0783,8425700
2018-04-05,114.2014,115.1547,113.6068,114.3808,6816000
2018-04-06,113.4275,113.7862,110.5394,111.0868,8383800
2018-04-09,111.9646,113.8900,111.9646,112.1156,7024800
2018-04-10,113.7862,114.3525,112.9179,113.9372,8947200
2018-04-11,113.2482,114.8244,112.8990,113.0500,5874900
2018-04-12,113.6351,115.1264,113.6257,114.2675,5666000
2018-04-13,114.8904,115.5889,113.8711,113.9655,9174300
2018-04-16,115.2490,115.9663,114.6828,115.0320,6903200
2018-04-17,116.0041,117.2783,115.6360,116.8441,5979600
2018-04-18,117.0895,117.8540,116.4477,117.4859,5171000
2018-04-19,117.3255,117.7124,116.2306,116.9951,7294100
2018-04-20,117.0895,117.8068,116.3816,117.2216,7479400
2018-04-23,117.3160,117.9484,116.9385,117.4670,8004300
2018-04-24,117.8540,118.0144,113.7767,114.4562,9434400
2018-04-25,114.3336,114.5318,112.6630,114.3996,8001200
2018-04-26,118.1088,120.4211,116.8252,119.9398,14345800
2018-04-27,119.3358,119.9209,118.3448,118.9299,6842700
2018-04-30,119.6189,120.7137,119.5434,119.7510,8449200
2018-05-01,119.7322,120.4023,118.4580,120.3456,6407300
2018-05-02,120.6949,120.9025,118.9205,119.2792,8515300
2018-05-03,118.7412,120.2985,118.2787,120.0342,6778600
2018-05-04,119.2320,121.1479,118.9866,120.9592,5798400
2018-05-07,121.1856,122.2427,121.0441,121.9973,5737300
2018-05-08,121.8841,122.6674,121.1007,122.6014,5044700
2018-05-09,122.7052,123.6396,122.3088,123.4886,6119400
2018-05-10,123.9132,124.3474,123.3753,123.6395,6585800
2018-05-11,123.6396,124.6683,122.9128,124.4135,5437100
2018-05-14,124.9892,125.0553,123.3281,123.8377,5017000
2018-05-15,123.2243,124.0171,122.6014,123.7339,5532300
2018-05-16,123.7245,124.0171,123.2054,123.5358,5124200
2018-05-17,123.4412,123.6492,122.5242,122.8267,4911700
2018-05-18,122.5337,123.2143,122.0138,122.8267,6082700
2018-05-21,123.7910,124.3204,122.8835,123.5168,5591800
2018-05-22,123.8383,124.5756,123.3656,123.5641,6645500
2018-05-23,122.9497,124.6985,122.7039,124.6702,6569100
2018-05-24,124.6134,124.9821,123.3656,124.6796,6035200
2018-05-25,124.6702,124.8781,123.7721,124.1030,7509600
2018-05-29,123.2616,123.8855,122.0043,122.5999,10401900
2018-05-30,123.0820,123.9328,122.7700,123.4980,10631300
2018-05-31,123.5073,124.3865,122.8740,123.5735,11086000
2018-06-01,124.6323,125.2657,123.2332,123.6965,8323400
2018-06-04,124.7269,126.2677,124.2447,125.7951,7178000
2018-06-05,126.0881,126.3150,125.4453,126.2583,6198200
2018-06-06,126.6742,128.8579,126.3055,128.8295,8065800
2018-06-07,128.9052,129.1132,125.7762,126.5230,8309200
2018-06-08,126.1448,127.5439,125.9463,127.3738,5261000
2018-06-11,127.5250,127.7991,126.4946,126.5891,7988700
2018-06-12,126.7120,127.7424,126.2393,127.4872,5743300
2018-06-13,127.7897,128.3474,126.9673,127.0523,4881600
2018-06-14,127.5818,128.2813,127.3833,127.6196,6464100
2018-06-15,127.7141,128.3096,126.6742,127.7141,10044500
2018-06-18,127.0240,128.8580,126.7877,128.7540,8713300
2018-06-19,127.2036,127.8464,126.2677,127.7235,6557600
2018-06-20,128.1111,129.2171,128.0922,128.0922,7192000
2018-06-21,127.8748,128.6783,126.9200,127.1752,8689800
2018-06-22,128.1868,128.4231,126.9200,127.9315,6031900
2018-06-25,127.5345,127.5345,122.4486,123.7720,10086200
2018-06-26,124.8875,126.4757,124.4149,125.3035,7733900
2018-06-27,125.7383,126.3528,123.8477,123.8571,7282100
2018-06-28,123.8383,125.8424,123.5074,125.4831,6576500
2018-06-29,125.9936,126.8539,125.2090,125.2090,7259000
2018-07-02,124.7457,125.7762,123.9800,125.2562,7554400
2018-07-03,125.7383,126.1165,124.2353,124.2636,3621600
2018-07-05,124.9065,126.0409,124.6229,126.0030,4729300
2018-07-06,126.2772,126.9389,125.2562,126.7593,4839800
2018-07-09,127.5629,128.5366,127.4211,128.1112,8960700
2018-07-10,128.1584,129.8222,127.9410,129.2172,6561900
2018-07-11,129.1605,131.2213,129.1321,130.5974,10648700
2018-07-12,131.4103,132.2989,131.0795,132.2517,11816100
2018-07-13,132.1477,132.3746,130.0207,131.7980,7865700
2018-07-16,131.7980,131.9208,130.6068,130.8904,4969900
2018-07-17,130.6257,132.2611,129.9073,132.0059,5412600
2018-07-18,132.2611,133.4522,131.7507,133.1970,7008600
2018-07-19,133.2443,133.2821,132.2800,132.4691,7937000
2018-07-20,132.3462,133.7358,132.2706,133.2821,7153600
2018-07-23,132.9702,133.2632,132.0059,132.3746,7723600
2018-07-24,133.2821,133.7359,131.8830,132.3746,8336700
2018-07-25,132.6676,134.9648,132.2517,134.8419,8376000
2018-07-26,133.8682,134.9837,131.9019,134.7095,10520800
2018-07-27,135.2579,135.3146,131.5994,133.0174,7014900
2018-07-30,132.4691,132.7432,127.9126,129.0186,12812400
2018-07-31,129.6331,130.4745,128.2151,129.2644,7683300
2018-08-01,130.2098,131.1551,129.8978,130.6919,7087700
2018-08-02,129.9357,131.5805,129.5103,131.3253,12300000
2018-08-03,131.6751,132.2139,130.3989,132.1761,4617500
2018-08-06,132.0154,132.5920,131.4482,132.0721,5143000
2018-08-07,132.3273,132.9985,132.2233,132.6109,10034500
2018-08-08,132.3273,133.2821,132.1855,132.9890,5389500
2018-08-09,133.0363,133.5184,132.2517,132.3557,5679300
2018-08-10,132.2328,133.0458,131.6372,132.0910,6523500
2018-08-13,132.8472,133.5184,132.1855,132.5447,4817500
2018-08-14,132.6298,133.2821,132.2328,133.0647,5888700
2018-08-15,132.6771,132.9985,131.2496,132.2706,5288400
2018-08-16,133.5582,133.9558,132.9428,133.1605,5931700
2018-08-17,133.2837,134.1641,133.0848,133.8044,7699600
2018-08-20,134.0032,134.0600,133.2079,133.4351,4662200
2018-08-21,133.4919,133.9274,132.3558,132.5830,6854300
2018-08-22,132.4031,133.9937,132.4031,133.6244,4191700
2018-08-23,133.5014,134.8647,133.2741,134.5333,4426800
2018-08-24,134.7416,136.6919,134.7416,136.5215,5714000
2018-08-27,137.2694,137.8469,137.0043,137.6576,7194900
2018-08-28,137.8754,138.3866,137.1558,137.4682,4925700
2018-08-29,137.7144,139.4564,137.6765,139.2008,5192900
2018-08-30,139.0020,139.8446,138.5665,138.9262,7804600
2018-08-31,138.9262,139.7783,138.6990,139.0683,5786600
2018-09-04,139.1061,139.9866,138.8600,139.9298,7638100
2018-09-05,139.1724,139.9487,134.9593,135.0729,11363400
2018-09-06,135.6599,136.9949,134.9499,136.8055,9589200
2018-09-07,136.3227,136.7487,135.1487,135.5748,13626200
2018-09-10,136.4553,136.7487,135.5842,136.4079,5362700
2018-09-11,135.8209,137.7712,135.6221,137.7428,9895900
2018-09-12,138.0836,138.9830,137.3452,138.7653,6964100
2018-09-13,139.3144,140.1854,139.2576,139.7689,5803400
2018-09-14,140.0339,140.4694,139.5037,139.9676,4928300
2018-09-17,139.9583,140.0245,138.0647,138.3961,7708600
2018-09-18,138.4150,140.2044,138.1783,139.7689,5692100
2018-09-19,140.3842,140.8955,139.4091,139.5700,7432300
2018-09-20,140.1097,141.5298,139.3617,141.2931,7172700
2018-09-21,141.9653,142.2588,141.3973,142.0600,15628100
2018-09-24,141.2174,141.6813,139.4280,141.1700,6706700
2018-09-25,141.7381,141.9748,141.1606,141.6150,4230700
2018-09-26,142.0127,142.4103,141.1038,141.3216,5852400
2018-09-27,141.9180,142.6186,141.5961,142.0316,5868500
2018-09-28,141.8328,142.3629,141.5866,142.0979,6035900
2018-10-01,142.8552,143.4895,142.5901,142.7605,9802100
2018-10-02,142.8079,142.8079,141.2268,141.7002,8047500
2018-10-03,142.6848,142.6848,141.2458,141.4162,7521100
2018-10-04,141.2363,141.3310,138.3203,138.9451,9208900
2018-10-05,138.8316,139.5606,136.7108,137.6197,7085700
2018-10-08,137.2884,137.2884,132.7156,134.3345,11637300
2018-10-09,133.9274,135.6599,133.6055,134.7321,10798000
2018-10-10,134.9783,135.0919,128.0102,128.3037,15450100
2018-10-11,126.9498,129.9321,125.2173,126.6090,15657200
2018-10-12,131.1061,133.4730,130.1120,132.6020,12993300
2018-10-15,132.4504,132.6019,129.9132,129.9226,7953000
2018-10-16,131.3238,134.5712,131.2954,134.1925,11059500
2018-10-17,134.7605,135.2528,133.2362,134.8646,9170600
2018-10-18,134.8742,134.8742,130.6043,131.8729,10222600
2018-10-19,132.4504,134.6185,131.9581,132.6209,8696900
2018-10-22,133.4635,134.0031,132.0812,133.1511,6099500
2018-10-23,129.6007,132.5830,128.3700,131.7120,10736100
2018-10-24,132.2612,132.7156,126.8647,127.1108,13849600
2018-10-25,128.2374,133.3972,125.4445,133.0375,14985900
2018-10-26,130.6327,132.4221,128.8150,130.4055,12034900
2018-10-29,132.1759,133.9747,125.2268,127.1771,12768200
2018-10-30,125.9937,127.6789,122.8788,125.6907,15107600
2018-10-31,127.8019,131.7120,127.8019,130.5097,13205300
2018-11-01,131.5983,133.3688,130.1688,133.3309,16024000
2018-11-02,133.5961,133.9180,130.5097,132.3369,17063100
2018-11-05,132.3558,132.7440,130.7179,132.3558,6280000
2018-11-06,132.3558,133.4067,132.2801,133.2931,4732700
2018-11-07,134.7605,137.1842,134.7416,137.0706,20502100
2018-11-08,136.9002,137.7144,136.0008,137.4966,5927400
2018-11-09,136.5215,136.8718,134.7795,136.2659,8339800
2018-11-12,135.7830,135.9913,131.7593,132.2800,11335100
2018-11-13,132.8765,134.3440,131.6078,132.2800,6287000
2018-11-14,134.4575,135.0067,131.0398,132.0623,6613900
2018-11-15,131.6924,134.5947,130.8198,134.5283,8565000
2018-11-16,133.1815,134.5283,132.7073,132.9539,8628000
2018-11-19,133.2289,133.3237,127.3295,127.8132,16253000
2018-11-20,123.5926,127.5951,122.8623,126.4949,12720200
2018-11-21,127.4339,128.7807,126.7415,127.4908,7416300
2018-11-23,125.7551,127.3295,125.6603,126.0207,3676000
2018-11-26,127.6615,129.4825,127.3295,128.9324,9144600
2018-11-27,128.3064,129.2834,127.2062,128.9040,7877900
2018-11-28,130.0042,134.2438,129.8145,134.0920,11265100
2018-11-29,133.4376,133.4470,131.5596,131.9295,8751500
2018-11-30,131.8441,134.9266,131.4837,134.4050,11362800
2018-12-03,137.5254,138.2083,136.4347,137.5254,11285600
2018-12-04,135.7518,136.9089,131.3605,131.4932,13988900
2018-12-06,128.0788,133.8359,126.5993,133.7790,16391900
2018-12-07,133.5608,134.8033,128.9798,130.0421,14007700
2018-12-10,129.2264,131.1423,127.9081,130.7724,15744300
2018-12-11,132.7262,132.8306,128.9134,129.7576,12466300
2018-12-12,132.1192,133.6177,130.6491,130.6965,10387200
2018-12-13,131.1708,131.9580,129.1316,130.4499,8780900
2018-12-14,128.6953,129.6722,127.6141,128.1262,9351200
2018-12-17,127.2916,127.5002,123.9530,124.6264,11796200
2018-12-18,125.4706,127.2537,125.0059,125.8215,12761900
2018-12-19,126.0776,128.8660,122.8433,124.4936,13819000
2018-12-20,123.4504,125.2050,120.5956,122.1226,18091700
2018-12-21,120.6240,123.6116,116.6120,117.8545,25448600
2018-12-24,115.7869,118.7555,115.3316,115.4549,8617700
2018-12-26,116.6784,123.5263,116.6595,123.5168,13499500
2018-12-27,121.3922,125.2050,119.9980,125.2050,10883000
2018-12-28,126.2198,126.7320,122.9761,124.1902,7381300
2018-12-31,124.8920,125.6128,123.5167,125.1386,7976000
2019-01-02,123.2986,126.8458,122.9193,126.0681,8788000
2019-01-03,124.4463,124.5126,121.2879,121.5250,9428300
2019-01-04,123.7159,127.6520,123.4219,126.7605,11065800
2019-01-07,127.5192,130.0990,127.1304,129.0462,12928000
2019-01-08,130.8577,131.0664,128.9513,129.7480,9243000
2019-01-09,131.1707,132.2899,130.5258,131.2751,9987600
2019-01-10,129.7576,131.6640,129.3308,131.5217,12514900
2019-01-11,130.6491,131.4553,130.3266,130.9431,5860100
2019-01-14,129.9283,131.0095,129.6058,130.0326,8666700
2019-01-15,129.8998,130.6206,128.2780,130.2602,7594900
2019-01-16,131.2656,131.7114,130.0042,130.2602,7258000
2019-01-17,129.9093,130.8009,129.5489,130.2033,5864900
2019-01-18,131.1802,131.4553,129.5963,131.3604,10263500
2019-01-22,130.7914,132.3279,129.9188,130.9337,8102300
2019-01-23,131.6165,131.8157,129.1316,129.9472,5465800
2019-01-24,130.0421,131.1897,129.4825,130.6016,4924800
2019-01-25,131.8347,132.6883,130.6017,131.5217,9756300
2019-01-28,130.4215,130.4215,127.8606,128.9798,9857200
2019-01-29,129.5489,129.6438,127.1968,128.0409,7457700
2019-01-30,129.0841,130.7913,128.5245,130.5068,8078100
2019-01-31,127.4623,128.7332,126.4285,128.0504,20095700
2019-02-01,128.4108,133.1151,128.2875,132.9254,13248300
2019-02-04,132.5840,134.2248,132.0054,134.2058,11882700
2019-02-05,134.6800,135.5810,134.5188,135.1827,8455700
2019-02-06,134.6421,135.0784,133.7790,134.1964,6146900
2019-02-07,132.7073,133.7885,132.0339,132.9444,10675300
2019-02-08,131.5407,133.1625,131.3795,133.1436,5950700
2019-02-11,133.9782,134.9551,133.2099,133.5419,7600100
2019-02-12,134.4809,135.4388,133.9687,134.6706,6090000
2019-02-13,135.5241,137.2408,135.5052,136.0932,6885600
2019-02-14,135.8461,136.3212,135.2951,136.0172,6314000
2019-02-15,137.3379,137.6799,136.6443,137.6799,6536000
2019-02-19,137.2143,137.6514,136.8343,137.2334,8406700
2019-02-20,137.1479,137.6134,136.3593,137.5089,5283100
2019-02-21,137.1479,137.7939,136.0362,136.8153,8573400
2019-02-22,137.2144,138.9816,137.2144,138.5920,9680800
2019-02-25,139.5801,139.8556,138.5350,138.7725,9731200
2019-02-26,137.9554,140.0456,137.7844,139.7036,7332500
2019-02-27,139.1906,140.1312,138.6395,139.8746,9731200
2019-02-28,139.9127,141.3949,139.8842,140.7298,6250200
2019-03-01,142.0029,142.4494,140.9768,142.0124,7016800
2019-03-04,142.5825,142.6965,139.6181,140.5778,6979700
2019-03-05,140.6157,141.8414,140.4542,140.5682,9678600
2019-03-06,140.6157,141.1098,140.0646,140.4352,8186400
2019-03-07,139.9126,140.4352,138.7535,139.5041,8761700
2019-03-08,138.1835,140.1217,137.2904,139.9982,5168100
2019-03-11,140.7203,143.4376,140.6348,143.1525,9361500
2019-03-12,143.4661,145.4993,143.3426,144.1597,9465100
2019-03-13,144.7012,146.3544,144.4542,144.8627,8308900
2019-03-14,144.9482,146.9720,144.7012,146.5064,9364900
2019-03-15,146.0504,148.9957,145.7083,147.7036,20162000
2019-03-18,148.1405,148.6061,146.7154,147.2284,9689400
2019-03-19,148.1691,148.1691,146.4494,146.8769,9236100
2019-03-20,146.6394,147.1430,145.0908,146.0789,6391400
2019-03-21,145.6703,148.8627,145.6608,148.0266,7027100
2019-03-22,147.2570,147.9125,145.2237,145.4328,8119800
2019-03-25,144.7582,146.3734,143.9791,145.3948,7568000
2019-03-26,146.0979,147.8365,146.0979,147.5515,15594400
2019-03-27,147.7130,148.0836,145.7083,146.5254,12253800
2019-03-28,147.2000,147.3425,145.9458,146.9529,16902200
2019-03-29,147.9601,148.4921,147.2000,148.3971,12164400
2019-04-01,149.6703,149.8603,148.7392,149.4137,6420100
2019-04-02,149.7938,150.2593,148.9292,149.9078,6215100
2019-04-03,150.6394,151.1714,149.9743,150.5539,8209300
2019-04-04,150.6203,150.7723,148.7201,149.7747,5100200
2019-04-05,150.1168,150.7153,149.3852,149.7842,4178300
2019-04-08,149.6893,149.9743,148.5206,149.8793,5604700
2019-04-09,148.7486,150.1073,148.6631,149.6322,6364100
2019-04-10,150.1073,150.8579,149.6608,150.6489,3918600
2019-04-11,151.1714,151.3519,149.5847,149.9838,5771400
2019-04-12,150.7914,151.6750,149.9838,151.6750,6745100
2019-04-15,151.8555,152.4730,151.2474,152.4350,8142800
2019-04-16,153.0051,153.0621,151.5895,152.2355,6021400
2019-04-17,152.8436,153.0336,152.3115,152.4350,4609100
2019-04-18,152.9006,153.0622,151.0669,152.1691,7859400
2019-04-22,151.2569,152.4731,151.1334,152.3970,4602600
2019-04-23,152.9671,153.8032,151.8935,153.5942,6522900
2019-04-24,153.6797,153.9457,152.6346,153.4327,7376500
2019-04-25,152.5110,153.5372,150.6393,152.9861,8862500
2019-04-26,153.2142,154.8958,152.3971,154.8008,7525400
2019-04-29,155.0668,156.2924,154.9623,155.9599,10003600
2019-04-30,156.7486,157.4326,155.7414,156.2260,6432700
2019-05-01,157.2806,157.4706,154.6298,154.6678,5248100
2019-05-02,154.0122,154.9433,152.4255,153.0811,6054900
2019-05-03,154.2022,154.6203,153.1381,153.9552,4317500
2019-05-06,150.3163,154.5348,150.3068,154.1832,10442400
2019-05-07,152.9196,153.7082,150.7628,152.2165,6413600
2019-05-08,151.7985,153.6322,151.5610,152.7391,5445900
2019-05-09,150.9339,151.8745,149.3282,151.8365,6813700
2019-05-10,150.9339,153.3471,149.4232,152.6916,5192500
2019-05-13,149.3472,150.8009,148.6156,149.4802,9730000
2019-05-14,150.2118,153.4612,150.0598,152.2165,9756700
2019-05-15,151.3709,155.0193,151.1619,154.6678,7547000
2019-05-16,155.5338,157.5796,154.9723,156.8850,9745500
2019-05-17,155.3815,157.1990,155.2958,156.1427,4582500
2019-05-20,155.4386,156.7613,154.4680,155.5528,4747400
2019-05-21,156.6090,156.8754,155.2863,155.9238,9095700
2019-05-22,155.6765,157.6081,155.5337,156.2855,5416400
2019-05-23,155.5813,156.2950,153.0311,153.6877,6138000
2019-05-24,154.8676,155.4957,153.8875,154.7630,4105600
2019-05-28,155.4862,157.7414,155.4196,155.7812,10202300
2019-05-29,155.3910,155.5813,153.6592,154.8486,6456000
2019-05-30,154.9152,155.5813,154.0969,154.8772,4750600
2019-05-31,153.1167,154.2777,152.7837,153.5164,5079000
2019-06-03,153.7162,154.9438,149.1582,150.9186,8034600
2019-06-04,152.5267,154.5060,150.9662,154.4679,6684800
2019-06-05,155.5813,157.3893,154.8105,157.3797,7769300
2019-06-06,157.8460,159.2924,156.9515,158.8356,13738500
2019-06-07,159.8634,163.2985,159.6731,161.8141,10528800
2019-06-10,163.5174,163.6886,162.2518,162.5468,7565900
2019-06-11,163.6220,163.8409,160.2630,162.0615,6082900
2019-06-12,162.1281,163.3080,161.4810,163.2794,6772000
2019-06-13,163.8028,163.8599,160.5485,161.1479,6901400
2019-06-14,161.5476,162.3755,160.6627,161.4430,4999900
2019-06-17,161.5096,162.1662,160.8435,161.3478,6410200
2019-06-18,162.3850,162.4040,159.4351,161.0813,6969300
2019-06-19,161.1861,162.9084,161.0148,162.4231,6323900
2019-06-20,164.1549,165.5157,163.4317,165.3253,11474100
2019-06-21,164.8781,166.3435,164.7734,165.0399,11728200
2019-06-24,166.1437,166.2674,164.3548,165.4301,5554900
2019-06-25,166.3435,166.4672,162.3279,162.9845,9899900
2019-06-26,163.0891,164.0407,162.5467,162.7751,7129900
2019-06-27,163.7838,164.0503,162.0710,162.9369,5873400
2019-06-28,163.6316,165.1446,162.2613,165.1446,8442700
2019-07-01,166.8384,167.0382,164.3738,165.5157,6103200
2019-07-02,165.6679,166.8288,164.9067,166.7908,5238100
2019-07-03,167.4759,168.4180,167.2095,168.3038,4066600
2019-07-05,167.3427,168.4560,166.0581,168.1039,5840400
2019-07-08,167.7613,168.0563,166.9049,167.6567,6720300
2019-07-09,166.9335,169.2744,166.8098,169.1221,4894300
2019-07-10,169.9309,171.5296,169.9309,170.6256,5110600
2019-07-11,171.3963,172.1766,170.7683,171.9863,6986600
2019-07-12,172.5668,172.5668,170.2545,171.5962,7196700
2019-07-15,171.8150,172.3004,171.2251,171.8246,4490400
2019-07-16,171.6342,172.1195,170.0737,170.6256,6800200
2019-07-17,170.8635,171.4820,170.3401,170.4733,3994200
2019-07-18,169.9785,171.8721,169.9309,171.7865,4736300
2019-07-19,173.0330,173.0330,170.4638,170.5590,5327100
2019-07-22,170.9396,172.2147,170.4638,171.8246,4862100
2019-07-23,172.1291,172.4907,170.3877,172.1386,7193000
2019-07-24,172.0339,174.5461,170.5685,174.4509,8169300
2019-07-25,174.9647,175.0789,172.5192,172.7952,6085800
2019-07-26,173.5755,174.9172,173.3852,174.7935,5056300
2019-07-29,174.9838,175.1550,173.8799,174.3367,4621800
2019-07-30,173.6992,174.4985,172.4907,172.7381,5236600
2019-07-31,172.9855,173.2329,167.5330,169.3790,7981200
2019-08-01,170.5114,173.5659,169.5408,170.4924,8417300
2019-08-02,169.3790,169.6360,166.2293,168.8271,8264600
2019-08-05,163.6791,165.0970,158.8927,160.6817,16858300
2019-08-06,163.4698,164.5736,161.8902,164.1264,10281300
2019-08-07,163.1938,167.2190,162.0900,166.8288,8292800
2019-08-08,168.8652,171.2346,168.0183,171.1870,7602800
2019-08-09,170.9682,171.3774,169.2363,170.3782,5373700
2019-08-12,168.8461,169.9975,167.0952,167.7994,7394400
2019-08-13,165.9439,170.2545,165.7726,169.9595,6667700
2019-08-14,167.7043,168.6653,164.7734,165.1065,7293500
2019-08-15,166.0594,168.6895,165.3543,167.9748,6698000
2019-08-16,169.6234,170.3381,168.8611,169.8426,8312200
2019-08-19,171.9295,171.9295,169.7378,171.2816,5285000
2019-08-20,170.9861,172.1297,170.0904,170.8051,3793600
2019-08-21,172.1868,173.1398,171.7580,172.4251,3695900
2019-08-22,173.3875,173.7497,170.2047,171.6151,6659900
2019-08-23,171.1005,172.0058,166.0404,166.9838,7051900
2019-08-26,168.1082,169.3089,167.0981,169.2327,7754400
2019-08-27,169.9284,170.7574,168.6133,169.9856,4022100
2019-08-28,168.6610,170.5669,167.7462,170.2619,4401900
2019-08-29,171.9105,172.8539,170.8718,172.6443,4679200
2019-08-30,173.4257,173.6067,171.2148,172.3107,4061200
2019-09-03,172.0248,172.7205,170.6716,170.7669,4644000
2019-09-04,172.3869,173.6257,171.5769,173.2160,4154800
2019-09-05,175.0837,176.9420,174.7502,176.0367,6386800
2019-09-06,176.0463,177.9236,175.8652,176.9992,7990900
2019-09-09,178.1237,178.2476,171.0624,173.0064,7290500
2019-09-10,170.9671,171.2434,165.6306,168.0511,15255200
2019-09-11,169.0516,169.5567,166.2405,166.7455,9113600
2019-09-12,168.5276,170.9671,168.3656,169.6044,7748800
2019-09-13,170.2428,170.3572,167.7366,168.9277,6103200
2019-09-16,167.8795,168.8611,167.2506,167.8224,4253600
2019-09-17,168.5085,169.8712,166.8027,168.1464,5924700
2019-09-18,168.7562,168.8420,164.6967,167.0409,9542500
2019-09-19,167.9081,169.0612,167.3459,167.6794,6964500
2019-09-20,169.0517,169.2709,165.7640,165.8689,12820400
2019-09-23,164.7635,167.0029,164.6586,166.6789,8803500
2019-09-24,167.8224,168.8611,165.2399,166.2691,10039900
2019-09-25,165.6211,167.4030,164.2774,167.0314,7797300
2019-09-26,167.3840,168.1464,166.3930,167.3840,10419000
2019-09-27,168.3846,168.5085,164.2489,165.8117,9212600
2019-09-30,165.9736,167.1934,163.9153,163.9153,16464000
2019-10-01,164.8778,166.5931,164.6872,166.0880,8146200
2019-10-02,164.5157,164.8016,160.6563,161.8379,10596200
2019-10-03,161.9141,164.9921,160.6944,164.7348,7242800
2019-10-04,166.4597,168.2131,166.2310,167.6985,6027600
2019-10-07,166.4406,167.4221,165.6211,166.6693,5248300
2019-10-08,165.4019,166.4215,163.7914,164.3060,5336500
2019-10-09,165.9165,167.7080,165.4686,166.6503,6277300
2019-10-10,165.7068,167.6222,165.4210,166.6503,4762400
2019-10-11,168.5466,170.7670,168.5276,168.7277,8754400
2019-10-14,169.0326,170.0141,168.7753,169.0135,7240900
2019-10-15,169.7473,170.9861,169.1946,170.3382,4400200
2019-10-16,169.5472,169.8712,167.9749,169.4996,6509000
2019-10-17,170.4715,170.7574,169.1469,169.5662,4887900
2019-10-18,169.5282,169.8141,166.3358,167.4413,6311900
2019-10-21,167.7175,168.4132,166.3930,168.1273,4898200
2019-10-22,168.6705,169.4233,162.7432,162.8194,10094700
2019-10-23,162.9433,164.0678,162.1714,163.2578,7122300
2019-10-24,165.2589,168.5466,165.2399,167.8700,7872600
2019-10-25,166.6979,170.7193,165.3352,169.4805,10130100
2019-10-28,170.5097,171.7009,169.9570,171.3769,10086500
2019-10-29,171.3387,171.5293,169.0231,169.2708,7572800
2019-10-30,169.4233,170.9766,168.0892,170.8146,5374800
2019-10-31,170.8146,171.2434,169.6330,170.4430,6830800
2019-11-01,171.6532,172.7872,171.1100,172.4156,7000200
2019-11-04,173.5114,173.8163,170.3953,170.5287,7154800
2019-11-05,170.6431,171.1100,166.9361,168.0701,7447500
2019-11-06,168.0701,169.8045,167.8509,168.4513,6992500
2019-11-07,169.0040,172.1487,168.5275,170.0332,7227200
2019-11-08,169.9856,171.0052,169.4329,170.5478,3894100
2019-11-11,170.0999,171.8724,169.8141,171.0910,3617300
2019-11-12,171.4721,172.5394,170.4620,171.2816,6118700
2019-11-13,170.9575,172.3679,169.5281,170.9671,6138300
2019-11-14,170.8621,171.5971,169.9648,171.5780,9811000
2019-11-15,171.8453,172.4657,170.9384,171.5971,7808800
2019-11-18,171.4062,172.1221,170.8430,171.4921,7173700
2019-11-19,172.1889,174.6611,172.0075,174.4607,8549900
2019-11-20,174.0216,174.8902,172.1507,173.4011,6040500
2019-11-21,172.9334,173.5443,171.1675,171.7116,5112200
2019-11-22,171.9407,172.2653,170.2417,171.3107,6865600
2019-11-25,172.1984,173.1052,171.9216,172.7425,5457800
2019-11-26,173.2102,174.6038,172.9716,174.2507,7079000
2019-11-27,174.6802,176.1502,173.9739,175.9880,11452700
2019-11-29,175.5679,176.4461,175.0239,176.1216,3139100
2019-12-02,175.8638,175.9879,171.6925,173.5252,6883200
2019-12-03,171.7212,173.8593,171.4921,173.6302,4543300
2019-12-04,174.3557,174.3557,172.2652,172.3893,10650400
2019-12-05,173.0098,173.7543,171.8835,173.6207,4638600
2019-12-06,174.4321,174.9475,173.0957,173.8880,14526700
2019-12-09,173.6302,174.9284,173.0575,174.6039,10233100
2019-12-10,174.2507,174.8234,173.6302,173.9738,8625700
2019-12-11,174.7471,174.7566,172.9525,173.7352,7138800
2019-12-12,173.4012,174.9952,172.6089,174.3366,11192100
2019-12-13,174.2030,177.0857,173.7639,176.7229,8558100
2019-12-16,177.8588,178.3266,177.3243,177.7729,8249900
2019-12-17,178.0211,178.2884,175.7302,177.0857,10208700
2019-12-18,177.0856,177.9638,176.4938,176.4938,8968500
2019-12-19,176.1120,178.0975,176.1120,178.0593,5854200
2019-12-20,179.0711,179.6152,177.8302,179.4529,11259500
2019-12-23,179.5961,179.8443,178.4984,178.5747,5831700
2019-12-24,178.5938,179.4720,178.4125,179.0425,2420900
2019-12-26,179.3479,180.5792,179.1665,180.5602,5237000
2019-12-27,181.1138,181.2569,179.9015,180.7797,5448600
2019-12-30,180.7033,180.8656,178.6129,179.2906,4833600
2019-12-31,178.5556,179.4529,178.0593,179.3575,5273000
2020-01-02,180.4075,182.4502,180.1402,182.4311,8733000
2020-01-03,179.8443,182.2783,179.3765,180.9802,4899700
2020-01-06,179.4529,180.6079,178.6511,180.5888,10109500
2020-01-07,180.9706,181.4574,180.0256,180.1115,4392300
2020-01-08,180.8752,183.7483,180.2166,183.1947,5712000
2020-01-09,184.2256,185.1038,183.7674,184.4642,6748000
2020-01-10,184.7028,185.7242,184.3306,184.9606,6586400
2020-01-13,185.6001,186.7074,185.4474,186.4496,11290500
2020-01-14,187.7956,187.9960,186.2683,187.1369,6236500
2020-01-15,188.0437,191.0505,187.3946,190.7164,10831100
2020-01-16,191.8619,192.3391,190.6973,191.8141,9983700
2020-01-17,192.5873,195.4414,190.8883,195.3937,12518900
2020-01-21,194.8496,198.9159,194.5346,197.8659,14861700
2020-01-22,198.0759,200.5768,197.8659,198.4482,8065000
2020-01-23,198.4482,198.9255,195.9664,197.1310,8520800
2020-01-24,197.9900,198.5341,194.9260,195.6801,7812900
2020-01-27,190.9074,194.0860,190.0483,192.5206,7198900
2020-01-28,193.1887,194.5728,192.6065,193.6278,7215700
2020-01-29,195.0119,196.5583,193.3033,195.5464,7041700
2020-01-30,194.7255,199.0209,194.0764,198.7441,8571900
2020-01-31,192.3296,194.7064,189.2465,189.9242,16699600
2020-02-03,190.8501,193.0646,190.7642,191.6805,10885900
2020-02-04,194.2482,195.6037,193.0360,194.3055,10205900
2020-02-05,196.1573,196.2528,190.8596,193.5896,8672400
2020-02-06,193.8187,195.3269,193.2746,193.8091,7001200
2020-02-07,192.7974,194.5633,191.9478,193.5228,5691100
2020-02-10,192.7878,196.7587,192.6828,196.6250,6239500
2020-02-11,198.0664,198.2286,194.3818,194.6682,10231900
2020-02-12,195.6800,198.6868,195.6800,198.0091,7355800
2020-02-13,197.5120,199.2805,196.9672,198.2577,9495300
2020-02-14,199.1084,201.4887,198.8408,201.0202,6548800
2020-02-18,200.7431,202.1769,200.1313,201.8902,7651500
2020-02-19,203.1520,204.7292,202.3872,203.9071,5927500
2020-02-20,202.7792,204.2704,199.0989,202.1291,8531900
2020-02-21,200.6475,200.9534,198.2768,199.6055,9231500
2020-02-24,189.1668,194.7876,185.4579,190.0271,13316800
2020-02-25,190.0272,191.0787,179.4452,180.0952,18539000
2020-02-26,181.6246,184.9799,178.7855,178.9576,14214700
2020-02-27,174.0920,178.1260,172.0655,172.0750,17536600
2020-02-28,166.1292,174.2928,165.3549,173.7479,22659000
2020-03-02,178.1069,183.9571,175.0288,183.8519,17434500
2020-03-03,184.6836,185.4865,176.3671,177.5429,15226400
2020-03-04,181.9688,185.9168,177.9635,185.7256,10789100
2020-03-05,182.8100,183.4600,177.4568,178.7186,10106900
2020-03-06,175.4494,177.7914,172.0464,176.2333,15183200
2020-03-09,163.6629,171.6544,160.8907,163.5864,20486400
2020-03-10,171.5588,174.5604,164.3034,174.5508,16119400
2020-03-11,169.8191,170.8515,162.6975,165.3262,14598200
2020-03-12,151.5132,164.4181,150.0697,153.0235,27467700
2020-03-13,161.2827,168.5477,155.0597,168.0793,19948900
2020-03-16,144.4776,158.0230,141.4569,145.3093,23692000
2020-03-17,148.8844,156.4840,142.6709,150.9301,22298000
2020-03-18,141.9158,144.0379,133.6375,141.9349,22787500
2020-03-19,140.4436,150.3183,135.2339,145.5387,19362800
2020-03-20,147.9955,151.2838,139.2488,140.3577,18692100
2020-03-23,135.1001,137.0310,128.0263,129.7565,30344100
2020-03-24,138.4553,148.4065,137.2509,147.7182,24488300
2020-03-25,152.2971,160.7665,146.8101,154.6486,20619600
2020-03-26,154.9354,162.0570,154.6581,161.4356,17062900
2020-03-27,153.9794,159.7341,151.1786,154.4383,14950700
2020-03-30,153.9412,158.5583,153.6066,158.2715,15714500
2020-03-31,159.0936,160.7761,153.4633,154.0177,20613100
2020-04-01,149.4293,151.1022,144.7453,146.3608,12595200
2020-04-02,145.8063,151.3698,144.6210,150.4521,14051100
2020-04-03,148.7028,150.7676,143.9615,145.1564,11994700
2020-04-06,152.9662,163.2041,151.2742,161.9710,16479100
2020-04-07,169.9242,170.9183,160.6900,161.1584,15379000
2020-04-08,163.4717,168.2418,160.5275,167.2285,11146500
2020-04-09,168.4999,169.3793,165.2306,166.0336,12231800
2020-04-13,164.6666,164.7240,158.8260,161.5408,14043700
2020-04-14,165.4601,167.6969,163.2997,166.9226,9980500
2020-04-15,161.2635,161.8945,157.6788,158.6443,12118700
2020-04-16,159.7437,160.5944,152.7559,155.2604,20308200
2020-04-17,162.1716,163.4526,157.6788,162.0665,15375800
2020-04-20,159.9539,160.0495,156.0060,156.9810,10505200
2020-04-21,154.8589,155.4038,152.1345,153.4537,10562100
2020-04-22,157.4017,160.3077,155.7384,159.2466,14502500
2020-04-23,160.4797,162.8982,158.8833,159.0458,11411300
2020-04-24,161.0150,161.3114,156.7803,159.9444,8391400
2020-04-27,161.2158,164.7527,161.1202,164.1887,9903300
2020-04-28,167.2859,167.2955,162.8696,163.7012,8614400
2020-04-29,169.0543,174.2163,168.3374,173.7766,12862800
2020-04-30,173.7670,173.8148,169.8286,170.8419,11331600
2020-05-01,166.7601,171.7213,166.5880,167.8307,10109600
2020-05-04,165.3262,169.1403,164.1504,168.3852,9386200
2020-05-05,171.1955,173.1170,170.4021,170.5742,13513000
2020-05-06,171.7978,172.5530,170.0389,170.8992,8540500
2020-05-07,173.7383,176.8259,173.7001,174.6655,9262200
2020-05-08,176.8737,177.5620,175.5259,176.9311,6470100
2020-05-11,175.7648,176.4818,173.4324,175.4685,8683100
2020-05-12,175.4685,175.8796,171.4632,171.5588,8219700
2020-05-13,170.9173,173.3973,167.6043,169.5672,13377100
2020-05-14,168.4660,173.3589,166.4361,173.2153,9695100
2020-05-15,172.3344,176.3177,171.2716,175.6953,10785900
2020-05-18,180.0137,184.6386,179.5062,183.2502,11802200
2020-05-19,183.0203,186.2376,181.1915,181.3159,7446800
2020-05-20,184.8013,186.7068,184.2364,185.6248,9545600
2020-05-21,185.2801,185.3950,181.9479,182.5224,11338100
2020-05-22,182.8863,183.2405,181.1915,182.7522,5807600
2020-05-26,187.4824,187.9324,184.5715,185.0120,9662200
2020-05-27,186.0556,186.0556,180.5116,184.6290,7650300
2020-05-28,185.3184,189.8666,184.5237,186.0078,8352200
2020-05-29,186.2376,188.3824,185.0694,186.9462,10211900
2020-06-01,186.4387,187.5590,185.2993,186.0940,6011300
2020-06-02,187.6164,189.1293,186.6397,188.0186,8462100
2020-06-03,189.5889,189.7230,187.2622,188.5069,8879400
2020-06-04,187.6547,188.1144,184.9162,185.4142,7829800
2020-06-05,187.8653,191.2837,187.1759,191.1305,8561200
2020-06-08,191.1018,191.4656,188.7559,191.1209,7628100
2020-06-09,189.9337,193.1031,189.8188,190.6231,6892300
2020-06-10,191.4082,193.5913,190.4985,191.9635,8405300
2020-06-11,186.8504,188.0186,180.7319,180.8564,11974600
2020-06-12,185.9599,186.7164,179.8701,184.0928,11706300
2020-06-15,179.0562,184.3034,178.2998,183.6140,6752700
2020-06-16,188.4974,189.9528,183.6523,184.6864,11057200
2020-06-17,185.4333,187.0706,184.8588,185.3375,5968900
2020-06-18,184.4183,185.9982,183.9491,185.6727,5803200
2020-06-19,188.5261,188.7271,183.2406,184.0353,11483300
2020-06-22,183.8342,188.0186,183.1640,186.6781,6674500
2020-06-23,187.9133,191.6476,187.5015,189.5602,9866800
2020-06-24,188.6505,189.0910,182.5894,183.2788,9453100
2020-06-25,182.9820,185.9886,181.8330,185.7397,9936600
2020-06-26,184.8971,185.8833,181.0479,181.2298,11836000
2020-06-29,181.8426,183.3172,179.3435,183.2502,8020400
2020-06-30,183.3554,185.5194,182.0819,184.9641,9040100
2020-07-01,185.6152,187.0515,184.4758,185.5482,6394100
2020-07-02,187.6738,189.5123,186.7163,187.3579,6299300
2020-07-06,190.2879,190.7188,187.3675,189.3591,7292200
2020-07-07,188.4494,190.4506,185.5769,185.9503,7660100
2020-07-08,186.7930,187.2143,184.9162,186.7834,8368000
2020-07-09,186.7163,187.1855,181.8809,184.0449,8548200
2020-07-10,183.5087,184.6290,181.3926,184.3705,7674200
2020-07-13,185.3854,186.8983,180.6840,180.9904,8564100
2020-07-14,181.4500,185.2513,179.2285,185.1173,8003900
2020-07-15,186.9366,189.3687,186.2376,188.2005,7681100
2020-07-16,187.0323,187.3962,184.3417,185.2801,5064000
2020-07-17,186.5535,187.2621,184.9162,186.8025,6395000
2020-07-20,186.4674,191.0061,185.4429,190.0390,6985300
2020-07-21,191.5040,191.6667,187.3675,188.1335,7218700
2020-07-22,188.1335,190.5465,187.9133,190.4124,6823400
2020-07-23,190.0102,192.4135,188.0856,189.0431,6106700
2020-07-24,187.3579,189.0910,185.7876,186.8600,7160300
2020-07-27,186.8696,189.4070,185.9503,188.5452,5604700
2020-07-28,189.2921,190.9007,188.3538,188.3825,6897300
2020-07-29,184.8875,190.4411,184.8492,190.1443,9471300
2020-07-30,186.9079,188.2101,183.9587,185.8163,10499400
2020-07-31,186.1610,186.4195,181.3926,182.3118,14180800
2020-08-03,183.6523,185.1269,182.1299,182.5895,11405200
2020-08-04,183.0108,184.7439,182.0054,184.1215,8204000
2020-08-05,185.3375,189.7612,184.8970,187.7696,8876800
2020-08-06,187.6547,190.4698,186.5153,190.3262,7480300
2020-08-07,189.1963,189.5697,187.0036,188.0186,5654000
2020-08-10,188.0186,189.8858,187.0324,188.4303,5525400
2020-08-11,189.4165,194.2712,187.9994,189.3687,11549600
2020-08-12,190.5465,191.7242,189.8187,190.2975,5432500
2020-08-13,189.0412,191.7359,188.9453,189.4727,7014800
2020-08-14,188.9261,189.9427,187.7370,188.5713,5014400
2020-08-17,189.2042,192.2346,188.6384,191.2468,6256200
2020-08-18,191.7743,191.8894,188.7440,190.8441,6519900
2020-08-19,190.7578,194.5169,190.7386,192.7428,9467600
2020-08-20,191.6976,196.0513,191.4099,195.7732,8849200
2020-08-21,196.1088,196.7226,194.9964,195.7540,9998300
2020-08-24,196.5979,197.9788,196.2719,197.9405,6159600
2020-08-25,198.6885,199.6570,197.1062,199.5611,5828300
2020-08-26,199.5611,202.1503,198.7939,201.6325,7035200
2020-08-27,202.5435,203.4737,200.4721,202.3708,8619600
2020-08-28,203.3011,207.2904,202.5531,206.8589,7349800
2020-08-31,206.6959,207.0986,202.8792,203.2915,9326900
2020-09-01,203.5025,205.1136,202.4572,204.5957,5642900
2020-09-02,205.3437,208.4316,204.9985,207.5972,9863800
2020-09-03,206.1109,206.1109,198.5926,200.3859,11310200
2020-09-04,199.9351,201.8627,191.9373,196.2623,13243600
2020-09-08,192.5415,193.9511,191.0359,191.9085,14186900
2020-09-09,195.9650,197.8254,193.6635,195.6869,7532600
2020-09-10,196.4541,198.5062,192.2250,193.2703,7243000
2020-09-11,193.3087,194.1046,190.7482,192.4456,7439000
2020-09-14,195.0060,197.9404,194.8046,196.5691,11730500
2020-09-15,198.2665,199.6666,196.3677,196.9623,6328600
2020-09-16,198.2569,199.2255,196.5404,196.7130,6135000
2020-09-17,194.5265,197.1445,193.7114,196.8472,7474900
2020-09-18,197.0390,197.2788,193.4429,194.2964,9084100
2020-09-21,191.7071,192.9922,186.7109,189.3481,9656000
2020-09-22,189.9618,192.4743,188.7248,192.3305,7543100
2020-09-23,192.5607,192.8387,186.5863,187.3535,6310600
2020-09-24,187.1425,189.5591,185.2054,187.4973,9865300
2020-09-25,187.0178,190.0098,185.5698,189.1563,5496100
2020-09-28,192.3976,193.4429,191.6304,192.1003,5565300
2020-09-29,192.3497,194.0758,191.1893,191.2564,5513500
2020-09-30,192.6086,194.2293,190.7290,191.7647,9157600
2020-10-01,193.9128,196.7801,193.3662,195.0060,7234600
2020-10-02,191.7935,194.5073,191.2181,193.1936,6019700
2020-10-05,194.3923,195.2937,192.8004,195.1882,6090500
2020-10-06,195.7348,196.6842,191.5154,192.2250,5841100
2020-10-07,193.7114,194.4690,191.7839,194.1621,6713400
2020-10-08,195.6293,195.9170,193.9320,194.6512,3955600
2020-10-09,195.6293,198.5830,195.3225,198.1610,5562900
2020-10-12,198.4487,199.4364,197.2884,197.9309,6622700
2020-10-13,195.0348,196.7897,194.6991,195.9362,5621700
2020-10-14,196.3102,196.5595,192.8771,193.9032,5320000
2020-10-15,192.7620,196.3006,189.4919,191.3619,8885500
2020-10-16,191.7839,194.3347,191.2277,192.0428,6385900
2020-10-19,192.6086,192.8196,188.4371,188.8878,7449600
2020-10-20,189.4440,191.4674,188.6384,189.5878,7427000
2020-10-21,189.7126,192.1963,189.7126,190.2879,6067200
2020-10-22,191.1605,191.5729,187.7274,189.8659,4908200
2020-10-23,191.5538,191.6785,187.9768,189.8852,5877200
2020-10-26,187.9576,188.3603,182.8942,185.1478,12608700
2020-10-27,185.0807,185.7519,181.4558,182.2613,8690400
2020-10-28,176.4308,177.1213,171.9812,173.4484,17809500
2020-10-29,175.4910,179.3269,171.9812,177.2843,16820900
2020-10-30,175.1650,176.6609,171.8757,174.2539,10252900
2020-11-02,176.9390,179.2502,176.3445,177.1596,8057100
2020-11-03,179.1639,181.7531,177.5624,180.6119,6467900
2020-11-04,184.9752,188.8015,183.6710,186.0109,8102700
2020-11-05,190.2207,192.7428,189.1946,189.5303,7132100
2020-11-06,189.2522,191.4866,187.4110,190.3262,6180500
2020-11-09,205.8807,208.7192,203.5696,203.9532,17916900
2020-11-10,203.2436,205.2766,201.9106,204.5574,7943600
2020-11-11,203.4641,205.4876,202.9846,203.9724,5337200
2020-11-12,203.0600,204.1261,198.9398,200.0155,7302500
2020-11-13,201.6001,202.9159,199.0935,202.1476,6377500
2020-11-16,206.0757,206.5751,203.4441,204.2797,12083200
2020-11-17,202.2244,203.6938,201.2064,202.3685,7268800
2020-11-18,201.4176,202.7910,199.4488,199.6025,6977900
2020-11-19,199.0358,200.4669,197.3935,199.3528,5657200
2020-11-20,198.9302,199.8714,195.7416,195.8089,9653500
2020-11-23,196.5964,200.7262,196.5964,199.9194,6101900
2020-11-24,202.5030,205.3554,201.1104,201.3793,10110800
2020-11-25,201.3697,203.5594,200.6013,202.5414,6772900
2020-11-27,203.6074,203.6362,200.5437,202.6470,3512900
2020-11-30,201.2448,202.2052,198.4212,202.0227,7725500
2020-12-01,203.7322,205.2113,202.6854,202.8391,8047900
2020-12-02,202.6470,203.0311,200.2267,201.8594,9728900
2020-12-03,201.4753,202.7526,199.3912,199.8138,9203300
2020-12-04,201.4369,204.2989,200.2556,204.2605,5720100
2020-12-07,203.5786,206.0085,203.4153,204.2317,10624500
2020-12-08,201.6386,204.6927,201.5809,204.3469,8646200
2020-12-09,204.7887,205.0480,200.6781,201.2832,6251100
2020-12-10,200.2555,201.0143,199.0454,199.3912,10492000
2020-12-11,197.2303,198.6997,196.4043,198.0755,9227600
2020-12-14,199.6217,202.9351,198.7765,199.0454,11967700
2020-12-15,200.2844,201.1487,197.9986,200.1115,9796100
2020-12-16,200.2267,200.8510,198.9398,200.0251,7504400
2020-12-17,200.7262,203.3961,200.5821,202.8199,6517200
2020-12-18,202.6662,203.5882,201.5617,202.9447,13298200
2020-12-21,200.0251,201.4945,196.6828,200.7358,7576700
2020-12-22,200.1403,200.1499,197.4608,197.6913,7396200
2020-12-23,199.1223,199.1223,196.9902,197.1727,6523100
2020-12-24,198.4596,200.5533,198.4212,200.4380,3367900
2020-12-28,201.5425,205.0096,200.6781,204.2124,5816200
2020-12-29,206.1141,206.7192,205.0864,205.8836,6093400
2020-12-30,207.4490,211.6653,207.1129,209.7156,8875100
2020-12-31,209.7540,211.1178,207.6411,210.0710,5922200
2021-01-04,211.5308,211.5308,205.7587,209.1394,10318300
2021-01-05,207.7468,209.8117,205.1825,206.0180,6869700
2021-01-06,205.3361,207.6123,203.6746,204.2029,7206200
2021-01-07,203.7995,206.6999,203.7995,205.3457,10967900
2021-01-08,205.6914,207.5642,204.3277,206.9208,6513000
2021-01-11,205.4898,206.3542,204.0684,204.4622,7353100
2021-01-12,203.9339,204.3661,199.2567,200.5917,9331600
2021-01-13,201.1200,202.6470,200.3708,201.0623,6688500
2021-01-14,202.2340,202.8487,193.7440,193.8688,12887500
2021-01-15,193.5615,195.2134,192.4954,193.6095,8755000
2021-01-19,195.0117,196.0874,192.1497,193.6767,9772000
2021-01-20,194.9925,198.9878,194.2242,197.8545,12675700
2021-01-21,197.8930,198.9686,196.6444,197.0190,6513500
2021-01-22,195.9145,197.2015,193.8112,194.0225,7316200
2021-01-25,192.4090,193.6575,188.0007,193.0237,19282400
2021-01-26,193.7728,195.4343,193.0141,194.0129,9605300
2021-01-27,189.8159,191.7943,186.2815,187.2516,13772400
2021-01-28,192.0825,194.0033,190.3249,190.3729,11041300
2021-01-29,189.9888,195.0117,185.1771,185.5997,21503000
2021-02-01,187.4149,191.3237,187.2996,190.5074,12970700
2021-02-02,192.8988,196.2603,192.0825,194.5891,11305100
2021-02-03,195.0309,195.4535,193.0236,193.3886,13458600
2021-02-04,195.1942,201.3792,195.0597,200.9662,14534800
2021-02-05,201.6674,201.8114,200.3996,200.5053,10284000
2021-02-08,201.6866,202.3108,197.7585,198.6997,8637100
2021-02-09,197.6144,199.4104,195.6360,198.3443,7619400
2021-02-10,199.7369,199.7369,197.7873,198.2675,8467600
2021-02-11,199.4315,203.5292,199.2968,202.6346,8411100
2021-02-12,201.3841,203.0867,199.7681,201.9613,6911000
2021-02-16,202.6346,203.0097,199.4507,199.9797,9652700
2021-02-17,197.4403,200.3452,197.2479,199.6045,8373200
2021-02-18,198.0367,201.7111,197.1517,201.3745,7328600
2021-02-19,201.3649,201.5476,195.9974,196.9305,15011500
2021-02-22,195.7954,202.6249,195.3722,200.3837,8337700
2021-02-23,199.4987,205.7607,198.6811,204.0293,10571700
2021-02-24,204.2698,212.1285,203.2405,211.0704,12039000
2021-02-25,210.9357,212.0516,204.4814,205.6068,11404300
2021-02-26,205.8954,207.0112,202.7115,204.2986,11730000
2021-03-01,206.7804,209.5025,206.6072,208.3771,6982000
2021-03-02,208.6945,209.6276,206.6360,207.5499,6155200
2021-03-03,206.9535,208.9158,204.7507,206.6649,6484600
2021-03-04,207.7422,208.7522,200.7203,203.4425,10658900
2021-03-05,205.5876,207.8673,201.6438,207.2036,7582000
2021-03-08,208.7138,217.5152,207.5884,211.8784,14750400
2021-03-09,213.6002,216.4282,211.8015,211.9650,9228600
2021-03-10,212.3113,215.6491,211.0416,214.6679,7822900
2021-03-11,215.9762,219.5352,215.2836,217.5344,10053400
2021-03-12,216.6975,217.9095,214.9084,215.8126,8172400
2021-03-15,215.6875,218.4386,213.2924,214.7641,9306100
2021-03-16,215.1874,216.9862,213.8311,216.1397,8949300
2021-03-17,216.4763,217.6210,213.3117,214.5237,8675600
2021-03-18,212.9942,214.0427,211.2147,212.2536,9321800
2021-03-19,210.7722,211.7822,198.9985,199.0177,32209700
2021-03-22,198.6811,204.2024,198.3733,200.0759,11371600
2021-03-23,201.0859,201.9612,199.5949,200.2201,8820700
2021-03-24,200.7973,203.0963,200.0085,200.1432,10101600
2021-03-25,199.7584,200.8646,197.9404,200.0470,8390800
2021-03-26,200.3164,205.5588,199.7873,205.3952,7399900
2021-03-29,204.3564,207.0882,203.0770,206.3379,7792300
2021-03-30,204.8950,205.9916,203.3560,203.8273,5498000
2021-03-31,204.4525,205.9531,203.4906,203.6638,13180000
2021-04-01,205.6357,209.4449,204.2121,208.5984,6138400
2021-04-05,210.2720,212.1093,209.0312,210.6953,10440500
2021-04-06,209.3294,211.0416,207.1363,210.3202,7828100
2021-04-07,210.7722,212.6190,210.3105,210.9165,5614300
2021-04-08,211.5899,214.3313,209.8007,212.2920,11042000
2021-04-09,212.5806,214.1197,211.1474,214.0427,5724900
2021-04-12,211.8496,213.4560,210.8685,213.0327,6315200
2021-04-13,212.5806,213.1770,211.8303,212.5999,4764000
2021-04-14,212.5806,214.6006,211.6860,213.5233,4972600
2021-04-15,215.3605,218.9581,215.3317,217.6595,8698100
2021-04-16,218.5156,219.1216,217.1593,217.7845,6829400
2021-04-19,217.1496,218.9099,216.5052,217.1881,6541600
2021-04-20,216.2166,216.7937,213.3694,214.7737,5799100
2021-04-21,214.8026,219.1889,214.3793,218.7849,9490600
2021-04-22,218.6406,222.1323,218.2463,218.9004,7303000
2021-04-23,219.9007,222.9884,219.0350,221.2378,5345200
2021-04-26,221.9784,224.0754,220.7761,221.5648,5650000
2021-04-27,222.2286,222.3536,220.2663,221.1512,6642100
2021-04-28,222.1516,227.2689,221.8822,224.5563,10111400
2021-04-29,226.2685,228.4521,224.2678,227.8364,7411400
2021-04-30,226.3551,226.9419,223.4405,224.6622,10260200
2021-05-03,225.1335,226.7591,222.5748,223.7483,8174400
2021-05-04,222.7768,223.5367,221.4590,223.1904,5884500
2021-05-05,224.9411,224.9411,219.9488,220.4778,6523200
2021-05-06,220.8819,222.7576,219.9488,222.5075,6124100
2021-05-07,223.4886,224.3351,221.9208,223.2770,4528700
2021-05-10,222.7768,223.1615,216.5821,217.3613,9627400
2021-05-11,215.2163,217.7942,213.5810,216.8900,7633300
2021-05-12,215.1104,216.4282,211.9169,212.2247,7721300
2021-05-13,213.3807,216.6463,212.7835,215.5289,6650100
2021-05-14,217.5325,219.1605,216.6655,218.6114,4777200
2021-05-17,217.8793,218.8233,217.0509,218.1297,5534200
2021-05-18,220.0082,220.7692,217.1568,217.2917,6900000
2021-05-19,214.5848,216.5981,213.6504,216.3476,9311900
2021-05-20,217.1664,219.2472,216.9738,218.1297,7478600
2021-05-21,218.5536,220.8944,218.2357,218.4477,5603900
2021-05-24,219.5843,221.6651,219.2761,220.9041,4040100
2021-05-25,221.4628,221.7421,220.0371,220.6151,4689100
2021-05-26,219.6806,220.9329,218.0719,218.7366,4295600
2021-05-27,219.4013,220.0371,218.0623,218.5343,5969600
2021-05-28,219.2375,221.0100,218.8137,218.9582,5779700
2021-06-01,221.0197,221.6362,217.9756,218.3128,5091500
2021-06-02,220.8077,224.5550,220.3839,221.2316,9081100
2021-06-03,220.5958,221.9348,219.4109,219.7385,6382400
2021-06-04,220.9330,222.2334,220.3357,221.6940,5085700
2021-06-07,224.3045,226.0673,221.6362,222.8307,5421300
2021-06-08,223.6302,224.3045,221.7133,223.5339,4170600
2021-06-09,223.9673,226.2311,223.6013,223.7843,4659000
2021-06-10,224.5454,225.6628,223.6110,225.3642,4452500
2021-06-11,225.7880,226.7995,225.1330,226.3371,5378300
2021-06-14,226.0866,226.5875,223.0715,225.4894,5805800
2021-06-15,225.8362,226.1829,224.0829,224.4297,7093800
2021-06-16,225.0462,225.5857,219.6325,221.1738,8905400
2021-06-17,220.7981,224.7765,220.7981,223.6302,6876700
2021-06-18,221.9926,223.6591,220.8077,221.9541,8840000
2021-06-21,222.9559,226.3853,221.9444,225.7206,7298400
2021-06-22,225.7013,227.4256,224.6802,227.2715,8858400
2021-06-23,226.8091,227.2619,225.3545,226.0674,6814700
2021-06-24,228.3022,229.5063,226.7706,227.5701,4611500
2021-06-25,227.7242,229.7279,227.6471,228.6104,7825200
2021-06-28,229.2655,229.6219,223.3509,225.4990,9301700
2021-06-29,225.9614,227.8398,225.5568,227.2908,11897700
2021-06-30,226.4816,227.7242,225.2389,225.2389,7797100
2021-07-01,225.6050,227.5797,225.4605,226.5201,5329600
2021-07-02,227.1751,230.0169,227.1655,229.8724,4383700
2021-07-06,230.7105,231.7797,228.5045,230.8068,8048700
2021-07-07,231.4425,232.1939,229.5545,231.1921,4366100
2021-07-08,228.2733,228.3696,225.9421,227.9265,6388000
2021-07-09,229.9976,230.6623,228.7068,229.7183,5615900
2021-07-12,228.8610,229.7568,228.5623,229.1403,7010700
2021-07-13,229.5063,233.5811,229.5063,233.4559,8079200
2021-07-14,234.2940,237.7522,233.9086,236.9623,8693400
2021-07-15,236.3072,239.6692,236.3072,239.4283,10135100
2021-07-16,240.8155,241.2682,238.4361,239.0141,8674500
2021-07-19,235.0357,235.4788,230.1325,231.5871,11474600
2021-07-20,231.8086,235.2476,230.7201,233.7930,7072300
2021-07-21,234.3614,237.8389,233.4077,234.7178,11241400
2021-07-22,234.8334,236.3458,234.2265,235.1802,10293600
2021-07-23,237.7040,240.8348,237.7040,239.8811,6766000
2021-07-26,240.0642,241.1719,238.6096,241.0660,4879000
2021-07-27,240.0448,243.3971,239.1104,241.7210,7038300
2021-07-28,240.8733,242.2701,236.8852,237.8774,9036500
2021-07-29,239.0045,241.1912,238.0315,238.8214,7495300
2021-07-30,238.1375,239.3416,236.9719,237.3476,5804700
2021-08-02,237.2031,238.7348,229.6219,230.9802,9989500
2021-08-03,231.7990,232.5311,225.4412,228.3889,9839000
2021-08-04,228.3022,228.8321,226.4238,227.9843,8171800
2021-08-05,227.9265,231.4329,227.7531,231.3944,5337500
2021-08-06,231.1921,233.6967,231.0573,232.5408,4509700
2021-08-09,232.8779,233.2921,229.3137,231.1921,5226900
2021-08-10,231.6834,232.4829,226.9151,229.3329,7185700
2021-08-11,229.3426,229.6123,225.9710,226.4334,7375700
2021-08-12,225.6135,225.8257,222.8450,223.5878,9867000
2021-08-13,223.7904,225.0154,223.2116,224.4174,5445400
2021-08-16,223.9930,227.1472,222.0541,227.0315,7575900
2021-08-17,226.6842,227.3305,224.9672,226.2308,6850500
2021-08-18,225.6424,226.0572,223.2791,223.4335,4996500
2021-08-19,220.9351,224.2051,220.8001,223.3756,5761300
2021-08-20,223.6650,223.9447,222.1505,223.1730,5522200
2021-08-23,224.4656,226.3466,223.7904,225.8546,6342000
2021-08-24,226.7228,227.8321,225.6713,225.9511,5081800
2021-08-25,226.6842,226.6842,223.8675,224.3595,5277100
2021-08-26,223.9158,224.3981,222.0058,222.3627,5889100
2021-08-27,222.8451,224.8033,222.0830,224.4560,6369000
2021-08-30,224.4560,225.4013,221.7840,223.0476,6448000
2021-08-31,222.7390,223.6360,220.5686,220.9930,9405100
2021-09-01,220.9930,222.6136,220.6747,221.9769,8177600
2021-09-02,222.2759,222.3917,214.1057,216.2471,19708800
2021-09-03,216.0734,219.2567,215.4465,217.1442,11532000
2021-09-07,218.7166,219.9320,217.8677,218.2632,9662600
2021-09-08,219.3339,222.0734,219.0059,220.9834,10652600
2021-09-09,221.1955,221.8611,219.0637,219.4399,5853000
2021-09-10,221.7165,221.8997,216.8645,216.9513,6715400
2021-09-13,217.5493,219.1602,215.5044,216.6812,6808100
2021-09-14,217.0381,217.8194,214.4143,215.1378,6575700
2021-09-15,214.6458,216.8837,213.5269,215.8902,6535800
2021-09-16,215.9384,217.2310,214.8677,216.3918,5928500
2021-09-17,214.5783,215.7841,211.5398,213.9031,13787400
2021-09-20,209.2826,212.6973,208.6556,212.2632,8822600
2021-09-21,212.9385,214.3082,211.2311,212.3790,7033600
2021-09-22,213.5654,216.1699,213.2761,214.8677,6005900
2021-09-23,217.0381,220.6071,216.4207,220.2309,7952700
2021-09-24,220.8290,223.7422,220.5300,223.3949,6461200
2021-09-27,223.5203,225.0733,220.6746,221.4753,6881100
2021-09-28,220.7711,220.7711,216.0735,217.5783,6951400
2021-09-29,218.7744,220.9158,218.0895,218.6586,6432700
2021-09-30,219.5267,220.6939,214.7519,214.8677,7128500
2021-10-01,216.2375,223.3660,215.5622,222.3049,7925400
2021-10-04,221.8612,222.1795,212.9963,216.7776,10283400
2021-10-05,217.5011,219.3339,215.9963,216.3436,5814000
2021-10-06,214.1828,218.6008,213.4208,218.4946,5420900
2021-10-07,220.8097,222.9801,220.4046,222.3917,6561900
2021-10-08,222.8257,224.4945,222.0348,222.1216,3735200
2021-10-11,221.8708,222.1698,216.9127,217.1442,5620200
2021-10-12,217.5783,218.2149,215.0317,216.1217,5448200
2021-10-13,215.2342,217.8676,210.8935,214.5880,9076000
2021-10-14,216.1893,217.6651,215.1668,217.2117,5590500
2021-10-15,219.1795,222.9126,218.7069,222.8161,6355100
2021-10-18,222.0348,224.5235,220.0670,222.4882,5580200
2021-10-19,223.7421,225.3723,222.5171,225.2566,4409700
2021-10-20,225.1987,225.5267,223.1248,223.2309,5401800
2021-10-21,222.5364,222.6618,218.2921,222.0927,5982200
2021-10-22,222.1409,224.5814,220.6168,223.0476,3788000
2021-10-25,225.1891,226.5492,224.0701,225.6039,4938700
2021-10-26,227.1955,228.5749,223.1441,223.6168,7814500
2021-10-27,216.7969,216.7969,208.0286,208.1443,22958100
2021-10-28,211.4915,212.2054,201.6139,202.4145,23199400
2021-10-29,201.8068,206.1090,201.1605,204.2762,14329800
2021-11-01,205.9353,207.6331,203.9675,204.9418,13210300
2021-11-02,205.6170,205.8003,200.4660,201.7393,14688700
2021-11-03,202.2699,202.7136,199.4146,200.7361,11486700
2021-11-04,201.7586,204.8454,200.5142,201.3920,11368200
2021-11-05,204.4499,209.9289,203.8808,209.0029,14273600
2021-11-08,210.6427,213.7680,210.4305,212.6877,13500100
2021-11-09,211.9160,212.6106,205.3856,205.8390,11535000
2021-11-10,206.3559,209.6413,206.1433,208.2981,10063600
2021-11-11,209.1775,209.4771,203.0801,203.3313,13546900
2021-11-12,204.3749,206.3849,204.3073,204.9451,7660500
2021-11-15,206.4235,209.1099,204.6745,205.1480,9596900
2021-11-16,205.0127,208.3851,204.5295,207.9310,8719600
2021-11-17,199.0119,200.3261,192.7405,198.1519,38379600
2021-11-18,199.5434,200.8672,194.4896,196.4802,18292200
2021-11-19,195.2336,196.6444,193.1174,194.0934,18032600
2021-11-22,193.2624,194.9051,188.0443,188.9913,21185800
2021-11-23,190.3344,192.2187,187.8317,191.8032,14742700
2021-11-24,191.4940,197.0793,190.9819,196.4029,12026800
2021-11-26,186.8074,192.4796,186.0633,190.9915,10987600
2021-11-29,194.2287,194.4702,188.7787,189.6773,14633500
2021-11-30,188.6917,191.0012,186.0730,187.2422,16023000
2021-12-01,189.4261,190.1798,183.6959,183.7538,13204900
2021-12-02,185.5319,192.7212,185.3869,191.6100,13976300
2021-12-03,191.5907,191.7839,187.5032,189.7064,10660500
2021-12-06,192.0738,197.3402,191.0785,195.8521,10722100
2021-12-07,199.0602,200.9349,198.9539,200.3841,11897200
2021-12-08,200.6643,202.4230,198.7800,201.9495,11749200
2021-12-09,201.4954,205.0514,200.1908,204.2687,10176800
2021-12-10,204.7615,207.0323,203.7565,206.2109,8882700
2021-12-13,205.2930,206.1337,202.9062,203.9111,8844300
2021-12-14,203.6309,206.1819,201.4277,202.9061,9832300
2021-12-15,202.3457,205.3316,200.8576,205.1577,10892500
2021-12-16,208.0373,208.9843,204.4813,207.1483,8548400
2021-12-17,205.6312,206.0274,200.7899,204.7422,11578400
2021-12-20,202.0461,202.7032,199.8913,201.7079,9434400
2021-12-21,203.5149,208.8779,203.2733,208.1242,6993700
2021-12-22,206.6458,211.5643,206.6458,210.6173,6003400
2021-12-23,211.0812,211.1585,209.3225,209.3225,4798200
2021-12-27,210.3467,210.7719,207.6411,210.2984,4818400
2021-12-28,208.7330,212.3277,208.3175,210.7043,4279800
2021-12-29,210.4241,211.5643,210.0086,210.8203,3223100
2021-12-30,210.6270,211.7672,209.8346,210.5303,3812800
2021-12-31,209.5060,210.6366,208.2305,209.4094,4723300
2022-01-03,210.1922,214.5792,209.6993,213.9704,7694500
2022-01-04,214.5212,219.1498,214.3376,214.9657,10629300
2022-01-05,215.1397,217.6811,212.5113,212.5886,9594600
2022-01-06,210.4627,214.4343,210.2211,212.3470,7877500
2022-01-07,209.9892,212.7818,208.3754,209.6510,10702100
2022-01-10,206.7714,206.9840,199.5434,204.8291,11978600
2022-01-11,204.2976,207.7087,201.7079,207.1579,8803100
2022-01-12,207.2545,210.2501,206.6071,208.4431,6923300
2022-01-13,209.5447,213.0524,207.4285,207.7570,8867700
2022-01-14,206.9550,210.8976,206.5105,207.4382,8838100
2022-01-18,208.6074,209.6027,207.1096,208.4431,9099300
2022-01-19,205.8244,210.8782,204.9644,207.4478,9399800
2022-01-20,207.4865,212.2021,206.7327,207.1289,8532700
2022-01-21,208.2015,208.3368,198.8863,198.9926,16200200
2022-01-24,195.3689,195.8907,189.0589,195.0500,16054000
2022-01-25,192.8951,198.4611,190.3537,195.1950,12125500
2022-01-26,197.3982,203.7565,196.8087,198.9346,10817600
2022-01-27,202.4424,203.8532,198.9153,199.2052,12009800
2022-01-28,213.2070,220.4350,208.8200,220.3191,26425300
2022-01-31,217.9516,218.7537,214.5695,218.5507,12380600
2022-02-01,219.2561,226.7064,218.7923,224.5322,12247200
2022-02-02,223.5079,227.9046,222.2614,227.4891,10590500
2022-02-03,225.1893,225.6242,222.7832,223.7399,9968000
2022-02-04,220.8023,222.4643,217.3719,220.6960,10848100
2022-02-07,220.3191,222.1744,218.3961,219.5074,5984500
2022-02-08,218.6377,220.8023,217.1786,220.2611,7542000
2022-02-09,222.3773,225.2956,222.3676,223.0924,7772800
2022-02-10,220.7066,222.5649,217.6481,218.3449,6794600
2022-02-11,219.9516,221.7422,216.3608,217.4738,7535200
2022-02-14,216.1188,219.9613,215.6542,218.1029,8280800
2022-02-15,219.9710,221.9261,217.6868,220.5033,9461700
2022-02-16,220.1936,222.4972,218.3546,221.4712,9561300
2022-02-17,221.0647,221.4615,216.9706,217.3964,8131200
2022-02-18,217.3868,218.4902,214.7154,215.5381,8121200
2022-02-22,213.9217,217.1351,212.8570,214.2121,9928800
2022-02-23,215.6832,217.0770,208.5015,209.0145,8669900
2022-02-24,196.8386,210.8632,194.9802,210.3212,13463400
2022-02-25,210.3115,213.5926,207.3691,212.2279,8463600
2022-02-28,209.0629,211.6278,206.3916,209.1790,8409400
2022-03-01,207.5917,208.2402,200.6230,202.2587,9317800
2022-03-02,200.2552,203.7783,199.5680,201.7844,8865700
2022-03-03,203.7880,204.7075,199.9261,200.5746,8610000
2022-03-04,198.4162,199.7422,190.5376,193.8575,10912300
2022-03-07,193.4219,193.7510,183.9464,184.5755,13412400
2022-03-08,183.9076,190.1118,180.6749,185.5531,11070900
2022-03-09,190.1892,194.0607,188.9697,193.3445,8457600
2022-03-10,190.5763,193.5187,189.9956,191.6120,7061600
2022-03-11,194.3027,194.3898,190.1505,190.3924,5432100
2022-03-14,192.0475,197.8645,191.7959,193.8962,7994700
2022-03-15,195.5997,199.7810,194.9318,199.5196,8277700
2022-03-16,203.2556,206.8077,200.3519,205.0655,9232300
2022-03-17,203.1878,206.6819,202.0167,206.5948,6668500
2022-03-18,204.9010,212.2182,203.5363,212.0731,14620800
2022-03-21,209.3920,211.0568,207.6595,210.0695,6101500
2022-03-22,210.8438,212.5183,210.2050,211.4536,6259900
2022-03-23,208.3854,210.3115,207.3207,207.7853,6008000
2022-03-24,208.0854,210.6696,207.1272,210.3309,5487000
2022-03-25,211.4052,211.8988,208.7629,211.4149,5051400
2022-03-28,211.4826,213.8830,210.5244,213.6797,4316800
2022-03-29,217.6190,221.4615,216.5930,220.7936,8032500
2022-03-30,218.5869,218.8966,215.5768,216.7576,7084000
2022-03-31,216.7189,218.6643,213.3603,214.6476,10759500
2022-04-01,215.9155,219.3515,215.0928,219.0902,6559600
2022-04-04,218.5095,221.8777,217.7352,220.4259,8521200
2022-04-05,219.5451,221.6357,218.0739,218.8289,4658000
2022-04-06,215.6252,215.7123,211.5988,211.9762,7430000
2022-04-07,211.2987,211.6568,206.8174,209.2081,6995100
2022-04-08,207.9112,212.3634,206.2367,210.0115,5438600
2022-04-11,208.3370,210.3212,206.5561,207.8531,6942700
2022-04-12,209.5469,210.0211,203.9331,204.6107,7446600
2022-04-13,203.6718,206.9820,200.5165,206.4206,8052900
2022-04-14,207.3885,209.0146,205.7044,205.9560,8191600
2022-04-18,204.8720,208.8984,204.7268,206.3238,4744400
2022-04-19,206.2561,209.5566,205.6173,208.7726,5028800
2022-04-20,211.6375,213.7281,210.4083,210.7954,7178300
2022-04-21,212.4602,216.7286,208.4338,209.4985,8850300
2022-04-22,209.2952,209.6049,201.2714,201.4844,6201100
2022-04-25,199.7228,203.7686,198.7356,203.2072,6839400
2022-04-26,200.3326,201.8619,194.6414,194.6414,8155300
2022-04-27,210.3889,214.6767,206.2077,207.2336,15955800
2022-04-28,213.3216,217.7061,212.2279,213.5733,10799100
2022-04-29,211.5988,214.0959,205.5302,206.2851,7965000
2022-05-02,204.9688,205.3269,200.3133,204.7365,8803700
2022-05-03,206.7497,206.7497,199.6454,201.8619,6616900
2022-05-04,202.6265,207.9015,198.7356,207.6305,7191100
2022-05-05,205.4528,207.6886,196.5482,198.6485,7749600
2022-05-06,197.2064,199.1131,193.7897,196.3062,8825300
2022-05-09,193.6252,194.3027,185.9111,186.8016,10314100
2022-05-10,190.3925,191.3991,184.8368,187.3630,11016500
2022-05-11,187.2759,191.9508,185.2530,190.4021,9427300
2022-05-12,188.6421,190.1258,184.2007,188.0990,9308600
2022-05-13,191.0373,194.4702,190.5524,193.1998,6684500
2022-05-16,191.3476,193.8883,189.9512,191.8228,5161300
2022-05-17,196.7102,198.6012,194.0919,197.8254,7265600
2022-05-18,196.6812,199.2413,193.1028,193.9368,8748200
2022-05-19,190.4070,194.3538,187.4590,191.3961,9012400
2022-05-20,193.6265,195.5563,188.1475,193.0059,6966600
2022-05-23,194.7999,201.6656,194.6932,201.2777,12187400
2022-05-24,197.7382,198.4752,193.0059,196.4969,7458500
2022-05-25,194.5186,198.7467,194.4023,197.6703,5457200
2022-05-26,198.9018,203.3917,198.4751,202.2377,9212300
2022-05-27,203.6438,206.7761,203.2947,206.4367,4897200
2022-05-31,204.0123,207.8622,202.7808,205.7482,9586400
2022-06-01,205.6318,207.6294,202.4995,203.5759,5246100
2022-06-02,205.4766,208.7349,204.6911,208.5410,5337200
2022-06-03,206.5046,207.7264,204.8754,206.2137,4352500
2022-06-06,208.9289,210.9944,205.6706,206.4949,3965100
2022-06-07,204.7299,208.4634,204.3421,208.0076,4493300
2022-06-08,207.2900,209.0452,206.3882,207.0379,3646300
2022-06-09,206.1554,207.2415,199.7843,199.8716,5138600
2022-06-10,195.5466,197.2630,193.1513,193.4713,5162500
2022-06-13,187.1486,189.9609,185.2964,186.4407,7119200
2022-06-14,186.8869,188.4578,185.9462,187.6627,6441200
2022-06-15,190.0482,192.8119,186.4117,190.2227,6490000
2022-06-16,185.6165,186.0626,181.8539,183.3279,9887200
2022-06-17,181.2721,185.5195,180.2830,184.2589,15089300
2022-06-21,189.7863,190.7755,187.8663,188.5063,6241600
2022-06-22,185.4613,190.4458,185.2480,187.9536,5138500
2022-06-23,190.2033,191.4834,187.5948,190.6882,4752800
2022-06-24,191.7452,199.4158,191.5319,199.2897,7754800
2022-06-27,199.5225,200.8219,196.4775,197.3987,6121200
2022-06-28,197.8254,200.5309,191.5221,192.1234,4354200
2022-06-29,191.3477,194.5672,191.3477,193.4617,4324600
2022-06-30,189.4566,192.8313,187.0129,190.9306,7045200
2022-07-01,190.8337,193.7526,188.8166,193.1513,4131800
2022-07-05,190.2906,194.4993,188.2639,194.4702,4110200
2022-07-06,193.9465,196.3805,192.6567,195.0326,4111200
2022-07-07,196.4096,197.2727,193.9853,196.6618,4650700
2022-07-08,196.1963,197.9224,194.3926,197.4084,3621800
2022-07-11,195.8860,200.4825,195.8860,198.8533,5353600
2022-07-12,197.0981,201.8207,196.6230,198.6206,6779500
2022-07-13,194.3635,199.3479,193.4616,197.9709,7597300
2022-07-14,193.9465,199.8425,191.9876,199.6776,5605500
2022-07-15,203.0329,205.3021,200.9092,203.6826,7245700
2022-07-18,205.0984,206.4657,200.3855,200.9382,4648900
2022-07-19,201.9177,207.6294,201.6074,207.1930,4927100
2022-07-20,205.5833,207.6488,204.8172,206.9118,4460300
2022-07-21,206.6985,210.3350,206.2912,209.6465,4801300
2022-07-22,211.3338,211.4696,205.6996,207.2318,5071500
2022-07-25,208.0852,208.2986,205.2148,207.7846,4357200
2022-07-26,207.3773,208.6379,205.3408,206.0585,6141000
2022-07-27,204.3906,210.2865,195.1102,204.0996,17432200
2022-07-28,204.2645,206.2815,201.6268,204.9530,7477100
2022-07-29,205.5833,207.6779,203.4790,205.6900,6059700
2022-08-01,202.1408,207.5131,201.2777,204.9627,8028400
2022-08-02,201.5104,202.5189,197.7575,200.0170,9939400
2022-08-03,201.6946,203.9638,200.6182,202.1698,9520100
2022-08-04,204.1578,208.3761,202.2377,207.0088,6789700
2022-08-05,204.3323,209.4137,204.1287,209.3362,5553700
2022-08-08,208.7155,210.0732,205.6318,206.8634,4063400
2022-08-09,205.5833,206.9894,203.4014,203.8959,4596800
2022-08-10,208.3276,208.3373,204.9142,205.6803,5746400
2022-08-11,207.2006,207.4046,204.5776,205.0537,6639600
2022-08-12,206.9189,207.1326,204.1017,205.2965,6443700
2022-08-15,204.3640,210.5521,204.3640,210.2412,5290600
2022-08-16,208.4246,211.3972,206.0737,210.9406,6564400
2022-08-17,208.8618,210.0081,206.6760,208.3955,4902500
2022-08-18,207.7640,209.8332,206.3651,209.1046,4516400
2022-08-19,207.9972,209.0852,206.3263,206.7440,4178800
2022-08-22,203.9462,205.2188,202.2559,202.6542,5139500
2022-08-23,202.0616,203.3245,200.6336,200.8959,3525500
2022-08-24,200.7307,202.4016,199.8078,200.7696,4230800
2022-08-25,201.4690,203.9171,200.6044,203.8297,4495000
2022-08-26,203.7811,204.2571,196.9129,197.0975,5060200
2022-08-29,195.5043,198.1370,194.8923,196.5535,4476200
2022-08-30,198.0981,198.5741,194.4940,195.6306,3918200
2022-08-31,195.2615,197.3695,192.9688,193.0368,6559000
2022-09-01,193.0466,194.7077,191.0454,194.4163,5608300
2022-09-02,196.6603,196.6992,191.2299,192.1140,4508100
2022-09-06,192.2500,194.3289,190.7928,192.9689,4547800
2022-09-07,193.0368,195.3974,191.5894,194.6980,4098300
2022-09-08,191.7642,195.3683,191.3368,194.9797,4377600
2022-09-09,196.3009,200.5073,195.6015,199.3416,4885600
2022-09-12,200.6044,201.2747,199.0987,200.7307,3812300
2022-09-13,196.2815,197.6609,193.1923,193.9694,5217900
2022-09-14,194.2900,195.1449,192.4054,193.7169,4632800
2022-09-15,192.4346,194.5912,188.9762,189.7922,6099300
2022-09-16,184.7893,188.2865,182.8464,187.7813,9398200
2022-09-19,186.1201,188.4516,185.2653,187.6162,8133600
2022-09-20,185.6441,187.5190,184.8572,186.5864,5292500
2022-09-21,187.0333,187.5773,181.6612,181.6806,6705900
2022-09-22,181.0297,181.8652,179.3880,180.4857,6604700
2022-09-23,178.2319,179.3102,177.0273,178.7079,10755800
2022-09-26,177.8143,179.2326,174.7639,175.4342,9914600
2022-09-27,177.2994,179.5726,171.9661,172.7918,9799600
2022-09-28,172.1993,174.9582,169.8386,174.0644,9751000
2022-09-29,173.7244,177.0371,173.6273,174.9193,9105200
2022-09-30,174.9193,177.6976,172.5295,172.5781,9472300
2022-10-03,174.2199,178.1251,173.0638,176.4639,8842300
2022-10-04,179.7668,180.8937,177.8433,180.3497,7081400
2022-10-05,178.1057,183.4292,177.1537,182.3121,6119900
2022-10-06,181.3212,182.6812,179.9611,180.2914,5163000
2022-10-07,178.2125,179.3394,176.7359,178.5816,5610300
2022-10-10,178.8731,179.5045,175.7353,176.9788,4743800
2022-10-11,175.2205,176.4542,173.1027,174.0256,6294500
2022-10-12,173.9770,175.4342,173.1318,173.1513,4884300
2022-10-13,170.0038,180.0777,169.6152,179.3880,8426400
2022-10-14,181.4571,181.7875,176.8719,177.4062,6449400
2022-10-17,180.6897,183.1864,177.6297,179.9612,13952100
2022-10-18,184.0801,184.7601,180.4372,181.8263,5209200
2022-10-19,180.1943,182.2829,179.4851,181.0880,4927000
2022-10-20,181.1366,185.5275,181.1074,181.8749,5706700
2022-10-21,180.4954,185.4984,179.7668,184.9350,7582500
2022-10-24,185.9453,187.6162,183.7012,185.2653,7299200
2022-10-25,185.4207,189.6562,185.2750,188.8305,11907200
2022-10-26,190.9677,200.4781,190.8899,197.5249,15450000
2022-10-27,197.5152,200.4296,195.8346,198.4575,7946700
2022-10-28,199.1473,205.4811,197.5055,203.3633,8455600
2022-10-31,202.9553,203.6353,200.3130,201.2456,8674100
2022-11-01,202.9456,203.9754,199.4678,201.0221,5919500
2022-11-02,199.8855,201.0902,194.8534,195.2129,6985600
2022-11-03,192.6191,193.1729,188.6362,189.1899,8236200
2022-11-04,191.3756,195.6986,189.7630,191.3562,9680100
2022-11-07,192.6580,194.7174,191.5408,194.3871,7821300
2022-11-08,195.9026,198.2924,194.0375,196.0192,6943700
2022-11-09,195.4058,196.0192,188.2302,188.8144,7320200
2022-11-10,197.7328,200.3323,194.7438,200.1474,8048900
2022-11-11,200.5660,200.9847,196.8176,199.5924,9601000
2022-11-14,198.1319,203.6524,197.8496,201.4033,5796100
2022-11-15,204.4508,208.0921,202.0362,204.4508,7316100
2022-11-16,203.0780,205.3270,202.7275,204.5968,6125300
2022-11-17,202.4743,205.7067,201.8512,205.4244,5385600
2022-11-18,207.5469,208.5205,204.2074,205.2394,8028500
2022-11-21,204.7526,204.9960,200.4589,200.8776,10450900
2022-11-22,202.0654,204.9278,199.9332,204.7818,5273100
2022-11-23,204.4605,207.2158,204.3826,206.1449,3807300
2022-11-25,206.1254,208.3550,205.8138,208.1505,1993500
2022-11-28,206.6609,208.8126,205.0933,205.6873,10229400
2022-11-29,203.8277,204.6065,201.8804,203.5453,8986900
2022-11-30,202.7274,211.2758,202.5230,211.2758,13918100
2022-12-01,211.2758,212.8823,209.6207,211.2758,11261500
2022-12-02,210.0393,212.7168,208.5887,211.9184,5132800
2022-12-05,209.9615,211.1882,207.4301,208.0434,9006300
2022-12-06,206.4077,206.5343,202.1627,203.5648,5986000
2022-12-07,203.2922,203.5064,199.7190,202.3283,7923800
2022-12-08,203.9834,204.7526,202.2698,203.5842,4896500
2022-12-09,202.4256,204.9668,202.0459,203.1948,4928400
2022-12-12,204.4605,209.1534,203.9445,208.9294,5941700
2022-12-13,213.7488,214.1772,207.0114,207.4203,14585000
2022-12-14,207.2353,210.5749,206.0475,207.6929,7001700
2022-12-15,204.0711,206.2325,201.3644,202.4256,10831800
2022-12-16,202.0167,202.9027,199.8845,201.4325,12472900
2022-12-19,201.1794,201.9972,198.5701,199.4171,4893600
2022-12-20,198.5020,201.0821,198.1807,199.9429,5024900
2022-12-21,201.1210,202.4743,200.1571,201.3547,4086900
2022-12-22,200.3226,201.1989,196.7981,199.6508,5690300
2022-12-23,198.7453,200.7997,198.1514,200.4005,3246000
2022-12-27,200.4881,201.4228,199.2029,200.8483,2904900
2022-12-28,201.2281,203.0293,199.3977,199.5827,3139200
2022-12-29,200.5173,203.0293,200.0792,202.5717,3675500
2022-12-30,200.8678,202.5522,200.2739,202.2796,4159400
2023-01-03,203.7595,206.7291,200.7218,201.9194,4202800
2023-01-04,204.0905,207.5761,204.0905,207.0016,6606200
2023-01-05,208.1603,208.5108,204.9084,205.5412,5246000
2023-01-06,208.3550,212.3858,207.4690,212.0061,6829700
2023-01-09,213.2912,216.3484,212.5902,212.8336,6294500
2023-01-10,213.2134,216.5237,212.4247,215.2579,10857000
2023-01-11,215.4527,216.3192,213.9046,216.2413,5408200
2023-01-12,216.2413,217.9062,214.7906,217.7212,4264400
2023-01-13,216.0564,217.8576,214.3331,217.1760,4283200
2023-01-17,216.5139,218.4806,216.5042,217.1175,6101100
2023-01-18,218.1691,219.0551,213.6515,213.6709,6558000
2023-01-19,212.3468,215.6766,211.7626,214.5959,4853100
2023-01-20,215.3066,218.5098,214.5959,218.3930,5211000
2023-01-23,218.6754,220.2331,217.2636,218.2664,5501500
2023-01-24,216.1634,223.9329,210.9156,217.9841,5274900
2023-01-25,215.7739,219.0356,215.3358,218.9674,4729600
2023-01-26,220.0384,221.0899,217.7699,218.7825,7043400
2023-01-27,221.9857,226.6980,221.2555,225.3349,11382600
2023-01-30,224.1276,224.3418,221.9175,223.0567,5677400
2023-01-31,222.7743,224.7118,222.4238,224.1374,11294200
2023-02-01,223.3195,226.5228,221.7910,224.8092,5792700
2023-02-02,227.7885,228.1195,222.3459,223.5045,7190000
2023-02-03,222.6575,224.7702,221.6352,224.0595,5243600
2023-02-06,222.6672,224.1861,222.0246,223.3877,3402400
2023-02-07,222.0052,226.0068,221.9370,225.2181,4042600
2023-02-08,224.2640,225.7439,223.9232,224.1277,4978600
2023-02-09,226.7226,226.7908,223.5228,223.7374,5238400
2023-02-10,223.3570,224.2838,220.6255,221.6401,4509700
2023-02-13,221.3279,224.2057,220.7328,223.2789,4946700
2023-02-14,223.0741,225.7568,221.6108,223.7764,4829400
2023-02-15,222.0205,223.4643,221.2498,223.3179,4407300
2023-02-16,220.5377,222.7716,220.1475,220.3036,3865900
2023-02-17,218.6939,219.2695,216.3137,218.0891,4520200
2023-02-21,214.7723,216.9965,214.6065,215.2211,7276100
2023-02-22,215.0162,216.3234,214.0797,214.6358,4621800
2023-02-23,216.1381,216.6551,213.5724,215.7186,5533800
2023-02-24,213.1334,214.8504,212.1384,214.1772,4414400
2023-02-27,215.3284,216.0210,213.9724,214.9577,4255300
2023-02-28,214.6162,216.3429,214.1285,214.5577,5385400
2023-03-01,214.0894,214.8796,211.1336,213.0164,4792700
2023-03-02,212.5579,214.2260,211.7774,213.6992,5539300
2023-03-03,214.8113,218.5378,214.5187,218.2940,6055400
2023-03-06,218.4501,221.8547,218.2160,221.2011,5737600
2023-03-07,221.2011,221.8156,217.6209,217.7087,4386800
2023-03-08,216.5283,217.4746,215.7674,216.7527,4194900
2023-03-09,215.9820,218.8793,214.2846,214.6260,5066700
2023-03-10,213.6700,213.7578,210.2069,210.8507,6638900
2023-03-13,209.3777,212.5189,207.2998,209.2216,6810800
2023-03-14,212.6652,214.4894,210.7531,213.3090,7985600
2023-03-15,209.1631,211.6019,208.4412,211.0751,8372200
2023-03-16,209.9044,212.2555,203.6513,212.1286,13674600
2023-03-17,209.6118,213.3091,209.6118,212.0701,18801200
2023-03-20,211.6896,215.1528,211.5336,212.8115,9817400
2023-03-21,215.9234,217.0648,213.3285,216.5185,8971400
2023-03-22,217.0550,219.3963,214.5382,214.6552,6700600
2023-03-23,215.0455,219.7378,214.8699,217.1429,6427700
2023-03-24,215.2699,215.9137,212.9091,215.6308,4791500
2023-03-27,217.1429,218.5964,215.9722,216.3819,7210900
2023-03-28,217.3672,217.8647,213.2992,214.9381,6418400
2023-03-29,216.8502,218.0794,215.5137,217.8355,4483000
2023-03-30,218.4403,218.7525,215.7966,216.9185,5383900
2023-03-31,218.1282,220.3134,217.8258,219.9427,9509000
2023-04-03,219.7182,223.5521,218.6354,223.3960,6421500
2023-04-04,223.3960,224.4203,221.2791,222.0888,5254700
2023-04-05,221.2303,222.8790,221.0060,222.5863,4813600
2023-04-06,220.6255,221.1816,219.1817,220.4597,4285200
2023-04-10,220.0402,220.9377,218.8305,220.8889,4952200
2023-04-11,221.4449,223.5325,220.6645,222.8594,4513300
2023-04-12,224.3032,225.9226,221.7669,222.2351,4373000
2023-04-13,223.8447,227.1420,223.2009,226.9957,7615500
2023-04-14,227.2884,229.2394,226.5567,228.2932,9781300
2023-04-17,228.2932,228.3224,225.2885,227.7664,4865000
2023-04-18,228.0298,228.5956,226.0202,227.8834,4796200
2023-04-19,228.2736,228.3322,226.1763,226.8786,3833900
2023-04-20,226.7713,228.9272,225.8348,228.8589,4925700
2023-04-21,229.2492,229.8052,227.6688,228.3224,6771500
2023-04-24,228.4980,229.3955,225.8446,227.0640,9124100
2023-04-25,227.3176,229.2687,223.8155,223.9716,6076500
2023-04-26,225.5617,227.0737,221.1718,222.5668,8400400
2023-04-27,223.0741,224.0106,221.0645,223.4057,7128200
2023-04-28,223.0545,227.8541,222.4790,227.0347,11627900
2023-05-01,227.1712,228.8492,225.8445,226.8201,4571100
2023-05-02,226.2738,226.6835,220.6743,221.4254,5244000
2023-05-03,221.4254,223.0741,220.3914,220.4499,4093300
2023-05-04,219.3378,220.5280,218.0111,220.0792,5648700
2023-05-05,222.7521,226.6542,221.7278,226.1079,6237500
2023-05-08,225.5909,227.7371,225.5909,226.5470,2938400
2023-05-09,225.4251,228.3614,225.1715,227.5517,4352100
2023-05-10,228.5663,229.0638,223.2984,225.6105,5245000
2023-05-11,225.5420,226.2947,223.1180,225.7962,3818000
2023-05-12,226.7639,227.4774,224.6331,226.1579,3432700
2023-05-15,225.9721,227.5751,225.3466,227.5555,2843200
2023-05-16,227.3112,227.8390,224.4473,225.2683,4289700
2023-05-17,227.4773,228.6111,225.3465,227.3991,4990100
2023-05-18,227.1548,228.8653,225.9135,228.3277,6621900
2023-05-19,228.7187,229.0510,226.7052,228.0443,5399400
2023-05-22,228.0443,228.5916,225.9623,226.0601,3987800
2023-05-23,224.0954,224.3105,218.6121,219.5113,8537200
2023-05-24,217.5271,218.0647,215.0640,217.2339,6730800
2023-05-25,217.4293,219.6188,215.5136,218.3384,6827600
2023-05-26,218.7685,221.1045,218.2993,219.9316,5067300
2023-05-30,219.9316,220.3812,214.7903,216.6376,6916000
2023-05-31,214.9956,216.5301,211.2618,216.0414,20460600
2023-06-01,217.7030,221.5932,217.4098,221.3879,7003600
2023-06-02,223.6458,225.0729,222.2872,223.6263,5897100
2023-06-05,222.7661,223.1766,220.2248,221.6518,4858900
2023-06-06,221.5737,224.0759,221.0556,223.0691,6020100
2023-06-07,221.8766,222.4142,216.0316,220.1857,8517200
2023-06-08,220.0097,220.0586,217.3902,218.0158,6248200
2023-06-09,218.5925,220.0977,217.7324,218.5143,6385000
2023-06-12,219.3451,221.3391,218.5827,221.0654,8621100
2023-06-13,220.5278,222.0233,217.6053,218.3579,6868700
2023-06-14,218.6903,220.3812,217.5565,218.3970,9160700
2023-06-15,217.0091,221.9842,216.3737,221.0654,12534000
2023-06-16,221.3391,224.6135,220.9774,223.7436,13628900
2023-06-20,221.8766,224.3887,221.0751,221.3586,12312300
2023-06-21,221.0165,223.4699,219.9023,222.1210,7032100
2023-06-22,221.2511,223.7631,220.4105,223.2353,6275500
2023-06-23,222.0917,224.7894,221.2804,224.3691,5424400
2023-06-26,224.2616,224.9067,221.0947,221.1925,5165400
2023-06-27,222.3458,223.4503,221.4075,222.2090,4628500
2023-06-28,222.3654,222.9127,220.9188,222.8150,5324500
2023-06-29,223.6263,229.4029,223.4406,229.0315,7118900
2023-06-30,230.9375,232.9021,230.6247,232.1201,6879400
2023-07-03,231.6510,233.0194,230.0969,232.5991,3087400
2023-07-05,229.1194,234.5833,228.7089,234.0457,7601200
2023-07-06,232.8923,234.1923,231.3480,233.4885,6441800
2023-07-07,231.3871,233.0585,230.8006,231.1134,5729500
2023-07-10,231.6607,233.7036,231.1623,232.7848,4858900
2023-07-11,233.4201,235.2675,232.7457,235.1208,3856500
2023-07-12,236.0983,238.4441,235.7855,236.7434,6116000
2023-07-13,238.2877,238.7569,237.6622,237.8186,5819600
2023-07-14,239.2065,239.2163,236.4990,237.6719,4941200
2023-07-17,237.6231,239.8320,237.5155,238.4832,4328100
2023-07-18,237.6133,237.6915,232.3156,235.3359,7674000
2023-07-19,235.8050,237.1148,234.7005,235.9712,4835500
2023-07-20,235.7171,236.1569,233.6742,234.2118,4695000
2023-07-21,234.3291,234.9254,233.3419,233.8502,5427400
2023-07-24,234.2705,235.8344,232.8141,235.3065,6010000
2023-07-25,234.6028,235.3652,233.1758,233.3028,4997500
2023-07-26,226.1969,233.4592,222.5413,231.7487,7551400
2023-07-27,232.0615,233.2735,227.7022,229.1488,8160100
2023-07-28,229.2856,230.5563,228.4352,230.4292,6794800
2023-07-31,230.6736,233.0389,230.6736,232.3645,4799600
2023-08-01,231.7878,235.2968,231.6510,234.3682,4627300
2023-08-02,233.2442,233.4006,231.4457,232.1983,4868200
2023-08-03,230.6735,233.6547,229.9405,233.3712,5033800
2023-08-04,232.6284,236.4502,232.4720,233.5961,5169700
2023-08-07,233.8209,236.7141,233.8111,236.0592,5649800
2023-08-08,234.9938,235.9126,232.0322,233.8893,5080600
2023-08-09,235.0720,236.5088,234.0848,234.3487,4055000
2023-08-10,235.6315,238.8925,235.1125,235.1810,4778000
2023-08-11,235.0244,235.7295,233.4772,235.0636,3607100
2023-08-14,235.7294,238.2853,235.2790,237.8642,4351100
2023-08-15,236.9927,237.6390,234.3878,234.8579,3770100
2023-08-16,231.6263,236.0722,231.1269,234.3291,3218600
2023-08-17,235.0244,235.3965,231.5871,232.4489,4177600
2023-08-18,230.6960,234.0941,230.4218,233.2323,4344800
2023-08-21,234.4172,235.5434,232.8308,234.4956,3573600
2023-08-22,235.0244,236.4247,233.7219,235.5826,3848400
2023-08-23,236.3170,237.5117,235.7294,237.2767,4947700
2023-08-24,237.2277,238.5106,234.3976,234.5054,4570700
2023-08-25,236.3758,238.3637,235.2300,237.5411,3541500
2023-08-28,237.9720,240.1459,237.5705,238.7750,3741500
2023-08-29,238.4518,240.7335,238.3539,240.2537,3975600
2023-08-30,241.3113,243.0838,240.9490,241.1252,4573300
2023-08-31,240.4985,242.8781,240.3614,240.5866,5532600
2023-09-01,242.3395,243.7105,241.6540,242.9662,4112900
2023-09-05,243.2013,243.5342,240.1166,240.2537,4459600
2023-09-06,240.3320,241.5463,239.1471,241.0567,4520300
2023-09-07,240.4103,242.2709,240.0284,242.0163,4007900
2023-09-08,242.6529,242.9956,241.3309,242.1632,3309100
2023-09-11,242.2024,243.2111,241.1644,242.0947,2995800
2023-09-12,241.8205,242.6235,240.9098,242.1730,3499600
2023-09-13,242.0261,244.8758,241.4973,242.6920,5657000
2023-09-14,239.9207,240.4495,233.8003,236.4933,12000000
2023-09-15,236.8850,239.0394,235.0537,236.0722,13077900
2023-09-18,235.9449,240.1459,235.7784,239.5878,4771600
2023-09-19,239.9207,240.0382,236.4541,238.5106,4709000
2023-09-20,238.5791,239.4605,236.6598,236.8458,5756600
2023-09-21,235.7784,235.7882,231.3717,231.7047,6881500
2023-09-22,231.8418,232.8602,230.0105,230.2064,5935500
2023-09-25,230.5001,230.5883,227.3959,228.5220,5921600
2023-09-26,227.1217,227.8463,224.8400,224.8889,6193200
2023-09-27,225.4863,225.8976,223.1948,224.7421,6006700
2023-09-28,225.8878,227.7190,224.9085,226.8573,4203900
2023-09-29,228.0128,228.1989,224.8889,225.2415,6045200
2023-10-02,224.4875,226.5733,224.0272,226.4754,5175200
2023-10-03,225.6920,226.9454,223.0577,224.0664,5585700
2023-10-04,224.7224,226.8964,224.1349,226.4264,5430900
2023-10-05,225.6332,229.3348,225.4471,228.6395,6126200
2023-10-06,228.3360,231.6851,227.9247,230.1672,6401300
2023-10-09,227.9737,230.2945,226.8965,229.5797,5372200
2023-10-10,230.0301,233.2813,229.4229,231.6949,4644000
2023-10-11,232.6252,233.5653,230.0203,230.7939,4760900
2023-10-12,231.8026,232.8014,230.0203,231.8711,4472800
2023-10-13,231.4892,233.7024,231.3325,232.7427,4966800
2023-10-16,234.0451,235.7197,233.3890,235.0929,6227300
2023-10-17,234.6621,236.4737,233.3498,236.1995,4527600
2023-10-18,234.9852,235.8372,232.0768,232.5468,9528300
2023-10-19,232.5468,232.9875,228.5710,228.9627,5927400
2023-10-20,229.2761,230.8821,227.8170,228.5416,5748300
2023-10-23,226.5635,229.5992,226.4852,226.7300,5071700
2023-10-24,228.0618,231.6263,228.0618,229.7853,6844100
2023-10-25,227.4350,233.5359,226.4949,231.9397,10365300
2023-10-26,229.7070,230.7254,225.5842,226.4852,6414500
2023-10-27,226.3774,226.5928,223.3025,224.5168,5540900
2023-10-30,227.3763,228.5416,225.2611,228.2478,5170300
2023-10-31,228.7277,230.8331,228.1597,230.2260,4828400
2023-11-01,231.2444,234.0843,230.7939,233.6338,4996200
2023-11-02,234.9362,238.2070,234.2409,238.2070,6286700
2023-11-03,240.0382,240.2341,237.2375,238.5497,5029800
2023-11-06,238.9415,239.7053,237.5803,238.4420,5254100
2023-11-07,238.3637,239.9893,238.3343,239.6955,4219700
2023-11-08,238.9497,240.1862,238.2725,239.3618,5117500
2023-11-09,239.7740,239.9212,236.4766,237.1341,4866600
2023-11-10,239.4305,240.6965,237.4580,240.6768,4094400
2023-11-13,240.4315,241.0988,239.5581,240.1077,4088500
2023-11-14,241.5797,243.3069,241.0007,242.3353,14092000
2023-11-15,242.2077,243.6111,240.7651,243.4835,13258900
2023-11-16,243.9545,244.7985,242.6592,243.9349,7051600
2023-11-17,244.7985,245.5738,244.0233,244.9065,7238200
2023-11-20,244.9556,246.2509,241.0203,245.3088,8604200
2023-11-21,245.3677,248.6160,245.3677,247.5267,7213700
2023-11-22,248.2823,249.7936,247.9487,248.9889,5701400
2023-11-24,249.4501,249.9506,248.7730,249.5581,1640900
2023-11-27,249.5581,250.2254,247.8113,249.4011,5478900
2023-11-28,249.1165,249.4109,246.9182,248.2234,5234900
2023-11-29,249.1852,251.2951,248.7926,249.4894,4955100
2023-11-30,249.5090,251.9820,248.4492,251.8937,6874700
2023-12-01,251.0203,252.1194,249.1655,251.6680,3939400
2023-12-04,251.1381,252.5905,249.6071,249.6955,5247500
2023-12-05,249.4501,250.0684,247.4383,249.8623,4199100
2023-12-06,251.0301,252.0409,248.8025,249.5483,3874000
2023-12-07,250.1371,251.3638,248.7730,251.0497,3589300
2023-12-08,250.2450,251.2657,249.1361,250.9713,3732300
2023-12-11,250.2450,252.8260,250.2450,251.7366,6479300
2023-12-12,252.5021,254.8770,251.6189,254.7200,5946600
2023-12-13,254.3176,257.5856,253.8662,257.4874,4859900
2023-12-14,258.2823,258.3412,251.6189,253.9055,8168700
2023-12-15,249.7641,253.5521,249.7052,253.2185,13374000
2023-12-18,253.8760,254.7494,253.1400,253.5522,6041100
2023-12-19,253.7877,255.4854,252.4040,255.1420,8731200
2023-12-20,255.6425,255.9565,252.2863,252.3157,7240900
2023-12-21,252.7082,255.1420,252.2470,254.7004,6246700
2023-12-22,255.1518,256.3392,253.4050,253.6111,5111500
2023-12-26,253.7092,254.8966,253.7092,254.3274,2085100
2023-12-27,254.4157,254.9260,253.4933,254.1017,4034700
2023-12-28,253.7190,256.1037,253.7190,255.5443,3020500
2023-12-29,255.7112,256.5846,254.8280,255.4953,4074900
2024-01-02,254.7691,255.2401,252.8653,254.0429,5471000
2024-01-03,253.7288,254.0330,252.0703,253.1694,4148300
2024-01-04,253.2578,256.1724,253.1891,254.7690,3843000
2024-01-05,255.9172,256.5845,253.9251,254.8476,3748400
2024-01-08,256.0742,257.7229,255.1027,257.6444,4659000
2024-01-09,257.1145,258.7043,256.2706,258.4197,7055800
2024-01-10,260.0292,260.4217,257.9585,259.6268,4355800
2024-01-11,260.5100,261.2264,257.5071,259.1067,5599000
2024-01-12,260.1861,260.5983,258.7926,259.2440,4656100
2024-01-16,258.6062,260.7063,257.4580,260.2941,6196400
2024-01-17,259.4894,262.1194,259.4600,261.6582,5118700
2024-01-18,262.8849,263.7681,261.4521,263.1400,6694300
2024-01-19,263.1792,266.0938,262.0703,265.8485,7226500
2024-01-22,267.1636,267.2715,265.3186,266.1430,5984300
2024-01-23,266.4864,266.8005,264.8770,266.2019,5883000
2024-01-24,267.4875,267.7720,266.0252,266.5846,5021700
2024-01-25,266.8789,267.6935,265.7504,267.5266,6894900
2024-01-26,260.9810,265.8191,260.6474,262.9438,8586500
2024-01-29,261.9918,269.9408,261.7367,268.5571,6574500
2024-01-30,269.4698,273.4443,269.0772,271.9820,6549000
2024-01-31,271.9525,274.7690,268.0860,268.1645,6139300
2024-02-01,268.2921,272.0213,268.2627,271.8839,7065000
2024-02-02,272.4334,273.3068,270.5394,272.0114,4848700
2024-02-05,272.2273,272.8161,269.9997,270.4413,4899100
2024-02-06,269.6758,271.7170,268.9202,271.5993,4400000
2024-02-07,274.1704,274.3274,271.8937,274.1802,4785900
2024-02-08,274.8390,274.9570,270.6506,271.1422,5833400
2024-02-09,270.3753,272.5187,269.4806,271.7813,4618300
2024-02-12,271.7812,272.0172,269.6281,270.4441,3676200
2024-02-13,269.1463,273.3249,268.1730,271.1717,5493800
2024-02-14,271.8205,272.9709,270.0901,272.8922,4218400
2024-02-15,272.9807,276.3924,272.8922,276.2547,4834800
2024-02-16,276.2351,276.3924,273.1970,273.8754,6630700
2024-02-20,269.9525,272.1843,268.7432,270.5228,6157200
2024-02-21,270.0115,272.3122,268.9300,272.1057,4770100
2024-02-22,274.4850,279.2829,274.2883,278.9781,5100200
2024-02-23,279.9319,281.1412,278.7324,278.8307,5107700
2024-02-26,278.2801,280.5513,277.9065,279.3714,3856900
2024-02-27,279.3911,279.3911,276.8053,278.4079,4145200
2024-02-28,277.3559,281.3181,277.3362,280.8265,4358800
2024-02-29,280.6988,280.8561,277.4346,277.8869,6633700
2024-03-01,278.4374,280.1187,277.3657,278.3981,3955700
2024-03-04,278.0539,278.2407,273.4527,275.8123,5920300
2024-03-05,275.5567,276.2646,273.0103,274.6817,6227900
2024-03-06,275.2912,277.2576,274.6128,275.7140,4535200
2024-03-07,276.1564,276.4416,271.5158,273.5805,5668500
2024-03-08,274.3081,276.9332,274.1409,275.3306,3928800
2024-03-11,274.7504,276.0482,273.3150,275.8418,4614000
2024-03-12,276.5792,279.6959,275.5763,279.1453,7988700
2024-03-13,279.8728,281.2886,279.0470,280.3448,5783800
2024-03-14,284.1006,284.1793,279.7647,281.5935,5484500
2024-03-15,278.7815,280.8266,277.8869,278.2801,9845000
2024-03-18,279.0961,281.4165,278.4866,280.2563,4095600
2024-03-19,281.8392,283.2156,280.4529,282.5176,6595200
2024-03-20,282.8028,284.9953,281.8982,284.4152,6105000
2024-03-21,285.0935,286.0669,283.0584,285.4868,5057600
2024-03-22,285.1230,285.6047,278.1326,278.4963,8744100
2024-03-25,278.2506,278.7324,275.3306,276.4809,8519200
2024-03-26,279.3519,279.3519,273.7281,275.8812,8752400
2024-03-27,275.5370,276.5202,272.3220,274.3277,5190700
2024-03-28,273.8066,275.0946,272.4597,274.3867,5844400
2024-04-01,275.6452,276.1663,272.1353,273.6002,5084000
2024-04-02,273.3248,274.6324,272.3220,273.7574,6912300
2024-04-03,275.7632,275.7632,271.9091,272.3023,4536600
2024-04-04,273.6788,274.3867,268.9595,269.3922,4018600
2024-04-05,271.4568,273.2855,270.4048,272.4793,4392100
2024-04-08,271.6043,273.3052,270.5228,273.0889,5542400
2024-04-09,272.9611,273.3248,268.7236,272.0664,7313900
2024-04-10,270.7883,272.1647,269.5101,269.8641,5276000
2024-04-11,269.3921,271.8304,267.6027,271.0439,8102300
2024-04-12,270.9161,272.3417,269.4511,271.3192,9038400
2024-04-15,273.2168,273.2364,265.7937,266.7179,10267500
2024-04-16,265.9903,269.5199,265.6265,266.7867,8237100
2024-04-17,268.7039,269.3921,266.9342,268.1042,5940900
2024-04-18,267.9862,268.5564,265.3218,266.8064,8231800
2024-04-19,266.9047,267.4257,263.7781,265.2431,7905400
2024-04-22,266.3934,269.1562,264.8301,267.7502,6463700
2024-04-23,269.4020,270.2672,268.1238,269.5003,6438000
2024-04-24,277.8180,278.2408,269.8739,270.3950,8807200
2024-04-25,268.3795,271.5748,265.9412,270.5327,8064600
2024-04-26,270.3851,272.1155,269.2250,269.9034,6840600
2024-04-29,267.7403,269.8542,266.5310,267.2684,4128600
2024-04-30,265.9805,267.5044,264.0633,264.0928,6376400
2024-05-01,263.6405,266.3541,262.2247,262.8245,6119900
2024-05-02,264.8204,264.9384,262.1658,263.1096,5061700
2024-05-03,264.4762,264.9187,262.0183,263.9748,3862000
2024-05-06,265.1152,268.1926,265.0366,268.0845,3958700
2024-05-07,269.1168,273.2069,268.2418,271.8108,6377100
2024-05-08,273.1282,273.8656,270.2966,272.5284,9029700
2024-05-09,272.1450,274.1016,271.7518,273.8558,8948800
2024-05-10,274.8488,276.3039,274.5440,276.0188,8986400
2024-05-13,276.7267,277.4051,274.4064,274.6915,10528400
2024-05-14,274.7406,275.2814,269.6576,273.0692,18526100
2024-05-15,272.4892,276.9922,272.4106,276.7661,21288400
2024-05-16,277.5147,278.1451,275.0719,275.6432,10341500
2024-05-17,275.8500,276.6971,273.9292,275.8992,6177800
2024-05-20,275.0324,276.0666,274.0080,274.3626,5460900
2024-05-21,273.8307,274.2542,270.7575,271.8115,6578200
2024-05-22,271.3978,273.9095,270.9939,271.4470,4202500
2024-05-23,271.1121,273.2792,268.9353,270.1173,6115900
2024-05-24,270.8855,271.1121,269.2504,270.3733,4339700
2024-05-28,270.1172,270.3438,266.1772,266.9160,6212100
2024-05-29,264.9656,267.0736,264.2368,264.8277,5469700
2024-05-30,264.6702,267.5661,264.2860,267.2312,4901900
2024-05-31,267.3691,268.6694,264.9756,268.3738,8910000
2024-06-03,268.9943,269.0337,264.0398,266.3250,4838800
2024-06-04,265.5862,268.8958,265.2710,268.3344,4188500
2024-06-05,269.4278,270.8068,267.9404,270.3832,5368700
2024-06-06,270.6787,272.9934,269.9695,272.8851,4862400
2024-06-07,273.5450,276.1257,272.7077,274.4906,4515600
2024-06-10,273.9686,274.3823,269.2800,270.9151,5213800
2024-06-11,270.4226,270.7378,268.1374,270.5507,6244600
2024-06-12,272.6191,273.4367,265.8521,266.2658,7536600
2024-06-13,266.2658,267.7827,265.2808,267.1228,7361200
2024-06-14,266.0492,267.4775,265.2317,266.6008,8537300
2024-06-17,264.9657,267.7533,264.9657,267.1032,9258200
2024-06-18,267.2312,269.7922,267.2312,269.5164,6707500
2024-06-20,269.0929,273.8702,269.0042,272.6685,10164400
2024-06-21,273.0132,273.3776,270.4620,271.0924,14594700
2024-06-24,271.1909,276.1849,271.1416,272.1562,24149600
2024-06-25,272.6980,273.7618,269.4278,269.4278,18325800
2024-06-26,268.8170,270.3438,267.6744,269.4967,12172000
2024-06-27,264.4830,266.5318,262.5032,262.5918,10529100
2024-06-28,263.1927,264.5717,257.3319,258.5336,13957300
2024-07-01,259.8338,261.7841,257.3811,259.2920,7955800
2024-07-02,259.2921,264.2072,258.4647,264.2072,8697800
2024-07-03,265.0347,265.7045,264.1284,264.9558,5017800
2024-07-05,264.9657,266.4925,264.2171,266.3053,7986400
2024-07-08,266.1969,267.3691,261.9811,262.4047,8561100
2024-07-09,262.9957,263.5374,259.9619,261.4591,6431300
2024-07-10,255.2338,259.5285,254.6330,259.0557,9635500
2024-07-11,258.1987,259.6762,256.8492,258.6124,8803600
2024-07-12,260.3756,263.3897,259.7058,261.7546,6627800
2024-07-15,261.6857,265.2021,261.2720,264.4240,6845200
2024-07-16,264.4929,266.1575,263.3601,265.2119,7869900
2024-07-17,264.4141,268.8171,264.2171,268.6103,5324700
2024-07-18,268.2064,269.5164,264.5323,265.1134,5550800
2024-07-19,266.2659,266.8865,260.3461,261.4788,6839900
2024-07-22,263.2222,264.3747,261.0453,263.6950,5313600
2024-07-23,263.5177,263.6852,259.9027,260.8188,8109200
2024-07-24,252.2296,253.3427,249.3337,250.3581,13065900
2024-07-25,251.5598,254.3473,248.9101,249.9345,8573300
2024-07-26,251.7568,257.2827,251.7568,255.5688,7062200
2024-07-29,256.4158,258.7700,254.7019,257.6766,6068100
2024-07-30,259.2822,260.3361,257.0955,259.1541,5941800
2024-07-31,260.5726,262.3653,260.2870,261.6857,7642500
2024-08-01,262.3357,262.9957,260.2180,261.9417,7269700
2024-08-02,259.8732,263.9412,258.9374,262.5819,7017900
2024-08-05,257.5289,258.9769,250.6930,252.5940,9631300
2024-08-06,252.6531,256.5833,251.9341,254.3867,21586800
2024-08-07,255.7658,258.1002,252.4660,252.6728,12908600
2024-08-08,254.2587,256.5439,254.0519,255.9332,8223700
2024-08-09,255.7950,258.1144,255.6371,256.3773,7228100
2024-08-12,257.1077,258.1934,255.8641,256.5057,26769400
2024-08-13,256.7425,258.2723,255.8937,256.7425,12005700
2024-08-14,257.4729,258.0947,255.3706,257.7394,8552300
2024-08-15,259.4173,263.9080,259.4173,263.3257,7397800
2024-08-16,263.3750,264.9443,261.9341,263.8981,5111100
2024-08-19,263.9376,264.8160,261.7761,263.0000,6555900
2024-08-20,263.5231,264.5495,262.3190,264.5495,6803600
2024-08-21,265.0627,265.7635,263.9080,264.7074,6639700
2024-08-22,265.4378,265.9905,263.0986,264.4508,4425200
2024-08-23,265.2009,265.7042,261.8550,263.9573,3697400
2024-08-26,264.2337,266.8492,264.1844,264.7173,4612200
2024-08-27,265.0232,267.4216,264.4014,267.1946,6594100
2024-08-28,267.6289,268.4382,264.1843,265.6845,5455100
2024-08-29,267.4512,272.3960,266.9281,270.7477,5565100
2024-08-30,271.4189,273.3830,270.6885,272.7711,6296100
2024-09-03,272.7711,278.4166,272.7711,274.9128,7278300
2024-09-04,275.0806,277.9823,275.0707,276.8374,6107500
2024-09-05,277.3407,277.8342,273.7975,274.9917,6447400
2024-09-06,274.1528,276.6301,273.8172,275.7320,7187700
2024-09-09,278.4165,283.2330,277.9823,281.8907,10933900
2024-09-10,282.2065,282.6704,279.8773,281.6242,5314400
2024-09-11,281.3084,281.4564,274.6759,280.2622,6281800
2024-09-12,280.3017,282.2756,277.8046,281.6538,4160800
2024-09-13,282.7592,284.9799,281.8315,283.6081,4987600
2024-09-16,284.2989,287.1118,283.9930,286.6973,4458900
2024-09-17,287.1118,289.2536,286.3025,287.7632,5135700
2024-09-18,288.0396,288.2173,284.3779,284.7234,5890000
2024-09-19,287.2994,287.6843,279.1864,281.5255,10382100
2024-09-20,281.7821,283.2626,279.5614,281.0616,27810900
2024-09-23,281.1899,285.1181,280.9136,284.8714,6505600
2024-09-24,276.5314,277.3407,269.1587,269.2278,13690200
2024-09-25,270.6194,270.6786,264.7370,266.1188,11671300
2024-09-26,266.9775,269.6818,266.4840,268.1520,9552500
2024-09-27,269.6029,274.3601,269.2278,271.5867,6509600
2024-09-30,271.4189,272.0999,269.6423,271.3695,5969900
2024-10-01,273.3632,275.4260,270.7872,273.9850,5781600
2024-10-02,272.9684,274.0245,271.7840,273.3928,4741600
2024-10-03,273.0671,274.0738,272.2479,273.2546,3036700
2024-10-04,273.7383,274.8141,271.5176,274.3107,4259300
2024-10-07,273.9851,274.0048,269.6818,270.2247,4339300
2024-10-08,271.1327,272.5046,270.4418,271.3794,4370900
2024-10-09,271.4189,273.8764,270.8464,273.3237,4115800
2024-10-10,273.1757,274.0541,271.7643,273.8567,4063900
2024-10-11,272.4453,275.1694,271.7840,274.2219,4746300
2024-10-14,275.4457,277.7059,274.3699,277.0249,3996600
2024-10-15,277.3407,278.9594,275.1990,275.6530,5807000
2024-10-16,274.9917,283.8548,274.7252,283.7758,9442700
2024-10-17,284.8122,287.1414,283.8647,286.6085,8815800
2024-10-18,286.1446,287.2500,284.3285,286.8355,5350900
2024-10-21,285.8288,286.6578,282.6013,283.1146,6313100
2024-10-22,281.3380,282.7987,279.8378,281.0814,5736500
2024-10-23,282.3152,282.3349,279.8378,280.0648,5249300
2024-10-24,278.7127,279.9267,278.0613,279.5319,4679900
2024-10-25,280.3017,281.3775,277.1236,278.0612,4464600
2024-10-28,278.3672,280.9333,277.8638,280.4892,4306200
2024-10-29,280.5681,281.9795,277.6862,278.2093,7534800
2024-10-30,288.5330,291.9282,284.5753,286.3814,9606800
2024-10-31,288.2863,292.4810,285.8485,286.0755,7950200
2024-11-01,284.7332,288.8587,283.4501,286.9539,5470700
2024-11-04,287.7533,289.3325,286.9736,288.0494,4281600
2024-11-05,287.9113,290.9413,287.7829,289.4707,3753700
2024-11-06,302.3310,304.9761,298.8766,303.3969,10320500
2024-11-07,303.4957,303.6240,300.4558,301.8178,6237300
2024-11-08,302.8936,307.0981,301.7092,303.8608,6240600
2024-11-11,306.0519,308.3713,305.2722,306.8711,4674100
2024-11-12,305.5955,307.0887,304.6759,306.3965,4616400
2024-11-13,306.0405,307.4842,304.4089,306.0306,4046400
2024-11-14,305.8526,307.8204,304.3989,304.8143,4415800
2024-11-15,304.1320,307.2568,303.2420,306.1888,5106300
2024-11-18,306.0306,308.9279,305.2593,308.6807,4585600
2024-11-19,306.5448,308.7499,305.0714,308.3742,4885500
2024-11-20,308.3840,308.8093,302.8069,303.9639,6349900
2024-11-21,303.8749,307.4545,303.2321,306.4459,5757100
2024-11-22,304.5374,308.1170,304.4682,306.4657,5919200
2024-11-25,308.3840,310.1640,306.4063,309.6992,14189300
2024-11-26,310.6980,310.9946,308.0676,308.3445,7071500
2024-11-27,307.3063,312.8438,306.0405,311.1925,5204300
2024-11-29,310.7870,312.7251,310.2036,311.5681,3853300
2024-12-02,313.3679,313.8821,310.2134,313.1207,5597500
2024-12-03,313.5656,313.7832,309.2839,309.5212,5009900
2024-12-04,308.9378,309.3630,305.3581,306.4459,5981800
2024-12-05,306.5250,307.6226,305.3878,305.6350,5200100
2024-12-06,305.4274,309.0763,305.3582,307.5435,4302700
2024-12-09,308.3544,309.5212,304.2111,304.8637,5785300
2024-12-10,303.9342,309.4916,303.2222,308.8983,4539500
2024-12-11,309.5509,312.0329,307.7413,310.2925,4321800
2024-12-12,311.3111,312.0329,309.9366,310.7277,3218500
2024-12-13,312.3098,313.4174,310.8365,311.2320,4682200
2024-12-16,311.2319,314.0205,310.5991,312.3691,6562500
2024-12-17,312.2999,315.2862,311.6275,314.7523,8843900
2024-12-18,314.9500,318.0353,306.1097,306.3272,10479200
2024-12-19,308.3544,313.3382,307.7611,311.3704,8317100
2024-12-20,310.0750,316.4333,308.7994,314.1688,24387000
2024-12-23,312.1318,314.4260,309.8575,313.6843,7984600
2024-12-24,314.6237,317.9561,313.7436,317.0760,2684100
2024-12-26,316.2059,317.8672,315.8994,317.3332,2856000
2024-12-27,315.7115,317.9166,314.0205,315.1083,3489200
2024-12-30,311.1726,313.5755,309.7388,311.7956,3478500
2024-12-31,312.5966,314.1194,311.6769,312.5175,3963800
2025-01-02,314.2381,316.1169,308.9279,310.8958,5369500
2025-01-03,310.6782,312.3988,308.5324,311.4000,4271300
2025-01-06,311.4989,311.8747,308.5917,309.5509,6567300
2025-01-07,309.4026,311.6769,307.8501,308.1962,4958600
2025-01-08,307.5336,310.5398,306.7524,309.1158,5161600
2025-01-10,307.7314,308.3742,302.5795,304.2803,6660100
2025-01-13,301.6005,303.4991,300.4534,303.4991,9568400
2025-01-14,305.3087,306.7030,304.0924,305.6449,5107600
2025-01-15,310.1838,313.6547,309.6399,312.7548,5222000
2025-01-16,312.2307,315.6225,312.2307,313.7140,4606700
2025-01-17,313.9612,317.0167,313.1800,316.0576,5805800
2025-01-21,316.7399,320.9623,316.4333,320.0229,5653000
2025-01-22,321.1502,322.1094,318.7868,319.9537,5026500
2025-01-23,320.1514,324.8485,319.9635,324.5518,5297100
2025-01-24,324.3639,327.3997,324.1563,326.5197,4327500
2025-01-27,326.3219,331.7507,324.3936,330.8113,6636500
2025-01-28,330.9398,334.0646,329.1797,330.7520,5999600
2025-01-29,330.7717,333.3526,330.7717,332.1363,5087300
2025-01-30,335.7259,340.6009,335.2215,339.2264,8081300
2025-01-31,342.6083,347.3350,337.9013,337.9903,8624100
2025-02-03,336.2104,342.1436,335.4589,341.9656,8004500
2025-02-04,340.7592,342.1534,338.7221,341.3030,5532600
2025-02-05,342.1435,345.5847,341.4019,345.5452,4939100
2025-02-06,345.8814,346.7417,342.7368,343.6070,4294500
2025-02-07,344.1213,346.8406,343.3401,344.1410,4261200
2025-02-10,344.8135,347.9778,343.8246,347.3153,6067000
2025-02-11,344.9974,348.7812,342.9669,347.3945,5154800
2025-02-12,345.8493,348.4939,344.1951,348.1572,6760100
2025-02-13,349.7718,352.7037,347.4044,352.2580,4279200
2025-02-14,351.0693,352.0598,349.8708,350.4552,5720300
2025-02-18,350.3364,353.3574,349.0586,353.3475,5822000
2025-02-19,352.6442,353.7635,350.8217,351.8617,4152300
2025-02-20,351.8618,352.7532,345.7503,347.1667,5697000
2025-02-21,347.1667,349.9699,344.1852,345.2253,6924100
2025-02-24,345.4531,347.4737,344.0663,346.5426,5055900
2025-02-25,348.0384,349.2468,342.7193,348.7515,6191900
2025-02-26,346.6813,348.4939,345.6809,347.3053,5960600
2025-02-27,348.5633,356.8936,348.3454,352.3669,7298100
2025-02-28,351.3467,360.5486,350.3562,359.2708,15857300
2025-03-03,359.5581,363.0645,356.1309,358.3893,9099600
2025-03-04,356.6955,356.8539,347.0775,348.8902,8955800
2025-03-05,347.5034,350.7523,345.6313,349.3359,8244200
2025-03-06,342.6796,345.5620,337.1625,340.8967,8611100
2025-03-07,337.6379,343.1056,335.9243,342.0457,6358700
2025-03-10,336.7168,341.7387,334.4386,338.2422,8204300
2025-03-11,335.2012,336.3898,326.4549,328.9907,9776100
2025-03-12,332.7843,332.9725,325.9894,329.6840,6295400
2025-03-13,327.8516,333.0122,324.5928,325.4347,7915300
2025-03-14,324.1075,329.6147,323.2853,328.6539,7810600
2025-03-17,326.9007,332.9230,326.6333,331.3778,6149400
2025-03-18,332.1109,332.6160,329.1492,331.5958,7778300
2025-03-19,333.6065,337.7964,331.3283,336.6474,5614900
2025-03-20,335.7857,338.9949,334.4584,336.2809,5432700
2025-03-21,334.1711,336.2116,332.3386,332.4773,17279700
2025-03-24,335.4389,341.9466,334.4484,340.6094,5675100
2025-03-25,341.2930,342.2538,337.4399,341.3524,3931200
2025-03-26,342.7093,344.0861,339.7477,340.9165,6187100
2025-03-27,340.7382,347.5134,340.0647,346.5426,7254800
2025-03-28,345.8790,348.2860,338.3709,339.5991,5687600
2025-03-31,336.1323,348.5237,331.3184,347.1370,9950800
2025-04-01,347.1172,347.1271,339.3218,343.0659,7473300
2025-04-02,340.1835,344.8984,339.7972,343.0461,5682500
2025-04-03,330.7340,341.4712,327.8615,336.1720,8792900
2025-04-04,326.8710,331.4769,309.1605,310.1609,13201700
2025-04-07,299.2058,319.1251,296.1649,309.3586,12163400
2025-04-08,319.1845,323.1862,301.0481,305.3470,9569300
2025-04-09,302.7419,330.8627,302.7419,329.2779,11361800
2025-04-10,324.9098,327.0295,310.2996,321.5321,8709800
2025-04-11,321.3538,333.7848,319.4817,330.2387,6804500
2025-04-14,333.2202,336.3898,329.9812,332.0018,5011800
2025-04-15,333.5272,336.1719,331.8235,332.6259,4386200
2025-04-16,331.8236,334.0225,325.7418,328.1884,5850600
2025-04-17,327.9308,331.1500,325.3258,326.4846,5655900
2025-04-21,325.8805,326.0290,313.6476,317.0648,6362300
2025-04-22,320.7891,329.4067,319.3331,328.2577,5435500
2025-04-23,334.0423,338.0143,330.0406,331.1995,8906000
2025-04-24,330.1199,333.5768,328.1091,332.5268,8055200
2025-04-25,331.5859,333.1806,329.0204,331.9920,4452800
2025-04-28,333.5866,336.1224,331.8433,334.3097,5422900
2025-04-29,335.2904,339.0246,333.2697,338.2817,5519500
2025-04-30,331.2689,343.2343,330.0802,342.2240,9526700
2025-05-01,342.3032,342.4419,336.8950,339.2029,5849900
2025-05-02,343.9277,346.7705,342.8381,344.3041,6113700
2025-05-05,343.7098,347.7214,342.8381,345.3343,3865300
2025-05-06,343.1154,346.3346,342.4815,344.4031,3438500
2025-05-07,345.3937,347.8204,343.9178,346.5328,5454000
2025-05-08,348.6624,351.9608,347.6224,347.9393,4156400
2025-05-09,348.4940,350.4453,347.3450,349.1973,3086600
2025-05-12,355.7346,358.4586,347.8006,352.4758,7985400
2025-05-13,352.7338,356.0576,351.8012,353.3490,5406200
2025-05-14,353.8748,355.6012,352.4262,353.6664,6207600
2025-05-15,354.0931,360.8795,353.8847,359.4607,5826100
2025-05-16,360.1056,363.3202,358.0617,362.2586,5838100
2025-05-19,360.1751,366.2570,359.4806,365.0168,5081500
2025-05-20,364.8978,365.3641,361.8320,363.9651,5281400
2025-05-21,360.8695,363.1217,355.2737,355.4920,6125500
2025-05-22,354.9562,357.1787,353.7656,355.1646,4936600
2025-05-23,350.9777,353.2101,349.4597,350.7693,5345900
2025-05-27,352.6247,357.1787,351.7020,356.4842,6316000
2025-05-28,356.5239,358.0816,355.2341,356.9108,3299000
2025-05-29,357.5260,360.1949,355.9087,359.5599,4590400
2025-05-30,358.5182,364.1636,358.5182,362.3281,8726900
2025-06-02,359.9270,362.5959,357.1390,362.4570,3845700
2025-06-03,361.7228,364.0048,358.6669,362.9927,5221300
2025-06-04,363.8361,366.7630,363.4393,365.1160,4202300
2025-06-05,367.1003,368.0925,363.0622,363.8956,6881900
2025-06-06,366.1181,368.0925,364.6695,367.3186,5008500
2025-06-09,366.8920,366.8920,359.2126,363.7865,4999900
2025-06-10,364.1239,368.5291,363.8064,367.7949,4109300
2025-06-11,367.1003,372.5672,366.4852,370.3844,5562700
2025-06-12,369.3129,371.2377,366.6538,368.4893,4874000
2025-06-13,358.6769,360.1651,342.2963,350.0847,14181700
2025-06-16,353.6962,357.3970,351.5531,352.6942,7234700
2025-06-17,350.7197,356.7819,350.5511,355.0356,5559600
2025-06-18,355.0456,355.6707,335.3908,337.7125,15008600
2025-06-20,336.2937,337.3355,332.2953,335.9167,19332100
2025-06-23,334.8551,341.6018,332.9997,341.0561,7553300
2025-06-24,348.7651,351.7813,345.1934,348.8743,10172000
2025-06-25,347.7036,348.5370,342.5542,342.5542,6836300
2025-06-26,341.0858,344.1913,339.3496,343.3182,8829500
2025-06-27,343.8738,349.2514,342.9511,345.8780,6601900
2025-06-30,346.6122,352.8231,346.3245,352.2675,7080100
2025-07-01,351.0471,354.2022,348.6660,352.6842,6653400
2025-07-02,351.8211,353.5672,347.2571,351.4440,5131400
2025-07-03,351.8111,356.1866,350.8388,356.0476,3702800
2025-07-07,356.1072,356.8414,351.7119,353.8450,5138000
2025-07-08,353.8847,355.4722,350.4816,351.7714,6966800
2025-07-09,352.2874,354.9563,350.9777,354.9563,7297100
2025-07-10,354.0336,354.8174,350.6801,353.0910,6121300
2025-07-11,349.7474,351.0372,341.6910,345.2033,7580200
2025-07-14,344.6675,349.2116,342.3062,347.7531,5598900
2025-07-15,345.3918,347.4654,344.0425,344.3004,4891700
2025-07-16,344.5683,347.9218,343.0900,347.1578,5544200
2025-07-17,347.2571,348.6163,345.7490,347.0685,4747100
2025-07-18,346.7610,346.7610,344.4393,346.3145,4927600
2025-07-21,346.3245,350.8785,345.6696,348.1897,5216300
2025-07-22,348.3485,351.7020,347.4555,349.1025,4614200
2025-07-23,350.2336,352.9918,348.4576,352.5056,4385600
2025-07-24,352.0393,354.3808,351.0868,351.1960,5887200
2025-07-25,351.2258,354.8471,350.2435,354.2419,3915400
2025-07-28,353.5871,355.5119,351.9500,352.6842,3921000
2025-07-29,353.4978,355.5119,348.0607,348.5370,7402300
2025-07-30,348.9438,353.8252,344.5088,348.1600,12129700
2025-07-31,346.1955,350.0550,342.3856,342.7626,8641700
2025-08-01,341.4033,343.4571,335.4503,336.6906,8658700
2025-08-04,339.0221,341.6811,337.3355,339.4686,7335300
2025-08-05,339.4686,339.7762,332.9203,334.7856,7295600
2025-08-06,335.6488,338.7542,332.8013,337.0775,5944100
2025-08-07,338.7542,339.4686,326.1240,329.4874,8797100
2025-08-08,331.0650,334.7360,330.1224,334.1407,6073900
2025-08-11,334.0911,335.2122,331.8885,333.2676,5715800
2025-08-12,333.1583,336.5872,332.7706,334.6889,5682800
2025-08-13,334.9275,341.3879,334.7287,340.4635,5693400
2025-08-14,340.8511,343.9720,339.5889,343.3856,6224000
2025-08-15,344.1410,346.2381,340.7716,342.3718,4946600
2025-08-18,341.7456,343.6241,338.8732,340.6523,3999600
2025-08-19,340.4734,344.2304,339.8075,340.3641,4457200
2025-08-20,341.3083,345.3237,340.7617,341.8351,5834400
2025-08-21,340.8014,342.4215,337.6507,341.5966,6073600
2025-08-22,343.1172,349.0608,343.1172,347.9079,4973200
2025-08-25,347.4805,348.5837,345.3833,346.6953,8019800
2025-08-26,346.5661,351.2474,345.3336,349.0409,5876200
2025-08-27,348.5738,351.2772,347.7091,348.2160,5531100
2025-08-28,348.4645,348.9018,346.4767,347.7290,4987100
2025-08-29,348.3253,350.4821,346.8742,349.6373,3671900
2025-09-02,347.1823,348.0371,343.9720,347.9377,4940300
2025-09-03,347.2121,348.7527,345.1448,348.7328,4176400
2025-09-04,348.5937,350.4821,347.0233,348.8521,4324000
2025-09-05,349.2397,350.4722,338.1278,341.1294,5448300
2025-09-08,340.2548,342.2823,338.9229,340.2150,4711600
2025-09-09,339.6087,344.2105,339.2112,341.8947,4646200
2025-09-10,340.5231,340.5231,334.3907,336.0605,6557900
2025-09-11,336.6668,341.4375,335.8120,341.3978,5157600
2025-09-12,339.1416,341.0996,337.1041,337.3625,3518300
2025-09-15,338.5353,340.6225,336.3288,336.9848,4367500
2025-09-16,334.1919,338.4658,331.4388,337.9589,5527700
2025-09-17,337.8694,344.0913,337.4519,344.0913,5763500
2025-09-18,342.6302,343.1669,336.1201,336.1201,7526600
2025-09-19,338.3763,340.6026,336.1897,339.5292,13674300
2025-09-22,336.9451,342.7594,336.5972,342.2625,5621800
2025-09-23,342.4911,343.1570,335.5735,336.6370,10142700
2025-09-24,337.0643,337.8296,335.8617,336.6171,5207400
2025-09-25,336.2891,338.1278,332.4725,332.8899,5398700
2025-09-26,335.1759,337.4321,334.1820,335.3151,9619200
2025-09-29,335.3250,338.5651,333.5061,338.0880,7217800
2025-09-30,337.7501,343.5048,336.4481,339.3006,8164400
2025-10-01,338.2371,347.2320,338.2371,345.7113,8381000
2025-10-02,344.1111,345.0653,341.4673,343.8428,5198000
2025-10-03,344.0018,351.0089,343.8925,347.7091,5199700
2025-10-06,347.8781,348.9813,342.2526,347.1525,4735600
2025-10-07,347.9277,352.2811,347.9277,350.2734,5044600
2025-10-08,351.6251,352.8377,348.9614,349.2198,3927500
2025-10-09,349.3292,350.7206,343.4750,344.9261,4434800
2025-10-10,345.5126,348.2657,341.1592,341.5568,6296200
2025-10-13,341.6263,345.5424,338.6546,341.2089,4030700
2025-10-14,338.9229,347.8781,338.1477,346.2580,5731000
2025-10-15,346.2580,347.9476,341.9047,343.5844,3778200
2025-10-16,342.8986,343.5844,332.1346,333.3571,6241500
2025-10-17,335.7126,341.3580,334.9473,339.8075,6267100
2025-10-20,339.8174,342.8588,336.8755,342.3122,4665000
2025-10-21,341.0300,347.5203,340.9108,345.0951,4121800
2025-10-22,345.7014,346.0493,342.4016,343.2563,5074400
2025-10-23,344.0913,345.0355,342.3619,343.8527,7217200
2025-10-24,346.0791,346.9537,343.2166,345.2641,3576700
2025-10-27,346.8742,347.3910,342.9085,345.7014,5400300
2025-10-28,346.4568,347.7588,344.3895,344.7870,7445400
2025-10-29,343.8925,348.8422,336.9351,339.2012,8361700
2025-10-30,340.1355,347.5898,339.7081,342.9284,6411800
2025-10-31,339.9964,340.9108,336.1102,338.6645,7301600
2025-11-03,338.9229,339.1316,332.7806,334.8479,5538000
2025-11-04,334.4305,338.2471,332.2140,338.2272,5920200
2025-11-05,338.0582,340.0261,334.3112,337.9688,4984600
2025-11-06,336.5276,336.5872,331.6773,334.9075,8507900
2025-11-07,334.6790,336.2295,332.8104,333.9733,5318400
2025-11-10,334.5994,336.6171,332.2836,332.8104,5295800
2025-11-11,333.4564,337.0246,331.1705,336.8556,4453300
2025-11-12,336.8556,342.8408,336.0091,337.4830,6389600
2025-11-13,337.6423,340.0523,334.2165,334.6945,4961700
2025-11-14,334.5053,334.6945,327.6736,328.6595,6422300
2025-11-17,329.7948,331.9857,323.5905,324.4071,6494800
2025-11-18,323.1623,323.6602,316.6891,319.8560,9170400
2025-11-19,320.1946,323.2320,318.5514,322.7838,7066700
2025-11-20,322.7838,327.0462,321.8079,322.4353,6510300
2025-11-21,324.0387,329.7152,322.9532,326.6280,8930000
2025-11-24,327.8827,329.3666,324.6561,327.9425,9337100
2025-11-25,327.5441,334.6746,327.5441,333.1509,5854300
2025-11-26,333.1509,334.3261,331.6870,332.4140,4309900
2025-11-28,332.0555,333.6389,330.6314,333.0613,4586200
2025-12-01,331.5675,331.9260,328.7790,329.0280,7082300
2025-12-02,330.0836,331.4281,325.8611,328.2612,8201900
2025-12-03,328.2512,330.9799,327.9923,328.2512,6296700
2025-12-04,329.9143,331.0098,322.9432,325.7516,6277500
2025-12-05,325.4827,332.7326,325.0544,329.8745,5266600
2025-12-08,328.5201,329.9741,323.3714,325.4926,6059400
2025-12-09,325.2636,326.8769,323.7299,325.1540,4325400
2025-12-10,325.2935,327.4047,323.9590,324.3872,5467500
2025-12-11,331.2289,345.8882,328.6993,344.2052,12953600
2025-12-12,346.5654,348.3978,344.5438,346.3961,6942300
2025-12-15,346.3961,347.0136,342.4126,345.4600,7004600
2025-12-16,344.5737,346.1870,342.3031,343.6873,7269300
2025-12-17,344.1255,346.3563,342.2632,342.9902,7263500
2025-12-18,343.7471,346.0973,342.8508,344.5836,6805000
2025-12-19,344.6234,348.4675,344.6234,347.8102,18623900
2025-12-22,348.5571,351.9830,348.1488,350.6385,5043500
2025-12-23,350.5489,354.9109,350.5489,351.9232,3703200
2025-12-24,351.9232,354.5225,351.5548,353.6760,2023600
2025-12-26,353.6361,355.2594,352.2518,353.5365,2017000
2025-12-29,354.0245,355.0802,352.3415,353.1482,3989900
2025-12-30,352.5407,353.4071,351.2062,352.1622,3366500
2025-12-31,352.1921,353.7357,349.2443,349.2642,3503200
2026-01-02,348.4277,348.6070,342.0641,345.0517,5403800
2026-01-05,343.0798,356.0661,342.6317,352.3415,7592200
2026-01-06,352.2220,357.1416,350.5489,356.0860,6775400
2026-01-07,355.6777,356.8030,353.0486,354.4129,6333900
2026-01-08,353.5366,354.8810,348.0592,350.7780,6357600
2026-01-09,350.7083,353.2378,347.7206,348.3281,4902900
2026-01-12,341.3669,345.0815,335.9294,341.7852,13281300
2026-01-13,335.6107,336.1286,322.4950,326.5284,20383500
2026-01-14,327.3051,328.5400,322.6046,327.8130,9388400
2026-01-15,327.9723,330.3226,325.0245,326.3989,8587700
2026-01-16,325.4329,327.8927,324.0586,326.9466,8341600
2026-01-20,320.9016,326.9665,320.2344,324.4768,8279900
2026-01-21,325.0843,327.3151,321.6685,323.9391,8974600
2026-01-22,325.1142,327.0363,322.6644,325.0146,6938700
2026-01-23,324.5167,326.4487,323.2818,324.8354,5667900
2026-01-26,326.6478,330.6313,323.6901,327.1358,7540200
2026-01-27,327.1259,327.5740,323.5706,323.9192,6365800
2026-01-28,325.3831,327.0363,323.5407,325.6321,8106000
2026-01-29,328.6396,331.9857,322.1764,330.4322,10214200
2026-01-30,330.8504,331.6272,320.2742,320.5033,11199100
2026-02-02,323.4909,333.3103,322.7739,332.4638,8502400
2026-02-03,330.2828,334.4058,327.5143,327.5740,9081200
2026-02-04,325.7615,329.9442,323.0826,328.5898,8472300
2026-02-05,331.6272,336.1983,327.4645,327.7732,8339000
2026-02-06,330.4123,333.7485,325.7516,330.2131,7798800
2026-02-09,329.3965,331.4480,322.2859,324.2378,8513400
2026-02-10,324.0382,329.1975,323.8786,327.4911,5801800
2026-02-11,326.2437,330.3551,325.7447,328.5588,8264300
2026-02-12,328.2096,331.5527,323.3297,323.5093,9392600
2026-02-13,323.1600,325.8046,312.1728,313.4302,11653900
2026-02-17,313.7596,320.7151,313.7596,318.8390,8591700
2026-02-18,318.8390,321.6133,316.0648,319.6374,7091900
2026-02-19,316.8331,319.5376,315.0768,318.2702,5967600
2026-02-20,317.4519,321.6831,317.1625,320.2860,6831100
2026-02-23,318.3800,319.8569,304.0796,305.8859,13048000
2026-02-24,304.8680,308.6302,302.4530,306.5844,9120200
2026-02-25,307.9117,313.2905,307.6123,312.3425,7624200
2026-02-26,313.8294,318.7592,313.2905,316.0448,8725500
2026-02-27,313.8094,319.5675,311.3046,319.4777,12412900
2026-03-02,314.8473,321.9326,313.9491,319.8469,6674900
2026-03-03,315.1567,321.3738,313.6997,320.1663,5474300
2026-03-04,320.7750,325.0960,319.1384,319.8070,5257900
2026-03-05,318.6693,322.1322,314.1188,319.1384,8267200
2026-03-06,315.3961,317.0328,311.6539,316.7034,6439700
2026-03-09,312.8115,315.7454,309.5083,315.3163,8381500
2026-03-10,314.7774,316.4739,310.8057,313.7795,5271300
2026-03-11,312.6019,314.4281,307.7520,308.3208,6376700
2026-03-12,307.5025,310.3067,305.3869,305.8659,7514900
2026-03-13,306.9537,309.7080,305.7861,306.5046,4814100
2026-03-16,307.2131,310.4863,306.7441,309.4684,6401200
2026-03-17,310.6759,312.0431,306.7441,307.8218,6872200
2026-03-18,306.7740,307.3029,297.8825,298.4014,7191700
2026-03-19,297.4234,301.8442,296.4155,299.0899,6826400
2026-03-20,299.2297,302.2933,298.3914,300.9960,14398100
2026-03-23,304.5686,307.2131,302.2235,303.8102,7824500
2026-03-24,301.3752,305.4069,299.9981,303.1316,5375900
2026-03-25,304.8480,307.8518,301.5449,304.2792,6280900
2026-03-26,303.5308,307.2331,302.3732,304.8979,7652700
2026-03-27,303.6904,303.9598,293.7111,294.9086,9974400
2026-03-30,298.1120,300.0579,295.2779,298.9203,9330300
2026-03-31,300.9761,302.7124,295.9764,301.6147,10246900
2026-04-01,304.4189,304.4189,293.2820,297.8925,7707600
2026-04-02,297.1839,301.8442,295.2379,300.1777,4376000
2026-04-06,300.1178,303.7902,298.8405,302.7025,5501000
2026-04-07,301.8143,304.3491,300.4970,301.9241,4413900
2026-04-08,307.0934,310.4364,307.0634,308.3208,6879300
2026-04-09,307.3628,308.9395,302.9619,307.6522,4811500
2026-04-10,308.0713,308.3607,302.8821,303.7303,5190000
2026-04-13,303.3012,309.1092,301.7145,308.7499,6787200
2026-04-14,307.8318,311.4743,306.8539,310.7258,5571000
2026-04-15,312.3525,316.0748,310.8755,315.2564,4831400
2026-04-16,315.6955,317.3421,313.9192,314.4481,5695800
2026-04-17,315.9450,318.7791,314.5279,316.3641,8082300
2026-04-20,315.7454,316.8930,311.7038,313.2905,5506800
2026-04-21,313.3604,316.2344,308.1811,309.2988,6806900
2026-04-22,310.3666,310.7158,307.4227,310.6460,5666600
2026-04-23,309.8576,311.5541,304.3790,308.2410,7275000
2026-04-24,306.4647,309.3387,303.8700,308.7799,5616900
2026-04-27,306.8738,310.1770,305.4268,309.0094,6261500
2026-04-28,311.5541,313.3105,308.1013,308.6601,8839900
2026-04-29,335.7041,341.2725,333.0995,334.1672,16658600
2026-04-30,331.4329,331.8121,327.4013,329.1576,11241100
2026-05-01,332.1914,335.1552,327.2516,327.3514,6726100
2026-05-04,327.3214,329.1077,324.7268,326.1738,6712400
2026-05-05,324.4374,324.9064,318.9887,321.3638,5893200
2026-05-06,323.0802,323.9085,317.3421,318.1404,7808400
2026-05-07,318.8789,323.0203,318.8789,320.6153,7186100
2026-05-08,320.3259,320.4058,315.5059,318.1305,5950200
2026-05-11,318.4398,324.5072,317.3521,323.1900,9586200
2026-05-12,324.3200,328.9100,324.2000,326.4200,6235200
2026-05-13,323.7900,325.4200,319.8000,320.3100,7950400
2026-05-14,321.3700,323.3300,320.2500,322.5200,5277400
2026-05-15,324.0000,329.0100,323.8400,325.7500,6054500
2026-05-18,324.4300,333.4300,323.7700,332.6400,5305800
2026-05-19,333.3300,335.1700,329.4900,329.9100,12858100
2026-05-20,330.0900,331.6600,326.8200,330.7500,9422500
2026-05-21,329.8400,332.5200,327.2400,331.1200,7034500
2026-05-22,330.5200,333.4300,328.8200,328.8800,7462100
2026-05-26,326.4600,328.5000,324.5100,326.4800,8705100
2026-05-27,325.8300,331.4600,325.6600,327.6100,5917400
2026-05-28,326.0100,327.0800,320.9000,324.9500,8105400
2026-05-29,325.5000,331.6700,325.3500,326.3600,14104500
2026-06-01,327.2600,327.8600,318.6800,322.7700,10079300
2026-06-02,322.5100,323.5000,313.3900,317.3200,10125300
2026-06-03,317.6500,317.6500,309.0000,312.4000,8992800
2026-06-04,316.7900,324.7600,316.7000,320.1800,6981700
2026-06-05,322.4000,325.9800,320.9700,323.5700,7176300
2026-06-08,321.3500,323.9200,318.4300,319.6700,5582000
2026-06-09,318.6600,325.4900,317.0000,325.0500,6340400
2026-06-10,326.6200,326.9000,320.1800,322.9600,5793100
2026-06-11,322.0000,323.7100,317.9600,319.0500,5958900
2026-06-12,321.7600,325.9300,319.8000,322.3900,5543200
2026-06-15,323.3600,326.4400,322.7500,323.8200,6803000
2026-06-16,325.6900,333.2900,324.3800,333.1200,9248400
2026-06-17,333.5000,336.8200,329.9700,330.3800,6895200
2026-06-18,331.0000,332.3300,327.0000,327.2400,14716700
2026-06-22,328.3300,333.0000,325.8600,326.6000,15132400
2026-06-23,328.8200,331.2800,328.0900,328.4800,11113400
2026-06-24,329.0000,334.8000,327.2200,332.2300,8197200
2026-06-25,332.5600,339.9400,330.0700,330.5200,7050200
2026-06-26,332.2400,339.7200,331.4400,336.2300,16717400
2026-06-29,338.2700,345.8100,338.2700,341.6500,11710900
2026-06-30,341.7600,344.2900,339.0800,343.0900,7957900
2026-07-01,344.5600,353.3600,340.9800,351.0800,13025900
2026-07-02,352.5100,362.1300,352.5100,362.1300,9814800
2026-07-06,363.0000,365.0200,348.8500,357.2500,11623800
2026-07-07,348.3900,356.0800,346.9200,352.2000,7332500
2026-07-08,350.3000,351.6000,345.6900,347.5300,10215200
2026-07-09,345.3000,348.5000,344.4200,348.2000,6606300
2026-07-10,350.6300,351.1700,345.3300,348.9700,4702800
2026-07-13,351.7300,359.4900,351.0500,357.7500,9964600
2026-07-14,355.7700,359.9400,353.6800,356.0200,6632400
2026-07-15,354.0000,360.4300,349.1200,355.1400,8850000
2026-07-16,358.0400,365.1400,357.1100,365.1400,9073200
2026-07-17,363.5700,364.6300,357.0000,358.5600,7398900
2026-07-20,357.1000,363.0000,356.4300,360.5700,5467409
