Date,Open,High,Low,Close,Volume
2016-07-21,60.8303,61.0700,60.5517,60.8044,6854600
2016-07-22,60.9729,61.0895,60.7202,60.9081,7139700
2016-07-25,60.5582,60.6554,59.4503,59.7354,10845900
2016-07-26,59.3661,59.6253,59.0292,59.3013,12143500
2016-07-27,59.2884,59.4827,58.7182,58.8996,10037900
2016-07-28,58.6599,58.7830,58.0574,58.4396,12439200
2016-07-29,56.7616,57.6686,55.7962,57.6298,23928100
2016-08-01,57.0661,57.1114,55.4528,55.6278,22908400
2016-08-02,56.0100,56.5737,55.4464,56.3923,18919200
2016-08-03,56.3729,56.6839,56.1072,56.6839,14632900
2016-08-04,56.6903,56.7875,56.3858,56.6774,13451400
2016-08-05,56.8393,56.9041,56.4635,56.7292,9617300
2016-08-08,57.0467,57.5909,57.0337,57.3965,10492700
2016-08-09,57.4159,57.5067,57.1309,57.4678,9654600
2016-08-10,57.3567,57.4482,56.2002,56.4615,12714800
2016-08-11,56.6445,57.0234,56.3635,56.6641,11616000
2016-08-12,56.8209,57.4874,56.7817,57.4024,9986900
2016-08-15,57.7749,57.8272,57.2652,57.3763,6432600
2016-08-16,57.3894,57.6181,57.0888,57.4482,6817900
2016-08-17,57.4482,57.6181,57.2783,57.5723,7104600
2016-08-18,57.7487,58.1147,57.5789,58.0951,10342700
2016-08-19,57.9121,57.9840,57.3632,57.3698,8615300
2016-08-22,57.0496,57.5658,56.7490,57.4939,8235400
2016-08-23,57.3959,57.5135,57.2130,57.3175,6514800
2016-08-24,57.1738,57.6050,57.0757,57.5135,7985400
2016-08-25,57.5135,57.5201,57.0039,57.1476,6935300
2016-08-26,57.2587,57.5723,56.8470,57.0235,6474400
2016-08-29,56.8732,57.4482,56.8732,57.3959,7027200
2016-08-30,57.4155,57.6638,57.0888,57.1868,6441100
2016-08-31,56.9385,56.9843,56.3374,56.9385,12491400
2016-09-01,56.6641,56.7425,56.2524,56.7425,8434700
2016-09-02,57.1215,57.2260,56.8013,57.1215,7099600
2016-09-06,57.3959,57.9186,57.2783,57.8729,9851200
2016-09-07,57.9252,57.9383,57.4809,57.6573,7470400
2016-09-08,57.8599,58.3957,57.5266,58.1866,9579500
2016-09-09,57.9317,57.9317,56.7164,56.7425,12820200
2016-09-12,56.7033,57.3110,56.6053,57.0365,10889000
2016-09-13,56.4942,56.5007,55.5925,55.6774,13214300
2016-09-14,55.5663,56.0825,55.0632,55.2788,13957000
2016-09-15,55.3246,55.9649,55.2266,55.5925,9062600
2016-09-16,55.2200,55.5729,54.5993,54.9064,21538400
2016-09-19,55.2658,55.2919,54.7627,54.7757,7929100
2016-09-20,54.7104,54.8541,53.9328,53.9328,17522000
2016-09-21,54.1158,54.6385,53.7825,54.4294,15055900
2016-09-22,55.0698,55.2462,54.4817,54.5862,10738500
2016-09-23,54.0243,55.0893,53.9655,54.5274,12667100
2016-09-26,54.5732,55.2135,54.1877,54.2726,10860300
2016-09-27,53.9655,54.4555,53.7695,54.3902,9595000
2016-09-28,54.5339,56.9973,54.4555,56.7817,28117900
2016-09-29,56.8274,56.9777,55.9845,56.4942,19082900
2016-09-30,56.7425,57.3763,56.6184,57.0300,15961500
2016-10-03,56.8078,56.9777,56.5465,56.8797,7111200
2016-10-04,57.0953,57.1738,56.2394,56.3570,8222000
2016-10-05,56.7360,56.9581,56.6510,56.8470,8796200
2016-10-06,57.0104,57.1542,56.4812,56.8732,7718300
2016-10-07,56.8144,57.1084,56.4681,56.6772,6614900
2016-10-10,57.1999,57.9383,57.1803,57.7880,10060000
2016-10-11,57.5527,57.6246,57.0431,57.3306,9309000
2016-10-12,56.9908,57.3175,56.6314,56.9320,8172600
2016-10-13,56.4223,56.7621,55.8212,56.5595,9890300
2016-10-14,56.9712,57.1999,56.5073,56.5465,7991700
2016-10-17,56.5073,56.7098,56.2394,56.5465,7263100
2016-10-18,56.9581,57.0627,56.4419,56.6968,5429300
2016-10-19,56.9712,57.4024,56.7686,56.9581,9373400
2016-10-20,56.7098,57.1738,56.5857,56.9843,6866900
2016-10-21,56.4681,56.7294,55.9976,56.5988,10736200
2016-10-24,56.6772,57.0561,56.2394,56.7882,8354900
2016-10-25,56.6314,57.2717,56.5857,56.6641,6835900
2016-10-26,56.3570,57.1411,56.1610,56.9059,8488100
2016-10-27,57.0300,57.2783,56.7164,56.7948,9071100
2016-10-28,55.7232,56.4289,54.9783,55.3965,19072200
2016-10-31,54.8084,55.1482,54.2269,54.4425,16663800
2016-11-01,54.5601,54.8345,54.4098,54.6581,13050600
2016-11-02,54.4294,54.8084,54.1942,54.5274,11226100
2016-11-03,54.6777,54.8084,54.2661,54.6646,8836500
2016-11-04,54.6450,55.1024,54.0766,54.6058,13877100
2016-11-07,55.2070,55.8473,55.1482,55.8342,13576200
2016-11-08,55.8540,56.5791,55.6958,56.2364,9735200
2016-11-09,55.4058,57.1592,55.1487,56.8560,15901300
2016-11-10,56.6319,58.0030,56.4671,57.3834,14106100
2016-11-11,57.0406,57.1724,55.9595,56.4737,13812200
2016-11-14,56.2298,56.4605,55.5903,56.2166,12607500
2016-11-15,56.5396,57.3900,56.5396,57.2318,12883500
2016-11-16,57.1790,57.2054,56.4144,56.5264,8201200
2016-11-17,56.9813,57.2713,56.0452,56.1836,8200500
2016-11-18,56.1704,56.4605,55.9199,56.2166,8457800
2016-11-21,56.9812,57.1460,56.7835,57.0142,8861500
2016-11-22,57.1461,57.5086,56.6714,57.1395,9390200
2016-11-23,57.0472,57.4031,56.8956,57.2977,5996300
2016-11-25,57.1592,57.4427,57.0472,57.4295,5042300
2016-11-28,57.3174,57.4361,56.9351,57.0010,7449600
2016-11-29,56.3089,56.7439,56.0847,56.6253,9181100
2016-11-30,57.7459,58.1349,57.4823,57.5482,22696200
2016-12-01,57.9964,58.3392,57.5086,57.5086,13005600
2016-12-02,57.4757,58.0030,57.0867,57.3768,9706600
2016-12-05,57.6075,57.8910,57.2977,57.6668,11741100
2016-12-06,57.5284,57.9239,57.1527,57.7196,11293600
2016-12-07,57.7657,58.1085,57.4823,58.0558,11182600
2016-12-08,58.0426,58.5699,57.7789,58.2206,9086700
2016-12-09,58.4315,58.6688,58.1283,58.6688,8021700
2016-12-12,59.4203,60.3168,59.4203,59.9740,15545400
2016-12-13,60.5739,61.4506,60.0993,61.0288,18829300
2016-12-14,60.8178,60.8244,59.4401,59.7104,16325400
2016-12-15,59.3939,59.9740,59.1698,59.9147,11155100
2016-12-16,60.3300,60.4289,59.7499,60.1059,20560400
2016-12-19,60.2377,60.3432,59.4598,59.6049,9674400
2016-12-20,59.6642,59.8883,59.5192,59.6115,7221000
2016-12-21,59.7763,59.9213,59.4467,59.5126,7308000
2016-12-22,59.3412,59.9213,59.3412,59.9015,8003100
2016-12-23,59.9147,59.9609,59.6708,59.7961,4266500
2016-12-27,59.8752,60.0597,59.7104,59.8224,4960600
2016-12-28,59.7762,60.0597,59.4994,59.5258,6745900
2016-12-29,59.3939,59.7235,59.3478,59.5587,6684700
2016-12-30,59.3478,59.7895,59.3346,59.4994,9117800
2017-01-03,59.9477,60.2113,59.4269,59.9147,10360600
2017-01-04,60.0663,60.0861,59.1632,59.2555,9434200
2017-01-05,59.4533,59.5258,58.2997,58.3722,14443200
2017-01-06,58.5304,58.6556,57.8910,58.3392,16518100
2017-01-09,58.1546,58.1546,57.0538,57.3768,13762300
2017-01-10,57.4625,57.5548,56.6319,56.6451,13283100
2017-01-11,56.6253,57.3175,56.5989,57.2252,11183700
2017-01-12,57.5284,57.6009,56.7374,56.9153,10407000
2017-01-13,56.8692,57.1395,56.8033,56.9219,8415600
2017-01-17,57.0736,57.6075,56.8560,57.5877,13237300
2017-01-18,57.3900,57.6207,56.7242,56.8758,11831700
2017-01-19,56.6714,56.7571,55.7617,55.8540,16382900
2017-01-20,56.3221,56.6648,56.0650,56.6187,18739700
2017-01-23,56.4803,56.6121,55.8672,56.0122,11433900
2017-01-24,56.0188,56.3418,55.9199,56.0913,11858100
2017-01-25,56.2561,56.6121,56.1968,56.2561,9578500
2017-01-26,56.4869,56.5792,56.1111,56.4275,8779400
2017-01-27,56.2298,56.5264,56.0584,56.3682,10947900
2017-01-30,56.3089,56.3286,55.4915,55.9397,12789200
2017-01-31,56.0584,56.0781,54.7993,55.3003,19128100
2017-02-01,55.3728,55.4783,54.4104,54.6741,15111800
2017-02-02,54.8520,55.0630,54.4170,55.0102,12200100
2017-02-03,55.1751,55.1882,54.6477,55.0696,12746300
2017-02-06,55.0762,55.1421,54.6675,54.9180,9938200
2017-02-07,54.8652,55.1223,54.3510,54.5620,11705200
2017-02-08,54.5420,54.6285,53.9965,54.2028,14006300
2017-02-09,54.2028,54.5820,54.2028,54.4422,9603000
2017-02-10,54.7217,55.0609,54.6352,54.8946,8739800
2017-02-13,55.0609,55.3337,54.7815,55.2139,9071600
2017-02-14,55.1540,55.2804,54.5886,55.0942,11370500
2017-02-15,54.9744,55.3337,54.8547,55.3204,11768500
2017-02-16,55.2937,55.4933,54.6618,54.7483,10615000
2017-02-17,54.6086,54.6751,54.1762,54.3890,15646000
2017-02-21,54.6285,54.6485,54.0830,54.4755,16419600
2017-02-22,54.3159,54.3491,53.7970,53.8369,12917400
2017-02-23,54.1629,54.6950,53.9034,54.4023,13847000
2017-02-24,54.2826,54.4157,53.7238,53.9367,11338700
2017-02-27,53.9699,54.3558,53.7571,54.2427,13465900
2017-02-28,54.2360,54.5420,53.9167,54.0963,16834200
2017-03-01,54.3491,55.4334,54.3491,55.2272,17482100
2017-03-02,55.0809,56.0455,55.0742,55.4135,14170300
2017-03-03,55.4135,55.6131,54.7217,54.8547,12190400
2017-03-06,54.8414,55.1474,54.7682,55.1008,9617200
2017-03-07,55.2871,55.4068,54.6418,54.8946,12711500
2017-03-08,54.7815,54.8015,53.8901,53.9034,16817700
2017-03-09,53.6440,54.3624,53.4245,54.3292,14721800
2017-03-10,54.8414,54.8613,53.9899,54.2892,11355200
2017-03-13,54.2161,54.5088,53.9167,54.1629,9571400
2017-03-14,53.8835,54.0365,53.5109,53.8768,11335700
2017-03-15,54.1163,54.5886,53.9167,54.5487,11970300
2017-03-16,54.5687,54.6817,54.3292,54.5953,9923800
2017-03-17,54.5686,54.7216,54.4289,54.5487,18834100
2017-03-20,54.3624,54.5753,54.1762,54.5487,7700300
2017-03-21,54.6551,54.7815,54.2826,54.4356,13387700
2017-03-22,54.5221,54.6086,54.1695,54.3890,11168400
2017-03-23,54.3025,54.6950,54.1895,54.4556,8928000
2017-03-24,54.5686,54.5686,53.9832,54.0365,9128500
2017-03-27,53.7637,54.1695,53.7438,54.0498,8481200
2017-03-28,54.0963,54.5620,53.8569,54.4422,11028600
2017-03-29,54.3425,54.7350,54.2493,54.5620,8495500
2017-03-30,54.5686,55.7927,54.5088,55.6796,44704900
2017-03-31,55.3869,55.4201,54.4556,54.5553,21750400
2017-04-03,54.5620,54.7549,54.1163,54.5953,11438700
2017-04-04,54.6152,54.8281,54.1030,54.7948,9270900
2017-04-05,55.1141,55.5798,54.8614,54.9013,13809100
2017-04-06,55.0476,55.3536,54.8547,55.2206,9554900
2017-04-07,55.3736,55.4534,55.0010,55.0543,8909600
2017-04-10,55.2938,55.5266,55.1607,55.3004,8885300
2017-04-11,55.2672,55.3270,54.8281,55.1075,8576500
2017-04-12,55.1208,55.4468,55.0144,55.1940,9516100
2017-04-13,55.0277,55.0343,54.2626,54.3425,8667900
2017-04-17,54.4489,54.5288,54.1762,54.2693,9577200
2017-04-18,54.0963,54.4290,53.9034,53.9167,8821400
2017-04-19,53.9965,54.2227,53.4178,53.5442,10764400
2017-04-20,53.8502,54.3757,53.6839,53.8901,11649100
2017-04-21,53.8369,53.8834,53.5309,53.6772,9816700
2017-04-24,54.0697,54.1496,53.7571,53.9566,8729700
2017-04-25,54.1695,54.5021,54.0697,54.3691,10733800
2017-04-26,54.2294,54.7682,54.1429,54.1496,9445900
2017-04-27,53.9300,54.0830,53.8435,54.0564,12385300
2017-04-28,54.8547,54.8746,54.2560,54.3159,12072200
2017-05-01,54.2227,54.6884,54.2028,54.5886,8664100
2017-05-02,54.6418,54.9412,54.4822,54.5820,9102900
2017-05-03,54.5287,55.2605,54.4888,55.0143,10289000
2017-05-04,54.7416,54.7882,54.1495,54.3092,16164500
2017-05-05,54.3026,54.7084,54.2893,54.5620,10213000
2017-05-08,54.5487,55.1740,54.5487,55.1407,8097100
2017-05-09,55.1873,55.2139,54.6551,54.7549,8647100
2017-05-10,55.1444,55.3123,54.8288,55.0034,9520300
2017-05-11,55.4600,55.5406,55.1309,55.4734,10047300
2017-05-12,55.3257,55.5406,55.2317,55.4331,7480200
2017-05-15,55.7353,55.8562,55.5003,55.6010,10881500
2017-05-16,55.6682,55.8898,55.3660,55.4331,9574200
2017-05-17,55.4332,55.7622,55.0370,55.0571,11151100
2017-05-18,54.9094,55.1645,54.6743,54.8959,9905800
2017-05-19,55.0638,55.1243,54.8557,55.0168,13028500
2017-05-22,55.1377,55.2854,55.0168,55.2586,9218700
2017-05-23,55.2787,55.6614,55.2250,55.4533,6857200
2017-05-24,55.3459,55.4264,55.0705,55.2586,8136000
2017-05-25,55.2854,55.5406,54.7415,54.8959,12370900
2017-05-26,54.8019,54.9295,54.2781,54.7616,8227100
2017-05-30,54.5803,54.6206,54.4192,54.4594,8973600
2017-05-31,54.3520,54.3587,54.0364,54.0565,13572300
2017-06-01,53.9692,54.3251,53.8484,54.1908,9884100
2017-06-02,54.1170,54.1774,53.2239,53.3850,21687300
2017-06-05,53.3447,53.9827,53.3179,53.8014,11527100
2017-06-06,53.9223,54.6072,53.8685,54.5333,12208600
2017-06-07,54.4259,54.6609,53.9491,54.3319,13096500
2017-06-08,54.3319,54.4460,54.0498,54.1371,11720700
2017-06-09,54.4930,55.1578,54.1841,55.1511,13553900
2017-06-12,55.1511,56.1987,55.1511,55.6883,18172900
2017-06-13,55.6346,55.9166,55.4466,55.7085,12175500
2017-06-14,55.6077,55.6144,54.7683,55.1108,13714000
2017-06-15,54.9161,55.3324,54.7818,55.2384,11862600
2017-06-16,55.4734,56.0979,55.1981,56.0644,39726100
2017-06-19,56.0643,56.0643,55.4331,55.5742,10445700
2017-06-20,55.1108,55.3794,54.6676,55.2720,13232600
2017-06-21,55.0907,55.4869,54.4863,54.6878,11422300
2017-06-22,54.6945,54.7818,54.3252,54.4460,8139900
2017-06-23,54.2915,54.8556,54.2311,54.8019,10611200
2017-06-26,54.7751,54.8959,54.3319,54.5535,7718700
2017-06-27,54.6945,54.8825,54.4662,54.4662,9221600
2017-06-28,54.6676,54.9026,54.5199,54.7482,9189700
2017-06-29,54.6408,54.9564,53.9961,54.1908,20525100
2017-06-30,54.4460,54.5535,54.1908,54.2110,14000600
2017-07-03,54.2513,55.3928,54.2043,55.1310,8422300
2017-07-05,54.8489,54.8489,54.0700,54.2916,9830800
2017-07-06,54.2983,54.4460,53.7812,53.8014,9822400
2017-07-07,53.8551,54.1237,53.5932,53.8685,10777800
2017-07-10,53.7208,53.9961,53.6939,53.8282,6338300
2017-07-11,53.9424,54.2244,53.7476,54.1237,9681100
2017-07-12,54.5199,54.7415,54.2244,54.3654,7974000
2017-07-13,54.3722,54.4527,54.2110,54.3722,5582300
2017-07-14,54.3923,54.6676,54.2379,54.5803,7497200
2017-07-17,54.3923,54.6810,54.2781,54.2983,7914700
2017-07-18,54.4057,54.4460,53.9961,54.1237,8046100
2017-07-19,54.0163,54.3050,53.9021,54.2916,9393200
2017-07-20,54.3722,54.7213,54.2244,54.2983,9681000
2017-07-21,54.1573,54.2848,53.7208,53.8014,12268600
2017-07-24,53.7611,53.8685,53.5596,53.6335,9403000
2017-07-25,54.2379,54.4259,53.9021,53.9021,11465300
2017-07-26,54.1103,54.3251,53.8551,53.9692,10465100
2017-07-27,53.8820,54.3117,53.6536,54.2781,11149700
2017-07-28,53.4858,53.6671,52.5591,53.4522,22800800
2017-07-31,53.6066,53.9827,53.4522,53.7476,12820200
2017-08-01,53.8282,54.0834,53.7006,53.8349,10421200
2017-08-02,53.6536,54.1506,53.5865,54.1237,10410100
2017-08-03,53.9491,54.2714,53.9222,54.0498,10136700
2017-08-04,54.0162,54.0968,53.7544,53.8618,8292200
2017-08-07,53.8350,53.8350,53.6268,53.8282,7893800
2017-08-08,53.7342,53.8685,53.6066,53.6939,9028400
2017-08-09,53.8887,53.9558,53.5730,53.8618,8087100
2017-08-10,54.0788,54.0923,53.5025,53.5431,12580300
2017-08-11,53.7059,53.7330,53.0211,53.0278,10192400
2017-08-14,53.3058,53.4211,52.9668,53.0414,8862500
2017-08-15,52.9668,53.0550,52.6685,52.9126,10350900
2017-08-16,52.9126,53.0007,52.4176,52.5261,9117100
2017-08-17,52.3837,52.3973,51.6718,51.7057,13400400
2017-08-18,51.6515,52.2820,51.5633,51.9634,14324300
2017-08-21,51.8481,51.9498,51.5837,51.7871,10084900
2017-08-22,51.9023,52.4312,51.8888,52.0311,9503600
2017-08-23,52.0040,52.2142,51.8481,51.9430,7054300
2017-08-24,51.8684,51.9701,51.6650,51.7532,8678300
2017-08-25,51.9091,52.2956,51.8210,52.0176,6844900
2017-08-28,52.1396,52.1668,51.7057,51.8481,8229700
2017-08-29,51.6718,51.8617,51.5837,51.8345,7060400
2017-08-30,51.6922,51.8345,51.5701,51.5972,8218000
2017-08-31,51.7125,51.8617,51.5633,51.7532,15641700
2017-09-01,51.7803,52.1057,51.7464,51.9159,7361100
2017-09-05,51.9634,52.4515,51.9430,52.3295,12784800
2017-09-06,52.8109,53.7126,52.6007,53.4143,18574400
2017-09-07,53.5770,53.7872,53.2990,53.5838,9836400
2017-09-08,53.5703,53.5906,53.3126,53.4414,8436000
2017-09-11,53.8415,53.8482,53.4957,53.7330,12955800
2017-09-12,53.8347,54.0313,53.7262,53.9025,7644400
2017-09-13,53.9025,54.0856,53.8211,54.0856,8369700
2017-09-14,54.1398,54.3975,54.0856,54.3025,9072600
2017-09-15,54.3229,54.3839,53.9364,54.2890,16043700
2017-09-18,54.0991,54.3364,54.0381,54.3025,8594400
2017-09-19,54.2822,54.5059,54.2347,54.3907,9277100
2017-09-20,54.4313,54.6890,54.4178,54.6144,10606900
2017-09-21,54.5737,54.6009,54.0788,54.1669,11984200
2017-09-22,54.0517,54.4449,54.0178,54.1873,10205800
2017-09-25,54.2618,54.9195,54.2279,54.9060,10496600
2017-09-26,54.7229,54.9195,54.6212,54.8450,8755100
2017-09-27,54.8449,55.2246,54.7771,55.2111,9724500
2017-09-28,55.3467,55.9026,55.2992,55.7264,15581700
2017-09-29,55.5569,55.6382,55.3128,55.5840,9944000
2017-10-02,55.1229,55.4755,55.0890,55.3467,6777900
2017-10-03,55.1975,55.5772,55.1229,55.4348,6082000
2017-10-04,55.4619,55.5094,55.2246,55.4551,6357100
2017-10-05,55.4077,55.7603,55.3195,55.6111,7375900
2017-10-06,55.4416,55.5230,55.1636,55.4009,6070600
2017-10-09,55.4890,55.7196,55.4348,55.6179,7489900
2017-10-10,55.8281,56.0993,55.6586,55.7738,7218500
2017-10-11,55.7060,56.0993,55.6924,56.0043,7023700
2017-10-12,55.8077,55.9365,55.7128,55.8891,6647500
2017-10-13,56.0925,56.3298,55.8416,55.8755,7180000
2017-10-16,56.0721,56.2417,55.9637,56.1467,5734000
2017-10-17,56.0247,56.2552,55.9637,56.2484,6444100
2017-10-18,56.2484,56.5400,55.9637,56.1128,6367100
2017-10-19,55.8348,56.3095,55.8213,56.0993,7945500
2017-10-20,56.1739,56.3637,56.0179,56.3501,9574100
2017-10-23,56.3773,56.7909,56.3027,56.4383,9829900
2017-10-24,56.6485,56.8248,56.4857,56.5942,7551200
2017-10-25,56.5807,56.7705,56.2416,56.3908,9153300
2017-10-26,56.5264,56.7163,56.3501,56.5942,9154500
2017-10-27,56.2756,57.1163,55.6043,56.7570,14866200
2017-10-30,56.7569,56.9197,56.5535,56.6417,7811100
2017-10-31,56.7163,56.7366,56.3908,56.5129,9754200
2017-11-01,56.5400,56.9129,56.4518,56.8654,9430000
2017-11-02,56.6824,56.7569,56.2145,56.6349,7775500
2017-11-03,56.5603,56.7095,56.3840,56.3976,6903500
2017-11-06,56.4790,56.8654,56.3162,56.7841,9276700
2017-11-07,56.7773,56.8315,56.2959,56.6688,8471800
2017-11-08,56.5196,56.6146,56.1806,56.5942,8691600
2017-11-09,56.4790,57.0485,56.3298,56.9332,10528800
2017-11-10,56.8032,56.8511,56.3995,56.7553,8693700
2017-11-13,56.5569,56.8579,56.5226,56.7211,6720400
2017-11-14,56.3995,56.6253,56.1737,56.2763,9251700
2017-11-15,55.9410,56.1737,55.5304,55.5715,9663600
2017-11-16,55.0446,55.3251,54.8461,55.1267,10527200
2017-11-17,54.9625,55.1951,54.8530,54.9077,9536400
2017-11-20,54.9009,55.1814,54.7503,55.1199,8468600
2017-11-21,55.2157,55.5989,55.1814,55.3388,8838400
2017-11-22,55.5373,55.7084,55.4620,55.4962,7941600
2017-11-24,55.7289,55.9068,55.5783,55.7152,3851300
2017-11-27,55.6468,55.7015,55.4415,55.5031,9127500
2017-11-28,55.7084,56.1121,55.6399,55.8863,9794600
2017-11-29,55.8726,56.3242,55.7562,56.2968,9725000
2017-11-30,56.4200,57.0701,56.3926,56.9948,18592700
2017-12-01,57.0975,57.5696,56.3926,57.1111,13779300
2017-12-04,56.9401,57.6039,56.7964,57.1864,12597700
2017-12-05,57.0769,57.3233,56.5979,56.7211,9357200
2017-12-06,56.6937,56.9332,56.2558,56.3037,13398900
2017-12-07,56.3858,56.5363,56.2284,56.4884,11359600
2017-12-08,56.4474,56.7279,56.2900,56.5637,11988600
2017-12-11,56.8237,56.9674,56.6184,56.8169,8760700
2017-12-12,56.7211,57.0564,56.5911,56.6321,11307000
2017-12-13,56.5295,57.0017,56.4405,56.8785,10172700
2017-12-14,56.8169,57.0222,56.7211,56.7279,9492400
2017-12-15,56.9058,56.9880,56.7074,56.8169,26582300
2017-12-18,56.9196,57.2549,56.7348,56.7553,9363500
2017-12-19,56.8169,56.9127,56.3379,56.4132,10285100
2017-12-20,56.5226,56.8922,56.4679,56.7074,10620300
2017-12-21,57.0359,57.6654,56.7690,57.3780,13578100
2017-12-22,57.3986,57.4944,57.2070,57.4601,10161400
2017-12-26,57.4533,57.7270,57.4123,57.4670,4777200
2017-12-27,57.4738,57.5491,57.3027,57.4122,7000600
2017-12-28,57.4670,57.5149,57.3438,57.4943,7495300
2017-12-29,57.4807,57.6175,57.2343,57.2343,8523400
2018-01-02,57.3575,58.3018,57.2480,58.1855,11469300
2018-01-03,58.2745,59.5130,58.0418,59.3283,13957700
2018-01-04,59.3899,59.6841,59.1435,59.4104,10863000
2018-01-05,59.3625,59.4514,58.6508,59.3625,11047600
2018-01-08,59.3283,59.6362,59.2598,59.6294,10927100
2018-01-09,59.4925,59.6362,59.2941,59.3762,8131600
2018-01-10,59.5335,59.6636,58.8356,58.9040,10822300
2018-01-11,59.0956,59.7867,58.8014,59.4856,14366000
2018-01-12,59.6704,60.2110,59.6567,59.8894,9834500
2018-01-16,60.0399,60.0536,59.2598,59.5130,10882800
2018-01-17,59.6704,60.3615,59.4856,60.2178,10546000
2018-01-18,60.0604,60.3478,59.7662,59.8278,9223700
2018-01-19,59.9236,60.0536,59.2667,59.6362,13090000
2018-01-22,59.6499,60.4163,59.5678,60.3889,10270400
2018-01-23,60.3889,60.5326,60.0399,60.4231,10281800
2018-01-24,60.5531,60.8474,60.2247,60.5805,10316100
2018-01-25,60.5942,60.8132,60.3547,60.4710,11271900
2018-01-26,60.6558,60.9021,60.5395,60.9021,10514400
2018-01-29,60.6216,61.1074,60.1836,60.2247,9315700
2018-01-30,59.9031,60.4779,59.3830,59.3830,12408000
2018-01-31,59.2325,59.8552,59.0751,59.7388,14404700
2018-02-01,59.8757,61.0732,59.7730,60.9500,17971000
2018-02-02,58.2539,58.8561,56.7964,57.8433,29822100
2018-02-05,56.9880,57.4738,53.4639,54.5519,30452700
2018-02-06,53.7239,54.9830,52.6222,53.6144,36262800
2018-02-07,53.6760,54.3398,52.6359,52.6496,21994500
2018-02-08,52.9917,53.0875,52.0269,52.0542,25650800
2018-02-09,52.7109,52.8699,51.0864,52.3860,29491600
2018-02-12,53.2640,53.6580,52.4275,52.8285,19340400
2018-02-13,52.6072,53.0566,52.3515,52.7455,11926600
2018-02-14,52.3930,52.9944,51.9644,52.8561,17188400
2018-02-15,52.9667,53.0220,52.1579,52.6833,14432400
2018-02-16,52.6418,53.3124,52.4344,52.9114,13722400
2018-02-20,52.8630,53.5543,52.1648,52.3653,13387300
2018-02-21,52.4137,52.8423,51.7570,51.7708,11715000
2018-02-22,52.0542,53.1188,51.9782,52.4413,14020200
2018-02-23,52.6003,53.6580,52.5036,53.5958,13378800
2018-02-26,53.7410,54.5636,53.6165,54.5014,16940400
2018-02-27,54.6120,55.2134,53.5751,53.5751,14629500
2018-02-28,54.0313,54.0935,52.3307,52.3584,17087800
2018-03-01,52.2132,53.0082,51.7501,51.9851,15696700
2018-03-02,51.7708,52.4483,51.4874,52.2271,15630300
2018-03-05,52.0058,52.9252,51.9298,52.7248,14891000
2018-03-06,53.0013,53.2156,52.4413,52.6626,10754300
2018-03-07,51.8468,52.0127,50.8514,51.3353,27255500
2018-03-08,51.5012,51.6878,50.9412,51.2385,19299800
2018-03-09,51.7224,51.8883,51.3007,51.5427,19714100
2018-03-12,51.7570,52.2478,51.6325,52.0127,14226700
2018-03-13,52.0750,52.4137,51.3284,51.5219,13739700
2018-03-14,51.5980,51.7017,50.8306,50.8790,14820700
2018-03-15,51.3975,51.8468,51.2247,51.4459,15640600
2018-03-16,51.4044,51.9298,51.4044,51.9298,32109700
2018-03-19,51.8468,51.8537,51.0587,51.2592,12744800
2018-03-20,51.3076,51.6394,51.1210,51.1486,13003200
2018-03-21,51.3145,52.2893,51.1417,51.8745,15418500
2018-03-22,51.4459,51.6394,50.7339,50.8099,17737000
2018-03-23,51.0242,51.3007,50.2361,50.3882,20157300
2018-03-26,50.9136,51.2592,50.2914,51.1555,15032700
2018-03-27,51.1555,51.7708,50.6578,50.9481,15821900
2018-03-28,50.9758,51.1625,50.3122,50.3329,18163900
2018-03-29,50.6924,51.7708,50.6440,51.5772,14882900
2018-04-02,51.3422,51.4321,49.8836,50.6163,17891100
2018-04-03,50.7753,51.9436,50.5334,51.8607,15999200
2018-04-04,51.1901,51.8883,50.7684,51.7570,13122200
2018-04-05,51.8883,52.7593,51.8606,52.5519,14200000
2018-04-06,52.2893,52.6211,51.3076,51.7570,14299600
2018-04-09,51.9989,52.3930,51.7086,51.7570,11103100
2018-04-10,52.5934,53.7617,52.5796,53.2778,19006100
2018-04-11,53.3055,53.9484,53.0566,53.5267,13734000
2018-04-12,53.8239,54.0175,53.2363,53.3815,13270400
2018-04-13,53.7824,54.0520,53.6442,53.8101,10925000
2018-04-16,54.0037,54.6673,53.7202,54.2940,10743600
2018-04-17,54.2940,54.4461,53.9484,54.1488,10478100
2018-04-18,54.6396,55.1374,54.5705,54.7641,12061400
2018-04-19,54.8332,55.1789,54.4807,54.9023,11291500
2018-04-20,54.8332,54.8885,54.1488,54.6120,12072200
2018-04-23,54.5567,55.0268,54.4392,55.0060,11729800
2018-04-24,55.1650,55.2549,53.9000,54.1627,14102000
2018-04-25,54.0590,55.0406,53.5682,54.9576,13867500
2018-04-26,55.0268,55.9254,54.9784,55.8978,14554400
2018-04-27,53.1948,54.3700,52.8699,53.7755,16346800
2018-04-30,53.8585,54.3078,53.7410,53.7479,15028800
2018-05-01,53.4092,53.4092,52.5243,53.1949,16231000
2018-05-02,52.8492,53.3884,52.7455,53.0912,13883700
2018-05-03,52.8077,52.9598,52.1234,52.9114,12243100
2018-05-04,52.6280,53.3815,52.4967,53.1603,9887200
2018-05-07,53.7410,54.6673,53.5059,53.7410,15071500
2018-05-08,53.7824,54.0313,52.7939,53.9829,17430400
2018-05-09,54.5982,55.4692,54.5774,55.2549,17142100
2018-05-10,55.7457,56.5407,55.6489,56.4923,17710300
2018-05-11,56.6878,57.2395,56.4993,56.7577,14751000
2018-05-14,57.0509,57.4839,56.9881,57.1417,11852100
2018-05-15,57.1557,57.2814,56.8414,57.1138,12595700
2018-05-16,57.0929,57.2954,56.6809,57.2744,9570000
2018-05-17,57.4001,57.4560,56.8694,57.1766,11224100
2018-05-18,56.9462,57.1208,56.7437,56.7716,10030900
2018-05-21,57.0719,57.5048,56.9252,57.4560,8822400
2018-05-22,57.5677,57.7143,56.8065,57.0090,10753400
2018-05-23,56.5272,57.4210,56.2619,57.3652,15140900
2018-05-24,56.8065,56.8135,55.8289,56.0524,13360500
2018-05-25,55.3611,55.3960,54.5301,54.9630,14562000
2018-05-29,54.5720,54.9770,54.1390,54.7605,14644800
2018-05-30,55.3401,57.0230,55.3192,56.9113,16627500
2018-05-31,56.4295,56.9462,56.3457,56.7297,15803100
2018-06-01,57.1696,57.5048,56.9462,57.1417,9906100
2018-06-04,57.2954,57.6305,56.4295,56.5412,10954700
2018-06-05,56.2758,57.0160,56.1501,56.3387,12059300
2018-06-06,56.8973,57.3233,56.4714,57.3023,11603300
2018-06-07,57.7702,58.1612,57.6515,57.8749,13502500
2018-06-08,58.0356,58.4196,57.6096,58.3777,14350400
2018-06-11,58.4615,58.5104,57.9099,58.0286,10831600
2018-06-12,58.0356,58.4825,57.4839,57.5537,12351800
2018-06-13,57.5677,57.6794,56.8903,56.9183,12049300
2018-06-14,57.2185,57.4699,56.9113,57.1836,11477300
2018-06-15,57.0649,57.1347,56.2200,56.3247,23797500
2018-06-18,56.1432,56.8275,56.0733,56.4364,9192600
2018-06-19,55.7870,56.5342,55.6613,56.3526,8759700
2018-06-20,56.4574,56.6529,56.0524,56.1781,8917700
2018-06-21,55.8778,56.1292,55.3960,55.6474,10990700
2018-06-22,56.6739,57.2186,56.5063,56.8275,16012200
2018-06-25,56.4085,56.7297,55.3750,55.6823,10557200
2018-06-26,55.9686,56.5691,55.8429,56.3107,10382800
2018-06-27,56.6040,57.5956,56.6040,57.0579,12725900
2018-06-28,57.0719,57.3093,56.5831,57.2395,9390700
2018-06-29,57.5746,58.3358,57.4629,57.7702,17323200
2018-07-02,57.1836,57.3512,56.7856,57.0928,9998300
2018-07-03,57.6655,58.2730,57.3163,57.4280,7197300
2018-07-05,57.6724,57.7981,57.2953,57.4769,9035700
2018-07-06,57.2325,57.7492,57.0230,57.4909,7637100
2018-07-09,57.8260,58.0495,57.6515,57.8889,7158600
2018-07-10,58.4476,58.7408,58.3149,58.4196,8806200
2018-07-11,57.9797,58.3288,57.2814,57.6724,10405300
2018-07-12,57.9657,58.1263,57.4769,57.7423,9762200
2018-07-13,57.7353,58.4825,57.6515,58.1752,8720000
2018-07-16,57.6235,57.8121,57.2604,57.6026,8306900
2018-07-17,57.4420,57.7842,57.2884,57.4769,7373300
2018-07-18,57.1208,57.4839,56.9043,57.4141,8711900
2018-07-19,57.4001,57.6934,57.0649,57.2674,8659100
2018-07-20,57.0649,57.2116,56.7367,56.8415,9196300
2018-07-23,57.2255,57.2604,56.6878,56.8415,8425900
2018-07-24,56.9252,57.9727,56.8973,57.9657,11121000
2018-07-25,57.9657,58.4755,57.6166,58.3707,9523600
2018-07-26,58.5383,58.9363,58.2171,58.8246,13210100
2018-07-27,56.5412,57.5258,56.4295,57.2046,18220800
2018-07-30,57.3512,57.3512,56.3596,57.0789,11282800
2018-07-31,57.0091,57.3652,56.8694,56.9183,11716800
2018-08-01,56.4853,56.5132,56.0174,56.1362,8936300
2018-08-02,55.7870,56.0454,55.4798,55.8010,8364300
2018-08-03,55.8429,56.0733,55.6055,56.0035,7811100
2018-08-06,56.0384,56.1641,55.6823,55.9895,10041800
2018-08-07,56.4993,56.9741,56.0803,56.7507,10698100
2018-08-08,56.5761,56.7227,56.1082,56.3736,7275000
2018-08-09,56.3736,56.4993,55.9406,56.0873,9828500
2018-08-10,56.0944,56.1014,55.6358,56.0309,12954300
2018-08-13,56.0520,56.2637,55.3324,55.4241,10308500
2018-08-14,55.7275,55.7839,55.0855,55.2477,8005900
2018-08-15,54.8738,54.9585,53.9779,54.2812,16307800
2018-08-16,54.5211,55.0996,54.4646,55.0290,11519900
2018-08-17,55.2689,55.3747,54.8879,55.2125,10178400
2018-08-20,55.2125,55.7346,55.1490,55.6005,8152100
2018-08-21,55.7698,56.1437,55.5017,55.6146,9192200
2018-08-22,55.8121,56.4753,55.7486,56.4118,10098200
2018-08-23,56.1296,56.1790,55.6640,55.7910,7203900
2018-08-24,56.1014,56.4753,56.0308,56.1719,6545200
2018-08-27,56.3766,56.7716,56.3413,56.7222,6671900
2018-08-28,56.8492,57.0186,56.5811,56.6376,8823400
2018-08-29,56.7505,57.1738,56.5106,57.0468,8004800
2018-08-30,56.7575,56.9903,56.5247,56.7999,7450900
2018-08-31,56.6094,56.7646,56.2778,56.5600,10700000
2018-09-04,56.7293,56.9268,56.3060,56.6446,8855000
2018-09-05,56.3695,57.4489,56.1578,57.3995,13878400
2018-09-06,57.2231,57.5971,56.6799,56.7646,13320600
2018-09-07,56.5459,57.8017,56.3131,57.7311,16417800
2018-09-10,58.0204,58.3731,57.6112,57.6465,10817900
2018-09-11,57.8228,58.6906,57.5900,58.4578,11891900
2018-09-12,58.7329,59.1068,58.4648,58.6483,11556300
2018-09-13,58.6623,58.7329,57.8581,58.0768,11162700
2018-09-14,58.1473,58.6624,58.0415,58.5001,9442600
2018-09-17,58.5565,58.9869,58.5495,58.8458,8403300
2018-09-18,59.1915,59.3538,58.8740,59.0010,9219900
2018-09-19,59.0081,59.8053,59.0081,59.7065,10413600
2018-09-20,59.8688,60.2074,59.6430,59.8406,11198200
2018-09-21,59.9746,60.2709,59.6289,60.0875,26639400
2018-09-24,60.5249,61.4420,60.4755,61.0963,13549500
2018-09-25,61.3997,61.6325,60.9341,61.0258,12200700
2018-09-26,60.6872,61.0258,60.4543,60.5178,10275500
2018-09-27,60.7365,60.9411,60.3838,60.5108,7895400
2018-09-28,60.1439,60.6237,59.9605,59.9817,9884900
2018-10-01,60.2145,60.6942,60.1510,60.5390,8566900
2018-10-02,60.5320,61.1457,60.4050,60.9976,8453100
2018-10-03,61.0329,61.3009,60.6589,60.7789,10206700
2018-10-04,60.3203,60.7295,60.1439,60.3767,10204600
2018-10-05,60.1862,60.4614,59.9182,60.2074,9217400
2018-10-08,59.8194,60.8917,59.7206,60.7648,13242400
2018-10-09,60.9411,61.2939,60.4896,61.0328,10177900
2018-10-10,61.1881,61.2516,59.6148,59.6289,16573400
2018-10-11,59.2197,59.3820,57.2655,57.5688,20320100
2018-10-12,57.9428,58.0204,56.6305,57.4136,15216300
2018-10-15,57.4136,57.6676,57.0186,57.0186,10558800
2018-10-16,56.7999,57.3360,56.4471,57.2866,9781800
2018-10-17,57.1032,57.5124,56.6799,57.4983,12247700
2018-10-18,57.2866,58.1826,57.2866,57.7452,17448600
2018-10-19,57.6112,58.1756,57.5054,57.8299,12098700
2018-10-22,57.8510,57.9780,56.8916,57.2514,9474100
2018-10-23,56.4824,56.7646,55.5370,56.3272,15465100
2018-10-24,56.5318,56.6235,54.7116,54.7609,16085700
2018-10-25,55.3747,55.7698,54.8456,55.2477,12315500
2018-10-26,54.9373,55.3183,54.2953,54.6975,18160100
2018-10-29,55.0784,55.3324,53.7732,54.3588,15707000
2018-10-30,54.7609,55.7557,54.6198,55.5793,17758200
2018-10-31,55.9744,56.6870,55.6640,56.2143,16629100
2018-11-01,56.3201,56.9692,55.9462,56.9127,14159300
2018-11-02,57.6817,58.1685,56.6023,57.8158,19350400
2018-11-05,58.2038,58.4648,57.4560,57.5970,15815000
2018-11-06,57.6676,57.9216,57.3925,57.8440,9063200
2018-11-07,57.9992,58.6553,57.6112,58.5777,12699800
2018-11-08,58.6483,59.0857,57.5265,57.6465,16865500
2018-11-09,57.1975,58.0099,56.7913,57.6322,15070100
2018-11-12,58.1952,58.2451,56.8198,56.8910,11906600
2018-11-13,56.8697,56.9053,55.3303,55.5869,15530200
2018-11-14,56.1998,56.3637,54.6961,55.1522,18552100
2018-11-15,54.6390,55.7223,54.0974,55.7223,18976000
2018-11-16,55.8506,56.4349,55.6581,56.2710,13704900
2018-11-19,55.9147,56.5561,55.8933,56.4563,9430800
2018-11-20,55.8862,56.2283,54.4253,54.8529,15533700
2018-11-21,55.1807,55.8577,55.0595,55.2733,9685300
2018-11-23,54.1972,54.3041,53.2351,53.7981,10875400
2018-11-26,54.3326,55.1023,54.2471,54.8600,13741100
2018-11-27,54.5678,55.1949,54.4466,54.9099,10344500
2018-11-28,54.9027,55.9076,54.7602,55.9076,11482100
2018-11-29,55.7437,56.6773,55.7223,56.3423,10255200
2018-11-30,55.9076,56.7271,55.8149,56.6559,14040100
2018-12-03,57.1832,58.0527,57.1120,57.8816,19415100
2018-12-04,57.9956,58.4019,56.5490,56.6060,18540700
2018-12-06,55.5869,55.9004,54.8172,55.8648,23218100
2018-12-07,56.5775,57.2687,55.1094,55.3303,16224700
2018-12-10,55.4871,55.4871,53.3064,54.5464,17946200
2018-12-11,55.3731,55.4444,53.9335,54.6462,15742400
2018-12-12,55.6154,55.7294,54.1758,54.1758,14559800
2018-12-13,54.1830,55.0310,54.1260,54.8600,13749700
2018-12-14,54.6747,54.7816,53.5131,53.8623,12669300
2018-12-17,53.6342,53.8765,52.3657,52.7648,15464100
2018-12-18,52.4726,52.6365,51.0402,51.3110,18681200
2018-12-19,51.6317,52.2160,50.0995,50.4415,21679600
2018-12-20,49.9498,50.3560,48.4960,48.9093,28723700
2018-12-21,48.5601,50.1494,48.2252,48.5459,47287300
2018-12-24,47.6551,48.1254,46.6360,46.6858,14262800
2018-12-26,47.1633,48.9307,46.0730,48.9165,24887700
2018-12-27,48.2751,49.1302,47.0921,49.1302,22077000
2018-12-28,49.3013,49.5864,48.3321,48.5815,19710600
2018-12-31,48.6884,49.2799,48.2181,48.5958,15807000
2019-01-02,47.9971,49.7930,47.9330,49.6648,16727200
2019-01-03,49.8857,50.0638,48.7169,48.9022,13866100
2019-01-04,49.6291,50.7907,49.4296,50.7052,16043600
2019-01-07,50.7765,51.3822,50.4130,50.9689,10844200
2019-01-08,51.6958,51.7314,51.2682,51.3395,11439000
2019-01-09,51.7386,51.7386,51.0616,51.6103,13473500
2019-01-10,51.3609,51.3680,50.6838,51.3466,13151100
2019-01-11,51.2041,51.2326,50.6482,51.1114,9790100
2019-01-14,50.7480,51.1542,50.6838,51.0473,11012400
2019-01-15,51.2753,51.5675,50.8264,51.0758,10298300
2019-01-16,50.8976,51.5818,50.8192,51.0544,12595600
2019-01-17,50.7337,51.5533,50.5271,51.4036,10141700
2019-01-18,52.2160,52.2303,51.4036,52.0165,15759200
2019-01-22,51.5889,51.8170,51.0829,51.2326,15035600
2019-01-23,51.3181,51.5248,50.5484,50.8121,13187200
2019-01-24,50.6696,51.2896,50.3418,50.8834,11272500
2019-01-25,51.3609,51.5034,50.9831,51.1114,8996200
2019-01-28,50.6126,50.7979,50.1494,50.7694,13678400
2019-01-29,51.0972,51.4464,50.9404,50.9618,10513200
2019-01-30,51.1471,51.7172,50.9618,51.5176,11524700
2019-01-31,51.5176,52.3728,51.3252,52.2232,19876700
2019-02-01,53.3919,54.5108,52.9643,54.1046,22968700
2019-02-04,53.9905,53.9905,53.0213,53.3207,15483800
2019-02-05,53.5772,53.9050,53.4561,53.8694,12786700
2019-02-06,53.8623,53.9977,53.5416,53.6342,10866900
2019-02-07,53.4133,53.5843,52.6650,53.2209,14418900
2019-02-08,53.1488,53.3722,52.4066,53.3074,11959500
2019-02-11,53.2353,53.4803,52.8894,53.3938,10434800
2019-02-12,54.1000,54.3666,53.9126,54.3306,12599200
2019-02-13,54.4603,55.1520,54.4098,54.9430,13214600
2019-02-14,54.9502,55.2313,54.5539,54.9574,12772900
2019-02-15,55.4402,56.0311,55.3033,55.9951,14330300
2019-02-19,55.8870,56.5499,55.8077,56.3698,13551500
2019-02-20,56.4202,56.7877,56.2040,56.5859,12633100
2019-02-21,56.3553,56.6796,55.9230,56.0743,10266000
2019-02-22,56.7156,56.8886,55.9302,56.5067,9519300
2019-02-25,56.5139,56.8165,56.3481,56.5643,9274400
2019-02-26,56.6940,57.0182,56.4850,56.6796,10990600
2019-02-27,56.8381,57.4650,56.6796,57.2632,12398200
2019-02-28,57.2488,57.4650,56.7156,56.9462,14597900
2019-03-01,57.1984,57.6451,56.9462,57.6451,15419400
2019-03-04,57.8181,58.0415,56.9318,57.8685,18089900
2019-03-05,57.7316,57.9334,57.4650,57.7820,13745500
2019-03-06,56.8165,57.1984,56.1031,57.1263,18633600
2019-03-07,57.3209,57.8325,57.1552,57.7604,16541700
2019-03-08,56.8453,57.1552,56.3842,56.9318,16211300
2019-03-11,57.6307,57.8541,57.3929,57.4866,11060900
2019-03-12,57.7244,58.0631,57.5659,57.6451,11320000
2019-03-13,58.0703,58.1928,57.7892,58.1567,10260200
2019-03-14,58.2216,58.3009,57.8973,57.9622,9976700
2019-03-15,57.7748,58.0415,57.7172,57.7532,25316400
2019-03-18,57.9622,58.5459,57.9622,58.4234,9840600
2019-03-19,58.7836,59.0863,58.1063,58.2720,13936500
2019-03-20,58.1856,59.0286,58.0487,58.5963,13133600
2019-03-21,58.2288,59.0070,58.2216,58.9350,10117000
2019-03-22,58.5314,58.6828,57.8613,57.9910,12497700
2019-03-25,57.6451,57.9622,57.3497,57.5875,11320400
2019-03-26,57.8829,58.5603,57.7748,58.3369,9472800
2019-03-27,58.3441,58.5891,57.5154,57.8901,7258700
2019-03-28,57.6668,58.2144,57.6596,58.1784,7412300
2019-03-29,58.6035,58.7116,57.9910,58.2216,10889200
2019-04-01,58.5314,58.9277,58.4234,58.8917,10816400
2019-04-02,58.9061,59.0503,58.4450,58.6395,7646000
2019-04-03,58.9205,58.9205,58.0847,58.2936,8562900
2019-04-04,58.4522,59.1439,58.2000,59.1223,9360600
2019-04-05,59.1944,59.4682,59.0502,59.4394,10059100
2019-04-08,59.5691,59.9510,59.5114,59.8069,9108200
2019-04-09,59.4610,59.5042,58.8989,59.0358,8561600
2019-04-10,59.0286,59.1439,58.6612,58.7692,10324300
2019-04-11,58.7548,59.1367,58.3801,59.0502,9115100
2019-04-12,59.6699,59.6699,58.0631,58.3081,16638700
2019-04-15,58.2864,58.4089,58.0198,58.1135,8536100
2019-04-16,58.2288,58.6179,58.1423,58.5098,7005700
2019-04-17,58.7620,58.8701,58.4233,58.6755,8311400
2019-04-18,58.7692,58.9638,58.4161,58.4594,9493900
2019-04-22,58.9926,59.9654,58.8269,59.7348,10770600
2019-04-23,59.9438,60.1599,59.5763,60.0807,10595100
2019-04-24,59.8141,59.8645,58.8917,58.9133,11684000
2019-04-25,58.8341,59.6915,58.6539,59.2448,11135000
2019-04-26,57.8397,58.0991,57.3281,57.9982,18053500
2019-04-29,57.7316,57.9190,57.4002,57.6235,10023700
2019-04-30,57.9117,58.0270,57.5947,57.8469,13721500
2019-05-01,57.6019,57.8325,56.6508,56.6868,13909800
2019-05-02,56.4058,56.5643,55.6564,55.6924,15360400
2019-05-03,56.0527,56.3553,55.8005,55.8221,12180700
2019-05-06,55.4258,55.9590,55.2745,55.5771,13367100
2019-05-07,55.1232,55.3321,54.5972,55.2817,13498800
2019-05-08,55.1520,55.6924,55.0655,55.3682,11352900
2019-05-09,55.0151,55.3970,54.7341,55.3177,13221600
2019-05-10,55.5218,55.9664,54.7857,55.7987,11056000
2019-05-13,55.1355,55.5582,54.9242,55.1792,12176100
2019-05-14,55.4853,55.9737,55.2157,55.2521,10548400
2019-05-15,55.0772,55.7914,54.8148,55.6603,8918000
2019-05-16,55.6821,56.0830,55.5510,55.6530,8105200
2019-05-17,55.1355,55.6092,55.0918,55.3250,9279400
2019-05-20,55.4270,55.6530,55.1501,55.3177,7154300
2019-05-21,55.5874,55.7259,55.3396,55.5728,8489900
2019-05-22,55.4052,55.5509,54.9460,55.0699,7858300
2019-05-23,54.4941,54.5160,53.2333,53.7799,14657200
2019-05-24,54.0350,54.1152,53.5248,54.0058,7056400
2019-05-28,54.1079,54.1152,52.8324,52.9199,14912900
2019-05-29,52.3951,52.7887,52.1984,52.5919,13645200
2019-05-30,52.4899,52.5701,52.1328,52.4535,9362100
2019-05-31,51.8850,52.1473,51.4768,51.5789,13983300
2019-06-03,51.8121,52.4826,51.7246,52.3878,11831000
2019-06-04,52.8033,53.6852,52.5992,53.6341,10423000
2019-06-05,53.6706,53.6706,52.8980,53.1896,10617800
2019-06-06,53.7216,54.3848,53.6342,54.1589,11738900
2019-06-07,54.3047,54.6326,54.2464,54.3557,9095500
2019-06-10,54.8003,54.9023,54.2609,54.5962,7760400
2019-06-11,55.0335,55.2521,54.5306,54.5452,9415100
2019-06-12,54.2828,54.3776,53.7945,53.9548,7920800
2019-06-13,54.4431,54.7857,54.2099,54.4286,8986400
2019-06-14,54.4286,54.5233,54.1006,54.1880,8575900
2019-06-17,54.0496,54.8003,53.9621,54.7274,9355700
2019-06-18,54.9679,55.5509,54.9169,55.2011,10091500
2019-06-19,54.9533,55.2813,54.7857,54.8950,9757400
2019-06-20,55.5655,56.0976,55.4489,55.8352,16229700
2019-06-21,56.2215,56.6733,56.0247,56.6223,23108100
2019-06-24,56.5057,56.6733,55.9810,56.0830,10011800
2019-06-25,56.1777,56.2798,55.5291,55.5874,9740000
2019-06-26,55.8862,56.2142,55.7332,55.8279,11365500
2019-06-27,55.8206,55.9372,55.2157,55.2594,8147800
2019-06-28,55.5291,55.9226,55.3469,55.8497,14781300
2019-07-01,56.2142,56.7972,55.6020,55.7987,11437900
2019-07-02,55.4926,55.5874,54.9606,55.1865,10475400
2019-07-03,55.2594,55.7550,55.1209,55.7113,5246100
2019-07-05,55.5291,55.6457,55.0918,55.4854,6880800
2019-07-08,55.4926,55.9008,55.3323,55.7404,7876100
2019-07-09,55.7186,55.9518,55.1938,55.7040,7863000
2019-07-10,55.9737,56.5786,55.9299,56.4911,8077400
2019-07-11,56.4182,56.5640,56.1559,56.5349,6404000
2019-07-12,56.6660,56.7608,56.4838,56.5786,6139000
2019-07-15,56.5786,56.6588,56.0393,56.1777,7116400
2019-07-16,56.0611,56.1704,55.2375,55.3396,10197400
2019-07-17,55.2011,55.3615,54.9169,55.0116,7419300
2019-07-18,54.6836,54.8586,54.0641,54.5452,11424500
2019-07-19,54.5889,54.8440,54.3265,54.6545,11243100
2019-07-22,54.8367,54.8804,54.2974,54.7128,8368800
2019-07-23,54.7711,55.2230,54.4796,54.9314,8551200
2019-07-24,54.9460,55.4270,54.5524,54.9241,8260200
2019-07-25,55.2303,55.2303,54.5160,54.6108,9083900
2019-07-26,54.5670,54.7201,54.3703,54.5233,7677300
2019-07-29,54.5743,54.9387,54.4431,54.9096,7091900
2019-07-30,54.7055,55.0699,54.5816,54.9169,6961200
2019-07-31,54.6909,55.1428,54.1224,54.1953,13104600
2019-08-01,53.7435,54.1297,52.6721,52.8106,17132800
2019-08-02,52.9199,53.3936,51.8777,52.2931,21376700
2019-08-05,51.5861,51.6882,50.7334,51.2217,19080900
2019-08-06,51.2290,51.7538,51.2217,51.7173,12282400
2019-08-07,50.9156,51.6590,50.5804,51.3821,15231100
2019-08-08,51.6372,52.7741,51.4695,52.7523,14304100
2019-08-09,52.5701,52.6575,51.3602,51.6299,13686600
2019-08-12,51.6963,51.7701,51.1576,51.3790,9542600
2019-08-13,51.1134,52.1095,50.8551,52.0136,12403300
2019-08-14,50.9658,50.9805,49.9180,49.9180,18114400
2019-08-15,49.7778,49.8516,49.0916,49.6228,12874400
2019-08-16,50.0139,50.5157,49.6376,50.3976,12649000
2019-08-19,50.8920,51.3938,50.8108,51.2462,10032800
2019-08-20,51.1355,51.1355,50.7001,50.9363,9743500
2019-08-21,51.6225,51.6373,51.1871,51.4454,10134200
2019-08-22,51.5856,51.6225,51.0986,51.3347,8972000
2019-08-23,50.7813,51.3052,49.4605,49.7999,15371900
2019-08-26,50.2648,50.3681,49.8294,50.0656,7343900
2019-08-27,50.2722,50.5009,49.4162,49.5786,9490900
2019-08-28,49.8294,50.1615,49.5564,49.9401,9647400
2019-08-29,50.3976,50.6706,50.2426,50.4935,9004100
2019-08-30,50.6264,50.9732,50.2205,50.5304,9180800
2019-09-03,50.0951,50.6780,49.9032,50.5895,9849700
2019-09-04,51.2831,51.3642,50.9805,51.1281,6959200
2019-09-05,51.5340,52.0579,51.4307,51.8513,9901500
2019-09-06,51.9103,52.3530,51.7405,52.3382,10418500
2019-09-09,52.5080,53.1794,52.3752,52.7515,12840200
2019-09-10,53.2311,53.7550,52.8474,53.1794,13810800
2019-09-11,53.7033,53.7476,52.7957,53.0761,10525700
2019-09-12,52.3751,53.2458,52.1685,53.1130,9100700
2019-09-13,53.3196,53.6591,53.1721,53.6000,7337200
2019-09-16,55.3710,55.4743,54.3084,54.4043,19830200
2019-09-17,54.4707,54.6626,53.5927,53.9911,14452200
2019-09-18,53.6074,53.8435,53.3713,53.7328,7292200
2019-09-19,53.8435,54.0059,53.2680,53.3713,8050200
2019-09-20,53.4893,53.4967,53.0245,53.1868,19736600
2019-09-23,52.7736,53.3934,52.7293,53.2237,7495200
2019-09-24,52.9876,53.0319,52.2571,52.4932,13307100
2019-09-25,52.3751,52.7367,52.2571,52.6481,8035200
2019-09-26,52.5522,52.6482,52.1538,52.3678,8420200
2019-09-27,52.1685,52.8843,52.1169,52.7441,8224000
2019-09-30,52.5670,52.7219,52.0800,52.1021,9768900
2019-10-01,52.2645,52.3235,50.8477,50.8772,10279100
2019-10-02,50.3755,50.6116,49.4457,49.5490,14503700
2019-10-03,49.4384,50.1762,48.9292,50.1615,10788400
2019-10-04,50.2574,50.9658,50.0434,50.8920,10534800
2019-10-07,50.6928,50.9363,50.1910,50.1910,10993000
2019-10-08,49.8368,50.1172,49.1727,49.2170,9748700
2019-10-09,49.6597,49.9549,49.5859,49.7630,8580900
2019-10-10,49.7557,50.4419,49.7188,50.3607,7100100
2019-10-11,50.8994,51.2757,50.8330,50.8994,10101900
2019-10-14,50.6190,51.1871,50.6116,51.0469,6234600
2019-10-15,50.9584,51.6520,50.9215,51.2240,6645700
2019-10-16,51.0691,51.3052,50.3312,50.3460,9765800
2019-10-17,50.5304,50.8256,50.2353,50.2795,9757200
2019-10-18,50.0803,50.2869,49.8885,49.8885,13472700
2019-10-21,50.0434,50.7444,50.0434,50.7223,10199300
2019-10-22,50.7518,51.4749,50.6559,50.9805,9536000
2019-10-23,50.8846,51.4749,50.7518,51.4675,8641800
2019-10-24,51.6225,51.6889,50.9289,50.9805,9003600
2019-10-25,50.8403,51.2683,50.8403,51.0986,7607200
2019-10-28,51.2536,51.4085,50.6042,50.6485,11209600
2019-10-29,50.5304,50.9362,50.3533,50.5009,13894400
2019-10-30,50.4493,50.4493,49.6376,49.9696,12840600
2019-10-31,49.7778,49.9696,49.5417,49.8590,16169100
2019-11-01,50.4640,51.3642,50.4050,51.3568,14108700
2019-11-04,51.7037,53.0319,51.6077,52.8843,15858200
2019-11-05,53.1573,53.9542,53.0171,53.9321,14930400
2019-11-06,53.6665,53.7698,52.5375,52.7515,13996500
2019-11-07,53.1499,53.8878,53.1278,53.8731,13073800
2019-11-08,53.4773,53.6191,52.7678,52.8500,12106000
2019-11-11,52.4318,52.7305,52.2525,52.5288,8674000
2019-11-12,52.4765,52.5811,51.5132,51.8044,13918600
2019-11-13,51.5431,51.6402,51.2294,51.3788,11773700
2019-11-14,51.4236,51.5057,50.9158,51.1548,11279800
2019-11-15,51.3116,51.7522,51.2817,51.6700,11252800
2019-11-18,51.3041,51.3937,51.0054,51.1697,10095600
2019-11-19,51.0801,51.1996,50.6171,50.6469,12605500
2019-11-20,50.5349,51.1846,50.2735,50.8038,16930700
2019-11-21,50.7963,52.0882,50.7216,52.0285,14080900
2019-11-22,52.0584,52.4093,51.7746,51.8044,12143600
2019-11-25,51.8045,51.8567,51.3116,51.4609,10670000
2019-11-26,51.4684,51.5580,51.1099,51.3340,15457000
2019-11-27,51.3489,51.5954,51.0875,51.3041,8393900
2019-11-29,51.0278,51.1772,50.7814,50.8784,7980800
2019-12-02,51.1547,51.4385,51.0577,51.0950,11116900
2019-12-03,50.7814,50.9681,50.4229,50.6917,12245800
2019-12-04,50.9681,51.3489,50.8859,51.2668,11049700
2019-12-05,51.4460,51.5057,50.9382,51.0875,13109000
2019-12-06,51.3489,52.1779,51.3489,51.9090,13710800
2019-12-09,51.5879,52.2525,51.5431,52.0210,12397700
2019-12-10,52.0210,52.3869,51.3041,51.5729,14281800
2019-12-11,51.3340,52.0957,51.2817,51.4983,13748400
2019-12-12,51.4983,52.5587,51.4535,52.5288,17068500
2019-12-13,52.6334,52.6782,51.6178,51.6999,12274500
2019-12-16,52.0509,52.4616,52.0509,52.2749,15208700
2019-12-17,52.2600,52.5587,51.7596,52.0360,14450700
2019-12-18,51.9986,52.4915,51.7372,52.1778,13652300
2019-12-19,52.2675,52.3123,51.7074,51.8194,13273200
2019-12-20,52.1704,52.4467,51.8194,52.2301,35092000
2019-12-23,52.1704,52.4990,51.9239,52.4915,14172500
2019-12-24,52.5363,52.6483,52.2077,52.2899,3979400
2019-12-26,52.4168,52.6483,52.2824,52.3720,8840200
2019-12-27,52.4243,52.5064,52.1853,52.1928,10516100
2019-12-30,52.3421,52.6035,51.8269,51.8866,12689400
2019-12-31,51.5431,52.1256,51.5356,52.1106,13151800
2020-01-02,52.4542,53.0367,52.4542,52.9470,12456400
2020-01-03,53.2756,53.2980,52.3944,52.5214,17386900
2020-01-06,52.5139,53.2906,52.4467,52.9246,20081900
2020-01-07,52.6483,52.6633,51.9090,52.4915,17387700
2020-01-08,52.3571,52.4915,51.6551,51.6999,15137700
2020-01-09,51.6327,52.2002,51.2518,52.0957,14811800
2020-01-10,52.2227,52.2451,51.6178,51.6327,11995600
2020-01-13,51.6775,52.1778,51.6103,52.1256,9953900
2020-01-14,51.8119,51.9613,51.4460,51.6775,16261000
2020-01-15,51.6775,51.9687,51.4460,51.5953,11390300
2020-01-16,51.7522,51.9613,51.3788,51.3937,13340300
2020-01-17,51.3414,51.5879,50.9979,51.1996,18144100
2020-01-21,51.0651,51.0950,50.4154,50.4677,17982600
2020-01-22,50.4528,50.5573,50.0346,50.1765,17033100
2020-01-23,49.8180,49.9823,49.3251,49.8628,19605900
2020-01-24,49.6910,49.7956,49.3177,49.5268,18238600
2020-01-27,48.8547,49.0862,48.3170,48.3468,21231000
2020-01-28,48.6231,48.6904,48.2647,48.2796,19664700
2020-01-29,48.5634,48.6381,47.7195,47.8764,14202800
2020-01-30,47.6299,48.4514,47.3686,48.3842,18544700
2020-01-31,47.1968,47.1968,46.1961,46.3903,34282900
2020-02-03,45.8376,45.8675,45.0834,45.3522,27389300
2020-02-04,45.8899,46.2334,44.7249,44.7847,31922100
2020-02-05,45.3672,46.9952,45.2552,46.8458,32099200
2020-02-06,46.9952,47.0549,46.1363,46.2110,16055400
2020-02-07,45.8601,46.0468,45.5987,45.9049,15112500
2020-02-10,45.8140,45.8443,45.1625,45.4201,20934500
2020-02-11,45.8897,46.1245,45.5791,45.8518,14908700
2020-02-12,46.4654,46.6093,45.8746,46.4124,17862100
2020-02-13,46.2533,46.5260,45.8745,46.1548,16949400
2020-02-14,46.3215,46.3291,45.6624,45.9427,10855300
2020-02-18,45.5640,45.7458,45.0337,45.3594,18948500
2020-02-19,45.5337,45.9200,45.3216,45.7079,12804900
2020-02-20,45.6246,45.8594,45.2382,45.3443,14817200
2020-02-21,45.0792,45.0792,44.5338,44.7913,20315700
2020-02-24,43.6475,43.7838,42.6930,42.6930,32096600
2020-02-25,42.9885,42.9885,40.8826,41.0568,36414500
2020-02-26,41.3219,41.5265,40.0948,40.1554,29801000
2020-02-27,39.1706,39.7236,37.7238,37.7389,48141300
2020-02-28,36.9436,38.9661,36.3679,38.9661,62446700
2020-03-02,39.8372,40.8220,38.7313,40.8144,38127600
2020-03-03,40.8674,41.0189,38.6177,38.8601,50580700
2020-03-04,39.5645,39.7539,38.7237,39.7085,24079600
2020-03-05,38.1934,38.4056,37.1481,37.9586,40788200
2020-03-06,36.9966,37.1254,35.7543,36.1255,55640500
2020-03-09,31.5956,33.7620,30.9062,31.7092,72896300
2020-03-10,34.9740,35.0422,31.3986,32.8833,60445900
2020-03-11,32.1107,32.9364,31.6259,31.8001,51986100
2020-03-12,30.2245,30.7926,28.0277,28.1641,65725300
2020-03-13,30.3078,30.4063,26.5127,28.8761,79891500
2020-03-16,26.0582,28.6943,25.1871,26.1264,48924700
2020-03-17,26.6718,28.3156,25.9067,27.8838,41204400
2020-03-18,26.1718,27.8080,23.6569,25.0886,54036400
2020-03-19,25.5507,26.4370,24.5053,26.0809,49412400
2020-03-20,26.3915,26.6491,23.9069,24.8007,76534600
2020-03-23,24.6417,24.7704,22.8085,23.8236,56952500
2020-03-24,26.0733,27.3990,25.2477,26.8460,61835600
2020-03-25,27.6565,29.2321,26.6491,28.2474,56607700
2020-03-26,28.4065,29.9669,27.8156,29.4064,46722000
2020-03-27,28.1262,28.5428,27.4217,27.9898,51558600
2020-03-30,27.4444,28.8988,27.1642,28.4065,45835000
2020-03-31,29.0428,29.8836,28.3080,28.7625,41491600
2020-04-01,27.9217,29.3155,27.5278,28.4292,36045900
2020-04-02,29.3458,31.7849,28.7095,30.6032,62000200
2020-04-03,31.3986,31.9516,29.1791,29.7018,48425700
2020-04-06,30.2093,30.9290,29.7169,30.6563,41301900
2020-04-07,32.4970,32.8151,31.1789,31.2395,48921800
2020-04-08,31.7774,33.3606,31.4138,33.2166,33355600
2020-04-09,34.4362,35.3831,31.6183,32.6712,60107300
2020-04-13,33.6711,33.8529,31.7925,32.3909,29651900
2020-04-14,32.5728,33.1409,31.7471,32.1410,30769000
2020-04-15,31.0577,31.1032,29.8306,30.6638,33125000
2020-04-16,30.6638,30.6638,29.4897,29.6564,30934000
2020-04-17,30.2093,32.8152,30.2018,32.7394,40829100
2020-04-20,30.8684,32.3758,30.7093,31.1941,39260800
2020-04-21,30.6032,31.9137,30.0200,31.0274,44381600
2020-04-22,32.2697,32.5197,31.7092,31.9137,27074200
2020-04-23,32.6712,33.8302,32.4288,32.9136,35271000
2020-04-24,33.6333,34.0044,32.6712,33.1257,28653800
2020-04-27,33.0197,33.5727,31.9895,33.2848,28274400
2020-04-28,33.6105,34.3832,33.4136,34.0650,26545100
2020-04-29,35.0422,36.0573,34.9665,35.9512,29502500
2020-04-30,36.1179,36.1179,34.6710,35.2013,37076300
2020-05-01,34.5650,35.1407,32.5727,32.6788,35399300
2020-05-04,32.2016,34.0423,31.9819,33.9969,27465600
2020-05-05,35.0422,35.7164,33.8302,33.9590,29276200
2020-05-06,34.0347,34.2923,33.2545,33.3227,22659000
2020-05-07,34.0575,34.2923,33.3075,33.5121,22160300
2020-05-08,34.3226,35.0119,34.0726,34.9816,19977400
2020-05-11,34.9286,34.9968,34.4741,34.6483,22258000
2020-05-12,35.0730,35.2661,34.0692,34.0692,25439100
2020-05-13,33.7757,33.8761,32.1232,32.3781,30827900
2020-05-14,31.7140,32.8568,31.0422,32.6638,24856500
2020-05-15,32.7256,33.2120,32.3163,32.4321,22445600
2020-05-18,34.2854,35.1966,34.0228,35.0112,32026100
2020-05-19,35.1734,36.0074,33.9225,33.9302,21771600
2020-05-20,34.4553,35.1966,34.4167,35.0344,19352400
2020-05-21,35.0885,35.3587,34.2777,34.4089,19130700
2020-05-22,34.0151,34.4939,33.5518,34.4398,15406400
2020-05-26,35.3201,35.7526,35.1116,35.4514,20356500
2020-05-27,36.0305,36.4012,35.0653,35.7062,20788300
2020-05-28,35.8529,35.8761,34.6946,34.7796,19698000
2020-05-29,34.6097,35.2815,34.2622,35.1116,25874700
2020-06-01,34.9958,35.8684,34.5943,35.7371,19031000
2020-06-02,36.1850,36.6406,36.1000,36.5325,22319000
2020-06-03,37.0653,38.1464,37.0267,38.0228,23418000
2020-06-04,37.7448,37.9533,37.1888,37.9147,18731400
2020-06-05,39.8838,41.2737,39.8452,40.9880,41328900
2020-06-08,42.2544,42.7486,41.2814,42.2699,33579400
2020-06-09,40.8336,41.6753,40.5015,41.3278,27276900
2020-06-10,41.3124,41.3124,39.0730,39.1116,31156800
2020-06-11,36.7024,37.7139,35.5981,35.6599,39183000
2020-06-12,37.0962,37.5440,35.4514,36.4244,30978100
2020-06-15,35.0190,36.8800,34.5557,36.4012,27929300
2020-06-16,38.2776,38.4166,36.4784,37.2197,26203400
2020-06-17,37.0653,37.1657,35.9842,36.0074,19279400
2020-06-18,35.6058,36.5479,35.3433,36.2313,21478700
2020-06-19,37.2352,37.2661,35.5055,35.5055,48899900
2020-06-22,35.2815,35.8607,35.0576,35.8452,17565400
2020-06-23,36.2159,36.4630,35.9070,36.0614,18916600
2020-06-24,35.4514,35.4900,34.1696,34.3626,27626900
2020-06-25,34.0151,34.9340,33.7371,34.8800,19353600
2020-06-26,34.6560,34.7024,33.5904,33.6831,31518600
2020-06-29,33.8298,34.4244,33.6213,34.2236,17052100
2020-06-30,33.5364,34.7255,33.3279,34.5325,22153600
2020-07-01,34.3549,35.0421,33.7217,33.7526,17290100
2020-07-02,34.4553,34.8954,33.9225,34.0383,18216600
2020-07-06,34.4939,34.8105,33.8530,34.2777,22692000
2020-07-07,33.8993,33.9765,33.2893,33.3896,17407600
2020-07-08,33.3201,33.9225,33.0808,33.3124,18291400
2020-07-09,33.1271,33.2815,31.8839,31.9379,25882000
2020-07-10,31.7526,32.9804,31.7372,32.9341,18951000
2020-07-13,33.1889,33.4283,32.6097,32.9418,20028300
2020-07-14,32.8414,34.1232,32.6329,34.0306,21444100
2020-07-15,34.7719,34.8182,34.1387,34.4630,17332400
2020-07-16,34.2159,34.6020,33.8143,34.1927,14673700
2020-07-17,34.2313,34.5093,33.5055,33.6059,17958900
2020-07-20,33.3665,33.5981,32.8028,32.8182,18553900
2020-07-21,33.3201,34.8954,33.2893,34.4784,28821800
2020-07-22,34.0923,34.0923,33.4900,33.6754,21345400
2020-07-23,33.5132,33.8375,33.2198,33.7448,17934400
2020-07-24,33.8838,34.3008,33.3510,33.5364,16415300
2020-07-27,33.3819,34.0460,33.1811,34.0306,18547900
2020-07-28,33.9070,34.1696,33.5595,33.6290,19190500
2020-07-29,33.7526,34.0460,33.4669,33.9997,14143200
2020-07-30,33.3047,33.3433,32.3008,32.3317,29901100
2020-07-31,31.7835,32.5634,31.5904,32.4939,32116200
2020-08-03,32.4707,32.8182,32.0229,32.6252,23033600
2020-08-04,32.6947,33.6676,32.6174,33.5672,17724000
2020-08-05,34.0923,34.2159,33.6136,33.8607,17175100
2020-08-06,33.5132,33.8993,33.3974,33.6985,14434900
2020-08-07,33.3819,33.6058,33.0576,33.5441,18757900
2020-08-10,33.9688,34.4398,33.6676,34.3703,24367800
2020-08-11,35.1348,35.8452,34.5402,34.7255,28987500
2020-08-12,35.0090,35.3870,34.3554,34.7177,22503200
2020-08-13,34.2531,34.5444,33.7964,33.8672,17338700
2020-08-14,33.5444,34.0798,33.3948,34.0169,13595700
2020-08-17,33.9932,33.9932,33.4420,33.5759,15554600
2020-08-18,33.5365,34.0090,33.3003,33.4105,13014000
2020-08-19,33.3475,33.5917,32.9696,33.0405,14473100
2020-08-20,32.8278,32.9853,32.5207,32.5365,15678500
2020-08-21,32.5207,32.5522,32.0561,32.2924,25517700
2020-08-24,32.5050,33.4735,32.3554,33.2452,18208900
2020-08-25,32.8042,33.1271,32.0483,32.1900,31285600
2020-08-26,32.0010,32.1585,31.4971,31.5050,26795000
2020-08-27,31.4971,31.7333,30.9538,31.2924,32034300
2020-08-28,31.3711,32.2215,31.3081,32.0404,33477100
2020-08-31,32.0010,32.0640,31.4183,31.4498,25259600
2020-09-01,31.3002,31.3002,30.7490,31.0482,22464100
2020-09-02,30.8908,31.2766,30.6703,30.8593,26413400
2020-09-03,30.8671,31.5207,30.6152,30.7963,28817200
2020-09-04,31.0719,31.3317,30.4341,30.7726,24632500
2020-09-08,30.1191,30.4577,29.4104,30.0640,38496400
2020-09-09,30.1978,30.5837,29.8592,29.8829,25886100
2020-09-10,30.1348,30.2136,29.0561,29.1348,34381200
2020-09-11,29.2372,29.3789,28.7332,29.0561,26838600
2020-09-14,29.0639,29.1427,28.7332,28.8671,26129900
2020-09-15,28.9773,29.4340,28.5127,28.5600,23724200
2020-09-16,28.7096,30.0403,28.5600,29.7726,30890900
2020-09-17,29.4104,29.9065,29.1112,29.7647,24696200
2020-09-18,29.5521,29.7805,28.8986,29.2844,46853800
2020-09-21,28.6860,28.9065,28.0954,28.6860,35351800
2020-09-22,28.7096,29.0088,27.9300,27.9773,27303200
2020-09-23,28.0718,28.1820,27.0481,27.0796,31251400
2020-09-24,27.0875,27.4182,26.5835,27.0245,26796000
2020-09-25,26.7725,27.5127,26.6780,27.2765,23486000
2020-09-28,27.6702,28.2686,27.6387,27.8041,23396500
2020-09-29,27.5599,27.6466,26.7646,26.9930,20770500
2020-09-30,27.2765,27.4970,26.8749,27.0324,22223700
2020-10-01,26.6072,26.8513,25.9378,26.0875,36890200
2020-10-02,25.3945,26.2607,25.3630,25.9694,32694300
2020-10-05,26.2371,26.5757,26.1190,26.5678,22965200
2020-10-06,26.8670,27.1032,26.2292,26.2922,26731800
2020-10-07,26.4890,26.5678,26.1505,26.3788,23779300
2020-10-08,26.6780,27.8277,26.5835,27.7647,34413700
2020-10-09,28.0954,28.3080,27.2844,27.3552,29228600
2020-10-12,27.1977,27.3473,26.9536,27.2686,17912800
2020-10-13,27.3473,27.4576,26.8513,26.9458,20995100
2020-10-14,26.8198,27.4261,26.7961,26.8906,17743000
2020-10-15,26.5363,27.1347,26.1977,27.1269,23251600
2020-10-16,27.0639,27.2765,26.6780,26.8513,22627200
2020-10-19,26.8513,27.0639,26.2922,26.3158,23645800
2020-10-20,26.5048,26.7174,26.2449,26.5363,23040600
2020-10-21,26.3867,26.4733,26.0953,26.1111,28619300
2020-10-22,26.1268,27.5284,26.0008,27.4497,31831500
2020-10-23,27.5363,27.6230,26.6623,26.8985,27429100
2020-10-26,26.4654,26.5914,25.9457,26.2607,30888700
2020-10-27,26.1032,26.1426,25.7489,25.8434,27100700
2020-10-28,25.2764,25.4969,24.8197,24.8591,42136400
2020-10-29,24.7331,26.0875,24.4969,25.9615,38622800
2020-10-30,25.5205,26.0953,25.2055,25.6859,47885700
2020-11-02,26.0953,27.1347,25.6465,26.7646,40130300
2020-11-03,27.1584,27.1584,26.0875,26.3079,36773000
2020-11-04,26.1977,26.8828,25.6150,26.1662,35410100
2020-11-05,26.2764,26.7095,26.0953,26.1190,30824100
2020-11-06,26.0638,26.5048,25.6859,25.8119,33985600
2020-11-09,28.6781,29.9301,28.3946,29.0797,76879400
2020-11-10,29.8780,30.1845,29.0152,29.7248,49055400
2020-11-11,29.9103,29.9345,29.1845,29.4184,34124500
2020-11-12,28.9184,29.2652,28.1200,28.4103,30933700
2020-11-13,28.5474,29.2329,28.5313,29.0958,29241500
2020-11-16,30.3135,30.7812,29.9184,30.7732,38596800
2020-11-17,30.4909,31.2167,30.1442,31.1845,26521100
2020-11-18,31.4667,31.5554,29.9990,30.0071,31068000
2020-11-19,29.7248,30.2409,29.4829,30.1603,26954400
2020-11-20,30.1200,30.1684,29.6603,29.7893,18351000
2020-11-23,30.2409,31.7973,30.0635,31.7409,29367600
2020-11-24,32.6683,33.9344,32.4344,33.8537,46979300
2020-11-25,33.6037,33.6360,32.7812,32.9102,28178200
2020-11-27,32.8215,33.0150,32.1522,32.4102,14971900
2020-11-30,32.0957,32.1602,30.6200,30.7490,45614300
2020-12-01,31.4183,31.9747,31.0232,31.0474,32472900
2020-12-02,30.9587,32.5957,30.9183,32.2086,29369500
2020-12-03,32.3134,32.7731,32.0393,32.4263,27038900
2020-12-04,32.8779,33.6763,32.7812,33.6118,28723600
2020-12-07,33.4021,33.4989,32.7973,32.9828,24899400
2020-12-08,32.6844,34.3456,32.6118,34.0634,32573800
2020-12-09,34.4424,35.2650,34.1763,34.5150,37824800
2020-12-10,34.8376,35.8617,34.4827,35.4908,38058700
2020-12-11,35.2408,35.4262,34.8456,35.3214,25478800
2020-12-14,35.7569,35.8537,34.0150,34.0473,30595000
2020-12-15,34.2247,34.8537,33.9182,34.7085,27138400
2020-12-16,35.2811,35.5714,34.6440,35.2408,34273000
2020-12-17,35.4827,35.5150,34.9988,35.0634,21204600
2020-12-18,34.8940,35.3053,34.2085,34.4585,46596800
2020-12-21,33.1521,33.9344,32.6844,33.8295,27869500
2020-12-22,33.5312,33.7892,33.2489,33.2570,21792900
2020-12-23,33.4747,34.1844,33.4344,33.6844,19085900
2020-12-24,33.5876,33.7489,33.3699,33.5473,8039000
2020-12-28,33.6199,34.3134,33.4828,33.6602,23877500
2020-12-29,33.9021,33.9666,33.2247,33.2811,20287700
2020-12-30,33.3295,34.2085,33.2812,33.5473,23807300
2020-12-31,33.4425,33.6118,33.0392,33.2408,22786500
2021-01-04,33.4263,34.0715,33.0634,33.4666,27764700
2021-01-05,33.7408,36.1278,33.7328,35.0795,44035100
2021-01-06,35.8133,36.3698,35.2408,35.9746,36484800
2021-01-07,36.2891,36.7488,35.9101,36.2569,29528100
2021-01-08,36.4504,36.9504,36.2488,36.6601,28628200
2021-01-11,36.3214,38.0149,36.0875,37.7729,38246200
2021-01-12,38.2729,38.8455,37.8294,38.6116,36915100
2021-01-13,39.1358,39.2810,38.4584,39.0471,29000300
2021-01-14,39.1116,41.1922,39.1116,40.5712,35474800
2021-01-15,39.4422,39.5793,38.1358,38.6197,42411300
2021-01-19,39.0713,39.8696,38.9906,39.3858,24932600
2021-01-20,39.6035,40.1116,39.5068,39.9422,22342400
2021-01-21,39.7809,39.8293,38.4503,38.7971,29044500
2021-01-22,37.9100,38.4181,37.6117,38.2487,23264800
2021-01-25,37.8213,37.9423,37.2246,37.8213,26395800
2021-01-26,38.1116,38.5955,36.9746,36.9907,23976800
2021-01-27,36.2891,37.6278,35.9101,36.5714,32410300
2021-01-28,37.0472,37.5713,36.8456,37.1439,24967200
2021-01-29,36.7327,37.1278,35.8940,36.1601,38961100
2021-02-01,36.7568,36.7568,35.7166,36.2246,24412400
2021-02-02,36.9423,37.8939,36.5149,36.7972,31940400
2021-02-03,36.7972,38.4423,36.6278,38.2407,28459300
2021-02-04,38.6116,39.0148,38.1036,38.9745,25280300
2021-02-05,39.6600,40.4180,39.5471,40.2809,34980100
2021-02-08,41.0632,42.2244,40.8938,42.0147,36998700
2021-02-09,41.5555,41.7933,40.8174,41.5227,28977000
2021-02-10,41.5227,42.1706,41.3258,41.9245,25723800
2021-02-11,41.7359,41.7687,40.0054,40.8748,26972200
2021-02-12,40.5385,41.5883,40.5221,41.4324,19756700
2021-02-16,42.6134,43.0809,42.3346,42.6790,28060100
2021-02-17,42.9333,43.6878,42.4822,43.3433,25509700
2021-02-18,43.3105,43.4171,42.5314,42.6626,20627600
2021-02-19,42.7364,43.1055,42.5806,42.9497,22607200
2021-02-22,43.1301,44.9508,43.1301,44.5325,36435100
2021-02-23,45.0902,45.3198,44.0732,45.1476,33527900
2021-02-24,45.2624,46.7468,45.0000,46.5008,28728600
2021-02-25,46.7304,46.9519,45.3936,45.7299,29670900
2021-02-26,44.6227,45.1558,43.5648,44.5899,35291000
2021-03-01,46.3122,47.2471,46.0333,46.2548,36998300
2021-03-02,46.4598,46.7140,45.9431,45.9841,30302600
2021-03-03,46.2712,47.5341,45.8283,46.3532,35358900
2021-03-04,46.8452,48.7725,46.8288,48.1492,52137500
2021-03-05,49.0678,50.0683,48.4773,49.9699,51429800
2021-03-08,50.5030,50.5276,49.0596,49.9207,38154600
2021-03-09,49.7075,50.3472,48.7725,49.1498,35645900
2021-03-10,49.6336,50.7818,49.2318,50.6588,31579100
2021-03-11,50.6670,51.2985,50.2405,50.2816,24802600
2021-03-12,50.4784,51.1509,50.4374,50.8228,20422700
2021-03-15,50.4292,50.7326,49.1006,49.5270,31243600
2021-03-16,48.8299,48.9284,47.9278,48.4773,30624800
2021-03-17,48.1328,48.9858,48.0754,48.6905,25575500
2021-03-18,48.2313,48.3625,46.3532,46.5910,38622800
2021-03-19,46.5090,47.1323,45.7709,46.3286,84439400
2021-03-22,46.3368,46.6320,45.8447,45.8529,29315100
2021-03-23,45.0574,46.1646,44.6555,45.2870,33493300
2021-03-24,45.9923,46.9765,45.9923,46.2056,29781800
2021-03-25,45.2788,46.3368,44.6965,46.0743,31495900
2021-03-26,46.9929,47.3865,46.3532,47.3291,34226500
2021-03-29,47.0257,47.4193,46.5336,47.0749,21144400
2021-03-30,46.6320,47.0421,46.3286,46.4926,20303400
2021-03-31,46.2137,46.4434,45.7627,45.7873,23686500
2021-04-01,46.1892,47.1159,46.0415,47.0667,23194500
2021-04-05,46.9929,47.0093,46.0415,46.3368,23264800
2021-04-06,46.6156,47.1897,46.1399,46.2056,18926300
2021-04-07,46.2466,46.5582,46.1235,46.4106,22385000
2021-04-08,45.8693,45.9923,45.3690,45.9267,21999300
2021-04-09,45.9267,46.2876,45.5413,45.8201,20020700
2021-04-12,46.5500,46.5746,45.3608,45.5166,20238800
2021-04-13,45.3526,45.9103,45.1804,45.6889,19370600
2021-04-14,46.2630,47.5752,46.1317,47.0093,28051100
2021-04-15,47.0913,47.0913,46.5664,46.7304,23250300
2021-04-16,47.0421,47.3045,46.2876,46.4680,22752000
2021-04-19,46.5418,46.8616,45.8939,46.3204,21123300
2021-04-20,46.3122,46.3122,44.9262,45.3444,21782100
2021-04-21,44.6965,46.0333,44.5325,45.9267,16625600
2021-04-22,45.9185,45.9185,45.1230,45.3280,21600100
2021-04-23,45.3280,45.8775,45.2542,45.5741,15337900
2021-04-26,45.4920,46.1645,45.4674,45.6643,16083800
2021-04-27,45.9349,46.4434,45.7709,46.2630,19278600
2021-04-28,46.6730,47.9442,46.5746,47.6572,24729800
2021-04-29,48.3215,48.7807,47.6900,48.3379,27318400
2021-04-30,47.8376,48.2969,46.8781,46.9437,30518400
2021-05-03,47.5506,48.3789,47.3537,48.2395,20509600
2021-05-04,48.3871,48.7971,47.9852,48.5429,23522200
2021-05-05,49.0186,50.0683,48.7151,50.0027,31526200
2021-05-06,49.9125,50.5522,49.2318,50.4784,26836800
2021-05-07,50.0847,51.2329,49.9043,51.2001,33610600
2021-05-10,51.8644,52.5041,51.2821,51.3231,31956600
2021-05-11,50.5440,51.1673,49.5270,49.6911,34563800
2021-05-12,49.9324,51.3219,49.7160,49.9573,34426500
2021-05-13,49.0920,50.2985,48.8840,49.3416,24268200
2021-05-14,49.8658,50.6563,49.8658,50.5647,20735400
2021-05-17,50.3734,51.7962,50.2818,51.7463,25282500
2021-05-18,51.5882,51.8378,50.2569,50.2818,25170800
2021-05-19,49.1752,49.8076,48.6094,49.0753,28889800
2021-05-20,49.0504,49.2168,48.4596,48.9588,20692500
2021-05-21,49.4414,49.7826,48.9672,49.0254,20792700
2021-05-24,49.1585,49.7576,48.8340,49.5995,18400300
2021-05-25,49.5080,49.5413,48.3598,48.4762,25616100
2021-05-26,48.4679,49.1918,48.1767,49.0420,21698700
2021-05-27,49.2834,49.6744,48.2766,48.7259,33556000
2021-05-28,48.8673,48.9256,48.3514,48.5678,19246800
2021-06-01,49.4664,50.5065,49.4664,50.3068,28474200
2021-06-02,50.5481,51.0140,50.0655,50.7062,22978300
2021-06-03,50.3817,51.0973,50.2153,50.9059,20272800
2021-06-04,51.1389,51.3386,50.5730,51.1305,20427800
2021-06-07,51.0307,51.3635,50.7728,50.7977,15477900
2021-06-08,51.1722,51.9876,50.4815,51.6964,28953400
2021-06-09,52.1457,52.7697,51.7463,52.1290,29133000
2021-06-10,52.9278,53.2357,51.7962,52.2122,27488700
2021-06-11,52.4286,52.5783,51.7047,51.7296,17631700
2021-06-14,51.8378,52.2372,51.2304,51.6464,16997200
2021-06-15,51.9876,53.5851,51.8794,53.5269,30717100
2021-06-16,53.5186,53.9180,52.8862,53.3355,24803200
2021-06-17,53.1358,53.6351,50.9808,51.5799,28491800
2021-06-18,50.7561,51.2137,50.1237,50.2569,39590700
2021-06-21,50.6979,52.1706,50.6729,52.0791,33145400
2021-06-22,52.2954,53.2606,51.7795,53.0776,25140400
2021-06-23,53.2939,53.8348,52.9028,53.4687,20701600
2021-06-24,53.3771,53.7183,53.0942,53.6850,19568400
2021-06-25,53.7599,54.0261,53.5519,53.8015,18438300
2021-06-28,53.7183,53.7183,52.2122,52.4286,20570000
2021-06-29,52.5950,53.0609,52.0791,52.1041,19579300
2021-06-30,52.1706,52.6116,51.9626,52.4868,17875500
2021-07-01,53.5269,53.6018,52.2289,52.6366,22530300
2021-07-02,52.4286,52.6865,51.9376,52.5617,14555300
2021-07-06,52.2122,52.2205,50.6729,51.0640,22110800
2021-07-07,50.9059,51.4301,49.6079,50.2652,21671400
2021-07-08,49.4664,50.5148,49.3499,50.0405,18935900
2021-07-09,50.5065,51.1305,50.1237,50.9475,20086000
2021-07-12,50.2735,51.1721,50.0572,50.8976,21809400
2021-07-13,50.7561,51.1805,50.3484,50.6563,17147300
2021-07-14,50.8976,51.3635,49.3915,49.5330,21573600
2021-07-15,49.2334,49.6744,48.9006,49.0504,15851100
2021-07-16,49.2417,49.3083,47.5526,47.6941,27049500
2021-07-19,46.2962,46.7622,45.4309,46.0549,37969100
2021-07-20,46.1797,47.0950,45.7887,46.5625,26756100
2021-07-21,47.3114,48.5095,47.2864,48.0602,20908700
2021-07-22,48.0352,48.0436,47.1449,47.5194,13493800
2021-07-23,47.6691,47.6691,46.9868,47.4611,14088200
2021-07-26,47.5610,48.8008,47.4278,48.6593,18387600
2021-07-27,48.2682,48.2682,47.6026,48.1185,16861400
2021-07-28,48.2599,48.7841,47.9437,48.4430,16855300
2021-07-29,49.0920,49.3666,48.7259,49.0337,18607800
2021-07-30,48.9921,48.9921,47.6941,47.9021,28652800
2021-08-02,47.8855,49.1419,47.7607,47.9104,20873800
2021-08-03,47.9021,48.6010,47.3696,48.4263,18208200
2021-08-04,47.5859,48.1601,47.2697,47.2947,20868300
2021-08-05,47.5360,48.0103,47.2864,47.5942,15180200
2021-08-06,47.9770,48.3182,47.8688,48.1434,14888500
2021-08-09,47.5360,47.8605,47.2864,47.5942,17828200
2021-08-10,47.7773,48.5595,47.6775,48.4097,16340200
2021-08-11,48.4180,48.6759,48.0269,48.5511,18278600
2021-08-12,48.4836,48.8130,48.0359,48.4413,19225500
2021-08-13,48.1710,48.2048,47.5544,47.9514,20063000
2021-08-16,47.3179,47.3771,46.6844,47.2504,16959500
2021-08-17,46.8787,47.5544,46.4564,46.9294,16243700
2021-08-18,46.8111,47.1406,45.8736,45.9411,21890500
2021-08-19,45.1640,45.3668,44.0069,44.5390,30923500
2021-08-20,44.1504,44.8853,44.0153,44.5474,16918300
2021-08-23,45.5695,46.5071,45.5695,46.3804,21632600
2021-08-24,46.7013,47.1743,46.4648,46.7604,17915600
2021-08-25,46.6591,47.1068,46.3466,46.8449,13270300
2021-08-26,46.6253,46.9125,46.1439,46.2114,11842600
2021-08-27,46.7942,47.4784,46.7942,47.1068,15822500
2021-08-30,47.5038,47.5882,46.5577,46.5915,14086100
2021-08-31,46.3972,46.7182,46.0003,46.0509,27104100
2021-09-01,46.0256,46.2537,45.2738,45.4174,21644100
2021-09-02,45.8567,46.9970,45.8398,46.5240,23293300
2021-09-03,46.5577,46.7267,46.1185,46.3466,13840000
2021-09-07,46.1776,46.6844,46.0087,46.0763,14354400
2021-09-08,46.2790,46.6084,45.6202,45.6539,18756700
2021-09-09,45.2907,46.4564,45.0204,45.6877,19110800
2021-09-10,46.6169,46.6506,45.5695,45.5948,15123700
2021-09-13,46.1607,47.2419,46.1354,46.7689,22052300
2021-09-14,47.0392,47.1068,45.9580,46.1016,19940300
2021-09-15,46.7689,47.7487,46.7182,47.6558,23240900
2021-09-16,47.6896,47.6896,46.8787,47.1490,17907200
2021-09-17,46.7436,47.9345,46.5408,46.5915,30000400
2021-09-20,45.4259,45.7553,44.7333,45.3499,27555100
2021-09-21,45.9242,46.0425,44.9782,45.3076,19696800
2021-09-22,45.9749,47.2250,45.9242,46.6337,25690600
2021-09-23,46.8111,48.3484,46.6929,48.2133,23069400
2021-09-24,47.8923,48.8383,47.8754,48.6440,22328600
2021-09-27,49.7083,50.5107,49.6830,50.0884,32972200
2021-09-28,50.5952,51.0851,50.2658,50.6121,37619300
2021-09-29,50.5445,50.8402,49.8772,50.5783,23422800
2021-09-30,50.7810,50.8233,49.6745,49.6830,31289600
2021-10-01,50.1813,51.5159,50.1813,51.4652,24407300
2021-10-04,51.7946,52.4281,51.4821,52.1325,33946700
2021-10-05,52.8082,52.9603,51.5412,52.0480,29641600
2021-10-06,51.0767,51.6257,50.4685,51.0936,25284900
2021-10-07,51.1949,51.5919,50.7979,51.2372,19513600
2021-10-08,51.7355,52.7238,51.7355,52.5210,22186900
2021-10-11,53.2390,53.2643,51.9467,51.9973,22121500
2021-10-12,52.0058,52.3521,51.3976,51.7271,20198600
2021-10-13,51.3385,51.8538,50.8571,51.5835,14991700
2021-10-14,52.1240,52.5548,51.6679,52.3690,18594500
2021-10-15,52.9856,53.2728,52.7407,52.8674,16092600
2021-10-18,53.2897,53.3319,52.5971,52.8420,18282800
2021-10-19,53.1038,53.7289,52.9349,53.6360,18933200
2021-10-20,53.1207,53.9485,52.9772,53.9316,14305200
2021-10-21,53.6107,53.7542,52.6646,52.9518,16564600
2021-10-22,53.0194,53.3995,52.6646,53.3150,14266800
2021-10-25,53.8218,54.4131,53.7036,54.3540,17939800
2021-10-26,54.4722,55.6970,54.3624,55.6125,25585100
2021-10-27,55.0381,55.1141,54.0414,54.1681,21764500
2021-10-28,53.9063,54.4553,53.7458,54.3202,16626400
2021-10-29,54.9452,55.2071,54.3371,54.4553,23966300
2021-11-01,54.9621,55.8152,54.9199,55.4351,19656400
2021-11-02,54.9283,55.2831,54.6158,54.7509,16300000
2021-11-03,54.0921,54.4384,53.7711,53.9992,17372800
2021-11-04,54.6327,54.8101,53.9147,54.4046,17720100
2021-11-05,54.9452,55.1817,54.5313,54.9199,18565100
2021-11-08,55.3675,56.0686,55.2239,55.5111,17696000
2021-11-09,55.5534,56.0602,55.1648,56.0517,18781300
2021-11-10,55.9148,56.1972,54.5879,54.9475,20177200
2021-11-11,54.9475,55.4953,54.8019,55.0502,13319300
2021-11-12,54.7506,55.1015,54.4253,54.6307,18158900
2021-11-15,54.5794,55.4440,54.1171,55.1016,18849200
2021-11-16,55.0759,55.9576,55.0759,55.6580,17028700
2021-11-17,55.1101,55.8463,54.9389,55.0502,15497000
2021-11-18,54.9218,55.2385,54.0230,54.4510,16948200
2021-11-19,52.9786,53.0985,51.7117,51.9343,32035500
2021-11-22,51.6347,53.5351,51.6347,52.6534,21994400
2021-11-23,53.2354,54.2541,53.0043,54.0401,21185900
2021-11-24,53.5693,54.6564,53.5693,54.3397,15869700
2021-11-26,51.8059,52.5763,50.9670,52.4308,24979600
2021-11-29,53.5607,54.0487,52.4650,52.7218,18946400
2021-11-30,51.7545,52.3794,51.0697,51.2238,34979800
2021-12-01,52.1312,53.0985,51.1468,51.1810,30630600
2021-12-02,51.1382,52.7133,50.6246,52.4565,29216000
2021-12-03,53.0043,53.2697,51.6604,52.1226,22014700
2021-12-06,52.8331,53.2098,52.5763,52.7133,19210500
2021-12-07,53.3638,53.9545,53.1584,53.3039,19800400
2021-12-08,53.5950,54.0914,53.3638,53.4580,18214400
2021-12-09,53.1156,53.7319,52.9102,53.5950,16910300
2021-12-10,54.1599,54.2284,53.2697,53.9374,17942400
2021-12-13,53.4751,53.6891,52.5164,52.7561,17793700
2021-12-14,52.4394,53.4751,52.4051,52.6790,22551100
2021-12-15,52.3794,52.6448,51.3693,52.4479,19961900
2021-12-16,52.5934,53.4580,52.4736,52.5335,21187800
2021-12-17,52.1740,52.4565,51.0954,51.3865,44338100
2021-12-20,50.3250,50.7188,49.6145,50.6417,21819300
2021-12-21,51.1468,51.9429,51.1211,51.7888,19798900
2021-12-22,51.6518,52.5335,51.3351,52.2082,14058300
2021-12-23,52.3623,52.9358,52.2168,52.2339,13543300
2021-12-27,52.1569,53.0300,51.7203,52.9786,12593700
2021-12-28,52.9958,53.3382,52.5592,52.8074,12781000
2021-12-29,52.6277,52.7304,52.1483,52.3452,12733600
2021-12-30,52.4051,52.7304,52.0199,52.0370,11940300
2021-12-31,51.9942,52.6191,51.9600,52.3794,14072000
2022-01-03,52.4222,54.4424,52.3966,54.3911,24282400
2022-01-04,54.8961,56.6595,54.8704,56.4369,38584000
2022-01-05,56.9249,57.8750,56.9077,57.1389,34033300
2022-01-06,58.2089,58.6198,57.4128,58.4828,30668500
2022-01-07,58.6540,59.2190,58.1918,58.9622,23985400
2022-01-10,59.0392,59.2104,58.1661,58.6112,22760300
2022-01-11,58.9707,61.1193,58.7054,61.0765,32936100
2022-01-12,60.8968,61.4703,60.4688,60.8968,23045100
2022-01-13,60.8796,61.2734,60.1863,60.4602,21043200
2022-01-14,60.4773,61.7613,60.4345,61.5217,23012900
2022-01-18,62.3349,63.2422,61.6415,62.5574,32841200
2022-01-19,63.1310,63.2251,62.1037,62.5831,26431600
2022-01-20,62.0609,63.6617,61.8555,62.7201,26774600
2022-01-21,62.6430,62.6430,60.8112,61.7784,35995200
2022-01-24,60.6742,62.5574,59.7583,62.3092,41507000
2022-01-25,62.1380,64.4064,61.1108,64.1410,39278400
2022-01-26,64.5690,65.0570,62.9084,63.4905,35252400
2022-01-27,64.5947,65.0655,63.3364,64.3037,29174700
2022-01-28,64.1753,64.7317,63.3022,64.4407,30595700
2022-01-31,64.1753,65.4165,63.5761,65.0227,36085500
2022-02-01,65.4422,69.7736,65.2881,69.1915,61033100
2022-02-02,68.5324,69.1744,67.7534,69.0118,30299300
2022-02-03,68.5581,68.7464,67.6421,68.2071,28529400
2022-02-04,69.2257,70.6467,69.2257,69.6880,32197500
2022-02-07,69.4569,71.1176,69.0289,70.5269,34949200
2022-02-08,70.4242,70.6210,68.4125,68.7036,34356300
2022-02-09,68.8767,69.2662,68.1237,68.3747,40106100
2022-02-10,68.1324,68.9633,67.3275,67.7169,28527700
2022-02-11,68.0458,69.5172,67.7083,69.4220,42002100
2022-02-14,68.8767,69.1017,66.6870,68.3574,34652800
2022-02-15,66.5572,67.6737,66.1417,67.5006,25075100
2022-02-16,68.1929,69.0065,67.5438,67.8121,21733800
2022-02-17,67.9247,68.4786,67.4659,67.7083,23738800
2022-02-18,66.7822,67.6563,66.5485,66.9553,23394800
2022-02-22,68.9546,69.0585,65.1810,66.1763,35947800
2022-02-23,66.1763,67.0505,65.8907,66.4446,25385000
2022-02-24,68.3747,68.4007,64.0732,65.6051,46199900
2022-02-25,66.3754,67.5005,66.0032,67.3707,28310300
2022-02-28,66.2196,68.3141,65.9513,67.8727,32204600
2022-03-01,68.1756,69.8028,67.7948,68.5218,40002300
2022-03-02,69.7595,71.1010,69.0844,69.6989,44321400
2022-03-03,69.1190,70.7721,68.9200,70.1403,30196600
2022-03-04,70.1490,72.9445,69.8114,72.7801,42802200
2022-03-07,73.4985,75.4978,72.6157,75.4026,55207900
2022-03-08,77.0730,79.2022,73.9399,75.9738,72082300
2022-03-09,72.7282,74.9266,70.6250,71.6550,65466700
2022-03-10,72.7109,74.1563,71.7502,73.8793,44644200
2022-03-11,72.7628,74.6323,72.6762,73.4985,35303400
2022-03-14,71.8886,72.2262,69.6730,70.8673,37462600
2022-03-15,68.2189,68.5218,66.0984,66.8341,47957900
2022-03-16,67.3448,68.0458,65.9946,66.5831,37812300
2022-03-17,67.6650,68.5045,66.7043,68.3574,34041900
2022-03-18,68.4266,68.7122,67.5957,68.0891,41461500
2022-03-21,69.3441,71.4213,69.0152,71.1443,33089300
2022-03-22,70.6510,71.1443,69.9240,70.8327,23132200
2022-03-23,72.1310,72.9359,71.8800,71.9492,27716300
2022-03-24,72.2349,73.2648,71.6204,72.1656,19871600
2022-03-25,71.7675,73.9918,71.6550,73.7408,22398300
2022-03-28,71.9838,72.1050,70.9885,71.6723,21552400
2022-03-29,69.9413,71.3953,69.0325,71.2914,27036300
2022-03-30,71.8886,72.7109,71.5857,72.5118,22079000
2022-03-31,71.7242,73.0484,71.4472,71.4818,27861500
2022-04-01,70.9625,72.8234,70.9625,71.9406,18671100
2022-04-04,72.3214,72.4079,71.0145,71.9752,20869400
2022-04-05,72.2695,73.6283,71.4559,71.6030,21753100
2022-04-06,72.2002,73.3081,71.7848,72.3993,24768200
2022-04-07,72.5551,73.9485,71.5857,73.6110,26122000
2022-04-08,73.7149,75.4805,73.7149,75.1602,24866500
2022-04-11,74.2428,74.3726,72.2695,72.5724,21800100
2022-04-12,74.1822,75.1429,73.8966,74.0870,22444200
2022-04-13,74.9612,75.3939,73.7322,75.1343,19306800
2022-04-14,75.0131,76.5624,74.6323,76.0171,24566400
2022-04-18,76.5970,76.9345,75.9479,76.6403,19032300
2022-04-19,76.1729,76.7355,75.5324,75.9565,20382600
2022-04-20,76.1383,76.5970,75.5584,76.1296,20689400
2022-04-21,76.9865,77.7221,75.1170,75.3247,29010900
2022-04-22,75.0045,76.2681,73.5677,73.6802,23591600
2022-04-25,71.2915,71.5425,68.6257,71.1963,37698300
2022-04-26,71.6030,73.3254,71.1270,71.2222,28941500
2022-04-27,72.1743,73.9832,71.2136,73.2561,32773000
2022-04-28,73.4639,76.2854,72.7628,75.4718,33683800
2022-04-29,76.2854,76.2854,73.3081,73.7841,34656500
2022-05-02,73.5764,75.3333,73.2475,74.7881,36335200
2022-05-03,74.6582,76.8393,74.5371,76.3287,33908100
2022-05-04,77.4625,79.5224,76.9518,79.3666,46188400
2022-05-05,79.6609,79.6695,76.5018,78.1635,41013400
2022-05-06,78.7434,79.4704,77.3327,79.3579,29619300
2022-05-09,77.4105,77.5144,72.7195,73.1003,45851600
2022-05-10,74.1216,75.2035,72.2868,73.5850,34483200
2022-05-11,74.8054,76.9778,74.6756,75.1170,33020600
2022-05-12,75.1520,75.5279,72.9223,75.4580,29491500
2022-05-13,76.3848,77.7751,75.5017,77.6964,25798400
2022-05-16,77.8013,80.4244,77.7925,79.5238,26101200
2022-05-17,80.2058,80.8353,79.6724,80.5380,23120700
2022-05-18,80.8878,81.2463,78.5445,79.2615,25451200
2022-05-19,77.8188,80.7042,77.8188,79.6899,24387400
2022-05-20,80.3807,81.8321,79.0429,80.3195,28795000
2022-05-23,81.0190,82.8639,80.9228,82.0944,27239300
2022-05-24,81.1588,82.8814,80.7217,82.5404,24293300
2022-05-25,82.6977,84.4028,82.6016,84.2017,29947800
2022-05-26,84.4640,85.1897,84.1142,84.4989,24314800
2022-05-27,83.8956,85.6269,83.3273,85.3296,25588800
2022-05-31,86.1777,87.2445,83.6858,83.9393,44888100
2022-06-01,84.8312,86.3089,84.4815,85.5482,25815400
2022-06-02,85.0673,85.7755,84.6301,85.3995,19089100
2022-06-03,85.6006,87.1395,85.6006,86.6411,21038200
2022-06-06,86.7198,87.2445,86.2739,86.4225,20682100
2022-06-07,87.1745,90.4359,86.9909,90.3834,37810200
2022-06-08,90.4884,92.3070,90.0424,91.4502,31613200
2022-06-09,90.4271,91.4327,89.3254,89.4741,26607000
2022-06-10,89.1331,90.3660,87.2532,87.8390,30950500
2022-06-13,85.2684,85.4870,82.1206,83.8082,33421000
2022-06-14,85.1722,86.2739,83.3011,84.0268,31264000
2022-06-15,83.9306,84.4378,81.5523,82.9688,29620800
2022-06-16,80.8004,81.4299,78.9380,79.9085,35696700
2022-06-17,79.5325,79.8735,74.8984,75.3006,64610200
2022-06-21,77.4515,80.9053,77.3991,79.9872,35951500
2022-06-22,76.5422,78.4833,76.5335,76.8220,29727200
2022-06-23,77.5215,77.8625,73.0272,74.5049,35757200
2022-06-24,76.0263,77.2941,75.0295,75.9826,26639000
2022-06-27,76.7783,78.7281,76.6559,77.8450,25478700
2022-06-28,79.6724,81.5261,78.9992,80.0047,33096900
2022-06-29,81.2988,81.4911,76.7346,77.0493,25400900
2022-06-30,75.3181,76.5946,74.0327,74.8809,39948100
2022-07-01,75.8427,76.8395,74.0677,76.5509,26327900
2022-07-05,75.4929,75.8077,72.5813,74.1552,34591100
2022-07-06,73.2371,74.5224,70.8326,72.8174,33375700
2022-07-07,74.6536,75.8602,74.5836,75.1432,23817400
2022-07-08,76.0263,76.3323,74.2601,75.2656,17673800
2022-07-11,74.4699,75.3006,73.7617,74.8809,15603800
2022-07-12,73.2546,74.3650,72.4502,73.8841,21013000
2022-07-13,72.9048,75.4667,72.8349,74.1814,19928600
2022-07-14,71.5670,72.8436,70.5528,72.6950,26343000
2022-07-15,74.1464,74.2164,72.4851,73.9191,17243700
2022-07-18,75.7028,76.8919,74.9771,75.2831,19395800
2022-07-19,75.5629,77.3991,75.4143,77.1805,18248900
2022-07-20,76.5772,78.3871,76.2886,78.0286,16584400
2022-07-21,76.0088,76.7695,74.5049,76.7258,21375700
2022-07-22,76.5509,77.3554,75.7465,76.1400,15479500
2022-07-25,77.0843,78.8068,76.4373,78.6756,17536400
2022-07-26,79.6812,79.8123,77.8188,78.3696,15141200
2022-07-27,78.9380,80.4419,78.1685,80.0659,18047000
2022-07-28,80.5993,81.5348,79.5763,81.0015,20353100
2022-07-29,82.5841,85.2684,82.2780,84.7525,29825800
2022-08-01,82.8814,83.3710,81.5174,82.6103,20793200
2022-08-02,82.7939,83.2398,82.0332,82.2518,16722500
2022-08-03,82.5578,82.5578,79.3839,79.5850,23580800
2022-08-04,78.9642,78.9904,75.5717,76.2362,31821500
2022-08-05,75.5104,78.4221,75.4405,77.3379,17408000
2022-08-08,77.4778,78.3434,77.1367,77.7750,14458500
2022-08-09,78.7369,80.1009,78.6494,79.2090,19083400
2022-08-10,79.2877,80.2583,77.9849,79.9610,18302000
2022-08-11,81.0822,83.2541,80.7291,82.2741,18797900
2022-08-12,81.6472,83.0069,81.3206,82.9892,15058200
2022-08-15,79.9257,81.8680,79.1576,81.5060,20755200
2022-08-16,81.2499,82.0092,80.5966,80.7467,14038200
2022-08-17,80.5790,82.2917,80.2700,81.4000,13678000
2022-08-18,82.2388,84.1457,82.1858,83.3247,17770400
2022-08-19,83.1304,84.0486,82.8126,83.0598,16128600
2022-08-22,82.4771,83.4218,81.0999,82.9980,16019900
2022-08-23,84.3576,86.8826,84.2694,86.5207,23764700
2022-08-24,86.5295,87.3770,85.9556,87.0327,17050300
2022-08-25,87.3329,88.1628,86.6089,87.4830,15305700
2022-08-26,87.2004,88.2069,86.0086,86.4059,15531400
2022-08-29,86.6796,89.6637,86.6443,88.3923,23059200
2022-08-30,86.8385,87.0680,84.5960,85.0286,17086800
2022-08-31,83.0157,85.4965,82.6272,84.3929,18340900
2022-09-01,83.3600,83.9339,81.4795,82.8744,16423000
2022-09-02,85.0639,85.4524,83.9692,84.3929,18206800
2022-09-06,84.8962,85.2758,83.4395,83.8279,19201500
2022-09-07,82.2741,83.5101,81.4883,83.1128,16274700
2022-09-08,83.5719,84.2429,82.7420,83.7926,18759200
2022-09-09,85.2140,85.6378,84.1546,85.1964,17158000
2022-09-12,86.2116,87.5712,85.5318,86.1763,16118900
2022-09-13,85.2935,86.3264,83.7926,84.1634,18229100
2022-09-14,84.9227,87.0151,84.8874,86.2293,22655700
2022-09-15,84.9492,85.2317,83.0333,83.7220,21092300
2022-09-16,83.9339,84.1722,81.2235,82.2917,37874700
2022-09-19,80.3494,82.5389,80.3406,82.2829,15342100
2022-09-20,81.8680,82.0445,80.9056,81.6119,14712500
2022-09-21,82.6096,82.8832,80.2258,80.2965,17332400
2022-09-22,81.4001,81.8062,79.9168,79.9610,16139400
2022-09-23,77.2506,77.2506,74.9110,75.7056,27738800
2022-09-26,74.9551,76.1205,74.0634,74.1429,22043400
2022-09-27,75.5820,76.7738,74.8757,75.6967,17307300
2022-09-28,76.0322,78.8397,75.8556,78.4513,19543300
2022-09-29,77.8509,78.8927,76.9239,78.2924,17896000
2022-09-30,77.8421,78.6102,77.0828,77.0828,21357600
2022-10-03,79.4931,81.5413,79.2105,81.1528,23881300
2022-10-04,82.3182,84.1899,81.8503,84.1104,22133700
2022-10-05,84.5342,88.2776,84.4548,87.5095,34857700
2022-10-06,86.9356,90.2110,86.8120,90.1051,29124700
2022-10-07,90.2199,91.2175,88.4453,89.1957,24507600
2022-10-10,89.6018,90.0786,87.1563,87.2623,16786100
2022-10-11,85.8320,88.0745,85.4171,86.5207,17804100
2022-10-12,86.0792,87.3241,85.8408,86.9003,12635800
2022-10-13,86.1234,90.4494,85.9909,89.9373,22019100
2022-10-14,89.2752,90.2640,87.4388,87.5713,15222000
2022-10-17,89.2310,90.0256,88.7278,88.8337,14283200
2022-10-18,89.6460,90.3611,87.6066,88.9927,14065400
2022-10-19,89.3900,91.8090,89.3723,91.6324,20921700
2022-10-20,92.1004,92.7007,91.2969,91.7560,17649000
2022-10-21,92.2151,93.9367,91.7384,93.4600,22814100
2022-10-24,93.2834,95.0668,92.8066,94.1133,17024200
2022-10-25,93.9455,94.7578,92.7625,93.4776,15719800
2022-10-26,93.8131,95.1992,93.5836,94.5900,17383800
2022-10-27,95.7113,96.7442,94.8372,94.9520,18214000
2022-10-28,96.6383,98.1833,95.4552,97.7330,28169400
2022-10-31,96.6736,99.6842,96.6206,97.8301,26401800
2022-11-01,99.2074,99.3840,97.6889,98.8013,22213100
2022-11-02,98.5099,98.9690,96.5058,96.7707,20654200
2022-11-03,95.8613,98.7218,95.6230,98.0862,17103700
2022-11-04,99.7636,100.2050,97.8213,99.1544,17541500
2022-11-07,99.2427,100.6376,98.9955,100.3286,16008000
2022-11-08,100.1874,101.2292,99.4105,100.6465,14661000
2022-11-09,99.8519,100.0108,95.8525,96.1439,19522800
2022-11-10,97.2828,97.7330,94.9697,97.5564,20146700
2022-11-11,99.3928,101.0879,99.3133,100.6023,20518900
2022-11-14,100.2374,102.0263,100.1128,100.8960,20858300
2022-11-15,101.2787,101.9284,100.4510,101.5724,19373800
2022-11-16,100.9583,101.6881,99.5521,100.4866,13591000
2022-11-17,99.0449,100.7447,98.5643,100.6201,12425900
2022-11-18,98.6978,100.1039,97.5497,99.7480,15415000
2022-11-21,97.8879,98.9648,95.6541,98.7601,20973000
2022-11-22,99.8636,101.8750,99.1695,101.6169,17719100
2022-11-23,99.9615,101.4122,99.7657,101.1096,11546700
2022-11-25,101.3499,101.9996,100.6201,100.7536,7136000
2022-11-28,98.4842,99.1962,97.5586,97.7277,23015500
2022-11-29,98.4397,99.4988,97.7099,98.3774,14453200
2022-11-30,99.2674,99.5878,97.7010,99.0894,23158100
2022-12-01,99.3564,99.7391,98.0570,98.6088,14398300
2022-12-02,97.4607,99.4187,97.1848,97.7722,15248400
2022-12-05,98.5198,99.1072,94.2835,95.0934,19287700
2022-12-06,94.2479,95.2625,91.8005,92.4502,21197000
2022-12-07,92.3612,93.3135,91.1063,92.2455,20061700
2022-12-08,94.5861,95.0489,92.2989,92.9308,21128800
2022-12-09,93.0821,94.2924,91.9340,92.1476,21298200
2022-12-12,92.4057,94.5505,92.1921,94.4170,20413200
2022-12-13,95.9389,96.5975,95.2447,95.4494,24305300
2022-12-14,96.1080,96.3838,94.1144,94.7463,17597300
2022-12-15,93.7406,94.4882,92.2900,93.8385,15365100
2022-12-16,92.2811,93.9631,91.7827,93.1800,54596600
2022-12-19,93.6784,94.5149,92.8952,93.5983,13611100
2022-12-20,93.5983,95.6808,93.5093,94.9510,14680000
2022-12-21,96.3750,96.6420,95.3693,96.1703,13565400
2022-12-22,96.0190,96.2860,92.6460,94.2301,13213000
2022-12-23,95.1824,96.7754,95.1379,96.7220,11539400
2022-12-27,97.2471,98.3151,96.8555,98.0659,11962100
2022-12-28,97.8167,97.8968,96.0279,96.4551,10702100
2022-12-29,96.1080,97.6476,96.1080,97.1848,10534000
2022-12-30,96.6598,98.3418,96.6598,98.1638,11799600
2023-01-03,97.7010,97.9146,93.8830,94.7908,15146200
2023-01-04,93.2690,95.3693,93.2334,95.0667,18058400
2023-01-05,94.6395,97.8523,94.6128,97.1937,15946600
2023-01-06,97.9680,99.6678,97.6031,98.3685,16348100
2023-01-09,99.3564,99.3564,95.9478,96.5352,17964600
2023-01-10,97.7099,98.1905,96.1258,97.9769,15104600
2023-01-11,98.7779,99.1873,97.0869,99.1161,16710400
2023-01-12,99.5166,101.2253,99.4454,100.7625,15357300
2023-01-13,100.6646,101.0028,99.8192,100.7002,12011400
2023-01-17,100.9316,101.5279,100.2730,100.5044,16542200
2023-01-18,100.7981,101.5635,98.2528,98.4397,16399700
2023-01-19,97.9591,99.7925,97.5230,99.0716,12928000
2023-01-20,99.1072,100.9583,98.4397,100.8782,16515600
2023-01-23,101.1363,101.9818,100.2463,100.3531,16584400
2023-01-24,97.1492,101.4745,93.3313,101.2876,13583000
2023-01-25,100.7714,101.1452,99.1339,100.7536,11914700
2023-01-26,102.0975,104.8208,101.7593,104.8030,21019700
2023-01-27,104.0821,104.7229,102.6938,102.8896,15179200
2023-01-30,102.4267,102.7827,100.7002,101.0651,18672100
2023-01-31,99.7657,103.5926,98.2795,103.2455,27861800
2023-02-01,103.0853,104.4648,100.8693,102.1153,19464900
2023-02-02,102.2132,102.4089,97.7455,98.9203,24562100
2023-02-03,99.5878,101.5546,99.2852,99.6056,20226600
2023-02-06,99.9971,100.6468,98.1816,99.4365,13855200
2023-02-07,100.0239,102.6226,99.6946,102.2755,16013300
2023-02-08,102.3912,103.0853,101.3232,101.3855,18459700
2023-02-09,102.0085,103.4502,101.6169,101.7682,17439300
2023-02-10,103.6905,106.4672,103.3790,106.0578,24918600
2023-02-13,105.5736,105.9861,103.9414,105.6453,14536200
2023-02-14,104.9368,105.6543,104.0490,104.4077,12079000
2023-02-15,103.7799,104.1117,102.3629,104.0938,13663400
2023-02-16,103.4122,104.7306,102.9549,103.7889,11360600
2023-02-17,102.4078,102.4078,99.5290,99.7980,20758300
2023-02-21,99.3765,100.7846,99.3765,99.6994,14469400
2023-02-22,99.0806,99.5200,97.4304,98.4080,13973800
2023-02-23,99.3048,100.2913,98.5604,99.3138,11289400
2023-02-24,98.0492,99.5111,97.7712,99.3227,14351000
2023-02-27,99.3676,99.7801,98.6142,99.1434,11710500
2023-02-28,99.7622,99.8698,97.9506,98.5694,18107000
2023-03-01,98.0313,100.3182,97.9685,99.4483,13200000
2023-03-02,99.2061,100.1747,98.8026,99.9057,10339900
2023-03-03,98.6950,101.6724,98.6053,101.1702,13006700
2023-03-06,100.4348,102.0939,100.3272,102.0670,14347400
2023-03-07,101.1702,101.4930,99.6994,100.0940,11525300
2023-03-08,99.7532,100.8204,97.8161,98.6322,13509800
2023-03-09,99.4304,100.6500,97.7802,97.8699,12961200
2023-03-10,98.2555,99.5828,96.0942,96.6592,15795700
2023-03-13,94.4709,96.7309,93.0181,95.5471,20745600
2023-03-14,95.3767,97.7623,94.1301,95.9058,18263500
2023-03-15,92.2110,93.4486,89.8792,91.1348,25733800
2023-03-16,88.8838,91.1886,87.9062,90.6057,27465200
2023-03-17,90.2200,91.1258,88.9107,89.5384,43199500
2023-03-20,89.3501,91.9060,89.2335,91.8791,32042100
2023-03-21,93.4217,96.2108,93.3858,95.9955,31592300
2023-03-22,95.7803,96.1211,93.7714,93.7983,14952700
2023-03-23,94.4889,95.3677,91.8702,92.7401,14385900
2023-03-24,91.0002,93.1347,90.4980,92.8477,13401600
2023-03-27,93.9329,95.4933,93.1885,94.8835,14805900
2023-03-28,94.5606,96.5426,94.3364,96.0673,11047600
2023-03-29,96.9103,97.8968,96.3991,97.7174,14219100
2023-03-30,98.2466,98.2645,97.3228,98.1927,11578200
2023-03-31,98.3631,98.8026,97.7981,98.3452,14418000
2023-04-03,101.6903,104.7933,101.4482,104.1476,28087700
2023-04-04,104.2642,104.6588,102.3899,103.1521,16365500
2023-04-05,103.4481,104.9279,102.5154,104.9189,16479500
2023-04-06,104.8023,105.0893,102.9279,103.1791,15778000
2023-04-10,102.9369,104.1925,102.3899,102.7217,13006600
2023-04-11,103.0983,104.2104,102.5782,103.4481,11758500
2023-04-12,104.1745,104.5601,103.0714,103.3405,10919000
2023-04-13,102.7755,103.9324,102.3540,103.8248,12399700
2023-04-14,103.9414,104.6229,103.2418,104.0759,11530800
2023-04-17,103.5737,104.4884,102.6141,102.8652,13260400
2023-04-18,102.5872,105.1162,102.5064,104.8740,17436100
2023-04-19,104.1028,104.8382,103.8248,104.5422,10682600
2023-04-20,103.2508,103.7441,101.5469,103.7082,17038700
2023-04-21,104.4705,104.8202,103.3674,104.0400,14315300
2023-04-24,103.9593,106.6228,103.9234,106.0040,15831300
2023-04-25,105.4211,105.5915,103.6992,104.4974,12179800
2023-04-26,104.0579,105.0086,102.8472,103.5378,15566100
2023-04-27,103.6902,104.9368,103.0266,104.7754,16279200
2023-04-28,105.1521,107.5466,104.7754,106.1296,24381900
2023-05-01,104.0221,105.1969,102.6410,102.8383,17355000
2023-05-02,102.1836,102.1836,98.0134,98.7398,24324100
2023-05-03,97.8250,98.4797,96.6412,96.7937,16212300
2023-05-04,96.7668,97.5291,94.9821,95.0987,17177200
2023-05-05,97.3497,98.1389,96.4350,97.4663,14968200
2023-05-08,99.0985,99.5200,97.7892,97.8520,11187800
2023-05-09,97.1614,98.8564,97.0448,97.8788,11370800
2023-05-10,98.4169,98.6591,95.6996,96.6233,14884800
2023-05-11,95.5023,95.7982,94.1032,94.8745,17165900
2023-05-12,95.3409,95.9686,93.9687,94.8656,12613300
2023-05-15,95.4445,95.8244,94.6032,95.0465,13715600
2023-05-16,94.6484,94.8113,92.2874,92.7397,14795200
2023-05-17,93.5267,95.1912,93.0382,94.8203,14064700
2023-05-18,94.5761,95.8063,94.1961,95.6797,12005600
2023-05-19,96.4034,96.8376,95.7249,96.1229,13359600
2023-05-22,95.7430,96.8285,94.8746,94.9560,12882000
2023-05-23,95.8787,97.8960,95.6616,96.2496,14394400
2023-05-24,97.1361,98.1583,96.5481,97.3261,16340300
2023-05-25,95.8335,96.2767,94.7208,95.5802,14316500
2023-05-26,96.3129,96.7471,94.8294,94.9560,12370300
2023-05-30,93.4363,94.1871,92.8211,94.1147,11938000
2023-05-31,92.5317,93.2101,92.0341,92.4322,24926100
2023-06-01,92.0432,95.5078,91.5999,93.4996,13551900
2023-06-02,95.1279,96.0053,94.5580,95.6706,14112000
2023-06-05,96.9642,96.9642,95.0645,95.2455,10628000
2023-06-06,94.2142,96.1320,94.0604,96.0234,12209800
2023-06-07,96.6024,98.5020,96.5481,98.1764,16027100
2023-06-08,98.3935,98.7282,95.7973,97.8688,13517100
2023-06-09,98.1131,98.2487,96.9371,97.1451,12251600
2023-06-12,95.7159,96.8466,95.4897,96.2677,14112000
2023-06-13,97.1361,98.0045,96.1410,96.2858,13533800
2023-06-14,97.1994,97.7964,94.4313,95.1279,16627700
2023-06-15,95.4354,96.8195,95.3812,95.7882,16224100
2023-06-16,96.2134,96.5843,94.9470,95.1007,43128900
2023-06-20,94.6937,94.7751,92.3779,92.9207,17514100
2023-06-21,92.7216,94.6484,92.5678,93.9609,13285700
2023-06-22,93.0292,93.9790,92.8573,93.4453,12455300
2023-06-23,92.8030,93.0111,91.9256,92.6312,17933600
2023-06-26,92.4502,94.9017,92.4502,94.3409,14283400
2023-06-27,94.1238,94.6303,93.4182,94.5761,13227500
2023-06-28,94.3590,95.7249,93.3549,95.3450,13084100
2023-06-29,95.5802,96.5481,95.1007,96.5210,11364400
2023-06-30,97.0818,97.5884,96.6205,97.0185,13544700
2023-07-03,97.2356,98.1131,96.8557,97.2085,7397000
2023-07-05,97.3622,97.6246,95.9782,96.7109,12491200
2023-07-06,95.0645,95.6344,92.6583,93.1016,17961400
2023-07-07,92.1970,94.0785,91.8713,93.3187,21929200
2023-07-10,93.1468,94.7570,92.9478,94.7027,14877600
2023-07-11,95.2183,96.0325,94.8113,95.8606,12576500
2023-07-12,96.7923,97.3803,96.0053,96.3310,13238200
2023-07-13,95.8606,96.0958,93.4634,94.5670,26826800
2023-07-14,94.1238,94.1238,90.9396,91.3105,28181900
2023-07-17,91.1114,91.9708,90.6591,91.7085,18051300
2023-07-18,91.2924,92.4502,90.7677,91.2924,24617800
2023-07-19,91.4100,92.6312,91.1838,91.9256,15556500
2023-07-20,92.7578,93.7710,92.5950,93.5448,15740200
2023-07-21,94.2233,94.4223,93.4091,93.9790,17121500
2023-07-24,94.4042,96.0325,94.0424,95.4535,15090900
2023-07-25,95.0374,95.9692,94.5670,95.5983,14116100
2023-07-26,95.0826,95.6344,94.6575,95.0645,15159600
2023-07-27,95.8877,96.7833,94.7479,95.3631,17677900
2023-07-28,95.0826,95.1279,92.5588,94.2233,17566400
2023-07-31,95.1550,97.5703,95.1550,97.0094,24197000
2023-08-01,96.7471,97.0818,95.4626,96.4486,14177400
2023-08-02,96.1229,96.2315,94.5942,95.2455,13484100
2023-08-03,95.7882,97.5884,95.2545,96.9009,16280400
2023-08-04,97.6608,98.8186,97.0909,97.1723,14279600
2023-08-07,97.6065,98.0769,96.3491,96.9733,12410800
2023-08-08,95.9239,97.4708,94.8384,97.4527,14065600
2023-08-09,98.3392,99.8861,97.9774,99.1081,19919600
2023-08-10,99.6780,100.9806,98.9996,99.6147,15837200
2023-08-11,99.8408,101.3787,99.5514,101.1616,14047000
2023-08-14,101.0259,101.2973,100.2117,101.2430,12973400
2023-08-15,101.0059,101.1062,98.4704,98.6437,14909600
2023-08-16,98.7532,99.7108,96.9291,96.9839,13695100
2023-08-17,97.9688,100.4586,97.9688,98.8626,16709500
2023-08-18,98.1695,100.5042,98.1513,100.3583,16224000
2023-08-21,100.6502,101.2156,98.6255,99.1453,11092400
2023-08-22,99.5649,100.0665,98.4522,98.5890,10518800
2023-08-23,97.6223,97.8594,96.4184,97.7226,11435600
2023-08-24,97.0568,98.2880,96.7376,96.9930,10818500
2023-08-25,97.9779,99.3460,97.2392,98.7258,13579300
2023-08-28,98.9082,100.3583,98.8991,99.5557,10382100
2023-08-29,100.0117,100.3401,98.8808,100.1485,9665000
2023-08-30,100.7231,101.3615,100.3036,101.1244,11922100
2023-08-31,101.3433,101.6169,100.8873,101.4071,17479800
2023-09-01,102.3283,103.8058,102.3283,103.5321,14843500
2023-09-05,104.0611,105.6389,103.5139,103.5413,18304000
2023-09-06,103.4957,104.5080,103.2677,104.4350,13325500
2023-09-07,104.5627,105.6571,103.6963,103.9243,13248500
2023-09-08,104.4533,105.8395,104.2618,105.4383,14283200
2023-09-11,105.9581,106.4141,103.5777,104.1158,14383600
2023-09-12,105.1920,107.3170,105.1282,107.1528,20145800
2023-09-13,107.0799,107.5815,105.7027,106.1952,13472800
2023-09-14,107.2076,108.2199,107.0069,108.0922,15210700
2023-09-15,107.5268,108.0831,106.2499,106.4324,34568400
2023-09-18,107.1893,107.8369,106.4323,107.2896,14045300
2023-09-19,108.1834,108.3841,106.3503,107.0069,12562900
2023-09-20,106.2864,107.6362,106.0858,106.1587,11879900
2023-09-21,106.6877,107.0434,104.5171,104.6630,14400600
2023-09-22,105.5295,106.4141,104.7086,104.8272,13197300
2023-09-25,104.9640,106.3867,104.7269,106.0037,11316000
2023-09-26,105.3379,106.4597,105.2194,106.1679,11805400
2023-09-27,107.5176,109.8980,107.0708,109.6244,23976200
2023-09-28,109.4238,110.0804,107.7912,108.9586,16808100
2023-09-29,108.6212,108.6941,106.4597,107.2349,18813600
2023-10-02,107.1893,107.4265,104.4715,105.4565,14395000
2023-10-03,105.2832,106.1952,104.9093,105.6389,13297100
2023-10-04,104.0155,104.0520,100.7778,101.6899,19622200
2023-10-05,100.1394,101.1427,99.1362,99.4007,20128800
2023-10-06,96.4275,98.7440,95.8621,97.7408,25367500
2023-10-09,100.7231,102.2097,99.8841,101.1609,22369900
2023-10-10,101.2521,101.6443,100.4313,100.7323,13892000
2023-10-11,97.5493,97.7408,95.6067,97.1207,57939000
2023-10-12,98.1239,98.3519,96.7558,97.1024,31183000
2023-10-13,98.5252,100.5042,98.3519,100.2033,30276500
2023-10-16,100.7778,100.9420,99.5284,100.2762,18452000
2023-10-17,100.0756,101.9635,100.0300,101.5895,19775400
2023-10-18,101.9817,103.4136,101.8723,103.0123,23380300
2023-10-19,102.8025,103.9426,101.5348,103.0761,20972500
2023-10-20,102.9849,103.3497,101.0423,101.3068,22445300
2023-10-23,100.8964,101.1974,99.1180,99.8202,18185000
2023-10-24,100.0482,100.1577,98.6073,98.8535,16786100
2023-10-25,98.9721,99.8658,98.6164,99.0359,22047300
2023-10-26,97.9962,98.8079,97.1298,98.1330,18768300
2023-10-27,99.3095,100.1942,95.7253,96.2634,23092000
2023-10-30,96.4366,97.0568,95.9533,96.5643,19379900
2023-10-31,96.2907,96.8197,95.3422,96.5370,22185200
2023-11-01,97.1571,97.7408,96.1813,96.3454,28984900
2023-11-02,96.5643,99.5831,96.2178,99.5101,25212700
2023-11-03,98.8626,99.2092,97.1663,98.2972,30555600
2023-11-06,98.6529,98.7441,96.4640,96.5552,19097300
2023-11-07,95.2784,95.6341,94.2022,95.0413,20272500
2023-11-08,94.6035,95.6706,93.8374,93.8739,19184100
2023-11-09,94.5488,94.8224,93.8100,93.9012,18380500
2023-11-10,94.7859,95.2237,93.8556,94.6217,17825500
2023-11-13,94.8953,95.8894,94.6765,95.6158,15308400
2023-11-14,95.9932,96.4718,95.5974,95.9840,18260500
2023-11-15,95.6803,96.7755,95.2569,95.4042,20137600
2023-11-16,94.7047,95.0452,93.0941,94.2997,22469100
2023-11-17,94.8519,97.0332,94.5666,96.6006,22984900
2023-11-20,96.9872,97.4473,96.1128,96.1772,17458800
2023-11-21,95.9103,96.3613,94.9992,96.1404,14989000
2023-11-22,94.4102,95.8275,93.8211,95.7263,18072000
2023-11-24,95.7355,97.0700,95.6343,96.2417,9480800
2023-11-27,95.8091,96.0852,94.9624,95.6803,18013500
2023-11-28,95.9380,96.5546,95.6066,95.6250,20629500
2023-11-29,95.9656,96.2509,93.5450,94.1893,26802100
2023-11-30,94.8979,96.1588,93.7015,94.5574,29254700
2023-12-01,94.3365,95.9195,94.0788,94.7875,17845300
2023-12-04,93.9960,95.1280,93.4990,94.2721,21523900
2023-12-05,94.1248,94.1893,92.3025,92.4406,22250300
2023-12-06,92.0357,92.6983,90.5079,91.2165,31154800
2023-12-07,91.9068,92.8088,90.2778,90.5815,29990700
2023-12-08,91.1337,91.8424,90.8852,91.6215,22074900
2023-12-11,91.8516,91.9068,90.7287,91.6859,22252300
2023-12-12,90.8208,90.8208,89.7164,90.2410,26084000
2023-12-13,90.2318,91.1429,89.8820,91.0417,19915400
2023-12-14,91.8976,94.0052,91.7779,93.4898,26165700
2023-12-15,92.5787,92.9560,92.3210,92.8640,55527000
2023-12-18,93.9960,94.8980,93.4346,93.5542,21610400
2023-12-19,93.8764,94.9716,93.6831,94.7875,18904700
2023-12-20,95.2569,95.6619,93.0757,93.2045,20988900
2023-12-21,93.3886,93.8856,92.7811,93.6279,19250900
2023-12-22,94.1617,94.7415,93.7107,93.7935,12927800
2023-12-26,94.5574,94.8243,93.9868,94.0052,16835100
2023-12-27,93.9132,94.3825,93.2689,93.5634,14558800
2023-12-28,93.3150,93.5174,92.1553,92.2105,16329300
2023-12-29,92.3762,92.5787,91.6859,92.0173,17746400
2024-01-02,92.8824,94.8887,92.8179,94.2077,23483000
2024-01-03,94.1248,95.3673,93.5634,94.9992,23490800
2024-01-04,95.7907,96.2417,93.9224,94.1709,19395200
2024-01-05,94.9532,95.1649,93.9960,94.4562,15827400
2024-01-08,92.7075,92.9928,91.0232,92.8824,23370100
2024-01-09,93.2229,93.2229,91.2902,91.7319,19496600
2024-01-10,91.8516,91.8516,90.3422,90.8300,18206100
2024-01-11,91.1521,91.5755,90.7103,90.8116,15833400
2024-01-12,92.1645,92.6339,91.2718,91.9896,18041700
2024-01-16,91.8700,92.0449,89.7624,89.9096,20235700
2024-01-17,88.9064,90.1581,88.8880,89.2562,18384000
2024-01-18,89.2746,89.3574,88.1886,89.0905,20940300
2024-01-19,89.0169,89.2930,88.7316,89.2286,20088400
2024-01-22,88.9985,89.3666,88.1425,89.1089,19955900
2024-01-23,89.0997,90.6551,89.0261,90.1121,15863400
2024-01-24,90.4895,91.7135,89.9556,91.6675,17330600
2024-01-25,92.3209,94.0420,91.6859,93.9960,22089500
2024-01-26,93.8487,94.8703,93.1309,94.7967,20817200
2024-01-29,94.7783,94.9808,93.7475,94.9164,18317500
2024-01-30,94.2537,96.5270,93.9684,96.4994,19610900
2024-01-31,96.3981,96.5270,94.5850,94.6218,22415300
2024-02-01,95.3213,95.7263,93.5266,94.2353,19240700
2024-02-02,95.4870,95.7171,93.5174,93.8488,21973400
2024-02-05,93.3702,94.2261,92.4958,93.4622,17190900
2024-02-06,93.9408,94.8335,93.4806,94.1065,13347900
2024-02-07,94.1065,94.5482,93.1217,94.0789,13826800
2024-02-08,94.1893,96.1036,93.9776,95.6895,19636900
2024-02-09,95.8091,96.4902,93.6002,93.6647,20410500
2024-02-12,94.0236,95.1649,93.8764,94.9532,18173100
2024-02-13,95.4548,95.7613,93.4484,94.1357,18917400
2024-02-14,94.6281,95.3247,93.2811,93.6713,17651300
2024-02-15,93.4483,96.5509,93.4483,96.3558,23196300
2024-02-16,96.6159,97.1919,96.1608,96.3558,20151400
2024-02-20,96.4580,96.7181,95.3526,95.4455,17650000
2024-02-21,95.6963,97.5170,95.6684,97.3962,20991300
2024-02-22,96.7553,97.9164,96.0957,97.3126,20470700
2024-02-23,96.4952,96.6902,95.5662,96.4580,15975900
2024-02-26,96.3465,97.4798,95.7242,96.8389,13360800
2024-02-27,97.2383,97.6749,96.4673,96.6345,16360000
2024-02-28,97.0432,97.9350,96.6066,96.9039,14810500
2024-02-29,97.2383,97.6006,96.8110,97.0897,17566100
2024-03-01,98.2044,98.8267,97.8885,98.3158,18460100
2024-03-04,98.1486,98.3251,96.6345,96.9410,18138000
2024-03-05,97.0990,98.7153,96.9039,98.1300,19952700
2024-03-06,99.0404,99.9228,98.6038,99.1797,20472800
2024-03-07,99.0218,100.3037,99.0218,99.7371,15195400
2024-03-08,99.6070,100.6938,99.1797,100.6753,16281500
2024-03-11,100.5545,101.3627,99.7092,101.2698,17577300
2024-03-12,101.3069,101.5113,100.3501,100.6195,14957200
2024-03-13,101.3812,102.5052,101.3534,101.7435,17122200
2024-03-14,102.0222,103.6199,101.8921,103.5456,22121000
2024-03-15,102.9697,104.3166,102.9697,103.3598,38264400
2024-03-18,103.8429,104.8368,103.2019,104.3166,16770500
2024-03-19,104.2423,105.4220,104.0937,105.0504,14878800
2024-03-20,104.7067,105.3384,104.1587,104.9575,16119700
2024-03-21,104.8925,105.8121,104.5674,105.4220,14878000
2024-03-22,105.4127,105.6078,104.7996,105.4220,14701900
2024-03-25,105.7378,107.5492,105.7378,106.4995,14011700
2024-03-26,106.5088,106.8061,105.3477,105.7007,13152300
2024-03-27,105.4127,106.8804,105.3477,106.7968,12415700
2024-03-28,107.3170,108.1716,106.8804,107.9765,18482100
2024-04-01,108.1344,108.9054,107.1776,108.6732,13817000
2024-04-02,109.5371,111.0976,108.9890,110.8004,19919600
2024-04-03,110.9862,111.2370,110.2895,110.8190,16504300
2024-04-04,110.5867,111.3577,110.2059,111.2091,18467400
2024-04-05,111.4506,113.4664,111.1348,112.7418,21720600
2024-04-08,112.4724,113.0855,111.6643,111.9801,17513900
2024-04-09,112.3981,113.0019,111.7850,112.5653,14132300
2024-04-10,112.6025,113.7636,112.1473,113.5128,17409200
2024-04-11,113.9680,113.9680,111.7850,113.1319,17555900
2024-04-12,114.2095,114.9526,111.1626,111.8129,21556200
2024-04-15,112.4817,113.0391,110.9583,111.1719,15029500
2024-04-16,111.0605,111.6736,109.5371,110.2523,18082200
2024-04-17,110.1223,110.8654,108.7939,110.1966,14538600
2024-04-18,110.5403,111.2091,109.5835,110.0944,13821400
2024-04-19,110.6889,112.3331,110.4938,111.3577,21572400
2024-04-22,110.7818,112.9276,110.0108,111.9894,16340700
2024-04-23,111.4692,112.4538,110.9583,112.4260,13929800
2024-04-24,111.7479,112.6396,110.9026,112.4446,12101200
2024-04-25,112.4260,113.1041,110.9118,112.7046,16041000
2024-04-26,110.5403,110.6332,107.9579,109.5742,27289500
2024-04-29,109.3884,111.5156,109.3884,111.1348,17309900
2024-04-30,110.6425,111.6550,109.5928,109.8622,21083300
2024-05-01,109.8715,110.0480,107.4377,107.7814,27777700
2024-05-02,107.9951,108.9240,107.6607,107.9765,25513600
2024-05-03,107.7536,107.8186,106.0165,107.7536,28023300
2024-05-06,108.3759,109.9272,108.1251,108.4502,31401300
2024-05-07,108.9426,109.2212,107.6885,107.9115,30122000
2024-05-08,107.4842,108.6360,107.2055,107.8929,18957200
2024-05-09,107.9393,110.1037,107.9301,110.0201,17564000
2024-05-10,110.1130,110.2245,109.2212,109.5742,13648100
2024-05-13,110.0015,110.5774,108.7939,109.5278,15060600
2024-05-14,109.3686,110.2582,109.0783,110.1927,15079100
2024-05-15,110.1365,111.2883,108.7037,111.0448,18244300
2024-05-16,111.0074,111.7191,110.0709,110.3799,15745200
2024-05-17,110.7826,112.2154,110.4642,112.0375,15104500
2024-05-20,112.1218,112.2716,111.0167,111.1291,11551300
2024-05-21,110.8763,111.8595,110.2957,110.3612,14495000
2024-05-22,109.9960,109.9960,107.6549,108.1418,17879300
2024-05-23,108.2542,110.0428,106.1565,106.2970,15979800
2024-05-24,107.5425,107.7672,105.8569,106.2127,12212900
2024-05-28,106.3064,107.7953,105.8850,107.5612,13978300
2024-05-29,107.2522,107.2709,105.6415,106.4094,13902000
2024-05-30,106.0723,106.8776,105.7820,106.7465,14683700
2024-05-31,106.8682,110.0241,106.7465,109.8087,29037400
2024-06-03,108.9097,108.9659,106.5311,107.1773,19589300
2024-06-04,105.8194,105.9037,103.8716,105.5104,19412200
2024-06-05,105.7164,105.9973,104.3960,105.9318,14863500
2024-06-06,105.5853,106.7933,104.9860,106.7278,13154100
2024-06-07,106.5592,107.5987,105.5104,105.5853,13289200
2024-06-10,105.8756,106.9619,105.5385,105.8943,15239700
2024-06-11,105.3418,105.5104,104.2368,105.0422,12462400
2024-06-12,106.1004,106.1004,103.5157,103.8810,13606800
2024-06-13,103.7967,103.8154,102.7478,103.0475,14466900
2024-06-14,103.0288,103.2067,101.6896,102.1766,13313400
2024-06-17,102.2328,102.5044,101.3057,101.4743,21147900
2024-06-18,102.1017,103.6843,101.8863,102.4294,17762900
2024-06-20,102.9258,105.4636,102.6261,104.6395,17433200
2024-06-21,104.7893,105.5385,103.7218,103.7218,52212500
2024-06-24,104.5458,107.2522,104.5458,106.8027,16266700
2024-06-25,106.8589,107.2709,106.2502,107.1024,14188900
2024-06-26,107.1211,107.5238,105.9505,107.1398,15771800
2024-06-27,107.6830,107.6830,106.8589,107.5987,16812700
2024-06-28,108.4977,109.1345,107.3927,107.8047,24565900
2024-07-01,108.3572,109.3218,107.2522,107.6549,11972900
2024-07-02,108.5351,108.5726,106.2783,106.9244,13326700
2024-07-03,107.0087,108.3104,107.0087,107.4676,7732900
2024-07-05,107.3271,107.3458,105.5291,106.1659,12631000
2024-07-08,105.2482,106.3345,104.3398,105.0515,13350500
2024-07-09,104.0495,105.3886,103.5906,103.8903,11727000
2024-07-10,103.8716,104.8455,103.4034,104.8080,10004100
2024-07-11,104.3492,106.1191,103.8810,106.0535,13082700
2024-07-12,106.7465,106.8963,105.4729,106.0722,11684900
2024-07-15,107.0087,108.7786,106.3626,107.8890,13032500
2024-07-16,107.0836,108.9565,106.4843,108.6662,13614100
2024-07-17,109.3217,110.6702,109.1438,110.1646,13602800
2024-07-18,110.4549,112.2997,109.9773,111.2509,13033600
2024-07-19,111.0542,111.3258,108.5070,108.6943,16157700
2024-07-22,107.8609,108.5726,107.2990,107.9452,12065900
2024-07-23,107.5144,107.8515,105.9786,106.2034,11251700
2024-07-24,106.5405,107.8796,105.8850,107.7017,14925200
2024-07-25,107.8515,110.5298,107.2803,109.9679,17021700
2024-07-26,109.3498,110.5298,109.0689,109.8743,11252500
2024-07-29,109.8649,109.9304,108.0482,108.7224,8861800
2024-07-30,108.9659,111.0636,108.8442,110.6609,12483900
2024-07-31,112.0375,112.1498,111.0261,111.0542,15137700
2024-08-01,110.8294,111.8970,108.9659,109.5184,15051500
2024-08-02,108.6007,111.3164,108.0856,109.4529,20403800
2024-08-05,108.1980,108.6569,106.0535,107.4769,18025900
2024-08-06,107.1773,108.2823,106.4094,106.9057,13647800
2024-08-07,108.1137,109.6776,107.9358,108.3291,13660700
2024-08-08,108.7037,110.6047,108.3759,110.3987,13851000
2024-08-09,110.3987,111.7284,109.9024,111.2977,12151900
2024-08-12,111.9532,112.5338,110.5204,111.4381,13228900
2024-08-13,110.7639,110.9793,110.0335,110.3706,11585100
2024-08-14,110.5953,112.2810,110.1552,111.3913,12194500
2024-08-15,111.6273,112.9300,111.5046,112.0804,11579400
2024-08-16,111.3819,111.8444,111.0704,111.5518,10056000
2024-08-19,111.7689,113.7513,111.5518,111.8916,12417500
2024-08-20,112.0049,112.0049,108.0968,108.1629,15632000
2024-08-21,108.5688,109.0974,107.3888,107.4737,11752400
2024-08-22,107.4077,108.5688,107.2755,108.3045,10609500
2024-08-23,108.5876,110.1830,108.5876,109.8054,10381400
2024-08-26,111.1648,112.2787,110.3718,112.1559,13671000
2024-08-27,112.2975,112.7223,110.8249,111.0892,9991600
2024-08-28,110.4473,110.9948,109.7488,109.9942,10742900
2024-08-29,110.6361,112.1371,109.8337,111.5140,10753900
2024-08-30,110.2491,111.4102,109.7771,111.3347,13284700
2024-09-03,109.3523,109.5883,107.6531,109.0030,15725100
2024-09-04,108.8331,109.6449,107.5965,107.6720,12620600
2024-09-05,108.6254,108.8237,106.7374,106.8318,17200800
2024-09-06,107.2283,107.7853,105.4725,106.3315,13467700
2024-09-09,106.5486,109.6449,106.3504,108.5688,21645300
2024-09-10,108.6537,108.9369,103.9998,104.6134,20913400
2024-09-11,104.5757,104.7362,101.7343,103.5751,19571900
2024-09-12,103.7450,105.0949,103.6128,105.0005,15919500
2024-09-13,105.2270,106.1710,104.7173,104.9250,10035400
2024-09-16,105.7746,106.7563,105.4347,106.3976,11729000
2024-09-17,106.0294,107.9646,105.8406,107.7853,12202600
2024-09-18,107.7192,109.1541,107.4360,108.1629,12569900
2024-09-19,109.6544,110.9948,108.7387,109.5033,12660600
2024-09-20,108.9936,109.0408,107.8513,108.8142,36206200
2024-09-23,108.8709,111.1931,108.6726,110.7872,16066300
2024-09-24,111.2403,111.5424,110.2868,110.4945,11984900
2024-09-25,109.9659,110.4945,107.6531,108.3422,13816000
2024-09-26,104.9155,107.1245,104.9155,106.4826,16887900
2024-09-27,107.3888,109.5883,106.9073,109.3334,15964000
2024-09-30,108.9936,110.8155,108.5216,110.6550,13247600
2024-10-01,109.5411,113.8457,109.4372,113.2132,23235900
2024-10-02,115.1012,115.9414,113.4681,114.7142,17129700
2024-10-03,115.0729,116.2718,114.1572,115.7148,16524300
2024-10-04,116.3001,118.1786,115.5732,117.8388,19752300
2024-10-07,118.2353,119.2642,117.8671,118.3486,15714400
2024-10-08,116.9420,117.0742,114.4687,115.2051,14818500
2024-10-09,114.1289,115.7148,114.0345,115.2523,11144900
2024-10-10,116.2623,116.7721,115.4411,116.2435,10243300
2024-10-11,116.2057,117.0836,116.0547,116.6871,8294800
2024-10-14,116.3378,117.3007,115.7526,117.1308,9808100
2024-10-15,114.0534,115.1201,113.0716,113.6097,15771300
2024-10-16,114.1195,114.6387,113.8457,113.9024,8426800
2024-10-17,113.9968,114.7708,113.0056,113.6097,11204900
2024-10-18,113.6947,113.8835,112.4769,113.2887,12898600
2024-10-21,114.2044,114.6764,113.0150,113.3548,10177800
2024-10-22,113.5247,114.4027,113.2227,113.9401,9201400
2024-10-23,113.2510,113.9873,112.7129,113.5342,8320300
2024-10-24,113.2793,113.6947,112.4580,112.8923,9905600
2024-10-25,113.4681,113.6852,112.6374,112.7979,10714600
2024-10-28,110.2491,112.3447,110.2302,112.2409,11844500
2024-10-29,111.9388,112.4958,110.5134,110.7116,14731000
2024-10-30,111.0704,111.6462,109.9564,110.1547,12303700
2024-10-31,110.5889,112.0238,110.1452,110.2396,20512000
2024-11-01,113.2132,113.2321,108.4083,108.5121,20939300
2024-11-04,109.5694,112.0521,109.4373,111.9672,14965400
2024-11-05,112.4108,112.5336,111.4008,112.2976,10436700
2024-11-06,114.3649,115.0823,112.6185,114.2233,20807700
2024-11-07,114.5065,114.6953,112.9111,114.3649,12184400
2024-11-08,114.2044,114.6198,112.9584,114.3271,12836000
2024-11-11,114.2233,114.8086,113.3454,113.7230,11969700
2024-11-12,114.3460,114.5159,113.1283,113.6097,11972800
2024-11-13,113.8174,115.2145,112.1465,114.6670,15127900
2024-11-14,115.7901,115.9994,114.5242,114.7431,13041800
2024-11-15,114.5908,115.3903,113.3821,113.5534,19051700
2024-11-18,114.0103,114.8002,113.5154,114.5052,14239700
2024-11-19,113.9722,113.9722,112.4970,112.9062,11584400
2024-11-20,113.4202,114.6575,112.9158,114.5147,11360900
2024-11-21,115.2380,116.6371,114.4671,116.0470,14675400
2024-11-22,115.9423,117.2653,115.7710,115.9138,13323400
2024-11-25,115.5711,115.9994,113.8389,114.1816,26580300
2024-11-26,113.7628,113.9056,112.1639,112.2781,14827300
2024-11-27,112.3923,113.0014,111.7641,111.9830,11079100
2024-11-29,111.7737,112.7825,111.3073,112.2686,9426500
2024-12-02,112.3542,112.4970,111.1836,112.1639,12687300
2024-12-03,112.9919,112.9919,111.6023,111.9926,11756600
2024-12-04,111.8308,111.8784,108.3664,108.7661,19520600
2024-12-05,109.1754,110.0415,108.5567,109.2420,15751200
2024-12-06,109.0136,109.2325,108.0238,108.0904,16171100
2024-12-09,109.1088,109.3943,107.3099,107.4527,17412600
2024-12-10,108.1094,108.3854,106.3582,107.2338,20990900
2024-12-11,106.5961,106.9673,105.7491,106.5200,32392200
2024-12-12,106.2059,106.9578,105.4350,106.4248,14543300
2024-12-13,106.5009,106.5009,104.9306,105.4921,13106100
2024-12-16,104.8830,105.0733,102.9414,103.2365,20256100
2024-12-17,102.0658,102.9509,101.6375,102.7986,17554000
2024-12-18,102.3799,103.5791,101.1807,101.2854,17114500
2024-12-19,102.2086,102.4750,100.1337,100.4193,20565600
2024-12-20,100.3622,101.0189,99.7816,100.7619,40141200
2024-12-23,100.2289,101.4567,99.8577,101.1711,12285100
2024-12-24,101.3805,102.0182,100.6001,101.2663,7807000
2024-12-26,101.3805,101.8659,100.8285,101.3520,9652400
2024-12-27,101.1712,102.7796,100.6667,101.3425,11943900
2024-12-30,101.1712,101.4186,100.4193,100.6572,11080800
2024-12-31,101.0474,102.6939,100.6762,102.3799,12387800
2025-01-02,103.0556,103.7409,101.7232,102.1324,12685400
2025-01-03,102.7891,103.2555,102.2752,102.6559,14237900
2025-01-06,103.0175,104.4832,102.3323,102.5417,15623700
2025-01-07,103.6838,104.7497,103.0556,103.5029,12625900
2025-01-08,102.1324,102.5131,100.8951,101.7708,17858100
2025-01-10,103.4553,104.7878,100.6762,101.3996,19304500
2025-01-13,101.9611,104.3405,101.9611,104.0169,17073400
2025-01-14,103.5410,104.4642,102.6273,104.4261,11191200
2025-01-15,104.7402,106.3391,104.1882,106.1298,14521100
2025-01-16,105.8252,106.3011,105.2161,105.9489,10366600
2025-01-17,105.6729,107.4242,105.4731,106.9007,19298500
2025-01-21,106.6437,106.7674,105.7681,106.0917,20416300
2025-01-22,105.8347,106.1869,104.1216,104.2453,15718000
2025-01-23,104.9877,105.7776,104.3214,104.8354,13726800
2025-01-24,104.9210,105.3684,103.1793,103.4173,14235900
2025-01-27,103.7504,105.1209,103.1603,104.8544,15926700
2025-01-28,105.0829,105.5207,102.5893,102.8272,15862000
2025-01-29,102.5131,103.5315,102.2847,103.4268,12345500
2025-01-30,103.9693,104.5499,103.4553,104.2834,14346300
2025-01-31,105.2161,105.2161,100.9808,101.6756,20376500
2025-02-03,101.4947,102.1229,100.2384,101.9230,14623200
2025-02-04,101.5614,104.9591,101.3900,104.6546,14835700
2025-02-05,104.4452,104.7022,103.8361,104.5784,13364400
2025-02-06,105.4255,105.6920,102.7796,103.1984,13411400
2025-02-07,103.5315,104.4357,103.0937,103.6362,10051600
2025-02-10,104.7021,105.6729,104.5784,105.6158,12142200
2025-02-11,106.2154,107.0815,105.4731,106.2821,12713100
2025-02-12,105.6771,105.8499,102.9211,103.0844,18244100
2025-02-13,102.8923,104.1023,102.2874,103.8334,15460000
2025-02-14,104.2079,105.8499,103.8046,103.9390,15733500
2025-02-18,104.3135,106.5797,104.0158,105.7635,20060300
2025-02-19,106.3589,107.6744,105.6867,105.9171,10964700
2025-02-20,106.1764,107.9529,105.5811,107.5496,16325800
2025-02-21,106.8966,107.4056,106.1668,106.2917,14710000
2025-02-24,106.5221,107.4152,105.9364,106.8486,13153500
2025-02-25,106.8774,107.6744,104.5632,105.3698,14497000
2025-02-26,105.3794,105.5042,104.2079,105.1105,10446400
2025-02-27,105.6387,106.8678,104.9377,105.7731,15293200
2025-02-28,105.7347,107.1463,104.9953,106.9062,18821700
2025-03-03,107.2615,107.7032,102.2778,103.4781,18706900
2025-03-04,102.1337,104.6304,101.7304,103.2668,19394900
2025-03-05,101.6344,102.1049,99.5506,101.2503,24822200
2025-03-06,101.2407,103.8142,100.2132,103.3436,17150200
2025-03-07,104.1023,106.0132,103.9966,104.6880,19625000
2025-03-10,104.9377,108.0970,104.7456,107.3576,22749100
2025-03-11,107.4728,107.6456,104.4672,104.8225,19904700
2025-03-12,104.7168,105.7539,104.1119,104.7936,14051500
2025-03-13,104.0254,106.4165,103.3532,104.3519,17767800
2025-03-14,104.6112,107.7224,104.0062,107.4536,15890100
2025-03-17,107.3576,109.9503,107.2903,109.2397,19908800
2025-03-18,109.5566,109.9887,108.0970,109.1244,15998700
2025-03-19,109.6622,111.2178,109.3069,110.8241,17315000
2025-03-20,110.1615,111.8420,109.6718,111.2946,16230800
2025-03-21,110.9105,111.3811,109.8062,110.9105,41102800
2025-03-24,111.0834,112.2645,110.9873,111.1986,14207500
2025-03-25,111.8036,112.9655,111.3522,111.9572,12081800
2025-03-26,113.0039,114.4443,113.0039,113.5705,14110800
2025-03-27,113.4072,114.3387,112.6006,113.2056,12740800
2025-03-28,113.4072,113.7529,112.5814,113.0519,10233400
2025-03-31,113.1095,115.1453,113.1095,114.2042,21652300
2025-04-01,114.4827,114.5403,113.2440,114.3099,12425400
2025-04-02,113.6857,114.1178,112.9847,113.9546,12614600
2025-04-03,109.8254,110.8625,107.7705,107.9625,21204600
2025-04-04,105.5042,106.4261,99.7042,100.1940,30841300
2025-04-07,96.4009,101.5960,94.5476,98.8496,35068500
2025-04-08,101.2695,101.4039,95.0758,96.7658,27147800
2025-04-09,95.4215,102.3450,94.2307,101.5960,30063300
2025-04-10,99.5890,99.6562,93.9139,95.9592,33999300
2025-04-11,96.3145,99.8003,94.8645,99.0417,22884600
2025-04-14,100.8565,100.9142,98.6383,99.2817,18020000
2025-04-15,99.5218,101.2215,98.9072,99.0032,13164900
2025-04-16,99.8195,101.3943,99.5794,100.0499,13607000
2025-04-17,100.5301,104.2367,100.3092,102.6715,17916500
2025-04-21,101.4135,101.4327,99.9827,101.1638,16926500
2025-04-22,101.9225,104.6112,101.9225,103.9966,13147000
2025-04-23,104.4864,104.9569,102.2393,103.1036,14235700
2025-04-24,103.6797,104.5536,102.7099,104.3135,9849600
2025-04-25,103.8430,104.4383,103.1516,104.2559,11245800
2025-04-28,104.4287,104.9089,103.4013,104.3135,13890900
2025-04-29,103.4589,104.5056,103.2476,104.0542,9483100
2025-04-30,103.1516,103.1516,100.0115,101.4327,20379300
2025-05-01,100.9238,102.6715,100.8086,101.5768,18610300
2025-05-02,103.4397,104.6688,100.3956,101.9897,16581900
2025-05-05,100.4917,100.5013,98.9744,99.1665,19624000
2025-05-06,99.7619,101.7688,99.3682,100.5493,16303400
2025-05-07,100.8182,101.1062,99.9347,100.4533,12332200
2025-05-08,101.1542,103.1228,101.1542,101.8552,19196500
2025-05-09,102.8827,103.4685,102.1529,103.0460,10992100
2025-05-12,105.8883,106.0516,104.0158,104.8225,14244600
2025-05-13,104.9761,106.1188,104.6880,105.1105,13350800
2025-05-14,104.5344,104.5344,103.6413,104.1695,15494900
2025-05-15,103.2004,105.2936,102.6964,105.2258,15004300
2025-05-16,105.2936,105.5262,104.1307,104.8478,14042500
2025-05-19,104.2470,104.2470,102.4542,103.1810,16802700
2025-05-20,103.1035,103.4233,101.5432,101.7079,12429300
2025-05-21,101.3009,101.7273,100.4384,100.4578,16716100
2025-05-22,99.8763,100.2737,98.7425,99.7891,13417400
2025-05-23,99.4305,100.2737,98.9169,99.8472,12061600
2025-05-27,100.2930,100.6516,99.7213,100.3221,13043600
2025-05-28,101.0683,101.2040,98.6456,98.9557,14292400
2025-05-29,99.1204,99.6728,98.6068,99.5178,13825300
2025-05-30,99.0041,99.2270,98.0641,99.1398,28645800
2025-06-02,100.5450,100.6419,99.0623,99.8666,17290500
2025-06-03,99.7213,101.4269,99.0526,100.5935,19194300
2025-06-04,100.7098,101.6789,99.1398,99.1398,15648500
2025-06-05,99.7988,99.8666,98.5874,98.6843,13924800
2025-06-06,99.5856,101.2718,99.5081,101.0489,15487800
2025-06-09,101.1071,102.5801,100.6225,101.7273,17087300
2025-06-10,102.8030,104.3245,102.6577,103.9078,17634800
2025-06-11,104.4311,106.0108,103.1713,105.9333,22648200
2025-06-12,105.5553,106.7861,104.8769,106.3403,17469400
2025-06-13,108.8793,109.0538,107.2609,108.6564,28540200
2025-06-16,108.3657,109.6643,107.6970,109.0053,22986100
2025-06-17,110.4299,111.3796,109.6159,110.4784,19451700
2025-06-18,111.0695,111.6801,109.4511,109.6934,17968900
2025-06-20,109.9454,111.4862,109.6837,111.1567,36273300
2025-06-23,113.0950,113.3372,107.7261,108.2882,26631100
2025-06-24,105.8751,107.5129,104.5765,104.9932,24828300
2025-06-25,104.7703,105.8654,104.3730,105.0223,17483200
2025-06-26,105.5747,107.0283,105.1967,106.5922,18304800
2025-06-27,106.5438,106.6988,105.0223,106.0011,22002100
2025-06-30,105.2839,105.4778,104.3924,104.4699,19199000
2025-07-01,104.7897,106.2531,103.8400,105.8654,15536900
2025-07-02,106.6019,107.9199,105.4681,107.6195,11892200
2025-07-03,107.4354,108.9956,107.2028,108.7340,11223600
2025-07-07,108.0944,108.5886,106.8151,107.6776,15415900
2025-07-08,107.4644,110.9242,107.4257,110.6625,17913400
2025-07-09,110.4008,110.7400,109.7709,110.2846,10652100
2025-07-10,110.1973,111.7091,109.5771,111.3796,14901700
2025-07-11,111.3021,112.1840,110.9726,111.8642,11683900
2025-07-14,111.6704,111.6704,109.7225,110.4008,13220300
2025-07-15,110.1489,110.5365,109.1216,109.4220,10959300
2025-07-16,109.3930,109.9938,108.6371,108.7630,11158900
2025-07-17,108.0459,108.7630,107.6583,108.2107,13151400
2025-07-18,107.6776,108.2785,104.0241,104.4408,32366600
2025-07-21,104.2761,105.4099,104.1210,104.7122,17010400
2025-07-22,104.6443,106.0592,104.2858,105.1870,13970900
2025-07-23,105.5650,106.6019,105.4875,106.5341,12002700
2025-07-24,106.2724,107.5226,105.7588,107.3675,15647200
2025-07-25,107.3094,107.5517,106.3112,106.9896,10548900
2025-07-28,107.5710,108.6468,107.4160,107.9975,12353000
2025-07-29,108.4432,109.5093,107.9684,109.3930,15928000
2025-07-30,108.9375,109.1313,107.8230,108.4432,12996900
2025-07-31,106.9508,109.0247,106.9508,108.1913,17233700
2025-08-01,108.5402,109.0635,105.4972,106.2531,19652000
2025-08-04,105.8460,106.5244,103.7818,104.0532,19129500
2025-08-05,103.9078,104.4893,102.7933,103.9272,21314300
2025-08-06,104.9641,105.6813,103.0841,103.2197,15321800
2025-08-07,103.8303,104.7219,102.6189,102.6770,13468300
2025-08-08,103.2101,104.1889,102.6770,103.5008,14417700
2025-08-11,103.8012,104.2082,102.2700,102.5607,13570700
2025-08-12,103.0550,103.9660,102.5123,102.8515,14109400
2025-08-13,102.7255,104.2761,102.4735,104.2761,17958700
2025-08-14,104.2276,104.2664,103.1519,104.0629,13683500
2025-08-15,103.8672,105.2073,103.6325,104.1607,19271900
2025-08-18,103.7792,104.8845,103.3586,104.3857,13040000
2025-08-19,103.8770,105.1095,103.8281,105.0703,16113600
2025-08-20,105.5203,106.9386,105.3247,106.1561,18959700
2025-08-21,106.0485,107.1733,105.5985,106.8408,12194900
2025-08-22,107.2026,108.9731,107.2026,108.8459,13586700
2025-08-25,108.4742,109.4719,108.1221,109.2958,9744900
2025-08-26,108.9339,109.3643,107.9460,109.0513,18143900
2025-08-27,108.9829,110.5087,108.9829,110.2838,15262600
2025-08-28,110.4011,111.1641,109.6186,110.8706,14189800
2025-08-29,111.2325,112.2791,111.0956,111.7901,14597900
2025-09-02,111.6825,112.7193,110.8511,112.1813,15206700
2025-09-03,111.4771,111.9270,109.0220,109.4621,14920100
2025-09-04,109.6577,110.6554,108.9437,109.9414,12864400
2025-09-05,109.1589,109.3350,106.6353,106.8408,16826700
2025-09-08,107.3298,107.6428,105.9800,107.4472,15440500
2025-09-09,108.1123,110.0490,108.1123,108.2297,14899500
2025-09-10,108.7285,110.0979,108.4155,110.0392,15837600
2025-09-11,108.9633,110.3033,108.4449,109.6871,11534500
2025-09-12,110.3913,110.7435,109.4328,109.7067,11105700
2025-09-15,109.7262,110.0001,108.8850,109.8925,12880500
2025-09-16,110.4892,112.7975,110.3131,112.1715,17208000
2025-09-17,112.0248,112.9638,111.5553,112.7682,13302000
2025-09-18,112.6508,112.8269,110.9195,111.4379,14628700
2025-09-19,111.4086,111.4868,110.1762,110.3522,38746500
2025-09-22,109.9903,110.3327,109.1198,109.5697,15611500
2025-09-23,110.2544,112.2400,110.0197,111.4575,25369100
2025-09-24,112.0639,113.2279,111.9661,112.0542,14756100
2025-09-25,112.1324,113.3649,111.9074,113.0616,15012600
2025-09-26,113.4235,115.7710,113.3844,114.6560,18568900
2025-09-29,113.5214,113.9517,111.1836,111.7216,19189300
2025-09-30,110.8706,111.0076,109.4915,110.2838,18076200
2025-10-01,110.0979,110.5478,108.8557,109.5404,16614000
2025-10-02,109.5208,110.6163,108.6014,108.8557,13062600
2025-10-03,109.4523,111.2619,109.4523,110.7826,12950100
2025-10-06,110.8119,112.2596,110.7043,111.7020,12036800
2025-10-07,111.5749,112.0053,109.2958,111.7607,11945000
2025-10-08,111.8781,112.4943,110.9293,111.5260,12301000
2025-10-09,111.9270,112.9834,110.2740,110.4403,10976200
2025-10-10,109.8045,110.1566,108.2884,108.3079,13811600
2025-10-13,109.1002,109.8436,108.8850,109.7849,10296500
2025-10-14,108.3373,110.4892,108.2884,109.8338,11167200
2025-10-15,110.3327,111.0858,108.5427,109.1687,12182900
2025-10-16,109.4328,109.7360,107.9754,108.2199,11782200
2025-10-17,109.1882,110.4403,108.7481,109.7849,13460100
2025-10-20,109.5502,110.6750,109.5306,110.2348,9523600
2025-10-21,110.4207,110.8804,109.5404,110.2446,9202300
2025-10-22,110.9684,112.6606,110.6065,112.2009,12938800
2025-10-23,114.0789,114.2941,112.8367,113.4431,15001100
2025-10-24,113.8050,113.9224,112.6606,112.8660,9919400
2025-10-27,113.1692,113.4529,112.5823,113.4040,10975400
2025-10-28,112.9638,113.6387,112.4748,112.5139,9535200
2025-10-29,112.4063,114.4897,112.2987,113.9028,12570600
2025-10-30,113.8833,113.9713,112.0248,112.1813,16172900
2025-10-31,111.4869,112.7095,110.1566,111.8585,20213400
2025-11-03,111.9955,112.4748,111.1543,111.2717,12290300
2025-11-04,110.9000,111.8488,110.0490,111.6433,16860700
2025-11-05,111.5944,112.6606,111.1836,111.1934,12400900
2025-11-06,111.1543,112.4259,111.1543,111.9955,14219700
2025-11-07,112.6899,114.9396,112.3867,114.6560,17181100
2025-11-10,114.8712,115.8591,112.9345,115.6341,13048000
2025-11-11,116.2308,118.1674,116.2308,117.1600,16077100
2025-11-12,116.4949,116.6709,115.2135,115.5363,13790900
2025-11-13,116.0351,117.1404,115.6928,116.1916,17291900
2025-11-14,116.8724,117.8887,115.1063,117.7013,17064300
2025-11-17,117.3855,117.9085,115.5503,116.1127,16034900
2025-11-18,115.6983,117.8887,114.9287,117.4447,15808500
2025-11-19,115.2938,116.6060,114.3860,115.7871,15919200
2025-11-20,116.4087,117.4250,115.1852,115.4615,14401000
2025-11-21,115.4319,115.8167,114.1097,115.5207,15667600
2025-11-24,115.6391,115.6391,113.2119,114.4255,18034900
2025-11-25,113.6460,114.3564,112.6692,112.9849,14434600
2025-11-26,112.8863,114.1985,112.7876,113.2415,11650600
2025-11-28,113.4191,117.1586,113.2908,114.3761,7240800
2025-12-01,114.5537,115.8463,114.5537,115.0767,12658100
2025-12-02,114.8892,115.0471,113.1625,113.8433,14607700
2025-12-03,114.4057,116.4087,114.3367,116.2311,16819100
2025-12-04,115.9351,116.7639,115.1063,115.5799,13686900
2025-12-05,115.1951,117.1981,114.8596,114.9879,12516900
2025-12-08,114.2873,115.4418,113.5079,114.4353,14904200
2025-12-09,115.3431,118.8655,115.3332,116.6751,23790800
2025-12-10,117.1487,118.2735,116.7935,117.9479,19845200
2025-12-11,117.5237,118.7570,117.4842,117.9479,14781800
2025-12-12,117.8493,118.3229,116.7343,117.2375,14459500
2025-12-15,117.4250,117.4447,115.2938,116.1916,16358700
2025-12-16,115.2148,115.2839,113.0836,113.1527,17638700
2025-12-17,113.6756,116.0535,113.6361,115.8463,18502200
2025-12-18,115.4319,115.4319,114.0900,114.9879,13705600
2025-12-19,115.1951,116.0042,114.4156,115.1359,45412800
2025-12-22,115.7772,116.8823,115.7772,116.5764,11768600
2025-12-23,116.8922,118.4314,116.7442,117.8295,12567600
2025-12-24,117.7407,118.4511,117.5335,117.6322,6137400
2025-12-26,117.3066,117.9578,116.9514,117.5237,8066100
2025-12-29,118.5498,119.6845,117.8098,118.9247,14782500
2025-12-30,119.4872,120.1778,119.0234,119.3786,11150500
2025-12-31,119.5661,119.6450,118.2735,118.7373,10559900
2026-01-02,118.4906,121.0461,118.0170,121.0165,14175100
2026-01-05,123.5424,124.2528,120.7600,123.6904,30112200
2026-01-06,123.6805,124.1246,119.3885,119.4378,23328600
2026-01-07,118.2045,118.5202,116.6948,116.9119,20353000
2026-01-08,117.3954,121.9835,117.0797,121.2731,20232700
2026-01-09,121.5888,123.1971,121.4605,122.9504,16137700
2026-01-12,122.8024,122.8419,120.9277,122.3781,15314900
2026-01-13,123.3352,125.4467,123.1477,124.8547,21619700
2026-01-14,125.6539,129.9657,125.4368,128.4659,27593900
2026-01-15,127.4102,128.4660,126.5913,127.4102,17400000
2026-01-16,127.1931,128.4265,127.1537,128.1601,16592400
2026-01-20,129.7585,130.1828,128.3377,128.7225,16477300
2026-01-21,130.1532,131.9489,130.1532,131.8306,18879900
2026-01-22,131.2780,132.3930,130.0940,131.8602,16600100
2026-01-23,133.2908,134.1690,132.6889,133.1724,17758200
2026-01-26,135.1063,135.1162,132.3831,133.0441,16056100
2026-01-27,133.4487,135.1063,132.9159,135.0077,14517000
2026-01-28,135.8562,136.1719,134.8498,135.7477,15637300
2026-01-29,138.4512,140.4443,137.2573,138.6386,35760600
2026-01-30,136.8922,140.3160,135.9943,139.5168,29657700
2026-02-02,137.9677,138.4512,136.2213,136.5567,27735600
2026-02-03,136.7936,143.0787,136.4680,141.8158,37577800
2026-02-04,142.2006,145.8710,142.2006,145.6243,29426200
2026-02-05,144.6278,144.7758,141.8848,144.1345,18431700
2026-02-06,144.6673,147.5780,144.1443,147.0649,17216000
2026-02-09,147.2721,149.5316,146.6505,149.1962,21297300
2026-02-10,149.3343,149.7585,147.8247,149.5711,15800300
2026-02-11,151.9194,154.8400,151.5247,153.4882,23091500
2026-02-12,152.8525,154.2033,148.8696,148.9192,30652500
2026-02-13,149.5350,150.6376,146.9824,147.4492,20166000
2026-02-17,147.2009,148.1246,144.1714,145.2044,19766600
2026-02-18,147.1512,149.9621,146.6149,149.6642,19849700
2026-02-19,151.1739,152.3460,149.8231,149.9522,20305000
2026-02-20,149.4754,149.7933,145.4726,146.2871,25908600
2026-02-23,147.1512,150.2502,147.1314,149.7436,16073100
2026-02-24,149.4059,149.7039,147.0320,148.2537,14185500
2026-02-25,148.8994,149.1675,146.3368,148.0551,15225700
2026-02-26,146.8135,149.9423,145.7805,147.5386,15632100
2026-02-27,149.9820,152.6141,148.2438,151.4719,30275100
2026-03-02,158.2757,158.5340,151.9983,153.1803,31493100
2026-03-03,154.3821,154.9980,149.2867,150.8064,25198900
2026-03-04,149.7039,150.1409,146.8632,148.8100,16764800
2026-03-05,149.9820,151.3030,148.4623,149.7436,22969300
2026-03-06,152.1175,152.7631,148.9490,150.1906,21136400
2026-03-09,150.9951,152.8525,148.4623,149.4258,25532700
2026-03-10,148.2438,149.3860,146.7043,147.1314,19617600
2026-03-11,146.9923,150.7865,146.6645,150.5581,15297400
2026-03-12,151.2434,153.9550,150.6078,152.4949,26054000
2026-03-13,153.2598,155.8323,151.9486,155.0675,22414100
2026-03-16,154.9483,156.7163,153.7166,156.1700,22835600
2026-03-17,157.1831,159.3683,155.7429,157.7393,21592200
2026-03-18,158.5836,159.1001,156.4680,156.5276,18947100
2026-03-19,157.1931,158.4843,153.7961,157.0937,27082700
2026-03-20,158.2757,161.3449,158.0274,158.5936,53942100
2026-03-23,155.0675,160.3318,153.9749,160.0437,25021300
2026-03-24,160.6198,166.3509,160.1629,164.2651,26131800
2026-03-25,162.7652,163.8876,161.8316,162.1593,17192300
2026-03-26,162.9838,164.5630,160.9674,164.3147,18625200
2026-03-27,164.4637,170.0756,163.6890,169.8372,30338300
2026-03-30,171.3470,175.2207,169.8968,170.3140,29813500
2026-03-31,171.5059,173.2044,164.8511,168.5162,32006700
2026-04-01,164.6524,166.8674,158.4545,159.6961,37927600
2026-04-02,163.3811,165.7748,158.5141,159.6067,25377700
2026-04-06,159.4875,162.6460,158.4545,162.2686,16344300
2026-04-07,163.1129,165.1193,160.6794,162.8050,25227500
2026-04-08,152.4850,155.2959,149.9621,155.1668,31311200
2026-04-09,155.8025,158.1565,153.2697,153.9948,25868400
2026-04-10,153.0015,154.0742,150.8958,151.4818,21065000
2026-04-13,153.2300,153.5776,150.2601,151.6109,18685600
2026-04-14,149.0583,149.0980,145.7309,148.2339,18528200
2026-04-15,147.5982,149.2172,145.9096,148.0054,15626500
2026-04-16,148.5219,151.7500,148.3431,150.9554,15191000
2026-04-17,143.8834,145.8103,141.0129,145.4527,28947400
2026-04-20,146.3864,148.3630,145.3634,146.6844,16354400
2026-04-21,146.3765,147.8068,145.2541,147.3598,17515900
2026-04-22,148.3630,149.6641,147.1810,148.4921,13738700
2026-04-23,148.8398,150.2104,147.4989,149.5152,12970400
2026-04-24,148.6312,149.2867,145.9593,147.9061,13735900
2026-04-27,148.1544,150.1608,146.9724,147.1909,13940800
2026-04-28,150.5084,151.2832,148.8199,149.5450,15173600
2026-04-29,150.9951,153.9054,149.9919,153.6273,14669100
2026-04-30,151.4024,154.6404,150.3197,153.2896,22885900
2026-05-01,151.5811,153.9650,150.1111,151.7202,15458200
2026-05-04,151.6407,153.4286,148.5120,152.6539,14238500
2026-05-05,152.0678,154.2431,151.3825,153.8358,12494600
2026-05-06,148.0650,149.3165,146.0984,147.6876,20527000
2026-05-07,145.8103,146.0884,143.2179,145.5918,22509400
2026-05-08,144.8667,145.5123,142.9497,143.5954,19550100
2026-05-11,145.0356,148.7106,145.0157,148.6709,14849500
2026-05-12,150.2303,150.7865,148.7603,149.6145,16443100
2026-05-13,149.0483,150.7667,148.6709,150.5482,15772800
2026-05-14,150.8759,152.0877,150.2402,151.7500,11331500
2026-05-15,153.7500,158.0000,153.0000,157.9200,27882400
2026-05-18,157.3200,161.7300,155.2300,160.4900,20065200
2026-05-19,161.5000,163.3200,159.6400,162.5500,20715600
2026-05-20,161.6100,163.6800,156.2700,156.2800,18509700
2026-05-21,158.4200,159.3900,153.4600,155.2900,17061700
2026-05-22,154.0300,155.5500,153.1700,154.9200,12948500
2026-05-26,153.5000,154.5500,149.4700,149.8100,13057800
2026-05-27,147.2300,148.6900,145.7500,147.9000,16241100
2026-05-28,149.3400,150.2100,146.8700,146.9600,14012500
2026-05-29,146.1900,146.9300,144.7100,145.2600,27959900
2026-06-01,147.0200,149.6500,147.0000,149.3800,16732100
2026-06-02,149.0300,150.8300,148.5000,149.5600,10462400
2026-06-03,150.6100,154.9100,150.0200,152.5300,14373000
2026-06-04,152.0500,153.4300,150.9400,152.0400,11799400
2026-06-05,152.0100,152.1300,149.3000,149.9200,16584000
2026-06-08,151.1600,153.8100,150.9000,151.7500,13870900
2026-06-09,150.9100,151.1300,147.7800,148.9100,18163500
2026-06-10,151.2300,152.4900,149.5600,150.6200,14596500
2026-06-11,152.3000,152.4900,146.4200,146.6000,17285800
2026-06-12,145.6300,148.9100,145.1500,147.0100,17713100
2026-06-15,139.7400,141.9800,137.7200,140.9200,23631400
2026-06-16,140.1900,142.1500,139.9800,141.8600,18925400
2026-06-17,141.2200,142.3400,140.3200,140.7400,16663200
2026-06-18,138.3200,138.4600,135.8500,137.8100,48063400
2026-06-22,138.5400,139.0000,137.0200,138.4700,15783300
2026-06-23,139.4600,140.3900,138.5000,139.7300,13699400
2026-06-24,137.1200,137.6400,135.5900,136.9000,16212900
2026-06-25,135.6400,138.0700,134.9500,137.5500,13288800
2026-06-26,136.9700,137.5800,135.9200,136.5400,22684200
2026-06-29,136.5800,137.3900,135.3900,136.0600,11972700
2026-06-30,136.4800,137.3000,135.3300,136.7200,28784000
2026-07-01,136.5300,137.4900,135.6300,136.2800,12433400
2026-07-02,137.1500,139.1400,136.3300,137.0900,13703300
2026-07-06,136.5500,137.3700,136.0100,136.4400,13915100
2026-07-07,138.5600,141.7400,138.1300,141.6900,14667800
2026-07-08,143.4400,143.9900,139.8100,141.1300,18291400
2026-07-09,139.6600,140.0500,137.1200,137.4600,14110200
2026-07-10,137.9000,138.9700,137.1400,138.8800,9753500
2026-07-13,140.9200,145.2300,140.4900,144.5100,18724300
2026-07-14,145.5100,146.0000,143.8900,145.0900,16096400
2026-07-15,145.0900,145.0900,142.0300,144.5100,13444500
2026-07-16,145.2800,146.8700,144.5500,145.9500,13518000
2026-07-17,149.0300,150.0000,147.1700,147.3600,19016000
2026-07-20,146.5000,149.0900,146.2500,148.3600,9020678
